Mon Dec 30 18:44:39 CST 2019
Package: package_1577702658526.awf
Install
Write Revision: 13519
----------------Plugins----------------
   jd/plugins/decrypter/A2ZAnime.class
   jd/plugins/decrypter/AZMovies.class
   jd/plugins/decrypter/AbcNtAu.class
   jd/plugins/decrypter/AbloadDeGallery.class
   jd/plugins/decrypter/AbstractChan.class
   jd/plugins/decrypter/AdfLy.class
   jd/plugins/decrypter/AdhyPe.class
   jd/plugins/decrypter/AdriveComDecrypter.class
   jd/plugins/decrypter/AdyouMe.class
   jd/plugins/decrypter/Afdah.class
   jd/plugins/decrypter/AhMeComGallery.class
   jd/plugins/decrypter/AkatsukiSubsNet.class
   jd/plugins/decrypter/AlbumEE.class
   jd/plugins/decrypter/AllmovieTv.class
   jd/plugins/decrypter/AllofbachCom.class
   jd/plugins/decrypter/AlphaChanMoe.class
   jd/plugins/decrypter/AlphatvGr.class
   jd/plugins/decrypter/AmateurDumperCom.class
   jd/plugins/decrypter/AmateurGaloreNet.class
   jd/plugins/decrypter/AmateurMasturbationsCom.class
   jd/plugins/decrypter/AmazonCloudDecrypter.class
   jd/plugins/decrypter/AniLinkzCom.class
   jd/plugins/decrypter/AnimeDaisuki.class
   jd/plugins/decrypter/AnimeFreak.class
   jd/plugins/decrypter/AnimeFrenzy.class
   jd/plugins/decrypter/AnimeHaven.class
   jd/plugins/decrypter/AnimeTheHyliaCom.class
   jd/plugins/decrypter/AnimegalleriesNet.class
   jd/plugins/decrypter/Animehub.class
   jd/plugins/decrypter/AnimexdMe.class
   jd/plugins/decrypter/AnimoPaceStream.class
   jd/plugins/decrypter/AnonytextTk.class
   jd/plugins/decrypter/AnotepadCom.class
   jd/plugins/decrypter/Antena3ComSalon.class
   jd/plugins/decrypter/AparatCom.class
   jd/plugins/decrypter/AppleTrailer.class
   jd/plugins/decrypter/ApunkaBollyWoodNet.class
   jd/plugins/decrypter/ArchiveOrg.class
   jd/plugins/decrypter/Ardmediathek.class
   jd/plugins/decrypter/AreenaYleFi.class
   jd/plugins/decrypter/ArteMediathekDecrypter$1.class
   jd/plugins/decrypter/ArteMediathekDecrypter$SubtitleLanguage.class
   jd/plugins/decrypter/ArteMediathekDecrypter$SubtitleType.class
   jd/plugins/decrypter/ArteMediathekDecrypter$VersionType.class
   jd/plugins/decrypter/ArteMediathekDecrypter$VideoLanguage.class
   jd/plugins/decrypter/ArteMediathekDecrypter.class
   jd/plugins/decrypter/ArteMediathekDecrypterExtern.class
   jd/plugins/decrypter/ArtistArtstationCom.class
   jd/plugins/decrypter/ArtstationCom.class
   jd/plugins/decrypter/AsBook.class
   jd/plugins/decrypter/AtvAt$1.class
   jd/plugins/decrypter/AtvAt$2.class
   jd/plugins/decrypter/AtvAt.class
   jd/plugins/decrypter/AudioMackComDecrypter.class
   jd/plugins/decrypter/AudioinboxCom.class
   jd/plugins/decrypter/AventertainmentsCom.class
   jd/plugins/decrypter/AvxHmeW.class
   jd/plugins/decrypter/BabesComDecrypter.class
   jd/plugins/decrypter/BadJoJoComDecrypter.class
   jd/plugins/decrypter/BandCampComDecrypter.class
   jd/plugins/decrypter/BandCampComTrackDecrypter.class
   jd/plugins/decrypter/BangbrosCom.class
   jd/plugins/decrypter/BaseShareCom.class
   jd/plugins/decrypter/BatoTo.class.removed
   jd/plugins/decrypter/BbcComDecrypter.class
   jd/plugins/decrypter/BcVc.class
   jd/plugins/decrypter/BentBoxCo.class
   jd/plugins/decrypter/BilibiliComDecrypter.class
   jd/plugins/decrypter/BinBoxIo.class
   jd/plugins/decrypter/BingCom.class
   jd/plugins/decrypter/BiqleRu.class
   jd/plugins/decrypter/BlairWitchDe.class
   jd/plugins/decrypter/BlockFilestoreCom.class
   jd/plugins/decrypter/BlogJav4YouCom.class
   jd/plugins/decrypter/BloggerCom.class
   jd/plugins/decrypter/BloombergComDecrypter.class
   jd/plugins/decrypter/BlurGa.class
   jd/plugins/decrypter/BonBonmeCom.class
   jd/plugins/decrypter/BooruOrg.class
   jd/plugins/decrypter/BoxCom.class
   jd/plugins/decrypter/BppasteCom.class
   jd/plugins/decrypter/Br2RadioDe.class
   jd/plugins/decrypter/BrDeDecrypter.class
   jd/plugins/decrypter/BrazzersCom.class
   jd/plugins/decrypter/Brds4Chnrg.class
   jd/plugins/decrypter/BreakComDecrypter.class
   jd/plugins/decrypter/BrightcoveDecrypter$BrightcoveEdgeContainer$Protocol.class
   jd/plugins/decrypter/BrightcoveDecrypter$BrightcoveEdgeContainer.class
   jd/plugins/decrypter/BrightcoveDecrypter.class
   jd/plugins/decrypter/BsTo.class
   jd/plugins/decrypter/BteTo.class
   jd/plugins/decrypter/CMS.class
   jd/plugins/decrypter/CNL.class
   jd/plugins/decrypter/CamshowdownloadCom.class
   jd/plugins/decrypter/CamvaultXyz.class
   jd/plugins/decrypter/CamwhoresTv.class
   jd/plugins/decrypter/CartoonsOn.class
   jd/plugins/decrypter/CartoonsOnline.class
   jd/plugins/decrypter/CatShareNetFolder.class.removed
   jd/plugins/decrypter/CatcutNet.class
   jd/plugins/decrypter/ChThnhInfo.class
   jd/plugins/decrypter/ChipDeDecrypter.class
   jd/plugins/decrypter/ChoMikujPl.class
   jd/plugins/decrypter/ClassicCinemaOnline.class
   jd/plugins/decrypter/ClipHunterComDecrypt.class
   jd/plugins/decrypter/ClipsageComDecrypter.class.removed
   jd/plugins/decrypter/ClkTf.class
   jd/plugins/decrypter/Cloud1und1De.class
   jd/plugins/decrypter/CloudMailRuDecrypter.class
   jd/plugins/decrypter/CloudUpCom.class
   jd/plugins/decrypter/CnbcComDecrypter.class
   jd/plugins/decrypter/CnnT.class
   jd/plugins/decrypter/CntrstrkD.class
   jd/plugins/decrypter/ComicOnlineFree.class
   jd/plugins/decrypter/ComicWalkerCom.class
   jd/plugins/decrypter/ComicspaceComBr.class
   jd/plugins/decrypter/CommonsWikimediaOrg.class
   jd/plugins/decrypter/CompuPasteCom.class
   jd/plugins/decrypter/ComunidadmontepinarEs.class
   jd/plugins/decrypter/CoreNewsMe.class
   jd/plugins/decrypter/CosyUploadCom.class
   jd/plugins/decrypter/CoubComDecrypter.class
   jd/plugins/decrypter/CouchTuner.class
   jd/plugins/decrypter/CrackedCom.class
   jd/plugins/decrypter/CrhyRllCom$DestinationQuality.class
   jd/plugins/decrypter/CrhyRllCom.class
   jd/plugins/decrypter/CriptTo.class
   jd/plugins/decrypter/CrocoSite.class
   jd/plugins/decrypter/CryptTo.class
   jd/plugins/decrypter/CryptorCom.class
   jd/plugins/decrypter/CtDiskComFolder.class
   jd/plugins/decrypter/CtrlvIt.class
   jd/plugins/decrypter/CurLv.class
   jd/plugins/decrypter/CyberSansarCom.class
   jd/plugins/decrypter/CzechavCom.class
   jd/plugins/decrypter/DDLMscrg.class
   jd/plugins/decrypter/DLdr.class
   jd/plugins/decrypter/DaddyScriptsDaddysLinkProtector.class
   jd/plugins/decrypter/DailyMotionComDecrypter.class
   jd/plugins/decrypter/DailyMotionComDecrypterV2$1.class
   jd/plugins/decrypter/DailyMotionComDecrypterV2.class
   jd/plugins/decrypter/DanbooruDonmaiUs.class
   jd/plugins/decrypter/DataFileComFolder.class.removed
   jd/plugins/decrypter/DataHuFolder.class
   jd/plugins/decrypter/DatoidCzFolder.class
   jd/plugins/decrypter/DcLnkIfo.class
   jd/plugins/decrypter/DeGroopsYahooCom.class
   jd/plugins/decrypter/DecrypterForRedirectServicesWithoutDirectRedirects.class
   jd/plugins/decrypter/DeluxemusicTv.class
   jd/plugins/decrypter/DeredactieBe.class
   jd/plugins/decrypter/DesixnxxNet.class
   jd/plugins/decrypter/DeviantArtCom.class
   jd/plugins/decrypter/DeviantClipComGallery.class
   jd/plugins/decrypter/DigitalplaygroundCom.class
   jd/plugins/decrypter/DiscoveryComDecrypter.class
   jd/plugins/decrypter/DiskYandexNetFolder.class
   jd/plugins/decrypter/DiskokosmikoMx.class.removed
   jd/plugins/decrypter/DlPrteCom.class
   jd/plugins/decrypter/DlprotectOrg.class
   jd/plugins/decrypter/DncHllArCom.class
   jd/plugins/decrypter/DncHllWldNt.class
   jd/plugins/decrypter/DnsCz.class
   jd/plugins/decrypter/Do3Inf.class
   jd/plugins/decrypter/DociPl.class
   jd/plugins/decrypter/DonkPartyCom.class
   jd/plugins/decrypter/DoramatvRuDecrypter$1.class
   jd/plugins/decrypter/DoramatvRuDecrypter.class
   jd/plugins/decrypter/DoriDroNet.class
   jd/plugins/decrypter/DownlInk$1.class
   jd/plugins/decrypter/DownlInk$2.class
   jd/plugins/decrypter/DownlInk.class
   jd/plugins/decrypter/DownloadPandaAppCom.class
   jd/plugins/decrypter/DpstFlsCm.class
   jd/plugins/decrypter/DramaCoolVideo.class
   jd/plugins/decrypter/DramaGalaxy.class
   jd/plugins/decrypter/DramaVeryCom.class
   jd/plugins/decrypter/DrawcrowdCom.class
   jd/plugins/decrypter/DreamAmateursCom.class
   jd/plugins/decrypter/DrivehubLink.class
   jd/plugins/decrypter/DropBoxCom$1.class
   jd/plugins/decrypter/DropBoxCom$2.class
   jd/plugins/decrypter/DropBoxCom$3.class
   jd/plugins/decrypter/DropBoxCom.class
   jd/plugins/decrypter/DropboxGallery.class
   jd/plugins/decrypter/DummyCNL$1.class
   jd/plugins/decrypter/DummyCNL$2.class
   jd/plugins/decrypter/DummyCNL.class
   jd/plugins/decrypter/DummyDirect.class
   jd/plugins/decrypter/DwindlyIo.class
   jd/plugins/decrypter/DyskOnetPl.class
   jd/plugins/decrypter/EHentaiOrg.class
   jd/plugins/decrypter/EasyBytezComFolder.class.removed
   jd/plugins/decrypter/EbaGovTrFolder.class
   jd/plugins/decrypter/Ebay.class
   jd/plugins/decrypter/EbkHellTo.class
   jd/plugins/decrypter/EdProtectOrg.class
   jd/plugins/decrypter/EfuktComDecrypter.class
   jd/plugins/decrypter/EhowComDecrypter.class
   jd/plugins/decrypter/EightMusesComDecrypter.class
   jd/plugins/decrypter/EightTracksCom.class
   jd/plugins/decrypter/EmbedUploadCom.class
   jd/plugins/decrypter/EmbedyCc.class
   jd/plugins/decrypter/EndlessAnime.class
   jd/plugins/decrypter/EnterVideo.class.removed
   jd/plugins/decrypter/EpubbooksCom.class
   jd/plugins/decrypter/EqbeatsOrg.class
   jd/plugins/decrypter/EroProfileComGallery.class
   jd/plugins/decrypter/EroTikCom.class
   jd/plugins/decrypter/EroVideoNet.class
   jd/plugins/decrypter/EroxiaCom.class
   jd/plugins/decrypter/ErtkiOg.class
   jd/plugins/decrypter/EuroShareEuFolder.class
   jd/plugins/decrypter/ExposureCo.class
   jd/plugins/decrypter/ExtremeProtectCom.class
   jd/plugins/decrypter/FEmbedDecrypter.class
   jd/plugins/decrypter/FShareVnFolder.class
   jd/plugins/decrypter/FaceBookComGallery$1.class
   jd/plugins/decrypter/FaceBookComGallery$2.class.removed
   jd/plugins/decrypter/FaceBookComGallery.class
   jd/plugins/decrypter/FakehubCom.class
   jd/plugins/decrypter/FakkuNet.class
   jd/plugins/decrypter/FantasymassageCom.class
   jd/plugins/decrypter/FapGyCom.class
   jd/plugins/decrypter/FapduCom.class
   jd/plugins/decrypter/FasLi.class
   jd/plugins/decrypter/FbjavNet.class
   jd/plugins/decrypter/FenixFansub.class
   jd/plugins/decrypter/FfetishPhotos.class
   jd/plugins/decrypter/FileCryptCc.class
   jd/plugins/decrypter/FileHippoComDecrypter.class
   jd/plugins/decrypter/FileKareliaRuDecrypter.class
   jd/plugins/decrypter/FilecheckLink.class
   jd/plugins/decrypter/FilecloudIoFolder.class.removed
   jd/plugins/decrypter/FilefactoryComFolder.class
   jd/plugins/decrypter/FilesFmFolder.class
   jd/plugins/decrypter/FilesMonsterComFolder.class
   jd/plugins/decrypter/FilesMonsterDecrypter.class
   jd/plugins/decrypter/Filmpalast.class
   jd/plugins/decrypter/FinalchanNet.class
   jd/plugins/decrypter/FiveMoviesTo.class
   jd/plugins/decrypter/FivehundretPxCom.class
   jd/plugins/decrypter/FlFctrFldr.class.removed
   jd/plugins/decrypter/FlickrCom.class
   jd/plugins/decrypter/FlimmitCom$1.class
   jd/plugins/decrypter/FlimmitCom.class
   jd/plugins/decrypter/FlogPlDecrypter.class
   jd/plugins/decrypter/Flr.class
   jd/plugins/decrypter/FlsMailRu.class
   jd/plugins/decrypter/Fm4OrfAt.class
   jd/plugins/decrypter/FoldrUs.class.removed
   jd/plugins/decrypter/ForaTvDecrypt.class
   jd/plugins/decrypter/FotkaPl.class
   jd/plugins/decrypter/FotoAlbumEE.class
   jd/plugins/decrypter/FourShareVnFolder.class
   jd/plugins/decrypter/FourSharedComFolder.class
   jd/plugins/decrypter/FoursnipPw.class
   jd/plugins/decrypter/FrVwMvCm.class
   jd/plugins/decrypter/FrancetelevisionsCom.class
   jd/plugins/decrypter/FreakEngyRu.class
   jd/plugins/decrypter/FreeDiscPlFolder.class
   jd/plugins/decrypter/FreeLoopsCom.class
   jd/plugins/decrypter/FreeTexthostCom.class
   jd/plugins/decrypter/FreefileloadMl.class
   jd/plugins/decrypter/FrkShrFldr.class
   jd/plugins/decrypter/FtFthVidNt$1.class
   jd/plugins/decrypter/FtFthVidNt$2.class
   jd/plugins/decrypter/FtFthVidNt.class
   jd/plugins/decrypter/Ftp$1.class
   jd/plugins/decrypter/Ftp$2.class
   jd/plugins/decrypter/Ftp$3.class
   jd/plugins/decrypter/Ftp.class
   jd/plugins/decrypter/FunimationCom.class
   jd/plugins/decrypter/GamaBananaCom.class
   jd/plugins/decrypter/GameOfScanlation.class
   jd/plugins/decrypter/Gaskrank.class
   jd/plugins/decrypter/GayfilesmonsterCom.class
   jd/plugins/decrypter/GeTtDecrypter.class
   jd/plugins/decrypter/GelbooruCom.class
   jd/plugins/decrypter/GemPixelPremiumURLShortener.class
   jd/plugins/decrypter/GeneralFilesCom.class
   jd/plugins/decrypter/GeneralMultiuploadDecrypter$1.class
   jd/plugins/decrypter/GeneralMultiuploadDecrypter.class
   jd/plugins/decrypter/GeneralOtrDecrypter.class
   jd/plugins/decrypter/GenericAutoContainer.class
   jd/plugins/decrypter/GenericBase64Decrypter.class
   jd/plugins/decrypter/GenericF4MDecrypter.class
   jd/plugins/decrypter/GenericKalturaVideoPlatformCrawler.class
   jd/plugins/decrypter/GenericM3u8Decrypter.class
   jd/plugins/decrypter/GenericNZBDecrypter.class
   jd/plugins/decrypter/GenericRAMDecrypter.class
   jd/plugins/decrypter/GenericRedirectors.class
   jd/plugins/decrypter/GenericWBoardDecrypter$1.class
   jd/plugins/decrypter/GenericWBoardDecrypter.class
   jd/plugins/decrypter/GenericXFileShareProFolder.class
   jd/plugins/decrypter/GenericYetiShareFolder.class
   jd/plugins/decrypter/GetComics.class
   jd/plugins/decrypter/GetComicsShare.class
   jd/plugins/decrypter/GetMyLink.class
   jd/plugins/decrypter/GetapkCo.class
   jd/plugins/decrypter/GetsurlCom.class
   jd/plugins/decrypter/GglGrps.class
   jd/plugins/decrypter/GhostbinCom.class
   jd/plugins/decrypter/GigaBaseComFolder.class
   jd/plugins/decrypter/GigaDe.class
   jd/plugins/decrypter/GirlsReleasedCom$PageType.class
   jd/plugins/decrypter/GirlsReleasedCom.class
   jd/plugins/decrypter/GldSlTo.class
   jd/plugins/decrypter/GloriaTvDecrypt.class
   jd/plugins/decrypter/GmstrD.class
   jd/plugins/decrypter/GoFileIo.class
   jd/plugins/decrypter/GoKuaiComFolder.class
   jd/plugins/decrypter/GogoAnimeTv.class
   jd/plugins/decrypter/GogoanimeCom.class
   jd/plugins/decrypter/GoloadyCom.class
   jd/plugins/decrypter/GoogleBooks.class
   jd/plugins/decrypter/GoogleContent.class
   jd/plugins/decrypter/GoogleDrive.class
   jd/plugins/decrypter/GooglePhotos.class
   jd/plugins/decrypter/GpasteUs.class
   jd/plugins/decrypter/HackIMDB.class
   jd/plugins/decrypter/Hamburg1De.class
   jd/plugins/decrypter/Hard55Com.class
   jd/plugins/decrypter/HastaTeamCom.class
   jd/plugins/decrypter/HastebinCom.class
   jd/plugins/decrypter/HdMxTpsCom.class
   jd/plugins/decrypter/HddTomskRu.class
   jd/plugins/decrypter/HellspyCzFolder.class
   jd/plugins/decrypter/Hentai2ReadCom.class
   jd/plugins/decrypter/HentaiAnimestigmaCom.class
   jd/plugins/decrypter/HentaiCafe.class
   jd/plugins/decrypter/HentaiDude.class
   jd/plugins/decrypter/HentaiFoundryComGallery.class
   jd/plugins/decrypter/HentaiNexus.class
   jd/plugins/decrypter/HeymangaMe.class
   jd/plugins/decrypter/HfilesRo.class
   jd/plugins/decrypter/HidsAt.class
   jd/plugins/decrypter/HighTailComDecrypter.class
   jd/plugins/decrypter/HighpornNet.class
   jd/plugins/decrypter/HitFileNetFolder.class.removed
   jd/plugins/decrypter/HitomiLa.class
   jd/plugins/decrypter/HomemadeVoyeurCom.class
   jd/plugins/decrypter/HooktubeCom.class
   jd/plugins/decrypter/HotSpotComMy.class
   jd/plugins/decrypter/HotflickNet.class
   jd/plugins/decrypter/HotpornfileOrg.class
   jd/plugins/decrypter/HqMatureTubeCom.class
   jd/plugins/decrypter/HqMirrorDe.class
   jd/plugins/decrypter/HqTubeXxxCom.class
   jd/plugins/decrypter/HqpornerCom.class
   jd/plugins/decrypter/HrnOxCm.class
   jd/plugins/decrypter/HuabanComDecrypter.class
   jd/plugins/decrypter/HubicCom.class
   jd/plugins/decrypter/HulkShareComFolder.class
   jd/plugins/decrypter/HypemCom.class
   jd/plugins/decrypter/IFolderFolder.class
   jd/plugins/decrypter/IcerBoxCom.class
   jd/plugins/decrypter/IcloudCom.class
   jd/plugins/decrypter/IframeSecureCom.class
   jd/plugins/decrypter/IgnCom.class
   jd/plugins/decrypter/ImagEarnCom.class
   jd/plugins/decrypter/ImageHosterDecrypter.class
   jd/plugins/decrypter/ImageVenueComGallery.class
   jd/plugins/decrypter/ImagesHackCom.class
   jd/plugins/decrypter/ImdbCom.class
   jd/plugins/decrypter/ImgBoxCom.class
   jd/plugins/decrypter/ImgFrog.class
   jd/plugins/decrypter/ImgShotDecrypt.class.removed
   jd/plugins/decrypter/ImgSrcRu$Reason.class
   jd/plugins/decrypter/ImgSrcRu.class
   jd/plugins/decrypter/ImgurCom.class
   jd/plugins/decrypter/ImxToGallery.class
   jd/plugins/decrypter/IndianpornvideosCom.class
   jd/plugins/decrypter/InstaGramComDecrypter.class
   jd/plugins/decrypter/IrfreeCm.class
   jd/plugins/decrypter/IssuuCom.class
   jd/plugins/decrypter/ItJstLnkCm.class
   jd/plugins/decrypter/IvPasteCom.class
   jd/plugins/decrypter/IwaraTv.class
   jd/plugins/decrypter/JamendoCom.class
   jd/plugins/decrypter/JavCL.class
   jd/plugins/decrypter/JavascriptRedirectorHexAndObstruction$1.class
   jd/plugins/decrypter/JavascriptRedirectorHexAndObstruction$2.class
   jd/plugins/decrypter/JavascriptRedirectorHexAndObstruction.class
   jd/plugins/decrypter/JavhdCom.class
   jd/plugins/decrypter/JhebergNet.class
   jd/plugins/decrypter/JianguoyunCom.class
   jd/plugins/decrypter/JulesjordanComDecrypter.class
   jd/plugins/decrypter/JumpshareCom.class
   jd/plugins/decrypter/JustPasteIt.class
   jd/plugins/decrypter/JwpasteCom.class
   jd/plugins/decrypter/KTo.class
   jd/plugins/decrypter/KareliaPro.class
   jd/plugins/decrypter/Keep2ShareCcDecrypter.class
   jd/plugins/decrypter/KeepLinksMe.class
   jd/plugins/decrypter/KickAssAnime.class
   jd/plugins/decrypter/KinoDomTv.class
   jd/plugins/decrypter/KinoxTo.class
   jd/plugins/decrypter/KirmiziturkOrgDecrypter.class
   jd/plugins/decrypter/KisAmeCm$1.class
   jd/plugins/decrypter/KisAmeCm$HostType.class
   jd/plugins/decrypter/KisAmeCm.class
   jd/plugins/decrypter/KissAnimeAsia.class
   jd/plugins/decrypter/KndGrlsCom.class
   jd/plugins/decrypter/KumpulbagiId.class.removed
   jd/plugins/decrypter/LdRtifyCom.class
   jd/plugins/decrypter/LhtranslationCom.class
   jd/plugins/decrypter/LibGen.class
   jd/plugins/decrypter/LikeurOrg.class
   jd/plugins/decrypter/LimitsizamcaOrg.class
   jd/plugins/decrypter/LinkCrawlerDeepHelper$1.class
   jd/plugins/decrypter/LinkCrawlerDeepHelper.class
   jd/plugins/decrypter/LinksDashProtectionCom.class
   jd/plugins/decrypter/LinksProtectionCom.class
   jd/plugins/decrypter/LinksafeOrg.class
   jd/plugins/decrypter/LiveDriveComFolder.class
   jd/plugins/decrypter/LiveLeakComDecrypter.class
   jd/plugins/decrypter/LiveMeCom.class
   jd/plugins/decrypter/LiveMistapesComDecrypter.class
   jd/plugins/decrypter/LiveStreamCom.class
   jd/plugins/decrypter/LnkBcks.class
   jd/plugins/decrypter/LnkBnCh.class
   jd/plugins/decrypter/LnkBnk.class
   jd/plugins/decrypter/LnkCrptWs$JavaScriptUnpacker.class
   jd/plugins/decrypter/LnkCrptWs.class
   jd/plugins/decrypter/LnkPrtctn.class
   jd/plugins/decrypter/LnkShnkNt.class
   jd/plugins/decrypter/LnkTNt.class
   jd/plugins/decrypter/LnkTl.class
   jd/plugins/decrypter/LovelyAnime.class
   jd/plugins/decrypter/LsnTo.class
   jd/plugins/decrypter/LtrstrWzCom.class
   jd/plugins/decrypter/LusciousNetAlbum.class
   jd/plugins/decrypter/MFS_ShortUrlScript.class
   jd/plugins/decrypter/MagentaCloudDe.class
   jd/plugins/decrypter/MagentaMusik360.class
   jd/plugins/decrypter/MangaEdenCom.class
   jd/plugins/decrypter/MangaFascansCom.class
   jd/plugins/decrypter/MangaInnCom.class
   jd/plugins/decrypter/MangaLelCom.class
   jd/plugins/decrypter/MangaPandaCom.class
   jd/plugins/decrypter/MangaReaderNet.class
   jd/plugins/decrypter/MangaVolumeCom.class
   jd/plugins/decrypter/MangadexOrg.class
   jd/plugins/decrypter/Mangafox.class
   jd/plugins/decrypter/MangahostCom.class
   jd/plugins/decrypter/Mangakakalot.class
   jd/plugins/decrypter/MangakoiCom.class
   jd/plugins/decrypter/ManganeloCom.class
   jd/plugins/decrypter/MangaparkCom.class
   jd/plugins/decrypter/MangatownCom.class
   jd/plugins/decrypter/MangazukiCo.class
   jd/plugins/decrypter/MangazukiMe.class
   jd/plugins/decrypter/MassengeschmackTvCrawler.class
   jd/plugins/decrypter/MasterAniMe.class.removed
   jd/plugins/decrypter/McAnimeNet.class
   jd/plugins/decrypter/MdfrFldr.class.removed
   jd/plugins/decrypter/MediaCCCde.class
   jd/plugins/decrypter/MediafireComFolder.class
   jd/plugins/decrypter/MegaConz$1.class
   jd/plugins/decrypter/MegaConz$MegaFolder.class
   jd/plugins/decrypter/MegaConz.class
   jd/plugins/decrypter/MegaEncDecrypter.class
   jd/plugins/decrypter/MegaOtrDe.class
   jd/plugins/decrypter/MegaSearchCo.class
   jd/plugins/decrypter/MegabooruCom.class
   jd/plugins/decrypter/MegatvComDecrypter$1.class
   jd/plugins/decrypter/MegatvComDecrypter.class
   jd/plugins/decrypter/MetArt.class
   jd/plugins/decrypter/MetaCafeComDecrypter.class
   jd/plugins/decrypter/MgfpCm.class
   jd/plugins/decrypter/MicrosoftComDecrypter.class
   jd/plugins/decrypter/MightyScriptAdLinkFly$1.class
   jd/plugins/decrypter/MightyScriptAdLinkFly$CaptchaType.class
   jd/plugins/decrypter/MightyScriptAdLinkFly.class
   jd/plugins/decrypter/MikSeriNet.class
   jd/plugins/decrypter/MioTo.class
   jd/plugins/decrypter/MirStkCm.class
   jd/plugins/decrypter/MirrorCreatorCom.class
   jd/plugins/decrypter/MirroraceCom.class
   jd/plugins/decrypter/MixCloudCom.class
   jd/plugins/decrypter/MixerCom.class
   jd/plugins/decrypter/MixlrCom.class
   jd/plugins/decrypter/MixoticNet.class
   jd/plugins/decrypter/MltLadCz.class
   jd/plugins/decrypter/MngStrm.class.removed
   jd/plugins/decrypter/ModDbComDecrypter.class
   jd/plugins/decrypter/MofosCom.class
   jd/plugins/decrypter/MotherLessCom$1.class
   jd/plugins/decrypter/MotherLessCom.class
   jd/plugins/decrypter/MotorsportMagazinCom.class
   jd/plugins/decrypter/MountFileNetFolder.class
   jd/plugins/decrypter/Movie25Org.class
   jd/plugins/decrypter/MovieDream.class
   jd/plugins/decrypter/MovierlsNet.class
   jd/plugins/decrypter/MoviesFun.class
   jd/plugins/decrypter/MoviesWatch.class
   jd/plugins/decrypter/Mp3ZingVn.class
   jd/plugins/decrypter/MtLnk$1.class
   jd/plugins/decrypter/MtLnk$MetalinkSAXHandler.class
   jd/plugins/decrypter/MtLnk.class
   jd/plugins/decrypter/MtlAreRg.class
   jd/plugins/decrypter/MultiUpCom.class
   jd/plugins/decrypter/MultiupOrg.class
   jd/plugins/decrypter/Music163Com.class
   jd/plugins/decrypter/MuzykaInteriaPl.class
   jd/plugins/decrypter/Mv25Com.class
   jd/plugins/decrypter/Mv2kTo.class
   jd/plugins/decrypter/MvWrldNt.class.removed
   jd/plugins/decrypter/MyCloudPlayersCom.class
   jd/plugins/decrypter/MyCrazyVidsCom.class
   jd/plugins/decrypter/MyLinkGenCom.class
   jd/plugins/decrypter/MyMailRu.class
   jd/plugins/decrypter/MySpassDe.class
   jd/plugins/decrypter/MylinkLi.class
   jd/plugins/decrypter/MystereTvComDecrypter.class
   jd/plugins/decrypter/MyzukaRuDecrypter.class
   jd/plugins/decrypter/NCryptIn$1.class
   jd/plugins/decrypter/NCryptIn.class
   jd/plugins/decrypter/NarodRuDecrypter.class
   jd/plugins/decrypter/NaughtyBlgOrg$1.class
   jd/plugins/decrypter/NaughtyBlgOrg$Category.class
   jd/plugins/decrypter/NaughtyBlgOrg.class
   jd/plugins/decrypter/NaughtyamericaCom.class
   jd/plugins/decrypter/NewAsianTv.class
   jd/plugins/decrypter/NewEpisodesCo.class
   jd/plugins/decrypter/NewgroundsComDecrypter.class
   jd/plugins/decrypter/NewlunarrepublicFr.class
   jd/plugins/decrypter/NexusmodsCom.class
   jd/plugins/decrypter/NfScRlCm.class
   jd/plugins/decrypter/NhacCuaTuiCom.class
   jd/plugins/decrypter/NhentaiNet.class
   jd/plugins/decrypter/NicoVideoJpPlaylist.class
   jd/plugins/decrypter/Nima4k.class
   jd/plugins/decrypter/NitroFlareCom.class
   jd/plugins/decrypter/NkPlGallery.class
   jd/plugins/decrypter/NmStrm24Com.class
   jd/plugins/decrypter/NmeStashInfo.class
   jd/plugins/decrypter/NnmT.class
   jd/plugins/decrypter/NoiseTradeCom.class
   jd/plugins/decrypter/NormanVideosCom.class
   jd/plugins/decrypter/NosNlDecrypter.class
   jd/plugins/decrypter/NowoscimuzyczneEu.class
   jd/plugins/decrypter/NsKhD.class
   jd/plugins/decrypter/NsanedownCom.class
   jd/plugins/decrypter/NwLbmRlsesNet.class
   jd/plugins/decrypter/NwzFndCm.class
   jd/plugins/decrypter/NzbClubCom.class
   jd/plugins/decrypter/NzbKingCom.class
   jd/plugins/decrypter/NzbSearchNet.class
   jd/plugins/decrypter/OBoomCom.class
   jd/plugins/decrypter/ORFMediathekDecrypter.class
   jd/plugins/decrypter/OdMscNt.class
   jd/plugins/decrypter/OdriveCom.class
   jd/plugins/decrypter/Oe1OrfAt.class
   jd/plugins/decrypter/OkRuDecrypter.class
   jd/plugins/decrypter/OkanimeCom.class
   jd/plugins/decrypter/OnMovies.class.removed
   jd/plugins/decrypter/OneChannelCh.class
   jd/plugins/decrypter/OneDriveLiveCom.class
   jd/plugins/decrypter/OneFichierComFolder.class
   jd/plugins/decrypter/OneFiveThreeNews.class
   jd/plugins/decrypter/OneInkCc.class
   jd/plugins/decrypter/OneTwoThreeEnjoy.class
   jd/plugins/decrypter/OneTwoThreeMovies.class
   jd/plugins/decrypter/OnecloudMediaFolder.class
   jd/plugins/decrypter/OnlySpankingOrg.class
   jd/plugins/decrypter/OpenDriveComDecrypter.class
   jd/plugins/decrypter/OpenloadTVStream.class
   jd/plugins/decrypter/OrangedoxCom.class
   jd/plugins/decrypter/OshoWorldCom.class
   jd/plugins/decrypter/OuoIo.class
   jd/plugins/decrypter/PCloudComFolder.class
   jd/plugins/decrypter/PanBaiduCom.class
   jd/plugins/decrypter/ParelliSavvyClubComDecrypter.class
   jd/plugins/decrypter/ParteeeyDeGallery.class
   jd/plugins/decrypter/Paste2Org.class
   jd/plugins/decrypter/PasteBinCom.class
   jd/plugins/decrypter/PasteByteCom.class
   jd/plugins/decrypter/PasteHereXyz.class
   jd/plugins/decrypter/PastecaSh.class
   jd/plugins/decrypter/PastedCo.class
   jd/plugins/decrypter/PasteeOrg.class
   jd/plugins/decrypter/PastensnCom.class
   jd/plugins/decrypter/PastewitalyTk.class
   jd/plugins/decrypter/PastrIo.class
   jd/plugins/decrypter/PegatextoNet.class
   jd/plugins/decrypter/PerfectGirlsNet.class
   jd/plugins/decrypter/PerpLinksCom.class
   jd/plugins/decrypter/PhoenixDe.class
   jd/plugins/decrypter/PhotoShareRu.class
   jd/plugins/decrypter/PhotobucketComAlbum.class
   jd/plugins/decrypter/PietSmietDe.class
   jd/plugins/decrypter/PinterestComDecrypter.class
   jd/plugins/decrypter/PixivNet.class
   jd/plugins/decrypter/PlayFmA.class
   jd/plugins/decrypter/PlayVidComDecrypter.class
   jd/plugins/decrypter/PluralsightComDecrypter.class
   jd/plugins/decrypter/PonyFm.class
   jd/plugins/decrypter/Porn4kTo.class
   jd/plugins/decrypter/PornCom.class
   jd/plugins/decrypter/PornComixInfo.class
   jd/plugins/decrypter/PornEmbedParser$1.class
   jd/plugins/decrypter/PornEmbedParser.class
   jd/plugins/decrypter/PornHubCom.class
   jd/plugins/decrypter/PornHubComGallery.class
   jd/plugins/decrypter/PornRoleplayOrg.class
   jd/plugins/decrypter/PornZeCom.class
   jd/plugins/decrypter/PotlockerRe.class
   jd/plugins/decrypter/PremiumizeMeZeveraFolder$1.class
   jd/plugins/decrypter/PremiumizeMeZeveraFolder$2.class
   jd/plugins/decrypter/PremiumizeMeZeveraFolder.class
   jd/plugins/decrypter/PrimeJailBaitCom.class
   jd/plugins/decrypter/PrlPstCm.class
   jd/plugins/decrypter/PrnHstComFldr.class
   jd/plugins/decrypter/ProDjCm.class
   jd/plugins/decrypter/ProSevenDeDecrypter.class
   jd/plugins/decrypter/ProjectFreeTvAg.class
   jd/plugins/decrypter/ProtectDdlIslandRu.class
   jd/plugins/decrypter/ProtectIplus4uCom.class
   jd/plugins/decrypter/ProtectMylinksCom.class
   jd/plugins/decrypter/ProtectStreamCom.class
   jd/plugins/decrypter/ProtegeDdlCom.class
   jd/plugins/decrypter/ProxrMe.class
   jd/plugins/decrypter/PrrpLinkIn.class
   jd/plugins/decrypter/PrtctdScdvntCm.class
   jd/plugins/decrypter/PsychoPlay.class
   jd/plugins/decrypter/PublicUperaCo.class
   jd/plugins/decrypter/PublicfeetCom.class
   jd/plugins/decrypter/PurevolumeComDecrypter.class
   jd/plugins/decrypter/PururinUs.class
   jd/plugins/decrypter/PutlockersAm.class
   jd/plugins/decrypter/QiannaoComFolder.class
   jd/plugins/decrypter/QqComDecrypter.class
   jd/plugins/decrypter/R8LinkCom.class
   jd/plugins/decrypter/RLCsh.class
   jd/plugins/decrypter/RPNetBiz.class
   jd/plugins/decrypter/RaiItDecrypter.class
   jd/plugins/decrypter/RapidGatorNetFolder.class
   jd/plugins/decrypter/RapidOkCom.class
   jd/plugins/decrypter/RapidcryptNet.class
   jd/plugins/decrypter/RdLnkCo.class
   jd/plugins/decrypter/ReactorCC.class
   jd/plugins/decrypter/ReadMng.class
   jd/plugins/decrypter/RealityKingsCom.class
   jd/plugins/decrypter/RecaptchaDemoBrowserTest.class
   jd/plugins/decrypter/RedbullTv.class
   jd/plugins/decrypter/Redmp3Su.class
   jd/plugins/decrypter/RefSo.class
   jd/plugins/decrypter/RetroSx.class
   jd/plugins/decrypter/ReverBnationCom.class
   jd/plugins/decrypter/RevisionThreeCom.class
   jd/plugins/decrypter/ReviveLinkCom.class
   jd/plugins/decrypter/RggwrldcrwNet$1.class
   jd/plugins/decrypter/RggwrldcrwNet.class
   jd/plugins/decrypter/RlCtCm.class
   jd/plugins/decrypter/RlGalleriesNt.class
   jd/plugins/decrypter/Rlnks.class.removed
   jd/plugins/decrypter/RlnktCm.class
   jd/plugins/decrypter/Rlslg.class
   jd/plugins/decrypter/RmFrksNt.class
   jd/plugins/decrypter/RmsZphrNt.class
   jd/plugins/decrypter/RmzCr.class
   jd/plugins/decrypter/RomHustlerNet.class
   jd/plugins/decrypter/RpdMvzCm.class
   jd/plugins/decrypter/RpprsIn.class
   jd/plugins/decrypter/RrozhlasCz.class
   jd/plugins/decrypter/RsHrbchn.class
   jd/plugins/decrypter/RtbfBeDecrypter.class
   jd/plugins/decrypter/RtlBe.class
   jd/plugins/decrypter/RuTubeRuDecrypter.class
   jd/plugins/decrypter/Rule34PahealNet.class
   jd/plugins/decrypter/Rule34Xxx.class
   jd/plugins/decrypter/SafeadultsiteCom.class
   jd/plugins/decrypter/SafelinkMe.class
   jd/plugins/decrypter/SamePageIoDecrypter.class
   jd/plugins/decrypter/SaveTvDecrypter$1.class.removed
   jd/plugins/decrypter/SaveTvDecrypter$2.class.removed
   jd/plugins/decrypter/SaveTvDecrypter$3.class.removed
   jd/plugins/decrypter/SaveTvDecrypter$4.class.removed
   jd/plugins/decrypter/SaveTvDecrypter$5.class.removed
   jd/plugins/decrypter/SaveTvDecrypter$6.class.removed
   jd/plugins/decrypter/SaveTvDecrypter$7.class.removed
   jd/plugins/decrypter/SaveTvDecrypter$8.class.removed
   jd/plugins/decrypter/SaveTvDecrypter$9.class.removed
   jd/plugins/decrypter/SaveTvDecrypter.class
   jd/plugins/decrypter/ScnlogEu.class
   jd/plugins/decrypter/ScribdCom.class
   jd/plugins/decrypter/SecurityLinksCom.class
   jd/plugins/decrypter/SeedrCc.class
   jd/plugins/decrypter/SendspaceComFolder.class
   jd/plugins/decrypter/SerienStreamTo$1.class
   jd/plugins/decrypter/SerienStreamTo.class
   jd/plugins/decrypter/SexCom.class
   jd/plugins/decrypter/SexyhubCom.class
   jd/plugins/decrypter/SfLnkCnvCm.class
   jd/plugins/decrypter/SflnkgNt.class
   jd/plugins/decrypter/ShaHidMbcNetDecrypter$Quality.class
   jd/plugins/decrypter/ShaHidMbcNetDecrypter.class
   jd/plugins/decrypter/Shaanig.class
   jd/plugins/decrypter/ShareDmcaGripe.class
   jd/plugins/decrypter/SharelinkedCom.class
   jd/plugins/decrypter/ShinkIn.class.removed
   jd/plugins/decrypter/ShinkMe.class
   jd/plugins/decrypter/ShoRtifyCom.class
   jd/plugins/decrypter/ShortAm.class
   jd/plugins/decrypter/ShorteSt.class
   jd/plugins/decrypter/ShortenmyurlsNet.class
   jd/plugins/decrypter/ShrLnksBz.class.removed
   jd/plugins/decrypter/ShrinkServiceIt.class
   jd/plugins/decrypter/ShrnlneBzFldr.class.removed
   jd/plugins/decrypter/ShtIo.class
   jd/plugins/decrypter/SidespaceNet.class
   jd/plugins/decrypter/SinggahIn.class
   jd/plugins/decrypter/SkaiGr.class
   jd/plugins/decrypter/Sketchfab.class
   jd/plugins/decrypter/SkinsBe.class
   jd/plugins/decrypter/SlexyOrg.class
   jd/plugins/decrypter/SlideShareNetDecrypter.class
   jd/plugins/decrypter/SlrMvCm.class
   jd/plugins/decrypter/SmvTo.class
   jd/plugins/decrypter/SmzdRcks$1.class
   jd/plugins/decrypter/SmzdRcks$2.class
   jd/plugins/decrypter/SmzdRcks.class
   jd/plugins/decrypter/SndSnapDecrypt.class
   jd/plugins/decrypter/SnrlCm.class
   jd/plugins/decrypter/SolarMovieCr.class
   jd/plugins/decrypter/SolidFilesComFolder.class
   jd/plugins/decrypter/SoulmangaNet.class
   jd/plugins/decrypter/SoundCloudComDecrypter$1.class
   jd/plugins/decrypter/SoundCloudComDecrypter.class
   jd/plugins/decrypter/SourceForgeNet.class
   jd/plugins/decrypter/SpankBangCom.class
   jd/plugins/decrypter/SpasteCom.class
   jd/plugins/decrypter/Spi0nCom.class
   jd/plugins/decrypter/SpiegelDe.class
   jd/plugins/decrypter/SrBoxLife.class
   jd/plugins/decrypter/Srnnks$DecryptRunnable.class
   jd/plugins/decrypter/Srnnks.class
   jd/plugins/decrypter/SrnnksCategory$Format.class
   jd/plugins/decrypter/SrnnksCategory$IdNamePair.class
   jd/plugins/decrypter/SrnnksCategory.class
   jd/plugins/decrypter/StaShDecrypter.class
   jd/plugins/decrypter/StackstorageCom.class
   jd/plugins/decrypter/StahomatCz.class
   jd/plugins/decrypter/StcPrnCom.class
   jd/plugins/decrypter/StereoMoodCom.class
   jd/plugins/decrypter/StolenVideosNet.class
   jd/plugins/decrypter/StreamMdhBiz.class
   jd/plugins/decrypter/StreamTo$1.class
   jd/plugins/decrypter/StreamTo$2.class
   jd/plugins/decrypter/StreamTo.class
   jd/plugins/decrypter/SubMangaCom.class
   jd/plugins/decrypter/SubMangaOrg.class
   jd/plugins/decrypter/SuicidegirlsCom.class
   jd/plugins/decrypter/SuperLoadCz.class
   jd/plugins/decrypter/SwisstransferComFolder.class
   jd/plugins/decrypter/SwrMediathekDeDecrypter.class
   jd/plugins/decrypter/Sxrcm.class
   jd/plugins/decrypter/SxyprnCom.class
   jd/plugins/decrypter/SznpasteNet.class
   jd/plugins/decrypter/SzrtPl.class
   jd/plugins/decrypter/TKlnCm.class
   jd/plugins/decrypter/TataTo.class
   jd/plugins/decrypter/TbCmV2$1.class
   jd/plugins/decrypter/TbCmV2$2.class
   jd/plugins/decrypter/TbCmV2$3.class
   jd/plugins/decrypter/TbCmV2$4.class
   jd/plugins/decrypter/TbCmV2$5.class
   jd/plugins/decrypter/TbCmV2$6.class
   jd/plugins/decrypter/TbCmV2$7.class
   jd/plugins/decrypter/TbCmV2$8.class
   jd/plugins/decrypter/TbCmV2.class
   jd/plugins/decrypter/TedCom.class
   jd/plugins/decrypter/TeleFiveDeDecrypter$SWFDecompressor.class
   jd/plugins/decrypter/TeleFiveDeDecrypter.class
   jd/plugins/decrypter/TeleMuCom.class
   jd/plugins/decrypter/TelequebecTv.class
   jd/plugins/decrypter/TenluaVnFolder.class.removed
   jd/plugins/decrypter/TextSnipCom.class
   jd/plugins/decrypter/TheSupCm.class
   jd/plugins/decrypter/ThinanaXyz.class
   jd/plugins/decrypter/ThinfiCom.class
   jd/plugins/decrypter/ThingiverseCom.class
   jd/plugins/decrypter/ThirteenDlNet.class
   jd/plugins/decrypter/ThreeDlTv.class
   jd/plugins/decrypter/ThreehundredTwenteekMe.class
   jd/plugins/decrypter/ThrowbinIo.class
   jd/plugins/decrypter/Ti1caComDecrypter.class
   jd/plugins/decrypter/TiktokCom.class
   jd/plugins/decrypter/TimeKillerEroticCom.class
   jd/plugins/decrypter/TinyCc.class
   jd/plugins/decrypter/TinyurlCom.class
   jd/plugins/decrypter/TistoryCom.class
   jd/plugins/decrypter/TmoFansCom.class
   jd/plugins/decrypter/ToMvzUs.class
   jd/plugins/decrypter/TopDocumentaryFilmsCom.class
   jd/plugins/decrypter/TopFilesOrg.class
   jd/plugins/decrypter/TopkySk.class
   jd/plugins/decrypter/Tr5In.class
   jd/plugins/decrypter/TrnTblMe.class
   jd/plugins/decrypter/TrnmxznCm$1.class
   jd/plugins/decrypter/TrnmxznCm.class
   jd/plugins/decrypter/TuPasteInfo.class
   jd/plugins/decrypter/TumangaonlineCom.class.removed
   jd/plugins/decrypter/TumblrComDecrypter.class
   jd/plugins/decrypter/TurboBitNetFolder.class
   jd/plugins/decrypter/TusFilesNet.class
   jd/plugins/decrypter/TvAdbCm.class
   jd/plugins/decrypter/TvShowsClub.class
   jd/plugins/decrypter/TvZingVn.class
   jd/plugins/decrypter/TvnowDe.class
   jd/plugins/decrypter/TwitVidComDecrypter.class
   jd/plugins/decrypter/TwitchTvDecrypt.class
   jd/plugins/decrypter/TwitterCom.class
   jd/plugins/decrypter/TwntnMmbrsCm$1.class
   jd/plugins/decrypter/TwntnMmbrsCm.class
   jd/plugins/decrypter/U115ComFolder.class
   jd/plugins/decrypter/UdemyComDecrypter.class
   jd/plugins/decrypter/UnExtUploadCom.class
   jd/plugins/decrypter/UniBytesComFolder.class
   jd/plugins/decrypter/UnionmangasCom.class
   jd/plugins/decrypter/Up4ShareVnFolderdecrypter.class.removed
   jd/plugins/decrypter/UpMirrorCom.class
   jd/plugins/decrypter/UpToStreamCom.class
   jd/plugins/decrypter/UpdupNet.class
   jd/plugins/decrypter/UpldsCom.class
   jd/plugins/decrypter/UploadedToFolder.class
   jd/plugins/decrypter/UploaderJpFolder.class
   jd/plugins/decrypter/UpstoReFolder.class
   jd/plugins/decrypter/UrLnkBz.class
   jd/plugins/decrypter/UrlsecIo.class
   jd/plugins/decrypter/VDiskCn.class
   jd/plugins/decrypter/VKontakteRu$1.class
   jd/plugins/decrypter/VKontakteRu.class
   jd/plugins/decrypter/VLComic.class
   jd/plugins/decrypter/VcryptNet.class
   jd/plugins/decrypter/Vdnrlngn.class
   jd/plugins/decrypter/VeohComDecrypter.class
   jd/plugins/decrypter/VepornNet.class
   jd/plugins/decrypter/VevoComDecrypter.class
   jd/plugins/decrypter/ViceComDecrypter.class
   jd/plugins/decrypter/VidCloudCoDecrypter.class
   jd/plugins/decrypter/VidCloudIcu.class
   jd/plugins/decrypter/VidEarnDecrypter.class
   jd/plugins/decrypter/Video2brainComDecrypter.class
   jd/plugins/decrypter/VideoBashComDecrypter.class.removed
   jd/plugins/decrypter/VideoBoxComDecrypter.class
   jd/plugins/decrypter/VideoMarkizaSk.class
   jd/plugins/decrypter/VideoOneCom.class
   jd/plugins/decrypter/VideoOnlineUaDecrypter.class
   jd/plugins/decrypter/VidnowTo.class
   jd/plugins/decrypter/VidziTv.class.removed
   jd/plugins/decrypter/Viet69Net.class
   jd/plugins/decrypter/ViidSu.class
   jd/plugins/decrypter/VimeoComDecrypter$1.class
   jd/plugins/decrypter/VimeoComDecrypter.class
   jd/plugins/decrypter/VimeoComDecrypterPlay.class
   jd/plugins/decrypter/VineCoDecrypter.class
   jd/plugins/decrypter/VivaTvDecrypt.class
   jd/plugins/decrypter/VizCom.class
   jd/plugins/decrypter/VmallComFolder.class
   jd/plugins/decrypter/VoaYeursCom.class
   jd/plugins/decrypter/VoirFilms.class
   jd/plugins/decrypter/VolaFileOrg.class
   jd/plugins/decrypter/VscoCo.class
   jd/plugins/decrypter/VvvvidIt.class
   jd/plugins/decrypter/WallPapersCraftCom.class
   jd/plugins/decrypter/WatchCartoonsOnline.class
   jd/plugins/decrypter/WatchVideo.class
   jd/plugins/decrypter/WatchboxDe.class.removed
   jd/plugins/decrypter/WcytCm$1.class
   jd/plugins/decrypter/WcytCm$2.class
   jd/plugins/decrypter/WcytCm.class
   jd/plugins/decrypter/WduploadComFolder.class
   jd/plugins/decrypter/We4loadComFolder.class.removed
   jd/plugins/decrypter/WeTransferComFolder.class
   jd/plugins/decrypter/WebArchiveOrg.class
   jd/plugins/decrypter/WebShareCzFolder.class
   jd/plugins/decrypter/WebtoonsCom.class
   jd/plugins/decrypter/WiadomosciPlessPl.class
   jd/plugins/decrypter/WickedCom.class
   jd/plugins/decrypter/WieMangaCom.class
   jd/plugins/decrypter/WikifeetCom.class
   jd/plugins/decrypter/WlnkEc.class
   jd/plugins/decrypter/WnacgOrg.class
   jd/plugins/decrypter/WorkuploadComFolder.class
   jd/plugins/decrypter/WorldStarHipHopComDecrypter.class
   jd/plugins/decrypter/Wrdprss.class
   jd/plugins/decrypter/WrztPl.class.removed
   jd/plugins/decrypter/WtchSrs.class
   jd/plugins/decrypter/XArt$1.class
   jd/plugins/decrypter/XArt.class
   jd/plugins/decrypter/XFileShareProFolder.class.removed
   jd/plugins/decrypter/XGayWs.class
   jd/plugins/decrypter/XHamsterGallery.class
   jd/plugins/decrypter/XShufuniCom.class.removed
   jd/plugins/decrypter/XXXAPornComDecrypter.class
   jd/plugins/decrypter/XXXBlg.class.removed
   jd/plugins/decrypter/Xa.class
   jd/plugins/decrypter/XbooruCom.class
   jd/plugins/decrypter/XboxSoZoneCom.class
   jd/plugins/decrypter/XfastLink.class
   jd/plugins/decrypter/XlcNt.class
   jd/plugins/decrypter/XpnFldr.class
   jd/plugins/decrypter/XunleiComDecrypter.class
   jd/plugins/decrypter/XupPl.class
   jd/plugins/decrypter/XvideosComProfile.class
   jd/plugins/decrypter/XxxBunkerCom.class
   jd/plugins/decrypter/XxxSslCom.class
   jd/plugins/decrypter/YandeRe.class
   jd/plugins/decrypter/YesXxx.class
   jd/plugins/decrypter/YifyMoviesStream.class
   jd/plugins/decrypter/YouPasteCo.class
   jd/plugins/decrypter/YouSexTubeCom.class
   jd/plugins/decrypter/YoukuCom.class
   jd/plugins/decrypter/YounowComChannel.class
   jd/plugins/decrypter/YourPornSexy.class.removed
   jd/plugins/decrypter/YumpuCom.class
   jd/plugins/decrypter/YunFileComFolder.class.removed
   jd/plugins/decrypter/YunpanCn.class
   jd/plugins/decrypter/ZDFMediathekDecrypter.class
   jd/plugins/decrypter/ZeroEightFourFiveCom.class
   jd/plugins/decrypter/ZeroToThreeMoviesTV.class
   jd/plugins/decrypter/ZipComic.class
   jd/plugins/decrypter/ZippyShareComFolder.class
   jd/plugins/decrypter/ZoneProtectCom.class
   jd/plugins/decrypter/Zro10BasicDecrypt.class
   jd/plugins/decrypter/ZyvNt.class
   jd/plugins/hoster/ARDMediathek.class
   jd/plugins/hoster/AbbyWintersCom.class
   jd/plugins/hoster/AboutCom.class
   jd/plugins/hoster/AcapellasFourYouCoUk.class
   jd/plugins/hoster/AcidimgCc.class
   jd/plugins/hoster/AdriveCom.class
   jd/plugins/hoster/AhMeCom.class
   jd/plugins/hoster/AkatsukiSubsNet.class
   jd/plugins/hoster/AlfafileNet.class
   jd/plugins/hoster/AljazeeraCom.class
   jd/plugins/hoster/AllDebridCom$1.class
   jd/plugins/hoster/AllDebridCom$2.class
   jd/plugins/hoster/AllDebridCom.class
   jd/plugins/hoster/AllnetcorpCom.class
   jd/plugins/hoster/AlotpornCom.class
   jd/plugins/hoster/AlphatvGr.class
   jd/plugins/hoster/AmazonCloud.class
   jd/plugins/hoster/AmonShareCom.class.removed
   jd/plugins/hoster/AnalacrobatsCom.class
   jd/plugins/hoster/AncensoredCom.class
   jd/plugins/hoster/AndroidFileHostCom.class
   jd/plugins/hoster/AniStreamCom.class
   jd/plugins/hoster/AnimalplanetDe.class
   jd/plugins/hoster/AnimePremiumTv.class
   jd/plugins/hoster/AnimeTheHyliaCom.class
   jd/plugins/hoster/AnimeUltimeNet.class
   jd/plugins/hoster/AnimegalleriesNet.class
   jd/plugins/hoster/AnimeggOrg.class
   jd/plugins/hoster/AnimeoutCom.class
   jd/plugins/hoster/AnitecaZlxComBr.class.removed
   jd/plugins/hoster/AnitubeCo.class
   jd/plugins/hoster/AnonFileCom.class
   jd/plugins/hoster/AnonFilesCom.class
   jd/plugins/hoster/Antena3Com.class
   jd/plugins/hoster/AnySexCom.class.removed
   jd/plugins/hoster/AnzfileNet.class
   jd/plugins/hoster/ApkhereCom.class
   jd/plugins/hoster/ApkmirrorCom.class
   jd/plugins/hoster/ArchiveOrg.class
   jd/plugins/hoster/ArteTv$1.class
   jd/plugins/hoster/ArteTv$2.class
   jd/plugins/hoster/ArteTv.class
   jd/plugins/hoster/ArtstationCom.class
   jd/plugins/hoster/AsdfilesCom.class
   jd/plugins/hoster/AsmfileCom.class
   jd/plugins/hoster/AsscompactDe.class
   jd/plugins/hoster/AudioMa.class
   jd/plugins/hoster/AudioRokCom.class
   jd/plugins/hoster/AudioinboxCom.class
   jd/plugins/hoster/AusfileCom.class
   jd/plugins/hoster/Av01Tv.class
   jd/plugins/hoster/AventertainmentsCom.class
   jd/plugins/hoster/AvgleCom.class
   jd/plugins/hoster/AxfilesNet.class.removed
   jd/plugins/hoster/AyefilesCom.class.removed
   jd/plugins/hoster/BabesCom.class
   jd/plugins/hoster/BackinNet$1.class.removed
   jd/plugins/hoster/BackinNet.class
   jd/plugins/hoster/BadJoJoCom.class
   jd/plugins/hoster/BadoinkvrCom.class
   jd/plugins/hoster/BadshareIo.class
   jd/plugins/hoster/BaixarPremiumNet.class
   jd/plugins/hoster/BaixarPremiumNetComprarpremiumCom.class
   jd/plugins/hoster/BaixarPremiumNetContaComboComBr.class
   jd/plugins/hoster/BandCampCom.class
   jd/plugins/hoster/BangbrosCom.class
   jd/plugins/hoster/BankuploadCom.class.removed
   jd/plugins/hoster/BaseShareCom.class
   jd/plugins/hoster/BatoTo.class.removed
   jd/plugins/hoster/BayFilesCom.class
   jd/plugins/hoster/BbcCom.class
   jd/plugins/hoster/BcaOnliveDe.class
   jd/plugins/hoster/BdnuploadCom.class.removed
   jd/plugins/hoster/BdsmstreakCom.class
   jd/plugins/hoster/BduploadInfo.class
   jd/plugins/hoster/BeamPro.class
   jd/plugins/hoster/BeatexsCom.class
   jd/plugins/hoster/BeegCom.class
   jd/plugins/hoster/BefuckCom.class
   jd/plugins/hoster/BentBoxCo.class
   jd/plugins/hoster/BestdebridCom$BestdebridAccountFactory$1.class
   jd/plugins/hoster/BestdebridCom$BestdebridAccountFactory.class
   jd/plugins/hoster/BestdebridCom.class
   jd/plugins/hoster/BezsmsOrg.class
   jd/plugins/hoster/BibeltvDe.class
   jd/plugins/hoster/BicyclingCom.class
   jd/plugins/hoster/Big4SharedCom.class.removed
   jd/plugins/hoster/BigBootyCom.class
   jd/plugins/hoster/BigholestubeCom.class
   jd/plugins/hoster/BiguzNet.class
   jd/plugins/hoster/BilibiliCom.class
   jd/plugins/hoster/BinGe.class
   jd/plugins/hoster/BingCom.class
   jd/plugins/hoster/BiqleRu.class
   jd/plugins/hoster/BirdloadCom.class
   jd/plugins/hoster/BitSharesCom.class
   jd/plugins/hoster/BitchuteCom.class
   jd/plugins/hoster/BitpornoCom.class
   jd/plugins/hoster/BitsterCz.class
   jd/plugins/hoster/BitvideoIo.class.removed
   jd/plugins/hoster/Black2ubeCom.class
   jd/plugins/hoster/BlockfilestoreCom.class
   jd/plugins/hoster/BloombergCom$1.class
   jd/plugins/hoster/BloombergCom.class
   jd/plugins/hoster/BlueFishTvCom.class
   jd/plugins/hoster/BollywoodHungamaCom.class
   jd/plugins/hoster/BonertubeCom.class
   jd/plugins/hoster/BongobdCom.class
   jd/plugins/hoster/BoobInspectorCom.class
   jd/plugins/hoster/BookFiOrg.class
   jd/plugins/hoster/BooruOrg.class
   jd/plugins/hoster/BoostfilesNet.class
   jd/plugins/hoster/BorfosCom.class.removed
   jd/plugins/hoster/BornCashOrg.class
   jd/plugins/hoster/BoxCaCom.class
   jd/plugins/hoster/BoxCom.class
   jd/plugins/hoster/BoyzTubeCom.class
   jd/plugins/hoster/BrDe$BrDeConfigInterface$TRANSLATION.class.removed
   jd/plugins/hoster/BrDe$BrDeConfigInterface.class.removed
   jd/plugins/hoster/BrDe.class
   jd/plugins/hoster/BrUploadNet.class
   jd/plugins/hoster/BrazzersCom$BrazzersConfigInterface$TRANSLATION.class.removed
   jd/plugins/hoster/BrazzersCom$BrazzersConfigInterface.class.removed
   jd/plugins/hoster/BrazzersCom.class
   jd/plugins/hoster/BreakCom.class
   jd/plugins/hoster/BrfilesCom.class
   jd/plugins/hoster/BtafileCom.class
   jd/plugins/hoster/BundestagDe.class
   jd/plugins/hoster/BurningCamelCom.class
   jd/plugins/hoster/ByZooOrg.class
   jd/plugins/hoster/ByteBxCom.class
   jd/plugins/hoster/BytewhaleCom.class.removed
   jd/plugins/hoster/CamvideosOrg.class
   jd/plugins/hoster/CamwhoresTv.class
   jd/plugins/hoster/CanalplusFr.class
   jd/plugins/hoster/CatShareNet$1.class.removed
   jd/plugins/hoster/CatShareNet$2.class.removed
   jd/plugins/hoster/CatShareNet.class.removed
   jd/plugins/hoster/CentfileCom.class
   jd/plugins/hoster/CestyKsobeCz.class
   jd/plugins/hoster/ChThnhInfo.class
   jd/plugins/hoster/ChipDe.class
   jd/plugins/hoster/ChoMikujPl$1.class
   jd/plugins/hoster/ChoMikujPl.class
   jd/plugins/hoster/ClicknuploadOrg.class
   jd/plugins/hoster/ClipHunterCom.class
   jd/plugins/hoster/ClipcakeCom.class.removed
   jd/plugins/hoster/ClipsageCom.class
   jd/plugins/hoster/ClipwatchingCom.class
   jd/plugins/hoster/CloudDirectuploadNet.class.removed
   jd/plugins/hoster/CloudLockerBiz.class.removed
   jd/plugins/hoster/CloudMailRu.class
   jd/plugins/hoster/CloudShareIn.class
   jd/plugins/hoster/CloudUpCom.class
   jd/plugins/hoster/CloudghostNet.class
   jd/plugins/hoster/CloudshareTo.class.removed
   jd/plugins/hoster/ClouduploadCo.class.removed
   jd/plugins/hoster/CloudyfilesCom.class.removed
   jd/plugins/hoster/ClypIt.class
   jd/plugins/hoster/CnbcCom$1.class
   jd/plugins/hoster/CnbcCom.class
   jd/plugins/hoster/CnetCom.class
   jd/plugins/hoster/CnubisCom.class
   jd/plugins/hoster/CocoleechCom.class
   jd/plugins/hoster/CollectionofbestpornCom.class
   jd/plugins/hoster/Come2StoreCom.class
   jd/plugins/hoster/CommonsWikimediaOrg.class
   jd/plugins/hoster/ConexaomegaCom.class
   jd/plugins/hoster/ConexaomegaComBr.class
   jd/plugins/hoster/CoolromCom.class
   jd/plugins/hoster/CornfileCom.class
   jd/plugins/hoster/CosmoBoxOrg.class
   jd/plugins/hoster/CoubCom.class
   jd/plugins/hoster/CrackedCom.class
   jd/plugins/hoster/CrazyshareCc.class
   jd/plugins/hoster/CrockDownCom.class
   jd/plugins/hoster/CrunchyRollCom.class
   jd/plugins/hoster/CspanOrg.class
   jd/plugins/hoster/CtDiskCom.class
   jd/plugins/hoster/CutuploadCom.class
   jd/plugins/hoster/CzechavCom$CzechavComConfigInterface.class.removed
   jd/plugins/hoster/CzechavCom.class
   jd/plugins/hoster/DaClipsIn.class.removed
   jd/plugins/hoster/DailyMotionCom.class
   jd/plugins/hoster/DailyMotionComV2$NoAudioException.class
   jd/plugins/hoster/DailyMotionComV2.class
   jd/plugins/hoster/DailyfilesNet$1.class
   jd/plugins/hoster/DailyfilesNet$2.class
   jd/plugins/hoster/DailyfilesNet.class
   jd/plugins/hoster/DailyleechCom.class
   jd/plugins/hoster/DailyuploadsCc.class
   jd/plugins/hoster/DanbooruDonmaiUs.class
   jd/plugins/hoster/DaofileCom.class
   jd/plugins/hoster/DatPiffCom.class
   jd/plugins/hoster/DataDownloaderNet.class
   jd/plugins/hoster/DataDump$1.class
   jd/plugins/hoster/DataDump$2.class
   jd/plugins/hoster/DataDump.class
   jd/plugins/hoster/DataFileCom.class.removed
   jd/plugins/hoster/DataFileHostCom$1.class
   jd/plugins/hoster/DataFileHostCom$DataFileHostConfigInterface$TRANSLATION.class.removed
   jd/plugins/hoster/DataFileHostCom$DataFileHostConfigInterface.class.removed
   jd/plugins/hoster/DataFileHostCom.class
   jd/plugins/hoster/DataHu.class
   jd/plugins/hoster/DataTorCz$1.class
   jd/plugins/hoster/DataTorCz.class
   jd/plugins/hoster/DateiTo.class.removed
   jd/plugins/hoster/DateiloadCom.class
   jd/plugins/hoster/DatoidCz.class
   jd/plugins/hoster/DatopornCo.class
   jd/plugins/hoster/DbrEe.class.removed
   jd/plugins/hoster/DbreeCo.class
   jd/plugins/hoster/DbuploadIn.class
   jd/plugins/hoster/DctpTv.class
   jd/plugins/hoster/DdfnetworkCom.class
   jd/plugins/hoster/DdlTo.class
   jd/plugins/hoster/DebfileCom.class
   jd/plugins/hoster/DebridItaliaCom.class
   jd/plugins/hoster/DebridLinkFr.class
   jd/plugins/hoster/DebridPl.class
   jd/plugins/hoster/DeepbridCom.class
   jd/plugins/hoster/DefineBabeCom.class
   jd/plugins/hoster/DeltabitCo.class
   jd/plugins/hoster/DeluxemusicTv$DeluxemusicTvConfigInterface$TRANSLATION.class.removed
   jd/plugins/hoster/DeluxemusicTv$DeluxemusicTvConfigInterface.class.removed
   jd/plugins/hoster/DeluxemusicTv.class
   jd/plugins/hoster/DepicMe.class
   jd/plugins/hoster/DepoFileInfo.class
   jd/plugins/hoster/DepositFiles$1.class.removed
   jd/plugins/hoster/DepositFiles.class
   jd/plugins/hoster/DeraktionaerTv.class
   jd/plugins/hoster/DeredactieBe$protocol.class
   jd/plugins/hoster/DeredactieBe.class
   jd/plugins/hoster/DesixnxxNet.class
   jd/plugins/hoster/DesufilesCom.class
   jd/plugins/hoster/DeviantArtCom.class
   jd/plugins/hoster/DeviantClipCom.class
   jd/plugins/hoster/DhSt.class.removed
   jd/plugins/hoster/DigitalcomicmuseumCom.class
   jd/plugins/hoster/DigitalplaygroundCom.class
   jd/plugins/hoster/DinoShareCz.class.removed
   jd/plugins/hoster/Dir50Com.class
   jd/plugins/hoster/DirectHTTP$1.class
   jd/plugins/hoster/DirectHTTP$2.class
   jd/plugins/hoster/DirectHTTP.class
   jd/plugins/hoster/DirectUploadNet.class
   jd/plugins/hoster/DirrtysharEs.class
   jd/plugins/hoster/DiscoveryCom$1.class
   jd/plugins/hoster/DiscoveryCom.class
   jd/plugins/hoster/DiskYandexNet$1.class.removed
   jd/plugins/hoster/DiskYandexNet.class
   jd/plugins/hoster/DiskokosmikoMx.class.removed
   jd/plugins/hoster/DlFreeFr$1.class
   jd/plugins/hoster/DlFreeFr$CaptchaTyp.class
   jd/plugins/hoster/DlFreeFr.class
   jd/plugins/hoster/DnbShareCom.class
   jd/plugins/hoster/DocdroidNet.class
   jd/plugins/hoster/DociPl.class
   jd/plugins/hoster/DopeFileCom.class
   jd/plugins/hoster/DopeRomsCom.class
   jd/plugins/hoster/DorauploadCom.class
   jd/plugins/hoster/DoriDroNet.class
   jd/plugins/hoster/DosyaCo.class
   jd/plugins/hoster/DosyaTc.class
   jd/plugins/hoster/DosyaTv.class
   jd/plugins/hoster/DosyauploadCom.class
   jd/plugins/hoster/DoubleJNetAu$1.class
   jd/plugins/hoster/DoubleJNetAu$AudioStream.class
   jd/plugins/hoster/DoubleJNetAu$Enity.class
   jd/plugins/hoster/DoubleJNetAu$StreamInfo.class
   jd/plugins/hoster/DoubleJNetAu.class
   jd/plugins/hoster/DouploadsCom.class.removed
   jd/plugins/hoster/DouploadsNet.class
   jd/plugins/hoster/Down4filesCom.class
   jd/plugins/hoster/DownFlowNet.class
   jd/plugins/hoster/DownaceCom.class
   jd/plugins/hoster/DowngbCom.class.removed
   jd/plugins/hoster/DownloadAndroidRomCom.class
   jd/plugins/hoster/DownloadAniMe$1.class
   jd/plugins/hoster/DownloadAniMe$2.class.removed
   jd/plugins/hoster/DownloadAniMe.class
   jd/plugins/hoster/DownloadHr.class
   jd/plugins/hoster/DownloadSeedExtremeCom.class
   jd/plugins/hoster/DownloaderGuru$1.class
   jd/plugins/hoster/DownloaderGuru.class
   jd/plugins/hoster/DowntoboxCom.class
   jd/plugins/hoster/DplayCom.class
   jd/plugins/hoster/DrTuberCom$1.class
   jd/plugins/hoster/DrTuberCom.class
   jd/plugins/hoster/DramafeverCom.class
   jd/plugins/hoster/DrawcrowdCom.class
   jd/plugins/hoster/DreiSatDe$DreiSatConfigInterface.class.removed
   jd/plugins/hoster/DreiSatDe.class.removed
   jd/plugins/hoster/DropCanVasCom.class
   jd/plugins/hoster/DropMe.class
   jd/plugins/hoster/DropapkCom.class
   jd/plugins/hoster/DropbbaseCom.class
   jd/plugins/hoster/DropboxCom$DropboxAccountFactory$1.class
   jd/plugins/hoster/DropboxCom$DropboxAccountFactory.class
   jd/plugins/hoster/DropboxCom$DropboxConfig.class.removed
   jd/plugins/hoster/DropboxCom.class
   jd/plugins/hoster/DropdocRu.class
   jd/plugins/hoster/DroplrCom.class
   jd/plugins/hoster/DropmefilesCom.class
   jd/plugins/hoster/DropmegaCom.class
   jd/plugins/hoster/DropuploadCom.class
   jd/plugins/hoster/DsServersCom.class
   jd/plugins/hoster/DufileCom.class
   jd/plugins/hoster/DunShareCom.class
   jd/plugins/hoster/DwnupCom.class
   jd/plugins/hoster/Dz4upCom.class
   jd/plugins/hoster/EHentaiOrg.class
   jd/plugins/hoster/EHowCom.class
   jd/plugins/hoster/EPornerCom.class
   jd/plugins/hoster/EZFiles.class.removed
   jd/plugins/hoster/Earn4filesCom.class
   jd/plugins/hoster/EasyBytezCom$1.class
   jd/plugins/hoster/EasyBytezCom$2.class.removed
   jd/plugins/hoster/EasyBytezCom.class
   jd/plugins/hoster/EasyFilesPl$1.class
   jd/plugins/hoster/EasyFilesPl.class
   jd/plugins/hoster/EasylinkzNet.class
   jd/plugins/hoster/EasyuploadNet.class
   jd/plugins/hoster/EasyvidOrg.class
   jd/plugins/hoster/EbaGovTr.class
   jd/plugins/hoster/EbaumsWorldCom.class
   jd/plugins/hoster/EdiskCz.class
   jd/plugins/hoster/EdudocsNet.class
   jd/plugins/hoster/EfuktCom.class
   jd/plugins/hoster/EightMusesCom.class
   jd/plugins/hoster/EightTracksCom.class
   jd/plugins/hoster/ElsfileCom.class
   jd/plugins/hoster/EltrecetvComAr.class
   jd/plugins/hoster/EmoHottiesCom.class
   jd/plugins/hoster/EmpFlixCom.class.removed
   jd/plugins/hoster/EnterVideo.class
   jd/plugins/hoster/EploadCo.class.removed
   jd/plugins/hoster/EpubbooksCom.class
   jd/plugins/hoster/EroProfileCom.class
   jd/plugins/hoster/EroxiaCom.class
   jd/plugins/hoster/EsouboryCz.class
   jd/plugins/hoster/EstreamTo.class
   jd/plugins/hoster/EuroShareEu.class
   jd/plugins/hoster/EuronewsCom.class
   jd/plugins/hoster/EuropeupCom.class
   jd/plugins/hoster/EvilAngelCom$1.class
   jd/plugins/hoster/EvilAngelCom.class
   jd/plugins/hoster/ExLoadCom$1.class
   jd/plugins/hoster/ExLoadCom.class
   jd/plugins/hoster/ExclusiveFaileCom$1.class.removed
   jd/plugins/hoster/ExclusiveFaileCom$2.class.removed
   jd/plugins/hoster/ExclusiveFaileCom.class.removed
   jd/plugins/hoster/ExtMatrixCom.class
   jd/plugins/hoster/ExtremeTubeCom.class
   jd/plugins/hoster/FEmbedCom.class
   jd/plugins/hoster/FShareVn$1.class
   jd/plugins/hoster/FShareVn.class
   jd/plugins/hoster/FaceBookComVideos$1.class.removed
   jd/plugins/hoster/FaceBookComVideos.class
   jd/plugins/hoster/FacecastNet.class
   jd/plugins/hoster/FakehubCom.class
   jd/plugins/hoster/FakkuNet.class
   jd/plugins/hoster/FanBridgeCom.class
   jd/plugins/hoster/FantastiCc.class
   jd/plugins/hoster/FantasymassageCom.class
   jd/plugins/hoster/FapalityCom.class.removed
   jd/plugins/hoster/FapduCom.class
   jd/plugins/hoster/FastPicRu.class
   jd/plugins/hoster/FastShareCz.class
   jd/plugins/hoster/FastShareorg.class
   jd/plugins/hoster/FastStoreOrg.class
   jd/plugins/hoster/FastfileCc.class
   jd/plugins/hoster/FastfilesPl.class
   jd/plugins/hoster/FastixRu.class
   jd/plugins/hoster/FatTubeCom.class
   jd/plugins/hoster/FayloobmennikCloud.class
   jd/plugins/hoster/FeemooCom.class
   jd/plugins/hoster/FemdomtbCom.class
   jd/plugins/hoster/FenixfileCom.class.removed
   jd/plugins/hoster/FexNet.class
   jd/plugins/hoster/FfDownloaderCom.class
   jd/plugins/hoster/FflaresCom.class.removed
   jd/plugins/hoster/FichierZipCom.class
   jd/plugins/hoster/File2HostCom.class
   jd/plugins/hoster/File4GoCom.class
   jd/plugins/hoster/File4Net.class
   jd/plugins/hoster/File4SafeCom.class
   jd/plugins/hoster/FileAl.class
   jd/plugins/hoster/FileBigNet.class
   jd/plugins/hoster/FileBitPl.class
   jd/plugins/hoster/FileBoomMe.class
   jd/plugins/hoster/FileFactory.class
   jd/plugins/hoster/FileFlyerCom.class
   jd/plugins/hoster/FileHippoCom.class
   jd/plugins/hoster/FileHorseCom.class
   jd/plugins/hoster/FileHorstDe.class
   jd/plugins/hoster/FileImCom.class
   jd/plugins/hoster/FileJokerNet.class
   jd/plugins/hoster/FileKareliaRu.class
   jd/plugins/hoster/FilePupNet.class
   jd/plugins/hoster/FileRioCom.class
   jd/plugins/hoster/FileShareTop$1.class
   jd/plugins/hoster/FileShareTop.class
   jd/plugins/hoster/FileSharkPl$1.class
   jd/plugins/hoster/FileSharkPl$2.class
   jd/plugins/hoster/FileSharkPl.class
   jd/plugins/hoster/FileSpaceOrg.class
   jd/plugins/hoster/FileStoreComUa.class
   jd/plugins/hoster/FileToLinkCom.class
   jd/plugins/hoster/FileToNetCom.class
   jd/plugins/hoster/FileTripNet.class
   jd/plugins/hoster/FileUploadDotnet.class
   jd/plugins/hoster/FilebinNet.class
   jd/plugins/hoster/FilebonusCom.class.removed
   jd/plugins/hoster/FilebonusNet.class
   jd/plugins/hoster/FilecadCom.class
   jd/plugins/hoster/FilecatNet.class
   jd/plugins/hoster/FilecloudIo$EzFileChAccountFactory$1.class.removed
   jd/plugins/hoster/FilecloudIo$EzFileChAccountFactory.class.removed
   jd/plugins/hoster/FilecloudIo.class.removed
   jd/plugins/hoster/FileconvoyCom.class
   jd/plugins/hoster/FilecyberCom.class.removed
   jd/plugins/hoster/FileddCom.class
   jd/plugins/hoster/FiledotXyz.class
   jd/plugins/hoster/FiledropperCom.class
   jd/plugins/hoster/FilefoxCc.class
   jd/plugins/hoster/FilehostNet.class.removed
   jd/plugins/hoster/FilehostRo.class
   jd/plugins/hoster/FilemailCom.class
   jd/plugins/hoster/FilemassNet.class
   jd/plugins/hoster/FilenextCom.class
   jd/plugins/hoster/FilerNet.class
   jd/plugins/hoster/FilesDlanDpUa.class
   jd/plugins/hoster/FilesFm.class
   jd/plugins/hoster/FilesHdNet.class
   jd/plugins/hoster/FilesMailRu.class
   jd/plugins/hoster/FilesMonsterCom.class
   jd/plugins/hoster/FilesPw.class
   jd/plugins/hoster/FilesUploadOrg.class
   jd/plugins/hoster/FilesUploaditHost.class
   jd/plugins/hoster/FilescdnCom.class.removed
   jd/plugins/hoster/FileshareRo.class
   jd/plugins/hoster/FileskachatCom.class
   jd/plugins/hoster/FilesloopCom.class
   jd/plugins/hoster/FilespaceCom.class
   jd/plugins/hoster/FilestoreTo.class
   jd/plugins/hoster/FiletitleCom.class
   jd/plugins/hoster/FiletransferIo.class
   jd/plugins/hoster/FileudCom.class.removed
   jd/plugins/hoster/FileupCc.class
   jd/plugins/hoster/FileupOrg.class
   jd/plugins/hoster/FileupSt9Net.class
   jd/plugins/hoster/FileuploadPw.class
   jd/plugins/hoster/FileupupCom.class
   jd/plugins/hoster/FilevastCom.class
   jd/plugins/hoster/FilezogCom.class
   jd/plugins/hoster/FilmBildDe.class
   jd/plugins/hoster/FireGetCom.class
   jd/plugins/hoster/FiredropCom.class
   jd/plugins/hoster/FirefilesOrg.class
   jd/plugins/hoster/FiveEuroUseNetCom.class
   jd/plugins/hoster/FiveSingCom.class
   jd/plugins/hoster/FiveaznNet.class.removed
   jd/plugins/hoster/FivehundretPxCom.class
   jd/plugins/hoster/FlashbitCc.class
   jd/plugins/hoster/FlashxTv$1.class.removed
   jd/plugins/hoster/FlashxTv.class
   jd/plugins/hoster/FlexyDriveCom.class.removed
   jd/plugins/hoster/FlickrCom.class
   jd/plugins/hoster/FlimmitCom.class
   jd/plugins/hoster/FlogPl.class
   jd/plugins/hoster/FlorenfileCom.class
   jd/plugins/hoster/FluidPlayer.class
   jd/plugins/hoster/FlyFilesNet.class
   jd/plugins/hoster/FlyflvCom.class
   jd/plugins/hoster/FocusDe.class
   jd/plugins/hoster/FondsfinanzDe.class
   jd/plugins/hoster/ForumXDADevelopersCom.class
   jd/plugins/hoster/ForumfilesCom.class
   jd/plugins/hoster/FotkiYandexRu.class
   jd/plugins/hoster/FourDownFilesCom.class.removed
   jd/plugins/hoster/FourDownFilesOrg.class
   jd/plugins/hoster/FourPlayersDe.class
   jd/plugins/hoster/FourShareVn.class
   jd/plugins/hoster/FourSharedCom$1.class.removed
   jd/plugins/hoster/FourSharedCom.class
   jd/plugins/hoster/FourSyncCom.class
   jd/plugins/hoster/FourTubeCom.class.removed
   jd/plugins/hoster/FourfileNet.class
   jd/plugins/hoster/FoxLeechCom.class
   jd/plugins/hoster/FrancetelevisionsCom.class
   jd/plugins/hoster/Freaksharenet.class
   jd/plugins/hoster/FreaktabOrg.class
   jd/plugins/hoster/Free18Net.class
   jd/plugins/hoster/FreeBeatDe.class
   jd/plugins/hoster/FreeDiscPl.class
   jd/plugins/hoster/FreeFuckVidzCom.class
   jd/plugins/hoster/FreeSexVideoNet.class.removed
   jd/plugins/hoster/FreeViewMoviesCom.class
   jd/plugins/hoster/FreefileMe.class
   jd/plugins/hoster/FreeshemaletubeCom.class
   jd/plugins/hoster/FreetpOrg.class
   jd/plugins/hoster/FreshfilePl.class
   jd/plugins/hoster/FrprnCom.class
   jd/plugins/hoster/FruithostsNet.class.removed
   jd/plugins/hoster/FstoreBiz.class
   jd/plugins/hoster/Ftp$1.class
   jd/plugins/hoster/Ftp$2.class
   jd/plugins/hoster/Ftp.class
   jd/plugins/hoster/FunimationCom.class
   jd/plugins/hoster/FunkNet.class
   jd/plugins/hoster/FuqerCom.class
   jd/plugins/hoster/FurkNet.class
   jd/plugins/hoster/FuxCom.class
   jd/plugins/hoster/FxpanCom.class
   jd/plugins/hoster/GamMapCm.class
   jd/plugins/hoster/GameFrontCom.class
   jd/plugins/hoster/GamerNl.class
   jd/plugins/hoster/GamesReveurDe.class
   jd/plugins/hoster/GaskrankTv.class
   jd/plugins/hoster/GayTubeCom.class
   jd/plugins/hoster/GeTt.class
   jd/plugins/hoster/GelbooruCom.class
   jd/plugins/hoster/GenericF4M.class
   jd/plugins/hoster/GenericImgShot.class
   jd/plugins/hoster/GenericM3u8.class
   jd/plugins/hoster/GenericUseNet$1.class
   jd/plugins/hoster/GenericUseNet$2$1.class
   jd/plugins/hoster/GenericUseNet$2.class
   jd/plugins/hoster/GenericUseNet.class
   jd/plugins/hoster/GeraGeraComBr.class
   jd/plugins/hoster/GetfilelicCf.class
   jd/plugins/hoster/GfileRo.class
   jd/plugins/hoster/GfxfileCom.class
   jd/plugins/hoster/GfyCatCom.class
   jd/plugins/hoster/GigaBaseCom.class
   jd/plugins/hoster/GigaPetaCom.class
   jd/plugins/hoster/GigabazaRu.class
   jd/plugins/hoster/GiganewsCom.class
   jd/plugins/hoster/GirlShareRo.class
   jd/plugins/hoster/GirlfriendvideosCom.class
   jd/plugins/hoster/GitHubCom.class
   jd/plugins/hoster/GivemegayCom.class
   jd/plugins/hoster/GlobalFilesNet.class
   jd/plugins/hoster/GloriaTv.class
   jd/plugins/hoster/GoKuaiCom.class
   jd/plugins/hoster/GofileIo.class
   jd/plugins/hoster/GogoAnimeCom.class
   jd/plugins/hoster/GoloadyCom.class
   jd/plugins/hoster/GoogleBooks.class
   jd/plugins/hoster/GoogleDrive.class
   jd/plugins/hoster/GoogleGroups.class
   jd/plugins/hoster/GooglePhotos.class
   jd/plugins/hoster/GooglePremium.class
   jd/plugins/hoster/GorillaVidIn$1.class.removed
   jd/plugins/hoster/GorillaVidIn$2.class.removed
   jd/plugins/hoster/GorillaVidIn.class.removed
   jd/plugins/hoster/GotgaypornCom.class
   jd/plugins/hoster/GottanutCom.class
   jd/plugins/hoster/GounlimitedTo.class
   jd/plugins/hoster/Grab8Com$1.class
   jd/plugins/hoster/Grab8Com.class
   jd/plugins/hoster/GrabItShareCom.class
   jd/plugins/hoster/GrooveSharingCom.class
   jd/plugins/hoster/GulfupCo.class
   jd/plugins/hoster/GupfilesCom.class
   jd/plugins/hoster/HallanBest.class
   jd/plugins/hoster/HamicloudNet.class
   jd/plugins/hoster/HandelsblattCom.class
   jd/plugins/hoster/Hard55Com.class
   jd/plugins/hoster/HardSexTubeCom.class
   jd/plugins/hoster/HastaTeamComHoster.class
   jd/plugins/hoster/HawkturboCom.class
   jd/plugins/hoster/HdPussyXxx.class
   jd/plugins/hoster/HddTomskRu.class
   jd/plugins/hoster/HdvidTv.class
   jd/plugins/hoster/HearthisAt.class
   jd/plugins/hoster/HeavyRCom.class
   jd/plugins/hoster/HeiseDeVideo.class
   jd/plugins/hoster/HellShareCom.class
   jd/plugins/hoster/HellSpyCz.class
   jd/plugins/hoster/HellUploadCom.class
   jd/plugins/hoster/HentaiAnimestigmaCom.class
   jd/plugins/hoster/HentaiDudeCom.class
   jd/plugins/hoster/HentaiFoundryCom.class
   jd/plugins/hoster/HerouploadUs.class
   jd/plugins/hoster/HexuploadNet.class
   jd/plugins/hoster/HighWayMe$1.class
   jd/plugins/hoster/HighWayMe.class
   jd/plugins/hoster/HighpornNet.class
   jd/plugins/hoster/HightailCom.class
   jd/plugins/hoster/HitFileNet$1.class.removed
   jd/plugins/hoster/HitFileNet.class
   jd/plugins/hoster/HitNewsCom.class
   jd/plugins/hoster/HomerjDe.class
   jd/plugins/hoster/HoodAmateursCom.class
   jd/plugins/hoster/HornOxeCom.class
   jd/plugins/hoster/HostHackerboxOrg.class.removed
   jd/plugins/hoster/HostUjeNet.class
   jd/plugins/hoster/HostingrillCo.class
   jd/plugins/hoster/HotGooCom.class
   jd/plugins/hoster/HotlinkCc.class
   jd/plugins/hoster/HotstarCom.class
   jd/plugins/hoster/HowFileCom.class.removed
   jd/plugins/hoster/HqMirrorDe.class
   jd/plugins/hoster/HqcollectMe.class
   jd/plugins/hoster/HqqTv$1.class
   jd/plugins/hoster/HqqTv.class
   jd/plugins/hoster/HqwoCc.class
   jd/plugins/hoster/HuabanCom.class
   jd/plugins/hoster/HubicCom.class
   jd/plugins/hoster/HugesharingNet.class
   jd/plugins/hoster/HulkLoadCom$1.class.removed
   jd/plugins/hoster/HulkLoadCom$2.class.removed
   jd/plugins/hoster/HulkLoadCom.class
   jd/plugins/hoster/HulkShareCom.class
   jd/plugins/hoster/HuluCom.class
   jd/plugins/hoster/HundredTwentySixDiskCom.class
   jd/plugins/hoster/HyperFileShareCom.class
   jd/plugins/hoster/ILoadUsenet.class
   jd/plugins/hoster/IShareUploadCom.class
   jd/plugins/hoster/IcerBoxCom.class
   jd/plugins/hoster/IcloudCom.class
   jd/plugins/hoster/IdownloadClub.class
   jd/plugins/hoster/IdtboxCom.class
   jd/plugins/hoster/ImDbCom.class
   jd/plugins/hoster/ImageFap$1.class
   jd/plugins/hoster/ImageFap$2.class
   jd/plugins/hoster/ImageFap.class
   jd/plugins/hoster/ImageNetzDe.class
   jd/plugins/hoster/ImageVenueCom.class
   jd/plugins/hoster/ImagesHackCom.class
   jd/plugins/hoster/ImagetwistCom.class
   jd/plugins/hoster/ImagezillaNet.class
   jd/plugins/hoster/ImgBabesCom.class
   jd/plugins/hoster/ImgDinoCom.class
   jd/plugins/hoster/ImgFrog.class
   jd/plugins/hoster/ImgSpiceCom.class
   jd/plugins/hoster/ImgSrcRu.class
   jd/plugins/hoster/ImgTigerCom.class
   jd/plugins/hoster/ImgUrCom$1.class
   jd/plugins/hoster/ImgUrCom$2.class
   jd/plugins/hoster/ImgUrCom$3.class
   jd/plugins/hoster/ImgUrCom$TYPE.class
   jd/plugins/hoster/ImgUrCom.class
   jd/plugins/hoster/ImgantCom.class
   jd/plugins/hoster/ImgbaronCom.class
   jd/plugins/hoster/ImgclickNet.class
   jd/plugins/hoster/ImgflareCom.class
   jd/plugins/hoster/ImgmazeCom.class
   jd/plugins/hoster/ImgtrexCom.class
   jd/plugins/hoster/ImgvipNet.class
   jd/plugins/hoster/ImgwalletCom.class.removed
   jd/plugins/hoster/ImxTo.class
   jd/plugins/hoster/InCloudDriveCom.class
   jd/plugins/hoster/InboxLv.class
   jd/plugins/hoster/IndiShareMe.class
   jd/plugins/hoster/IndianPornVideosCom.class
   jd/plugins/hoster/IndosharesCom.class.removed
   jd/plugins/hoster/Indowebster.class
   jd/plugins/hoster/InmyblackCom.class
   jd/plugins/hoster/InstaGramCom.class
   jd/plugins/hoster/IntouploadNet.class
   jd/plugins/hoster/InvitationfileCom.class.removed
   jd/plugins/hoster/IoUa.class
   jd/plugins/hoster/IosddlNet.class
   jd/plugins/hoster/Iplus4UCom.class
   jd/plugins/hoster/IranUploadCom.class.removed
   jd/plugins/hoster/IronfilesNet.class
   jd/plugins/hoster/IshareIaskSinaComCn.class
   jd/plugins/hoster/IsraCloud.class
   jd/plugins/hoster/IssuuCom.class
   jd/plugins/hoster/ItEbooksDirectory.class
   jd/plugins/hoster/IvooxCom.class
   jd/plugins/hoster/IwaraTv.class
   jd/plugins/hoster/IzleSeneCom.class
   jd/plugins/hoster/JamendoCom.class
   jd/plugins/hoster/JavhdCom.class
   jd/plugins/hoster/JavusbCom.class
   jd/plugins/hoster/JavynowCom.class
   jd/plugins/hoster/JdLog$1.class
   jd/plugins/hoster/JdLog$2.class
   jd/plugins/hoster/JdLog$3.class
   jd/plugins/hoster/JdLog.class
   jd/plugins/hoster/JetDebridCom.class.removed
   jd/plugins/hoster/JetloadNet.class
   jd/plugins/hoster/JhebergNet.class
   jd/plugins/hoster/JianguoyunCom.class
   jd/plugins/hoster/JizzbunkerCom.class
   jd/plugins/hoster/JkanimeNet.class
   jd/plugins/hoster/JkrishnamurtiOrg.class
   jd/plugins/hoster/JulesjordanCom.class
   jd/plugins/hoster/JumpshareCom.class
   jd/plugins/hoster/JustpornoTv.class
   jd/plugins/hoster/K2SApi$1.class
   jd/plugins/hoster/K2SApi$2.class
   jd/plugins/hoster/K2SApi$CAPTCHA.class
   jd/plugins/hoster/K2SApi.class
   jd/plugins/hoster/KTo.class
   jd/plugins/hoster/KatfileCom.class
   jd/plugins/hoster/KathtvOrg.class
   jd/plugins/hoster/KaztubeKz.class
   jd/plugins/hoster/KeeloadCom.class
   jd/plugins/hoster/Keep2ShareCc$1.class
   jd/plugins/hoster/Keep2ShareCc.class
   jd/plugins/hoster/KeepresourceCom.class
   jd/plugins/hoster/KeezMoviesCom$1.class
   jd/plugins/hoster/KeezMoviesCom$BouncyCastleAESCounterModeDecrypt.class
   jd/plugins/hoster/KeezMoviesCom.class
   jd/plugins/hoster/KenfilesCom.class
   jd/plugins/hoster/KernelVideoSharingCom.class
   jd/plugins/hoster/KillerleaksCom.class
   jd/plugins/hoster/KingdebridCom.class.removed
   jd/plugins/hoster/KingfilePl.class
   jd/plugins/hoster/KinkCom.class
   jd/plugins/hoster/KinopoiskRu.class
   jd/plugins/hoster/KirmiziturkOrg.class
   jd/plugins/hoster/KissAnimeTo.class
   jd/plugins/hoster/Kiwi6Com.class
   jd/plugins/hoster/KooFileCom$1.class
   jd/plugins/hoster/KooFileCom$2.class.removed
   jd/plugins/hoster/KooFileCom.class
   jd/plugins/hoster/KrakenfilesCom.class
   jd/plugins/hoster/KuaixiazaiCom.class
   jd/plugins/hoster/KumpulbagiId.class.removed
   jd/plugins/hoster/KvidOrg.class
   jd/plugins/hoster/LZString.class
   jd/plugins/hoster/LaFileCom.class.removed
   jd/plugins/hoster/LaicarCom.class
   jd/plugins/hoster/LarasLevelBaseOrg.class
   jd/plugins/hoster/Leech360Com.class
   jd/plugins/hoster/LemonStreamMe.class
   jd/plugins/hoster/LenfileCom$1.class.removed
   jd/plugins/hoster/LenfileCom$2.class.removed
   jd/plugins/hoster/LenfileCom$3.class.removed
   jd/plugins/hoster/LenfileCom$4.class.removed
   jd/plugins/hoster/LenfileCom$enjStorable.class.removed
   jd/plugins/hoster/LenfileCom.class.removed
   jd/plugins/hoster/LetsuploadCc.class
   jd/plugins/hoster/LetsuploadCo.class
   jd/plugins/hoster/LibGenInfo.class
   jd/plugins/hoster/LilFileCom.class
   jd/plugins/hoster/LinestorageOrg.class.removed
   jd/plugins/hoster/LinkCrawlerRetry$1$1.class
   jd/plugins/hoster/LinkCrawlerRetry$1.class
   jd/plugins/hoster/LinkCrawlerRetry$2$1.class
   jd/plugins/hoster/LinkCrawlerRetry$2.class
   jd/plugins/hoster/LinkCrawlerRetry.class
   jd/plugins/hoster/LinkSnappyCom$1.class
   jd/plugins/hoster/LinkSnappyCom$LinkSnappyComConfig$TRANSLATION.class
   jd/plugins/hoster/LinkSnappyCom$LinkSnappyComConfig.class
   jd/plugins/hoster/LinkSnappyCom.class
   jd/plugins/hoster/LinkifierCom.class
   jd/plugins/hoster/LinkspremiumDownload.class
   jd/plugins/hoster/LinksvipNet.class
   jd/plugins/hoster/LinkzGe.class
   jd/plugins/hoster/LinxLi.class
   jd/plugins/hoster/LittlebyteNet.class
   jd/plugins/hoster/LiveDriveCom.class
   jd/plugins/hoster/LiveLeakCom.class
   jd/plugins/hoster/LiveMixTapesCom.class
   jd/plugins/hoster/LiveStreamCom.class
   jd/plugins/hoster/LivenewsComCy.class
   jd/plugins/hoster/LoadTo.class
   jd/plugins/hoster/LocalHostrCom.class
   jd/plugins/hoster/LololyricsCom.class
   jd/plugins/hoster/LongFilesCom.class
   jd/plugins/hoster/LuckfileCom.class
   jd/plugins/hoster/LunaticFilesCom.class
   jd/plugins/hoster/LusciousNet.class
   jd/plugins/hoster/Luv2skeetCom.class
   jd/plugins/hoster/LyndaCom.class
   jd/plugins/hoster/MadThumbsCom.class
   jd/plugins/hoster/MaisUolComBr.class
   jd/plugins/hoster/MakinaManiaCom.class
   jd/plugins/hoster/MamasijayaMe.class
   jd/plugins/hoster/MammutMailCom.class
   jd/plugins/hoster/ManHubCom.class
   jd/plugins/hoster/Mangafox.class
   jd/plugins/hoster/MangakoiCom.class
   jd/plugins/hoster/Mangastream.class.removed
   jd/plugins/hoster/MassengeschmackTv.class
   jd/plugins/hoster/MathworksCom.class
   jd/plugins/hoster/MaximumUsenetCom.class
   jd/plugins/hoster/MediaOneFileCom$1.class
   jd/plugins/hoster/MediaOneFileCom$2.class.removed
   jd/plugins/hoster/MediaOneFileCom.class
   jd/plugins/hoster/MediafireCom$1.class
   jd/plugins/hoster/MediafireCom$PasswordSolver.class
   jd/plugins/hoster/MediafireCom.class
   jd/plugins/hoster/MegaConz$1.class
   jd/plugins/hoster/MegaConz$2.class
   jd/plugins/hoster/MegaConz$MegaDownloadLinkDownloadable.class
   jd/plugins/hoster/MegaConz$MegaHashCheck$1.class
   jd/plugins/hoster/MegaConz$MegaHashCheck.class
   jd/plugins/hoster/MegaConz.class
   jd/plugins/hoster/MegaCrypterCom$1.class
   jd/plugins/hoster/MegaCrypterCom$2.class
   jd/plugins/hoster/MegaCrypterCom$MegaCrypterComApiErrorCodes.class
   jd/plugins/hoster/MegaCrypterCom.class
   jd/plugins/hoster/MegaDebridEu.class
   jd/plugins/hoster/MegaDpUa.class
   jd/plugins/hoster/MegaOtrDe.class
   jd/plugins/hoster/MegabooruCom.class
   jd/plugins/hoster/MegafilePL.class
   jd/plugins/hoster/MegaloadCo.class
   jd/plugins/hoster/MegarapidoNet.class
   jd/plugins/hoster/MegatvCom.class
   jd/plugins/hoster/MegaupNet.class
   jd/plugins/hoster/MegauploadIs.class
   jd/plugins/hoster/MegauploadNz.class.removed
   jd/plugins/hoster/MegawrzutaPl.class
   jd/plugins/hoster/MeoCloudPt.class
   jd/plugins/hoster/MetArtCom.class
   jd/plugins/hoster/MetacafeCom.class
   jd/plugins/hoster/MexashareCom.class
   jd/plugins/hoster/Mfhd.class
   jd/plugins/hoster/MicloudfilesCom.class
   jd/plugins/hoster/MicrosoftCom.class
   jd/plugins/hoster/MilfzrCom.class
   jd/plugins/hoster/MinfilCom.class
   jd/plugins/hoster/MixCloudCom.class
   jd/plugins/hoster/MixSharedCom.class
   jd/plugins/hoster/MixUploadOrg.class
   jd/plugins/hoster/MixdropCo$1.class
   jd/plugins/hoster/MixdropCo.class
   jd/plugins/hoster/MixloadsCom.class
   jd/plugins/hoster/MixstepCo.class.removed
   jd/plugins/hoster/MkxkCom.class
   jd/plugins/hoster/MobilismOrg.class
   jd/plugins/hoster/ModDbCom.class
   jd/plugins/hoster/ModTheSimsInfo.class
   jd/plugins/hoster/ModsbaseCom.class
   jd/plugins/hoster/MofoSexCom.class
   jd/plugins/hoster/MofosCom.class
   jd/plugins/hoster/MojeVideoSk.class
   jd/plugins/hoster/MonkifilesCom.class
   jd/plugins/hoster/MotherLessCom.class
   jd/plugins/hoster/MountFileNet.class
   jd/plugins/hoster/MovPodIn.class.removed
   jd/plugins/hoster/MovieFapCom.class
   jd/plugins/hoster/MovikiRu.class
   jd/plugins/hoster/Mp3ZingVn.class
   jd/plugins/hoster/Mp3fastSu.class
   jd/plugins/hoster/Mp3redCo.class
   jd/plugins/hoster/Mp4UploadCom.class
   jd/plugins/hoster/MultCloudCom.class
   jd/plugins/hoster/MultiShareCz.class
   jd/plugins/hoster/MultiVipNet$MultiVipNetAccountFactory$1.class
   jd/plugins/hoster/MultiVipNet$MultiVipNetAccountFactory.class
   jd/plugins/hoster/MultiVipNet.class
   jd/plugins/hoster/Multihoster8Com.class
   jd/plugins/hoster/MultiupOrg.class
   jd/plugins/hoster/Music163Com$1.class
   jd/plugins/hoster/Music163Com$2.class
   jd/plugins/hoster/Music163Com.class
   jd/plugins/hoster/MvpdjCom.class
   jd/plugins/hoster/MyFilesRu.class
   jd/plugins/hoster/MyMailRu.class
   jd/plugins/hoster/MySpassDe.class
   jd/plugins/hoster/MyStoreTo.class
   jd/plugins/hoster/MyStreamLa.class.removed
   jd/plugins/hoster/MyStreamTo.class
   jd/plugins/hoster/MydaddyCc.class
   jd/plugins/hoster/MydirtyhobbyCom.class
   jd/plugins/hoster/MyfileIs.class
   jd/plugins/hoster/MyfilesOnl.class
   jd/plugins/hoster/MyqloudOrg.class
   jd/plugins/hoster/MystereTvCom.class
   jd/plugins/hoster/MyviRu.class
   jd/plugins/hoster/MyzukaRu.class
   jd/plugins/hoster/NFormationNet.class
   jd/plugins/hoster/NZBLordCom.class
   jd/plugins/hoster/NarodRu.class
   jd/plugins/hoster/NaszaKlasa.class
   jd/plugins/hoster/NaughtyamericaCom.class
   jd/plugins/hoster/NaughtymachinimaCom.class
   jd/plugins/hoster/NbcCom.class
   jd/plugins/hoster/NelionMe.class
   jd/plugins/hoster/NeodebridCom.class
   jd/plugins/hoster/NetdiskSk.class
   jd/plugins/hoster/NetshareCz.class
   jd/plugins/hoster/NewgroundsCom.class
   jd/plugins/hoster/NewsAstraWebCom.class
   jd/plugins/hoster/NewsDemonCom.class
   jd/plugins/hoster/NewsGroupDirectCom.class
   jd/plugins/hoster/NewsHostingCom.class
   jd/plugins/hoster/NewsTweaknewsEu.class
   jd/plugins/hoster/NexusmodsCom$NexusmodsAccountFactory$1.class
   jd/plugins/hoster/NexusmodsCom$NexusmodsAccountFactory.class
   jd/plugins/hoster/NexusmodsCom$NexusmodsConfigInterface$TRANSLATION.class
   jd/plugins/hoster/NexusmodsCom$NexusmodsConfigInterface.class
   jd/plugins/hoster/NexusmodsCom.class
   jd/plugins/hoster/NhacCuaTuiCom.class
   jd/plugins/hoster/NicoVideoJp.class
   jd/plugins/hoster/NinegagCom.class
   jd/plugins/hoster/NippyShareCom.class
   jd/plugins/hoster/NippySpaceCom.class
   jd/plugins/hoster/NitroBitNet.class
   jd/plugins/hoster/NitroFlareCom$1.class.removed
   jd/plugins/hoster/NitroFlareCom.class
   jd/plugins/hoster/NoPremiumPl.class
   jd/plugins/hoster/NocoTv.class.removed
   jd/plugins/hoster/NodefilesCom.class.removed
   jd/plugins/hoster/NofileIo.class
   jd/plugins/hoster/NoiseTradeCom$1.class
   jd/plugins/hoster/NoiseTradeCom$2.class
   jd/plugins/hoster/NoiseTradeCom.class
   jd/plugins/hoster/NonktubeCom.class
   jd/plugins/hoster/NopyTo.class
   jd/plugins/hoster/NosNl.class
   jd/plugins/hoster/NosVideoCom.class
   jd/plugins/hoster/NovaFileCom.class
   jd/plugins/hoster/NowvideoPw.class.removed
   jd/plugins/hoster/NsanedownCom.class
   jd/plugins/hoster/NtvDe.class
   jd/plugins/hoster/NubilefilmsCom.class
   jd/plugins/hoster/NudezCom.class
   jd/plugins/hoster/NudogramCom.class
   jd/plugins/hoster/NurKz.class
   jd/plugins/hoster/OBoomCom$1.class.removed
   jd/plugins/hoster/OBoomCom.class
   jd/plugins/hoster/ORFMediathek$1.class
   jd/plugins/hoster/ORFMediathek.class
   jd/plugins/hoster/ObligaoCom.class
   jd/plugins/hoster/OdriveCom.class
   jd/plugins/hoster/OffCloudCom$OffCloudComPluginConfigInterface$Translation.class
   jd/plugins/hoster/OffCloudCom$OffCloudComPluginConfigInterface.class
   jd/plugins/hoster/OffCloudCom.class
   jd/plugins/hoster/Offline.class
   jd/plugins/hoster/OkRu.class
   jd/plugins/hoster/OkpussyCom.class
   jd/plugins/hoster/OldGamesCom.class
   jd/plugins/hoster/OmertaIs.class.removed
   jd/plugins/hoster/OneCloudTwoNet.class.removed
   jd/plugins/hoster/OneDriveLiveCom.class
   jd/plugins/hoster/OneFichierCom$OneFichierConfigInterface$OneFichierConfigInterfaceTranslation.class.removed
   jd/plugins/hoster/OneFichierCom$OneFichierConfigInterface.class.removed
   jd/plugins/hoster/OneFichierCom$OnefichierAccountFactory$1.class
   jd/plugins/hoster/OneFichierCom$OnefichierAccountFactory.class
   jd/plugins/hoster/OneFichierCom.class
   jd/plugins/hoster/OneFilesharingCom.class
   jd/plugins/hoster/OneHundredNineteenGCom.class
   jd/plugins/hoster/OneMbUpCom.class
   jd/plugins/hoster/OneTwoThreeVideoNl.class
   jd/plugins/hoster/OnecloudMedia.class
   jd/plugins/hoster/OnehundredThirtyNineFileCom.class
   jd/plugins/hoster/OneloadCo.class
   jd/plugins/hoster/OnfCa.class
   jd/plugins/hoster/OnlineTvRecorderCom.class
   jd/plugins/hoster/OnlystreamTv.class
   jd/plugins/hoster/OpenDriveCom$MODE.class
   jd/plugins/hoster/OpenDriveCom.class
   jd/plugins/hoster/OpenLoadIo$OpenLoadIoAccountFactory$1.class.removed
   jd/plugins/hoster/OpenLoadIo$OpenLoadIoAccountFactory$2.class.removed
   jd/plugins/hoster/OpenLoadIo$OpenLoadIoAccountFactory.class.removed
   jd/plugins/hoster/OpenLoadIo.class.removed
   jd/plugins/hoster/OpenSubtitlesOrg.class
   jd/plugins/hoster/OpenloadCc.class
   jd/plugins/hoster/OracleCom.class
   jd/plugins/hoster/OrangeFilesMe.class
   jd/plugins/hoster/OrgasmCom.class
   jd/plugins/hoster/OrtoFilesCom$1.class
   jd/plugins/hoster/OrtoFilesCom$2.class.removed
   jd/plugins/hoster/OrtoFilesCom.class
   jd/plugins/hoster/OsUpCom.class
   jd/plugins/hoster/OshoWorldCom.class
   jd/plugins/hoster/OsuYasOnlineNet.class
   jd/plugins/hoster/OtrDatenkellerNet.class
   jd/plugins/hoster/OtrFilesDe.class
   jd/plugins/hoster/OverThumbsCom.class
   jd/plugins/hoster/OwndrivesCom.class
   jd/plugins/hoster/OxyCloud.class
   jd/plugins/hoster/OxycloudCom.class
   jd/plugins/hoster/OzeeCom.class
   jd/plugins/hoster/OzoFilesCom.class
   jd/plugins/hoster/PCloudCom.class
   jd/plugins/hoster/PalcomixCom.class
   jd/plugins/hoster/Pan789xzCom.class.removed
   jd/plugins/hoster/PanBaiduCom.class
   jd/plugins/hoster/PanBaiduwpCom.class
   jd/plugins/hoster/PandoraTV.class
   jd/plugins/hoster/ParelliSavvyClubCom.class
   jd/plugins/hoster/ParteeeyDe.class
   jd/plugins/hoster/PbsOrg.class
   jd/plugins/hoster/PcWeltDe.class
   jd/plugins/hoster/PeekVidsCom.class
   jd/plugins/hoster/PeredaykaCom.class
   jd/plugins/hoster/PerfectGirlsNet.class
   jd/plugins/hoster/PervcityCom.class
   jd/plugins/hoster/PhoenixDe.class
   jd/plugins/hoster/PhotoShareRu.class
   jd/plugins/hoster/PhotobucketCom.class
   jd/plugins/hoster/PicbaronCom.class
   jd/plugins/hoster/PicflashOrg.class
   jd/plugins/hoster/PichostBiz.class
   jd/plugins/hoster/PicstateCom.class
   jd/plugins/hoster/PicstreamTv.class
   jd/plugins/hoster/PimpRollHostedTube.class
   jd/plugins/hoster/PimpandhostCom.class
   jd/plugins/hoster/PinterestCom.class
   jd/plugins/hoster/PixRouteCom.class
   jd/plugins/hoster/PixaBayCom.class
   jd/plugins/hoster/PixhostTo.class
   jd/plugins/hoster/PixhstCom.class
   jd/plugins/hoster/PixivNet.class
   jd/plugins/hoster/PlayFm.class
   jd/plugins/hoster/PlayFourtyFourNet.class
   jd/plugins/hoster/PlayVidCom.class
   jd/plugins/hoster/PlayerBfiOrgUk.class
   jd/plugins/hoster/PlayerHdArabCom.class
   jd/plugins/hoster/PlikusPl.class
   jd/plugins/hoster/PluralsightCom$QUALITY.class
   jd/plugins/hoster/PluralsightCom.class
   jd/plugins/hoster/PobierzBiz$1.class
   jd/plugins/hoster/PobierzBiz$2.class
   jd/plugins/hoster/PobierzBiz.class
   jd/plugins/hoster/PobierzTo.class
   jd/plugins/hoster/PoopeegirlsCom.class
   jd/plugins/hoster/PornCom.class
   jd/plugins/hoster/PornHostCom.class
   jd/plugins/hoster/PornHubCom$1.class
   jd/plugins/hoster/PornHubCom$BouncyCastleAESCounterModeDecrypt.class
   jd/plugins/hoster/PornHubCom.class
   jd/plugins/hoster/PornRabbitCom.class
   jd/plugins/hoster/PornSharingCom.class
   jd/plugins/hoster/PornStarNetworkCom.class
   jd/plugins/hoster/PornTubeClubCom.class
   jd/plugins/hoster/PornTubeCom.class.removed
   jd/plugins/hoster/PornalizedCom.class
   jd/plugins/hoster/PorndigCom.class
   jd/plugins/hoster/PorndoeCom.class
   jd/plugins/hoster/PornerBrosCom.class.removed
   jd/plugins/hoster/PornfunCom.class
   jd/plugins/hoster/PornhdCom.class
   jd/plugins/hoster/PornktubeCom.class
   jd/plugins/hoster/PornologoCom.class
   jd/plugins/hoster/PornomoviesCom.class
   jd/plugins/hoster/PornroxCom.class
   jd/plugins/hoster/PornsexwankCom.class
   jd/plugins/hoster/PorntrexCom.class
   jd/plugins/hoster/PornveCom.class
   jd/plugins/hoster/PostimagesOrg.class
   jd/plugins/hoster/PowVideoNet$1.class
   jd/plugins/hoster/PowVideoNet$2.class.removed
   jd/plugins/hoster/PowVideoNet.class
   jd/plugins/hoster/PreFilesCom$1.class.removed
   jd/plugins/hoster/PreFilesCom.class
   jd/plugins/hoster/PremboxCom.class
   jd/plugins/hoster/PremiumLinkGeneratorCom.class.removed
   jd/plugins/hoster/PremiumNewsDe.class
   jd/plugins/hoster/PremiumTo$1.class
   jd/plugins/hoster/PremiumTo$2.class
   jd/plugins/hoster/PremiumTo$PremiumDotToConfigInterface$Translation.class
   jd/plugins/hoster/PremiumTo$PremiumDotToConfigInterface.class
   jd/plugins/hoster/PremiumTo$PremiumToConfigInterface.class.removed
   jd/plugins/hoster/PremiumTo.class
   jd/plugins/hoster/PremiumaxNet.class
   jd/plugins/hoster/PremiumizeMe$1.class
   jd/plugins/hoster/PremiumizeMe$PremiumizeAccountFactory$1.class
   jd/plugins/hoster/PremiumizeMe$PremiumizeAccountFactory.class
   jd/plugins/hoster/PremiumizeMe$PremiumizeMeConfigInterface$Translation.class
   jd/plugins/hoster/PremiumizeMe$PremiumizeMeConfigInterface.class
   jd/plugins/hoster/PremiumizeMe.class
   jd/plugins/hoster/PremiumyPl.class.removed
   jd/plugins/hoster/PresstvIr.class
   jd/plugins/hoster/PrimarywaveCom.class
   jd/plugins/hoster/PrimeMusicRu.class
   jd/plugins/hoster/ProLeechLink.class
   jd/plugins/hoster/ProSevenDe.class
   jd/plugins/hoster/ProchanCom.class
   jd/plugins/hoster/ProstreamTo.class
   jd/plugins/hoster/PrzeklejOrg.class
   jd/plugins/hoster/PscpTv.class
   jd/plugins/hoster/PublicUperaCo.class
   jd/plugins/hoster/Publish2Me.class
   jd/plugins/hoster/Puls4Com.class
   jd/plugins/hoster/PureUseNetNL.class
   jd/plugins/hoster/PurevolumeCom.class
   jd/plugins/hoster/PururinUs.class
   jd/plugins/hoster/PussyCom.class
   jd/plugins/hoster/PutIO.class
   jd/plugins/hoster/PutfilesIn.class.removed
   jd/plugins/hoster/PutloadTv.class
   jd/plugins/hoster/QiannaoCom.class
   jd/plugins/hoster/QqCom.class
   jd/plugins/hoster/QtyFilesCom.class
   jd/plugins/hoster/RGhostFun.class
   jd/plugins/hoster/RGhostRu.class
   jd/plugins/hoster/RPNetBiz$1.class
   jd/plugins/hoster/RPNetBiz.class
   jd/plugins/hoster/RTL2De.class
   jd/plugins/hoster/RTLCms.class
   jd/plugins/hoster/RacatyCom.class
   jd/plugins/hoster/RaiTv.class
   jd/plugins/hoster/RapidFileShareNet.class
   jd/plugins/hoster/RapidGatorNet.class
   jd/plugins/hoster/RapideoPl.class
   jd/plugins/hoster/RapidoxPl.class
   jd/plugins/hoster/RapidpaidCom.class.removed
   jd/plugins/hoster/RapidrarCom$1.class
   jd/plugins/hoster/RapidrarCom$2.class
   jd/plugins/hoster/RapidrarCom$3.class
   jd/plugins/hoster/RapidrarCom.class
   jd/plugins/hoster/Rapids24Pl.class
   jd/plugins/hoster/RapidsPl.class
   jd/plugins/hoster/RapidshareNu.class
   jd/plugins/hoster/RapidshareSpace.class
   jd/plugins/hoster/RapidstoneCom.class
   jd/plugins/hoster/RapidtrafficPl$1.class
   jd/plugins/hoster/RapidtrafficPl$2.class
   jd/plugins/hoster/RapidtrafficPl.class
   jd/plugins/hoster/RapidturkCom.class.removed
   jd/plugins/hoster/RapiduNet$1.class
   jd/plugins/hoster/RapiduNet$2.class
   jd/plugins/hoster/RapiduNet.class
   jd/plugins/hoster/RareFileNet.class
   jd/plugins/hoster/RarlinkCom.class
   jd/plugins/hoster/RayFileCom$1.class
   jd/plugins/hoster/RayFileCom.class
   jd/plugins/hoster/RealDebridCom$1.class
   jd/plugins/hoster/RealDebridCom$2.class
   jd/plugins/hoster/RealDebridCom$3.class
   jd/plugins/hoster/RealDebridCom$4.class
   jd/plugins/hoster/RealDebridCom$5.class
   jd/plugins/hoster/RealDebridCom$6.class
   jd/plugins/hoster/RealDebridCom$7.class
   jd/plugins/hoster/RealDebridCom$8.class
   jd/plugins/hoster/RealDebridCom.class
   jd/plugins/hoster/RealGfPornCom.class
   jd/plugins/hoster/RealityKingsCom.class
   jd/plugins/hoster/RecTubeCom.class
   jd/plugins/hoster/RedBunkerNet.class
   jd/plugins/hoster/RedFileEu.class
   jd/plugins/hoster/RedTubeCom.class
   jd/plugins/hoster/RedbullTv$1.class
   jd/plugins/hoster/RedbullTv.class
   jd/plugins/hoster/Redmp3Cc.class
   jd/plugins/hoster/ReggaeWorldCrewNet.class
   jd/plugins/hoster/RehostTo.class
   jd/plugins/hoster/ResearchgateNet.class
   jd/plugins/hoster/RestFileCom.class
   jd/plugins/hoster/RetroSx.class
   jd/plugins/hoster/ReverBnationComHoster$1.class
   jd/plugins/hoster/ReverBnationComHoster$2.class
   jd/plugins/hoster/ReverBnationComHoster.class
   jd/plugins/hoster/RockFileCo.class
   jd/plugins/hoster/RocketshareCom.class
   jd/plugins/hoster/RomHustlerNet.class
   jd/plugins/hoster/RomsZopharNet.class
   jd/plugins/hoster/RomulationNet.class
   jd/plugins/hoster/RtbfBe.class
   jd/plugins/hoster/RtveEs.class
   jd/plugins/hoster/RuTubeRu.class
   jd/plugins/hoster/RufoxRu.class
   jd/plugins/hoster/RuschTvCom.class
   jd/plugins/hoster/RusfolderCom.class
   jd/plugins/hoster/SaikocloudMl.class
   jd/plugins/hoster/SakurafileCom.class
   jd/plugins/hoster/SaleFilesCom.class.removed
   jd/plugins/hoster/SamaupCc.class.removed
   jd/plugins/hoster/SamaupCo.class
   jd/plugins/hoster/SamePageIo.class
   jd/plugins/hoster/SankakucomplexCom.class
   jd/plugins/hoster/SaruchCo.class
   jd/plugins/hoster/SaveTv$1.class.removed
   jd/plugins/hoster/SaveTv$2.class.removed
   jd/plugins/hoster/SaveTv$3.class.removed
   jd/plugins/hoster/SaveTv$4.class.removed
   jd/plugins/hoster/SaveTv.class
   jd/plugins/hoster/SbuploadCom.class
   jd/plugins/hoster/ScribdCom.class
   jd/plugins/hoster/SdilejCz.class
   jd/plugins/hoster/SeedrCc.class
   jd/plugins/hoster/SendFileSu.class
   jd/plugins/hoster/SendMyWayCom.class
   jd/plugins/hoster/SendVidNet.class
   jd/plugins/hoster/SendgbCom.class
   jd/plugins/hoster/SenditCloud.class
   jd/plugins/hoster/SendspaceCom.class
   jd/plugins/hoster/SendvidCom.class
   jd/plugins/hoster/ServePornCom.class
   jd/plugins/hoster/ServusCom.class
   jd/plugins/hoster/SevenTwoDjCom.class
   jd/plugins/hoster/SeventeeSixFengyunCom.class
   jd/plugins/hoster/SexZindianCom.class
   jd/plugins/hoster/SextvxCom.class
   jd/plugins/hoster/SexuCom.class
   jd/plugins/hoster/SexvclCom.class
   jd/plugins/hoster/SexwebvideoCom.class
   jd/plugins/hoster/SexyAndFunnyCom.class
   jd/plugins/hoster/SexyhubCom.class
   jd/plugins/hoster/SfileMobi.class
   jd/plugins/hoster/ShaHidMbcNet.class
   jd/plugins/hoster/Share4WebCom.class
   jd/plugins/hoster/ShareDirCom.class.removed
   jd/plugins/hoster/ShareGadgetCom.class
   jd/plugins/hoster/ShareOnlineBiz$1.class.removed
   jd/plugins/hoster/ShareOnlineBiz.class.removed
   jd/plugins/hoster/ShareVideosSe.class
   jd/plugins/hoster/ShareXXpgComBr.class
   jd/plugins/hoster/SharebitUploadCom.class
   jd/plugins/hoster/SharecashOrg.class
   jd/plugins/hoster/SharelinkLi.class
   jd/plugins/hoster/SharemodsCom.class
   jd/plugins/hoster/ShareonlineIs.class
   jd/plugins/hoster/Shareplacecom.class
   jd/plugins/hoster/SharexSpace.class
   jd/plugins/hoster/ShesFreakyCom.class
   jd/plugins/hoster/ShooshTimeCom.class
   jd/plugins/hoster/ShotsCom.class
   jd/plugins/hoster/ShutterStockCom.class
   jd/plugins/hoster/SigmatvCom.class
   jd/plugins/hoster/SimFileShareNet.class
   jd/plugins/hoster/SimpleTubes1.class
   jd/plugins/hoster/SimplyDebridCom.class
   jd/plugins/hoster/SimplyPremiumCom.class
   jd/plugins/hoster/SkaiGr.class
   jd/plugins/hoster/SlideShareNet.class
   jd/plugins/hoster/SlutLoadCom.class
   jd/plugins/hoster/SmashcastTv.class
   jd/plugins/hoster/SmoozedCom$1.class
   jd/plugins/hoster/SmoozedCom$2.class
   jd/plugins/hoster/SmoozedCom$3.class
   jd/plugins/hoster/SmoozedCom$4.class
   jd/plugins/hoster/SmoozedCom$5.class
   jd/plugins/hoster/SmoozedCom$6.class
   jd/plugins/hoster/SmoozedCom$7.class
   jd/plugins/hoster/SmoozedCom.class
   jd/plugins/hoster/SmotriCom.class
   jd/plugins/hoster/SnagGy.class
   jd/plugins/hoster/SnelNLUsenet.class
   jd/plugins/hoster/SnotrCom.class
   jd/plugins/hoster/SnowfilesCom.class
   jd/plugins/hoster/SoftPediaCom.class
   jd/plugins/hoster/SolidFilesCom.class
   jd/plugins/hoster/SonifilesCom.class
   jd/plugins/hoster/SoundClickCom.class
   jd/plugins/hoster/SoundSnapCom.class
   jd/plugins/hoster/SoundcloudCom$1.class
   jd/plugins/hoster/SoundcloudCom$2.class
   jd/plugins/hoster/SoundcloudCom.class
   jd/plugins/hoster/SourceForgeNet.class
   jd/plugins/hoster/SpankBangCom.class
   jd/plugins/hoster/SpankWireCom.class
   jd/plugins/hoster/Speed4upCom.class.removed
   jd/plugins/hoster/Speed4upNet.class
   jd/plugins/hoster/SpeedUseNet$SpeedUseNetAccountConfigInterface.class.removed
   jd/plugins/hoster/SpeedUseNet.class.removed
   jd/plugins/hoster/SpeedVideoNet.class
   jd/plugins/hoster/SpeedvidNet.class
   jd/plugins/hoster/SpicyFileCom.class
   jd/plugins/hoster/SpiegelDe.class
   jd/plugins/hoster/SpinrillaCom.class
   jd/plugins/hoster/SproutVideoCom.class
   jd/plugins/hoster/SrfCh.class
   jd/plugins/hoster/SshYt.class
   jd/plugins/hoster/SslNewsInfo.class
   jd/plugins/hoster/StaSh.class
   jd/plugins/hoster/StackstorageCom.class
   jd/plugins/hoster/StahomatCz.class.removed
   jd/plugins/hoster/StahomatCzSuperloadCz.class
   jd/plugins/hoster/StartfilesOrg.class
   jd/plugins/hoster/SternDe.class
   jd/plugins/hoster/StiahnitoSk.class
   jd/plugins/hoster/StileProjectCom.class
   jd/plugins/hoster/StoragelyCom$1.class.removed
   jd/plugins/hoster/StoragelyCom$2.class.removed
   jd/plugins/hoster/StoragelyCom.class
   jd/plugins/hoster/StorexCc.class
   jd/plugins/hoster/StreamCloudEu.class
   jd/plugins/hoster/StreamKiwi.class
   jd/plugins/hoster/StreamMoe.class.removed
   jd/plugins/hoster/StreamRatioCom$1.class
   jd/plugins/hoster/StreamRatioCom$2.class.removed
   jd/plugins/hoster/StreamRatioCom.class
   jd/plugins/hoster/StreamcherryCom.class.removed
   jd/plugins/hoster/StreaminpornXyz.class.removed
   jd/plugins/hoster/StreamlandTo.class
   jd/plugins/hoster/StreamplayTo.class
   jd/plugins/hoster/StreamtyCom.class
   jd/plugins/hoster/StreamwireNet.class
   jd/plugins/hoster/StreamzCc.class
   jd/plugins/hoster/StudfilesNet.class
   jd/plugins/hoster/SuFileCom.class
   jd/plugins/hoster/SubSceneCom.class
   jd/plugins/hoster/SubdesuhNet.class
   jd/plugins/hoster/SubmitYourFlicksCom.class
   jd/plugins/hoster/SubyShareCom.class
   jd/plugins/hoster/SugarSyncCom.class
   jd/plugins/hoster/SuicidegirlsCom$1.class
   jd/plugins/hoster/SuicidegirlsCom.class
   jd/plugins/hoster/SunPornoCom.class
   jd/plugins/hoster/SundryfilesCom.class
   jd/plugins/hoster/SunexenusCom.class
   jd/plugins/hoster/SunnyUsenetCom.class
   jd/plugins/hoster/SuperHqPornCom.class
   jd/plugins/hoster/SuperLoadCz.class.removed
   jd/plugins/hoster/SuperdownComBr$1.class
   jd/plugins/hoster/SuperdownComBr.class
   jd/plugins/hoster/SuprafilesOrg.class.removed
   jd/plugins/hoster/SvtSe.class
   jd/plugins/hoster/SwipeXxx.class
   jd/plugins/hoster/SwrMediathekDe.class
   jd/plugins/hoster/SxyprnCom.class
   jd/plugins/hoster/TagteleCom.class
   jd/plugins/hoster/TakefileLink.class
   jd/plugins/hoster/TapeciarniaPl.class
   jd/plugins/hoster/TazvidsCom.class
   jd/plugins/hoster/Tb7Pl.class
   jd/plugins/hoster/TeamskeetCom.class
   jd/plugins/hoster/TedCom$1.class
   jd/plugins/hoster/TedCom.class
   jd/plugins/hoster/TeleFiveDe.class
   jd/plugins/hoster/TelviDe.class
   jd/plugins/hoster/TempFileRu.class.removed
   jd/plugins/hoster/TempShareCom.class
   jd/plugins/hoster/TenFilesCom.class
   jd/plugins/hoster/TenluaVn.class.removed
   jd/plugins/hoster/TeraMixerCom.class.removed
   jd/plugins/hoster/TestDeStiftungWarentest.class
   jd/plugins/hoster/TezFilesCom.class
   jd/plugins/hoster/Tf1Fr.class
   jd/plugins/hoster/ThaiCyberUploadCom.class
   jd/plugins/hoster/The7skyInfo.class
   jd/plugins/hoster/TheVideoMe.class.removed
   jd/plugins/hoster/TheartistunionCom.class
   jd/plugins/hoster/ThisAVCom.class
   jd/plugins/hoster/ThreeADiskCom.class
   jd/plugins/hoster/ThreeplusTv.class
   jd/plugins/hoster/ThreerbupCom.class.removed
   jd/plugins/hoster/ThunderNewsCom.class
   jd/plugins/hoster/Ti1caCom.class
   jd/plugins/hoster/TiktokCom.class
   jd/plugins/hoster/TinyfilesCom.class
   jd/plugins/hoster/TinyuploadCom.class
   jd/plugins/hoster/TmzCom.class
   jd/plugins/hoster/TnComAr.class
   jd/plugins/hoster/TnaFlixCom.class
   jd/plugins/hoster/TokyoTubeCom.class
   jd/plugins/hoster/TokyomotionNet.class
   jd/plugins/hoster/ToofileCom.class
   jd/plugins/hoster/TookapicCom.class
   jd/plugins/hoster/Top4UploadCom.class.removed
   jd/plugins/hoster/Top4topNet.class
   jd/plugins/hoster/ToplexilCom.class
   jd/plugins/hoster/ToukouCityTo.class.removed
   jd/plugins/hoster/ToutCom.class
   jd/plugins/hoster/ToutDebridEu.class
   jd/plugins/hoster/ToyPicsNet.class
   jd/plugins/hoster/TrailerAddictCom.class
   jd/plugins/hoster/TrailersAppleCom.class
   jd/plugins/hoster/TrainbitCom.class
   jd/plugins/hoster/TrannytubeTv.class
   jd/plugins/hoster/TransfilesRu.class
   jd/plugins/hoster/TransloadMe.class
   jd/plugins/hoster/TriLuLiLuRo.class
   jd/plugins/hoster/TrillHDCom.class
   jd/plugins/hoster/TrinimixzoneCom.class
   jd/plugins/hoster/TropicShareCom.class
   jd/plugins/hoster/TuTv.class
   jd/plugins/hoster/Tube8Com$1.class
   jd/plugins/hoster/Tube8Com$BouncyCastleAESCounterModeDecrypt.class
   jd/plugins/hoster/Tube8Com.class
   jd/plugins/hoster/TubeMioCom.class
   jd/plugins/hoster/TubeRampantTv.class
   jd/plugins/hoster/TubeSssCom.class
   jd/plugins/hoster/TubousCom.class
   jd/plugins/hoster/TumblrCom.class
   jd/plugins/hoster/TunePk.class
   jd/plugins/hoster/TuneScoopCom.class
   jd/plugins/hoster/TurbixPl.class
   jd/plugins/hoster/TurboBitNet$1.class.removed
   jd/plugins/hoster/TurboBitNet$2.class.removed
   jd/plugins/hoster/TurboBitNet$DownloadType.class.removed
   jd/plugins/hoster/TurboBitNet.class
   jd/plugins/hoster/Turbovid.class
   jd/plugins/hoster/TurkcealtyaziOrg.class
   jd/plugins/hoster/TusFilesNet$1.class.removed
   jd/plugins/hoster/TusFilesNet$2.class.removed
   jd/plugins/hoster/TusFilesNet.class.removed
   jd/plugins/hoster/TusfilesCom.class
   jd/plugins/hoster/TvNrkNo.class
   jd/plugins/hoster/TvSmeSk.class
   jd/plugins/hoster/TvZingVn.class
   jd/plugins/hoster/TviIolPt.class
   jd/plugins/hoster/TvigleRu.class
   jd/plugins/hoster/TvnowDe$1.class
   jd/plugins/hoster/TvnowDe$TvnowConfigInterface$Quality$1.class.removed
   jd/plugins/hoster/TvnowDe$TvnowConfigInterface$Quality$2.class.removed
   jd/plugins/hoster/TvnowDe$TvnowConfigInterface$Quality$3.class.removed
   jd/plugins/hoster/TvnowDe$TvnowConfigInterface$Quality$4.class.removed
   jd/plugins/hoster/TvnowDe$TvnowConfigInterface$Quality$5.class.removed
   jd/plugins/hoster/TvnowDe$TvnowConfigInterface$Quality$6.class.removed
   jd/plugins/hoster/TvnowDe$TvnowConfigInterface$Quality$7.class.removed
   jd/plugins/hoster/TvnowDe$TvnowConfigInterface$Quality.class.removed
   jd/plugins/hoster/TvnowDe$TvnowConfigInterface$TRANSLATION.class.removed
   jd/plugins/hoster/TvnowDe$TvnowConfigInterface.class.removed
   jd/plugins/hoster/TvnowDe.class
   jd/plugins/hoster/TwenteeFourVideoXxx.class
   jd/plugins/hoster/TwentyOneMembersCom.class
   jd/plugins/hoster/TwisTysCom.class
   jd/plugins/hoster/TwitVidCom.class
   jd/plugins/hoster/TwitchTv$1.class
   jd/plugins/hoster/TwitchTv.class
   jd/plugins/hoster/TwitterCom.class
   jd/plugins/hoster/TwoGigaLink.class
   jd/plugins/hoster/TwoHundredTwentyRo.class
   jd/plugins/hoster/TwoSharedCom.class
   jd/plugins/hoster/TwojLimitPl.class
   jd/plugins/hoster/TyzdenSk.class
   jd/plugins/hoster/U115Com.class
   jd/plugins/hoster/UFileNet.class
   jd/plugins/hoster/UaFileCom.class
   jd/plugins/hoster/UberuploadNet.class
   jd/plugins/hoster/UbiqfileCom.class
   jd/plugins/hoster/UdemyCom.class
   jd/plugins/hoster/UdropNet.class
   jd/plugins/hoster/UflashTv.class
   jd/plugins/hoster/UitzendinggemistNl$1.class
   jd/plugins/hoster/UitzendinggemistNl$Quality.class
   jd/plugins/hoster/UitzendinggemistNl.class
   jd/plugins/hoster/UlabsDe.class
   jd/plugins/hoster/UlmenTv.class
   jd/plugins/hoster/UlozTo.class
   jd/plugins/hoster/UloziskoSk.class.removed
   jd/plugins/hoster/UltimatedownCom.class.removed
   jd/plugins/hoster/UltimboxCom.class
   jd/plugins/hoster/UlubPl.class
   jd/plugins/hoster/UniBytesCom.class
   jd/plugins/hoster/UnknownPornScript1.class
   jd/plugins/hoster/UnknownPornScript2.class
   jd/plugins/hoster/UnknownPornScript3.class
   jd/plugins/hoster/UnknownPornScript4.class
   jd/plugins/hoster/UnknownPornScript5.class
   jd/plugins/hoster/UnknownPornScript8.class
   jd/plugins/hoster/UnknownPornScript9.class
   jd/plugins/hoster/Up07Me.class
   jd/plugins/hoster/Up08Net.class
   jd/plugins/hoster/Up09Com.class
   jd/plugins/hoster/Up2shaRe.class
   jd/plugins/hoster/Up4ShareVn.class.removed
   jd/plugins/hoster/Up4everCom.class
   jd/plugins/hoster/UpFileVn.class
   jd/plugins/hoster/UpMyFilesCom.class
   jd/plugins/hoster/UpNitoSk.class
   jd/plugins/hoster/UpToBoxCom.class
   jd/plugins/hoster/UpToStreamCom$1.class
   jd/plugins/hoster/UpToStreamCom.class
   jd/plugins/hoster/UpWapRu.class
   jd/plugins/hoster/UpasiasCom.class.removed
   jd/plugins/hoster/UpdateRequiredHostPlugin.class
   jd/plugins/hoster/UpdupNet.class
   jd/plugins/hoster/UpfCoIl.class
   jd/plugins/hoster/UpfileMobi.class
   jd/plugins/hoster/Upload2winCom.class.removed
   jd/plugins/hoster/Upload42Com.class
   jd/plugins/hoster/Upload4earnCom.class.removed
   jd/plugins/hoster/UploadAc.class
   jd/plugins/hoster/UploadBoyCom.class
   jd/plugins/hoster/UploadCd.class
   jd/plugins/hoster/UploadCloudPro.class
   jd/plugins/hoster/UploadComUa.class.removed
   jd/plugins/hoster/UploadEe.class
   jd/plugins/hoster/UploadManCom.class
   jd/plugins/hoster/UploadMbCom.class
   jd/plugins/hoster/UploadMobi.class
   jd/plugins/hoster/UploadStube.class
   jd/plugins/hoster/UploadTwoCom.class
   jd/plugins/hoster/UploadZone.class.removed
   jd/plugins/hoster/UploadadzCom.class.removed
   jd/plugins/hoster/UploadbankCom.class
   jd/plugins/hoster/UploadbitsCom.class.removed
   jd/plugins/hoster/UploadboxIo.class
   jd/plugins/hoster/UploadburstCom.class.removed
   jd/plugins/hoster/UploadbuzzNet.class
   jd/plugins/hoster/UploadbyteCom.class
   jd/plugins/hoster/Uploadedto$1.class
   jd/plugins/hoster/Uploadedto$2.class
   jd/plugins/hoster/Uploadedto$3.class.removed
   jd/plugins/hoster/Uploadedto$Sec.class
   jd/plugins/hoster/Uploadedto.class
   jd/plugins/hoster/UploaderJp.class
   jd/plugins/hoster/UploaderLink.class
   jd/plugins/hoster/UploadevCom.class.removed
   jd/plugins/hoster/UploadevOrg.class
   jd/plugins/hoster/UploadfilesIo.class
   jd/plugins/hoster/UploadgigCom.class
   jd/plugins/hoster/UploadhavenCom.class
   jd/plugins/hoster/UploadhiveCom.class
   jd/plugins/hoster/UploadifyNet.class
   jd/plugins/hoster/UploadionCom.class
   jd/plugins/hoster/UploadoceanCom.class
   jd/plugins/hoster/UploadproperCom.class
   jd/plugins/hoster/UploadrarCom.class
   jd/plugins/hoster/UploadsRu.class
   jd/plugins/hoster/UploadshipCom.class
   jd/plugins/hoster/UplodIr.class
   jd/plugins/hoster/UppItCom.class
   jd/plugins/hoster/UppomLive.class
   jd/plugins/hoster/UpstoRe.class
   jd/plugins/hoster/UptomegaCom.class
   jd/plugins/hoster/UqloadCom.class
   jd/plugins/hoster/UrFilesCom.class
   jd/plugins/hoster/UsaUplNet.class.removed
   jd/plugins/hoster/UseNet$1.class
   jd/plugins/hoster/UseNet$2.class
   jd/plugins/hoster/UseNet$3.class
   jd/plugins/hoster/UseNet$4.class
   jd/plugins/hoster/UseNet.class
   jd/plugins/hoster/UseNetEwekaNl.class
   jd/plugins/hoster/UseNetFarm$UseNetFarmAccountFactory$1.class
   jd/plugins/hoster/UseNetFarm$UseNetFarmAccountFactory.class
   jd/plugins/hoster/UseNetFarm.class
   jd/plugins/hoster/UseNetNL.class
   jd/plugins/hoster/UsenetBucketCom.class
   jd/plugins/hoster/UsenetNow.class
   jd/plugins/hoster/UsenextCom.class
   jd/plugins/hoster/UsersCloudCom.class
   jd/plugins/hoster/UserscdnCom.class.removed
   jd/plugins/hoster/UsersdriveCom.class
   jd/plugins/hoster/UseruploadNet.class
   jd/plugins/hoster/UstreamTv.class
   jd/plugins/hoster/UzManTvCom.class
   jd/plugins/hoster/VKontakteRuHoster.class
   jd/plugins/hoster/VPornCom.class
   jd/plugins/hoster/VPornoTv.class
   jd/plugins/hoster/VShareEu$1.class.removed
   jd/plugins/hoster/VShareEu.class
   jd/plugins/hoster/VastampleCom.class
   jd/plugins/hoster/VddlrCm.class
   jd/plugins/hoster/VdiskCn.class
   jd/plugins/hoster/VdiskWeiboCom.class
   jd/plugins/hoster/VeeHdCom.class
   jd/plugins/hoster/VeeosyncCom.class
   jd/plugins/hoster/VeohCom$1.class
   jd/plugins/hoster/VeohCom$BouncyCastleAESdecrypt.class
   jd/plugins/hoster/VeohCom.class
   jd/plugins/hoster/VevIo$1.class
   jd/plugins/hoster/VevIo.class
   jd/plugins/hoster/VevoCom.class
   jd/plugins/hoster/ViceCom.class
   jd/plugins/hoster/VidAg.class
   jd/plugins/hoster/VidToMe$1.class.removed
   jd/plugins/hoster/VidToMe.class.removed
   jd/plugins/hoster/VidUpIo.class
   jd/plugins/hoster/VidbleCom.class
   jd/plugins/hoster/VidbomCom.class
   jd/plugins/hoster/VidcloudCo$VidcloudConfigInterface$TRANSLATION.class
   jd/plugins/hoster/VidcloudCo$VidcloudConfigInterface.class
   jd/plugins/hoster/VidcloudCo.class
   jd/plugins/hoster/VidearnCom.class
   jd/plugins/hoster/Video2brainCom.class
   jd/plugins/hoster/VideoBashCom.class.removed
   jd/plugins/hoster/VideoBoxCom.class
   jd/plugins/hoster/VideoCnnturkCom.class
   jd/plugins/hoster/VideoFCTwoCom$1.class
   jd/plugins/hoster/VideoFCTwoCom.class
   jd/plugins/hoster/VideoGoogle.class
   jd/plugins/hoster/VideoHaberturkCom.class
   jd/plugins/hoster/VideoMediasetIt.class
   jd/plugins/hoster/VideoNestNet$1.class
   jd/plugins/hoster/VideoNestNet$2.class.removed
   jd/plugins/hoster/VideoNestNet.class
   jd/plugins/hoster/VideoOneCom.class
   jd/plugins/hoster/VideoOnlineUa.class
   jd/plugins/hoster/VideoWoodTv.class
   jd/plugins/hoster/VideoalbumyAzetSk.class
   jd/plugins/hoster/VideobinCo.class
   jd/plugins/hoster/VideomoreRu.class
   jd/plugins/hoster/VideopressCom.class
   jd/plugins/hoster/VideosSapo.class
   jd/plugins/hoster/VidfastCo.class
   jd/plugins/hoster/VidgotCom.class
   jd/plugins/hoster/VidiVodoCom.class
   jd/plugins/hoster/VidloxTv.class
   jd/plugins/hoster/VidobaNet.class
   jd/plugins/hoster/VidozaNet.class
   jd/plugins/hoster/VidsMySpaceCom.class
   jd/plugins/hoster/VidtodoCom.class
   jd/plugins/hoster/VidtomeCo.class
   jd/plugins/hoster/VidwatchMe.class
   jd/plugins/hoster/VidyardCom.class
   jd/plugins/hoster/VidziTv.class.removed
   jd/plugins/hoster/VikiCom.class
   jd/plugins/hoster/VimeoCom$1.class
   jd/plugins/hoster/VimeoCom$VIMEO_URL_TYPE.class
   jd/plugins/hoster/VimeoCom.class
   jd/plugins/hoster/VimpleRu.class
   jd/plugins/hoster/VineCo.class
   jd/plugins/hoster/VipAccountRu.class
   jd/plugins/hoster/VipBelleLa.class.removed
   jd/plugins/hoster/VipfileCc.class
   jd/plugins/hoster/VipissyCom.class
   jd/plugins/hoster/VitaminoGretmenCom.class
   jd/plugins/hoster/VivaTv$1.class
   jd/plugins/hoster/VivaTv$2.class
   jd/plugins/hoster/VivaTv$3.class
   jd/plugins/hoster/VivaTv$4.class
   jd/plugins/hoster/VivaTv$5.class
   jd/plugins/hoster/VivaTv.class
   jd/plugins/hoster/VivoSx.class
   jd/plugins/hoster/VivudCom.class
   jd/plugins/hoster/VizCom.class
   jd/plugins/hoster/VmallCom.class
   jd/plugins/hoster/VocarooCom.class
   jd/plugins/hoster/VoidCat.class
   jd/plugins/hoster/VolafileIo.class
   jd/plugins/hoster/VpornvideosCom.class
   jd/plugins/hoster/VshareIo.class
   jd/plugins/hoster/VupTo.class
   jd/plugins/hoster/VvvvidIt.class
   jd/plugins/hoster/WatchboxDe.class.removed
   jd/plugins/hoster/WatchvideoUs.class
   jd/plugins/hoster/WayuploadCom.class
   jd/plugins/hoster/WdfilesRu.class
   jd/plugins/hoster/WduploadCom.class
   jd/plugins/hoster/We4loadCom.class.removed
   jd/plugins/hoster/WeShareMe.class
   jd/plugins/hoster/WeTransferCom.class
   jd/plugins/hoster/WebCamsCom.class
   jd/plugins/hoster/WebDe.class
   jd/plugins/hoster/WebFileHostCom.class
   jd/plugins/hoster/WebShareCz.class
   jd/plugins/hoster/WeltDeMediathek.class
   jd/plugins/hoster/WeltderwunderDe.class
   jd/plugins/hoster/WhatBoysWantCom.class
   jd/plugins/hoster/WiTo.class
   jd/plugins/hoster/WickedCom.class
   jd/plugins/hoster/WikiFortioCom.class
   jd/plugins/hoster/WipFilesNet.class
   jd/plugins/hoster/WistiaCom.class
   jd/plugins/hoster/WobzipOrg.class
   jd/plugins/hoster/WoodrocketCom.class
   jd/plugins/hoster/WorkuploadCom.class
   jd/plugins/hoster/WorldBytezCom.class
   jd/plugins/hoster/WorldClipsRu.class
   jd/plugins/hoster/WorldFilesCom.class
   jd/plugins/hoster/WorldStarAmateursCom.class
   jd/plugins/hoster/WorldStarHipHopCom.class
   jd/plugins/hoster/WrzucajplikiPl.class
   jd/plugins/hoster/WsjCom.class
   jd/plugins/hoster/WstreamVideo.class
   jd/plugins/hoster/WuShareCom.class
   jd/plugins/hoster/WupfileCom.class
   jd/plugins/hoster/WyslijPlikPl.class
   jd/plugins/hoster/WyslijToPl.class
   jd/plugins/hoster/XArtCom.class
   jd/plugins/hoster/XHamsterCom.class
   jd/plugins/hoster/XSUseNetCom.class
   jd/plugins/hoster/XShareCom.class
   jd/plugins/hoster/XTubeCom.class
   jd/plugins/hoster/XXXAPornCom.class
   jd/plugins/hoster/XaxTubeCom.class
   jd/plugins/hoster/XbooruCom.class
   jd/plugins/hoster/XboxIsoZoneCom.class
   jd/plugins/hoster/XdaDevelopersCom.class
   jd/plugins/hoster/XdriveCc.class.removed
   jd/plugins/hoster/XeuploadCom.class.removed
   jd/plugins/hoster/XfigNet.class.removed
   jd/plugins/hoster/XfilesharingCom.class
   jd/plugins/hoster/XfilesharingUs.class.removed
   jd/plugins/hoster/XimagesharingCom.class
   jd/plugins/hoster/XkcdCom.class
   jd/plugins/hoster/XnXxCom.class
   jd/plugins/hoster/XsNewsNl.class
   jd/plugins/hoster/XshareEu.class.removed
   jd/plugins/hoster/Xt7Pl$1.class
   jd/plugins/hoster/Xt7Pl$2.class
   jd/plugins/hoster/Xt7Pl.class
   jd/plugins/hoster/XubsterCom.class
   jd/plugins/hoster/XunNiuCom.class
   jd/plugins/hoster/XunleiCom.class
   jd/plugins/hoster/XupIn.class
   jd/plugins/hoster/XvideosCom.class
   jd/plugins/hoster/XvideosharingCom.class
   jd/plugins/hoster/XxxBunkerCom.class
   jd/plugins/hoster/XxxkingtubeCom.class
   jd/plugins/hoster/XyouCom.class
   jd/plugins/hoster/YDownloadOrg.class
   jd/plugins/hoster/YahooCom.class
   jd/plugins/hoster/YandeRe.class
   jd/plugins/hoster/YapfilesRu.class
   jd/plugins/hoster/YesXxx.class
   jd/plugins/hoster/YimuheCom.class
   jd/plugins/hoster/YouJizzCom.class
   jd/plugins/hoster/YouPornCom.class
   jd/plugins/hoster/YouSavedIt.class.removed
   jd/plugins/hoster/YouWatchOrg$1.class
   jd/plugins/hoster/YouWatchOrg$2.class.removed
   jd/plugins/hoster/YouWatchOrg.class
   jd/plugins/hoster/YoudboxCom.class
   jd/plugins/hoster/YoukuCom.class
   jd/plugins/hoster/YounowCom.class
   jd/plugins/hoster/YourFileLinkCom.class
   jd/plugins/hoster/YourFileStorageCom.class
   jd/plugins/hoster/YourFreePornUs.class
   jd/plugins/hoster/YourPornSexy.class.removed
   jd/plugins/hoster/YourUploadCom.class
   jd/plugins/hoster/YourlistenCom.class
   jd/plugins/hoster/YousuwpCom.class
   jd/plugins/hoster/YoutubeDashV2$1.class
   jd/plugins/hoster/YoutubeDashV2$10.class
   jd/plugins/hoster/YoutubeDashV2$11.class
   jd/plugins/hoster/YoutubeDashV2$12.class
   jd/plugins/hoster/YoutubeDashV2$13$1.class
   jd/plugins/hoster/YoutubeDashV2$13.class
   jd/plugins/hoster/YoutubeDashV2$14.class
   jd/plugins/hoster/YoutubeDashV2$2.class
   jd/plugins/hoster/YoutubeDashV2$3.class
   jd/plugins/hoster/YoutubeDashV2$4$1.class
   jd/plugins/hoster/YoutubeDashV2$4.class
   jd/plugins/hoster/YoutubeDashV2$5.class
   jd/plugins/hoster/YoutubeDashV2$6.class
   jd/plugins/hoster/YoutubeDashV2$7.class
   jd/plugins/hoster/YoutubeDashV2$8.class
   jd/plugins/hoster/YoutubeDashV2$9.class
   jd/plugins/hoster/YoutubeDashV2$DashDownloadPluginProgress.class
   jd/plugins/hoster/YoutubeDashV2.class
   jd/plugins/hoster/YunFileCom$1.class.removed
   jd/plugins/hoster/YunFileCom.class.removed
   jd/plugins/hoster/YunPanCn.class
   jd/plugins/hoster/YuvutuCom.class
   jd/plugins/hoster/ZMagsCom.class
   jd/plugins/hoster/ZalivalkaRu.class
   jd/plugins/hoster/ZaycevNet.class
   jd/plugins/hoster/ZbigzCom.class
   jd/plugins/hoster/ZdfDeMediathek$ZdfmediathekConfigInterface$TRANSLATION.class
   jd/plugins/hoster/ZdfDeMediathek$ZdfmediathekConfigInterface.class
   jd/plugins/hoster/ZdfDeMediathek.class
   jd/plugins/hoster/ZeveraCom$ZeveraAccountFactory$1.class
   jd/plugins/hoster/ZeveraCom$ZeveraAccountFactory.class
   jd/plugins/hoster/ZeveraCom.class
   jd/plugins/hoster/ZeveraCore$1.class
   jd/plugins/hoster/ZeveraCore$2.class
   jd/plugins/hoster/ZeveraCore$3.class
   jd/plugins/hoster/ZeveraCore.class
   jd/plugins/hoster/Zippy4shareCom.class.removed
   jd/plugins/hoster/ZippyloadsCom.class
   jd/plugins/hoster/ZofileCom.class
----------------Extensions----------------
   extensions/AntiShutdown.jar
   extensions/Extraction.jar
   extensions/JDShutdown.jar
----------------Direct Files----------------
   build.json
   translations/jd/captcha/translate/CaptchaTranslation.it.lng
   translations/jd/controlling/reconnect/pluginsinc/liveheader/translate/LiveheaderTranslation.it.lng
   translations/jd/controlling/reconnect/pluginsinc/liveheader/translate/LiveheaderTranslation.zh_TW.lng
   translations/jd/controlling/reconnect/pluginsinc/liveheader/translate/LiveheaderTranslation.zh__hant.lng
   translations/jd/controlling/reconnect/pluginsinc/upnp/translate/UpnpTranslation.it.lng
   translations/jd/controlling/reconnect/pluginsinc/upnp/translate/UpnpTranslation.zh_TW.lng
   translations/org/appwork/swing/synthetica/LanguageFileSetup.cs.lng
   translations/org/appwork/swing/synthetica/LanguageFileSetup.es.lng
   translations/org/appwork/swing/synthetica/LanguageFileSetup.hu.lng
   translations/org/appwork/swing/synthetica/LanguageFileSetup.ja.lng
   translations/org/appwork/swing/synthetica/LanguageFileSetup.pt_PT.lng
   translations/org/appwork/swing/synthetica/LanguageFileSetup.sk.lng
   translations/org/appwork/swing/synthetica/LanguageFileSetup.sv.lng
   translations/org/appwork/swing/synthetica/LanguageFileSetup.tr.lng
   translations/org/appwork/swing/synthetica/LanguageFileSetup.uk.lng
   translations/org/appwork/utils/locale/AWUTranslation.it.lng
   translations/org/appwork/utils/locale/AWUTranslation.zh_CN.lng
   translations/org/appwork/utils/locale/AWUTranslation.zh_TW.lng
   translations/org/appwork/utils/locale/AWUTranslation.zh__hant.lng
   translations/org/appwork/utils/logging2/sendlogs/LogSenderTranslation.it.lng
   translations/org/jdownloader/extensions/antistandby/translate/AntistandbyTranslation.de.lng
   translations/org/jdownloader/extensions/antistandby/translate/AntistandbyTranslation.it.lng
   translations/org/jdownloader/extensions/antistandby/translate/AntistandbyTranslation.zh_TW.lng
   translations/org/jdownloader/extensions/antistandby/translate/AntistandbyTranslation.zh__hant.lng
   translations/org/jdownloader/extensions/extraction/translate/ExtractionTranslation.de.lng
   translations/org/jdownloader/extensions/extraction/translate/ExtractionTranslation.it.lng
   translations/org/jdownloader/extensions/extraction/translate/ExtractionTranslation.zh_TW.lng
   translations/org/jdownloader/extensions/extraction/translate/ExtractionTranslation.zh__hant.lng
   translations/org/jdownloader/extensions/shutdown/translate/ShutdownTranslation.de.lng
   translations/org/jdownloader/extensions/shutdown/translate/ShutdownTranslation.it.lng
   translations/org/jdownloader/extensions/shutdown/translate/ShutdownTranslation.zh_TW.lng
   translations/org/jdownloader/extensions/translator/TranslatorTranslation.it.lng
   translations/org/jdownloader/gui/jdtrayicon/translate/TrayiconTranslation.it.lng
   translations/org/jdownloader/gui/translate/GuiTranslation.bg.lng
   translations/org/jdownloader/gui/translate/GuiTranslation.bs.lng
   translations/org/jdownloader/gui/translate/GuiTranslation.cs.lng
   translations/org/jdownloader/gui/translate/GuiTranslation.de.lng
   translations/org/jdownloader/gui/translate/GuiTranslation.el.lng
   translations/org/jdownloader/gui/translate/GuiTranslation.en_AU.lng
   translations/org/jdownloader/gui/translate/GuiTranslation.es.lng
   translations/org/jdownloader/gui/translate/GuiTranslation.eu.lng
   translations/org/jdownloader/gui/translate/GuiTranslation.fr.lng
   translations/org/jdownloader/gui/translate/GuiTranslation.hr.lng
   translations/org/jdownloader/gui/translate/GuiTranslation.hu.lng
   translations/org/jdownloader/gui/translate/GuiTranslation.it.lng
   translations/org/jdownloader/gui/translate/GuiTranslation.ja.lng
   translations/org/jdownloader/gui/translate/GuiTranslation.ko.lng
   translations/org/jdownloader/gui/translate/GuiTranslation.pt_BR.lng
   translations/org/jdownloader/gui/translate/GuiTranslation.sv.lng
   translations/org/jdownloader/gui/translate/GuiTranslation.tr.lng
   translations/org/jdownloader/gui/translate/GuiTranslation.zh_CN.lng
   translations/org/jdownloader/gui/translate/GuiTranslation.zh_TW.lng
   translations/org/jdownloader/gui/translate/GuiTranslation.zh__hant.lng
   translations/org/jdownloader/translate/JdownloaderTranslation.bs.lng
   translations/org/jdownloader/translate/JdownloaderTranslation.cs.lng
   translations/org/jdownloader/translate/JdownloaderTranslation.de.lng
   translations/org/jdownloader/translate/JdownloaderTranslation.en_AU.lng
   translations/org/jdownloader/translate/JdownloaderTranslation.it.lng
   translations/org/jdownloader/translate/JdownloaderTranslation.pt_BR.lng
   translations/org/jdownloader/translate/JdownloaderTranslation.tr.lng
   translations/org/jdownloader/translate/JdownloaderTranslation.zh_TW.lng
   translations/org/jdownloader/translate/JdownloaderTranslation.zh__hant.lng
   translations/org/jdownloader/updatev2/UpdaterTranslation.de.lng
   translations/org/jdownloader/updatev2/UpdaterTranslation.it.lng
   translations/org/jdownloader/updatev2/UpdaterTranslation.zh_TW.lng
   translations/org/jdownloader/updatev2/UpdaterTranslation.zh__hant.lng
----------------Core Files----------------
   Core.jar
   JD: Core.jar/META-INF/MANIFEST.MF
   JD: Core.jar/jd/CustomCopyPasteSupport.class
   JD: Core.jar/jd/SecondLevelLaunch$1.class
   JD: Core.jar/jd/SecondLevelLaunch$10$1$1.class
   JD: Core.jar/jd/SecondLevelLaunch$10$1$2.class
   JD: Core.jar/jd/SecondLevelLaunch$10$1$3.class
   JD: Core.jar/jd/SecondLevelLaunch$10$1$4$1$1.class
   JD: Core.jar/jd/SecondLevelLaunch$10$1$4$1$2.class
   JD: Core.jar/jd/SecondLevelLaunch$10$1$4$1$3.class
   JD: Core.jar/jd/SecondLevelLaunch$10$1$4$1.class
   JD: Core.jar/jd/SecondLevelLaunch$10$1$4$2.class
   JD: Core.jar/jd/SecondLevelLaunch$10$1$4.class
   JD: Core.jar/jd/SecondLevelLaunch$10$1$5$1$1.class
   JD: Core.jar/jd/SecondLevelLaunch$10$1$5$1$2.class
   JD: Core.jar/jd/SecondLevelLaunch$10$1$5$1.class
   JD: Core.jar/jd/SecondLevelLaunch$10$1$5.class
   JD: Core.jar/jd/SecondLevelLaunch$10$1$6$1.class
   JD: Core.jar/jd/SecondLevelLaunch$10$1$6.class
   JD: Core.jar/jd/SecondLevelLaunch$10$1$7.class
   JD: Core.jar/jd/SecondLevelLaunch$10$1.class
   JD: Core.jar/jd/SecondLevelLaunch$10.class
   JD: Core.jar/jd/SecondLevelLaunch$11.class
   JD: Core.jar/jd/SecondLevelLaunch$12.class
   JD: Core.jar/jd/SecondLevelLaunch$13.class
   JD: Core.jar/jd/SecondLevelLaunch$14.class
   JD: Core.jar/jd/SecondLevelLaunch$2.class
   JD: Core.jar/jd/SecondLevelLaunch$3.class
   JD: Core.jar/jd/SecondLevelLaunch$4.class
   JD: Core.jar/jd/SecondLevelLaunch$5.class
   JD: Core.jar/jd/SecondLevelLaunch$6.class
   JD: Core.jar/jd/SecondLevelLaunch$7.class
   JD: Core.jar/jd/SecondLevelLaunch$8$1.class
   JD: Core.jar/jd/SecondLevelLaunch$8.class
   JD: Core.jar/jd/SecondLevelLaunch$9.class
   JD: Core.jar/jd/SecondLevelLaunch.class
   JD: Core.jar/jd/UJCECheck.class
   JD: Core.jar/jd/Win32WindowDemo.class
   JD: Core.jar/jd/config/ConfigEntry$1.class
   JD: Core.jar/jd/config/ConfigEntry$PropertyType.class
   JD: Core.jar/jd/config/ConfigEntry.class
   JD: Core.jar/jd/config/Configuration.class.removed
   JD: Core.jar/jd/config/DatabaseConnector$1.class.removed
   JD: Core.jar/jd/config/DatabaseConnector$2.class.removed
   JD: Core.jar/jd/config/DatabaseConnector.class.removed
   JD: Core.jar/jd/config/Property.class
   JD: Core.jar/jd/config/SubConfiguration$1.class
   JD: Core.jar/jd/config/SubConfiguration$2.class
   JD: Core.jar/jd/config/SubConfiguration$3.class
   JD: Core.jar/jd/config/SubConfiguration.class
   JD: Core.jar/jd/controlling/AccountController$1.class
   JD: Core.jar/jd/controlling/AccountController$2.class
   JD: Core.jar/jd/controlling/AccountController$3.class
   JD: Core.jar/jd/controlling/AccountController$4.class
   JD: Core.jar/jd/controlling/AccountController$5$1.class
   JD: Core.jar/jd/controlling/AccountController$5.class
   JD: Core.jar/jd/controlling/AccountController$6.class
   JD: Core.jar/jd/controlling/AccountController$7.class
   JD: Core.jar/jd/controlling/AccountController$8.class
   JD: Core.jar/jd/controlling/AccountController.class
   JD: Core.jar/jd/controlling/AccountControllerEvent$Types.class
   JD: Core.jar/jd/controlling/ClipboardMonitoring$1$1.class
   JD: Core.jar/jd/controlling/ClipboardMonitoring$1$2.class
   JD: Core.jar/jd/controlling/ClipboardMonitoring$1.class
   JD: Core.jar/jd/controlling/ClipboardMonitoring$2.class
   JD: Core.jar/jd/controlling/ClipboardMonitoring$3.class
   JD: Core.jar/jd/controlling/ClipboardMonitoring$4.class
   JD: Core.jar/jd/controlling/ClipboardMonitoring$5.class
   JD: Core.jar/jd/controlling/ClipboardMonitoring$ClipboardChangeDetector$CHANGE_FLAG.class
   JD: Core.jar/jd/controlling/ClipboardMonitoring$ClipboardChangeDetector.class
   JD: Core.jar/jd/controlling/ClipboardMonitoring$ClipboardContent.class
   JD: Core.jar/jd/controlling/ClipboardMonitoring$ClipboardHash.class
   JD: Core.jar/jd/controlling/ClipboardMonitoring$HTMLFragment.class
   JD: Core.jar/jd/controlling/ClipboardMonitoring$IGNORE.class
   JD: Core.jar/jd/controlling/ClipboardMonitoring$WindowsClipboardHack.class
   JD: Core.jar/jd/controlling/ClipboardMonitoring.class
   JD: Core.jar/jd/controlling/DelayWriteController$1.class
   JD: Core.jar/jd/controlling/DelayWriteController$2.class
   JD: Core.jar/jd/controlling/DelayWriteController$3.class
   JD: Core.jar/jd/controlling/DelayWriteController$4.class
   JD: Core.jar/jd/controlling/DelayWriteController.class
   JD: Core.jar/jd/controlling/WindowsClipboardChangeDetector.class
   JD: Core.jar/jd/controlling/accountchecker/AccountChecker$1.class
   JD: Core.jar/jd/controlling/accountchecker/AccountChecker$AccountCheckJob.class
   JD: Core.jar/jd/controlling/accountchecker/AccountChecker.class
   JD: Core.jar/jd/controlling/accountchecker/AccountCheckerEvent$Types.class
   JD: Core.jar/jd/controlling/accountchecker/AccountCheckerEventSender$1.class
   JD: Core.jar/jd/controlling/accountchecker/AccountCheckerEventSender.class
   JD: Core.jar/jd/controlling/captcha/BasicCaptchaDialogHandler$1.class
   JD: Core.jar/jd/controlling/captcha/BasicCaptchaDialogHandler$2.class
   JD: Core.jar/jd/controlling/captcha/BasicCaptchaDialogHandler$3$1.class
   JD: Core.jar/jd/controlling/captcha/BasicCaptchaDialogHandler$3.class
   JD: Core.jar/jd/controlling/captcha/BasicCaptchaDialogHandler$4.class
   JD: Core.jar/jd/controlling/captcha/BasicCaptchaDialogHandler$5.class
   JD: Core.jar/jd/controlling/captcha/BasicCaptchaDialogHandler.class
   JD: Core.jar/jd/controlling/captcha/CaptchaSettings$CAPTCHA_TIMEOUT_ACTION.class
   JD: Core.jar/jd/controlling/captcha/CaptchaSettings$MODE.class
   JD: Core.jar/jd/controlling/captcha/CaptchaSettings.class
   JD: Core.jar/jd/controlling/captcha/ChallengeDialogHandler$1$1.class
   JD: Core.jar/jd/controlling/captcha/ChallengeDialogHandler$1.class
   JD: Core.jar/jd/controlling/captcha/ChallengeDialogHandler.class
   JD: Core.jar/jd/controlling/captcha/ClickCaptchaDialogHandler$1$1.class
   JD: Core.jar/jd/controlling/captcha/ClickCaptchaDialogHandler$1.class
   JD: Core.jar/jd/controlling/captcha/ClickCaptchaDialogHandler$2.class
   JD: Core.jar/jd/controlling/captcha/ClickCaptchaDialogHandler.class
   JD: Core.jar/jd/controlling/captcha/MultiClickCaptchaDialogHandler$1$1.class
   JD: Core.jar/jd/controlling/captcha/MultiClickCaptchaDialogHandler$1.class
   JD: Core.jar/jd/controlling/captcha/MultiClickCaptchaDialogHandler$2.class
   JD: Core.jar/jd/controlling/captcha/MultiClickCaptchaDialogHandler.class
   JD: Core.jar/jd/controlling/captcha/SkipRequest.class
   JD: Core.jar/jd/controlling/downloadcontroller/AccountCache$1$1.class
   JD: Core.jar/jd/controlling/downloadcontroller/AccountCache$1.class
   JD: Core.jar/jd/controlling/downloadcontroller/AccountCache$2.class
   JD: Core.jar/jd/controlling/downloadcontroller/AccountCache$3.class
   JD: Core.jar/jd/controlling/downloadcontroller/AccountCache$ACCOUNTTYPE.class
   JD: Core.jar/jd/controlling/downloadcontroller/AccountCache$CachedAccount.class
   JD: Core.jar/jd/controlling/downloadcontroller/AccountCache.class
   JD: Core.jar/jd/controlling/downloadcontroller/DiskSpaceManager$1.class
   JD: Core.jar/jd/controlling/downloadcontroller/DiskSpaceManager$DISKSPACERESERVATIONRESULT.class
   JD: Core.jar/jd/controlling/downloadcontroller/DiskSpaceManager.class
   JD: Core.jar/jd/controlling/downloadcontroller/DownloadController$1.class
   JD: Core.jar/jd/controlling/downloadcontroller/DownloadController$10.class
   JD: Core.jar/jd/controlling/downloadcontroller/DownloadController$11.class
   JD: Core.jar/jd/controlling/downloadcontroller/DownloadController$12.class
   JD: Core.jar/jd/controlling/downloadcontroller/DownloadController$13$1$1$1.class
   JD: Core.jar/jd/controlling/downloadcontroller/DownloadController$13$1$1.class
   JD: Core.jar/jd/controlling/downloadcontroller/DownloadController$13$1.class
   JD: Core.jar/jd/controlling/downloadcontroller/DownloadController$13.class
   JD: Core.jar/jd/controlling/downloadcontroller/DownloadController$14.class
   JD: Core.jar/jd/controlling/downloadcontroller/DownloadController$15.class
   JD: Core.jar/jd/controlling/downloadcontroller/DownloadController$16.class
   JD: Core.jar/jd/controlling/downloadcontroller/DownloadController$17.class
   JD: Core.jar/jd/controlling/downloadcontroller/DownloadController$18.class
   JD: Core.jar/jd/controlling/downloadcontroller/DownloadController$2.class
   JD: Core.jar/jd/controlling/downloadcontroller/DownloadController$3.class
   JD: Core.jar/jd/controlling/downloadcontroller/DownloadController$4.class
   JD: Core.jar/jd/controlling/downloadcontroller/DownloadController$5.class
   JD: Core.jar/jd/controlling/downloadcontroller/DownloadController$6.class
   JD: Core.jar/jd/controlling/downloadcontroller/DownloadController$7.class
   JD: Core.jar/jd/controlling/downloadcontroller/DownloadController$8.class
   JD: Core.jar/jd/controlling/downloadcontroller/DownloadController$9.class
   JD: Core.jar/jd/controlling/downloadcontroller/DownloadController$LoadedPackage$1.class
   JD: Core.jar/jd/controlling/downloadcontroller/DownloadController$LoadedPackage$IndexedDownloadLink.class
   JD: Core.jar/jd/controlling/downloadcontroller/DownloadController$LoadedPackage.class
   JD: Core.jar/jd/controlling/downloadcontroller/DownloadController.class
   JD: Core.jar/jd/controlling/downloadcontroller/DownloadLinkCandidateHistory$1.class
   JD: Core.jar/jd/controlling/downloadcontroller/DownloadLinkCandidateHistory$2.class
   JD: Core.jar/jd/controlling/downloadcontroller/DownloadLinkCandidateHistory.class
   JD: Core.jar/jd/controlling/downloadcontroller/DownloadLinkCandidateLoadBalancer.class
   JD: Core.jar/jd/controlling/downloadcontroller/DownloadLinkCandidateResult$1.class
   JD: Core.jar/jd/controlling/downloadcontroller/DownloadLinkCandidateResult$RESULT.class
   JD: Core.jar/jd/controlling/downloadcontroller/DownloadLinkCandidateResult.class
   JD: Core.jar/jd/controlling/downloadcontroller/DownloadLinkCandidateSelector$1.class
   JD: Core.jar/jd/controlling/downloadcontroller/DownloadLinkCandidateSelector$2.class
   JD: Core.jar/jd/controlling/downloadcontroller/DownloadLinkCandidateSelector$CachedAccountPermission.class
   JD: Core.jar/jd/controlling/downloadcontroller/DownloadLinkCandidateSelector$CandidateResultHolder.class
   JD: Core.jar/jd/controlling/downloadcontroller/DownloadLinkCandidateSelector$DownloadLinkCandidatePermission.class
   JD: Core.jar/jd/controlling/downloadcontroller/DownloadLinkCandidateSelector$ProxyBalanceMode.class
   JD: Core.jar/jd/controlling/downloadcontroller/DownloadLinkCandidateSelector.class
   JD: Core.jar/jd/controlling/downloadcontroller/DownloadSession$1.class
   JD: Core.jar/jd/controlling/downloadcontroller/DownloadSession$2.class
   JD: Core.jar/jd/controlling/downloadcontroller/DownloadSession$3.class
   JD: Core.jar/jd/controlling/downloadcontroller/DownloadSession$4.class
   JD: Core.jar/jd/controlling/downloadcontroller/DownloadSession$5.class
   JD: Core.jar/jd/controlling/downloadcontroller/DownloadSession$6.class
   JD: Core.jar/jd/controlling/downloadcontroller/DownloadSession$7.class
   JD: Core.jar/jd/controlling/downloadcontroller/DownloadSession$STOPMARK.class
   JD: Core.jar/jd/controlling/downloadcontroller/DownloadSession$SessionState.class
   JD: Core.jar/jd/controlling/downloadcontroller/DownloadSession.class
   JD: Core.jar/jd/controlling/downloadcontroller/DownloadSpeedManager$1.class
   JD: Core.jar/jd/controlling/downloadcontroller/DownloadSpeedManager$ManagedThrottledConnectionHelper.class
   JD: Core.jar/jd/controlling/downloadcontroller/DownloadSpeedManager$ThrottledConnectionHelp.class
   JD: Core.jar/jd/controlling/downloadcontroller/DownloadSpeedManager.class
   JD: Core.jar/jd/controlling/downloadcontroller/DownloadWatchDog$1.class
   JD: Core.jar/jd/controlling/downloadcontroller/DownloadWatchDog$10$1.class
   JD: Core.jar/jd/controlling/downloadcontroller/DownloadWatchDog$10.class
   JD: Core.jar/jd/controlling/downloadcontroller/DownloadWatchDog$11.class
   JD: Core.jar/jd/controlling/downloadcontroller/DownloadWatchDog$12$1.class
   JD: Core.jar/jd/controlling/downloadcontroller/DownloadWatchDog$12.class
   JD: Core.jar/jd/controlling/downloadcontroller/DownloadWatchDog$13$1.class
   JD: Core.jar/jd/controlling/downloadcontroller/DownloadWatchDog$13.class
   JD: Core.jar/jd/controlling/downloadcontroller/DownloadWatchDog$14.class
   JD: Core.jar/jd/controlling/downloadcontroller/DownloadWatchDog$15.class
   JD: Core.jar/jd/controlling/downloadcontroller/DownloadWatchDog$16.class
   JD: Core.jar/jd/controlling/downloadcontroller/DownloadWatchDog$17.class
   JD: Core.jar/jd/controlling/downloadcontroller/DownloadWatchDog$18.class
   JD: Core.jar/jd/controlling/downloadcontroller/DownloadWatchDog$19.class
   JD: Core.jar/jd/controlling/downloadcontroller/DownloadWatchDog$2.class
   JD: Core.jar/jd/controlling/downloadcontroller/DownloadWatchDog$20.class
   JD: Core.jar/jd/controlling/downloadcontroller/DownloadWatchDog$21.class
   JD: Core.jar/jd/controlling/downloadcontroller/DownloadWatchDog$22$1.class
   JD: Core.jar/jd/controlling/downloadcontroller/DownloadWatchDog$22.class
   JD: Core.jar/jd/controlling/downloadcontroller/DownloadWatchDog$23$1.class
   JD: Core.jar/jd/controlling/downloadcontroller/DownloadWatchDog$23.class
   JD: Core.jar/jd/controlling/downloadcontroller/DownloadWatchDog$24.class
   JD: Core.jar/jd/controlling/downloadcontroller/DownloadWatchDog$25.class
   JD: Core.jar/jd/controlling/downloadcontroller/DownloadWatchDog$26.class
   JD: Core.jar/jd/controlling/downloadcontroller/DownloadWatchDog$27$1.class
   JD: Core.jar/jd/controlling/downloadcontroller/DownloadWatchDog$27.class
   JD: Core.jar/jd/controlling/downloadcontroller/DownloadWatchDog$28.class
   JD: Core.jar/jd/controlling/downloadcontroller/DownloadWatchDog$29$1.class
   JD: Core.jar/jd/controlling/downloadcontroller/DownloadWatchDog$29.class
   JD: Core.jar/jd/controlling/downloadcontroller/DownloadWatchDog$3$1.class
   JD: Core.jar/jd/controlling/downloadcontroller/DownloadWatchDog$3.class
   JD: Core.jar/jd/controlling/downloadcontroller/DownloadWatchDog$30.class
   JD: Core.jar/jd/controlling/downloadcontroller/DownloadWatchDog$31.class
   JD: Core.jar/jd/controlling/downloadcontroller/DownloadWatchDog$32.class
   JD: Core.jar/jd/controlling/downloadcontroller/DownloadWatchDog$33$1.class
   JD: Core.jar/jd/controlling/downloadcontroller/DownloadWatchDog$33.class
   JD: Core.jar/jd/controlling/downloadcontroller/DownloadWatchDog$34$1.class
   JD: Core.jar/jd/controlling/downloadcontroller/DownloadWatchDog$34$2$1$1$1.class
   JD: Core.jar/jd/controlling/downloadcontroller/DownloadWatchDog$34$2$1$1.class
   JD: Core.jar/jd/controlling/downloadcontroller/DownloadWatchDog$34$2$1.class
   JD: Core.jar/jd/controlling/downloadcontroller/DownloadWatchDog$34$2.class
   JD: Core.jar/jd/controlling/downloadcontroller/DownloadWatchDog$34$3$1.class
   JD: Core.jar/jd/controlling/downloadcontroller/DownloadWatchDog$34$3.class
   JD: Core.jar/jd/controlling/downloadcontroller/DownloadWatchDog$34$4$1.class
   JD: Core.jar/jd/controlling/downloadcontroller/DownloadWatchDog$34$4.class
   JD: Core.jar/jd/controlling/downloadcontroller/DownloadWatchDog$34$5$1.class
   JD: Core.jar/jd/controlling/downloadcontroller/DownloadWatchDog$34$5$2.class
   JD: Core.jar/jd/controlling/downloadcontroller/DownloadWatchDog$34$5$3.class
   JD: Core.jar/jd/controlling/downloadcontroller/DownloadWatchDog$34$5$4.class
   JD: Core.jar/jd/controlling/downloadcontroller/DownloadWatchDog$34$5$5.class
   JD: Core.jar/jd/controlling/downloadcontroller/DownloadWatchDog$34$5$6.class
   JD: Core.jar/jd/controlling/downloadcontroller/DownloadWatchDog$34$5.class
   JD: Core.jar/jd/controlling/downloadcontroller/DownloadWatchDog$34$6.class
   JD: Core.jar/jd/controlling/downloadcontroller/DownloadWatchDog$34$7.class
   JD: Core.jar/jd/controlling/downloadcontroller/DownloadWatchDog$34$8.class
   JD: Core.jar/jd/controlling/downloadcontroller/DownloadWatchDog$34$9.class
   JD: Core.jar/jd/controlling/downloadcontroller/DownloadWatchDog$34.class
   JD: Core.jar/jd/controlling/downloadcontroller/DownloadWatchDog$35.class
   JD: Core.jar/jd/controlling/downloadcontroller/DownloadWatchDog$36.class
   JD: Core.jar/jd/controlling/downloadcontroller/DownloadWatchDog$37.class
   JD: Core.jar/jd/controlling/downloadcontroller/DownloadWatchDog$38$1.class
   JD: Core.jar/jd/controlling/downloadcontroller/DownloadWatchDog$38$2.class
   JD: Core.jar/jd/controlling/downloadcontroller/DownloadWatchDog$38.class
   JD: Core.jar/jd/controlling/downloadcontroller/DownloadWatchDog$39.class
   JD: Core.jar/jd/controlling/downloadcontroller/DownloadWatchDog$4$1.class
   JD: Core.jar/jd/controlling/downloadcontroller/DownloadWatchDog$4.class
   JD: Core.jar/jd/controlling/downloadcontroller/DownloadWatchDog$40.class
   JD: Core.jar/jd/controlling/downloadcontroller/DownloadWatchDog$41.class
   JD: Core.jar/jd/controlling/downloadcontroller/DownloadWatchDog$42.class
   JD: Core.jar/jd/controlling/downloadcontroller/DownloadWatchDog$43.class
   JD: Core.jar/jd/controlling/downloadcontroller/DownloadWatchDog$44.class
   JD: Core.jar/jd/controlling/downloadcontroller/DownloadWatchDog$45.class
   JD: Core.jar/jd/controlling/downloadcontroller/DownloadWatchDog$5$1.class
   JD: Core.jar/jd/controlling/downloadcontroller/DownloadWatchDog$5.class
   JD: Core.jar/jd/controlling/downloadcontroller/DownloadWatchDog$6$1.class
   JD: Core.jar/jd/controlling/downloadcontroller/DownloadWatchDog$6.class
   JD: Core.jar/jd/controlling/downloadcontroller/DownloadWatchDog$7$1.class
   JD: Core.jar/jd/controlling/downloadcontroller/DownloadWatchDog$7.class
   JD: Core.jar/jd/controlling/downloadcontroller/DownloadWatchDog$8.class
   JD: Core.jar/jd/controlling/downloadcontroller/DownloadWatchDog$9$1.class
   JD: Core.jar/jd/controlling/downloadcontroller/DownloadWatchDog$9.class
   JD: Core.jar/jd/controlling/downloadcontroller/DownloadWatchDog$ReconnectThread$1.class
   JD: Core.jar/jd/controlling/downloadcontroller/DownloadWatchDog$ReconnectThread.class
   JD: Core.jar/jd/controlling/downloadcontroller/DownloadWatchDog.class
   JD: Core.jar/jd/controlling/downloadcontroller/DownloadWatchDogProperty$Property.class
   JD: Core.jar/jd/controlling/downloadcontroller/FilePackageStorable.class
   JD: Core.jar/jd/controlling/downloadcontroller/HistoryEntry$1.class
   JD: Core.jar/jd/controlling/downloadcontroller/HistoryEntry.class
   JD: Core.jar/jd/controlling/downloadcontroller/IfFileExistsDialog$1.class
   JD: Core.jar/jd/controlling/downloadcontroller/IfFileExistsDialog$2.class
   JD: Core.jar/jd/controlling/downloadcontroller/IfFileExistsDialog$3.class
   JD: Core.jar/jd/controlling/downloadcontroller/IfFileExistsDialog$4.class
   JD: Core.jar/jd/controlling/downloadcontroller/IfFileExistsDialog.class
   JD: Core.jar/jd/controlling/downloadcontroller/ManagedThrottledConnectionHandler.class
   JD: Core.jar/jd/controlling/downloadcontroller/ProxyInfoHistory$1.class
   JD: Core.jar/jd/controlling/downloadcontroller/ProxyInfoHistory$2.class
   JD: Core.jar/jd/controlling/downloadcontroller/ProxyInfoHistory$WaitingSkipReasonContainer.class
   JD: Core.jar/jd/controlling/downloadcontroller/ProxyInfoHistory.class
   JD: Core.jar/jd/controlling/downloadcontroller/SingleDownloadController$1.class
   JD: Core.jar/jd/controlling/downloadcontroller/SingleDownloadController$2$1.class
   JD: Core.jar/jd/controlling/downloadcontroller/SingleDownloadController$2.class
   JD: Core.jar/jd/controlling/downloadcontroller/SingleDownloadController$3.class
   JD: Core.jar/jd/controlling/downloadcontroller/SingleDownloadController$4.class
   JD: Core.jar/jd/controlling/downloadcontroller/SingleDownloadController.class
   JD: Core.jar/jd/controlling/downloadcontroller/event/DownloadWatchdogEvent$Type.class
   JD: Core.jar/jd/controlling/downloadcontroller/event/DownloadWatchdogEventSender$1.class
   JD: Core.jar/jd/controlling/downloadcontroller/event/DownloadWatchdogEventSender.class
   JD: Core.jar/jd/controlling/faviconcontroller/FavIcons$1.class
   JD: Core.jar/jd/controlling/faviconcontroller/FavIcons$2.class
   JD: Core.jar/jd/controlling/faviconcontroller/FavIcons$3.class
   JD: Core.jar/jd/controlling/faviconcontroller/FavIcons$4.class
   JD: Core.jar/jd/controlling/faviconcontroller/FavIcons.class
   JD: Core.jar/jd/controlling/linkchecker/LinkChecker$1.class
   JD: Core.jar/jd/controlling/linkchecker/LinkChecker$2.class
   JD: Core.jar/jd/controlling/linkchecker/LinkChecker.class
   JD: Core.jar/jd/controlling/linkchecker/LinkCheckerEvent$Type.class
   JD: Core.jar/jd/controlling/linkchecker/LinkCheckerEventSender.class
   JD: Core.jar/jd/controlling/linkchecker/LinkCheckerThread.class
   JD: Core.jar/jd/controlling/linkcollector/CrawledLinkStorable.class
   JD: Core.jar/jd/controlling/linkcollector/CrawledPackageStorable$1.class
   JD: Core.jar/jd/controlling/linkcollector/CrawledPackageStorable$2.class
   JD: Core.jar/jd/controlling/linkcollector/CrawledPackageStorable$3.class
   JD: Core.jar/jd/controlling/linkcollector/CrawledPackageStorable$TYPE.class
   JD: Core.jar/jd/controlling/linkcollector/CrawledPackageStorable.class
   JD: Core.jar/jd/controlling/linkcollector/GenericResetLinkgrabberRlyDialog$1.class
   JD: Core.jar/jd/controlling/linkcollector/GenericResetLinkgrabberRlyDialog.class
   JD: Core.jar/jd/controlling/linkcollector/LinkCollectingJob.class
   JD: Core.jar/jd/controlling/linkcollector/LinkCollector$1$1.class
   JD: Core.jar/jd/controlling/linkcollector/LinkCollector$1.class
   JD: Core.jar/jd/controlling/linkcollector/LinkCollector$10.class
   JD: Core.jar/jd/controlling/linkcollector/LinkCollector$11.class
   JD: Core.jar/jd/controlling/linkcollector/LinkCollector$12.class
   JD: Core.jar/jd/controlling/linkcollector/LinkCollector$13.class
   JD: Core.jar/jd/controlling/linkcollector/LinkCollector$14.class
   JD: Core.jar/jd/controlling/linkcollector/LinkCollector$15.class
   JD: Core.jar/jd/controlling/linkcollector/LinkCollector$16.class
   JD: Core.jar/jd/controlling/linkcollector/LinkCollector$17.class
   JD: Core.jar/jd/controlling/linkcollector/LinkCollector$18$1.class
   JD: Core.jar/jd/controlling/linkcollector/LinkCollector$18.class
   JD: Core.jar/jd/controlling/linkcollector/LinkCollector$19.class
   JD: Core.jar/jd/controlling/linkcollector/LinkCollector$2$1.class
   JD: Core.jar/jd/controlling/linkcollector/LinkCollector$2.class
   JD: Core.jar/jd/controlling/linkcollector/LinkCollector$20.class
   JD: Core.jar/jd/controlling/linkcollector/LinkCollector$21.class
   JD: Core.jar/jd/controlling/linkcollector/LinkCollector$22.class
   JD: Core.jar/jd/controlling/linkcollector/LinkCollector$23$1.class
   JD: Core.jar/jd/controlling/linkcollector/LinkCollector$23$2.class
   JD: Core.jar/jd/controlling/linkcollector/LinkCollector$23.class
   JD: Core.jar/jd/controlling/linkcollector/LinkCollector$24$1.class
   JD: Core.jar/jd/controlling/linkcollector/LinkCollector$24.class
   JD: Core.jar/jd/controlling/linkcollector/LinkCollector$25.class
   JD: Core.jar/jd/controlling/linkcollector/LinkCollector$26$1.class
   JD: Core.jar/jd/controlling/linkcollector/LinkCollector$26.class
   JD: Core.jar/jd/controlling/linkcollector/LinkCollector$27$1.class
   JD: Core.jar/jd/controlling/linkcollector/LinkCollector$27$2.class
   JD: Core.jar/jd/controlling/linkcollector/LinkCollector$27.class
   JD: Core.jar/jd/controlling/linkcollector/LinkCollector$28.class
   JD: Core.jar/jd/controlling/linkcollector/LinkCollector$29.class
   JD: Core.jar/jd/controlling/linkcollector/LinkCollector$3$1.class
   JD: Core.jar/jd/controlling/linkcollector/LinkCollector$3.class
   JD: Core.jar/jd/controlling/linkcollector/LinkCollector$30.class
   JD: Core.jar/jd/controlling/linkcollector/LinkCollector$31.class
   JD: Core.jar/jd/controlling/linkcollector/LinkCollector$32.class
   JD: Core.jar/jd/controlling/linkcollector/LinkCollector$4.class
   JD: Core.jar/jd/controlling/linkcollector/LinkCollector$5.class
   JD: Core.jar/jd/controlling/linkcollector/LinkCollector$6.class
   JD: Core.jar/jd/controlling/linkcollector/LinkCollector$7.class
   JD: Core.jar/jd/controlling/linkcollector/LinkCollector$8.class
   JD: Core.jar/jd/controlling/linkcollector/LinkCollector$9.class
   JD: Core.jar/jd/controlling/linkcollector/LinkCollector$CrawledPackageMappingID.class
   JD: Core.jar/jd/controlling/linkcollector/LinkCollector$JobLinkChecker.class
   JD: Core.jar/jd/controlling/linkcollector/LinkCollector$JobLinkCrawler$1.class
   JD: Core.jar/jd/controlling/linkcollector/LinkCollector$JobLinkCrawler.class
   JD: Core.jar/jd/controlling/linkcollector/LinkCollector$LoadedPackage.class
   JD: Core.jar/jd/controlling/linkcollector/LinkCollector$MoveLinksMode.class
   JD: Core.jar/jd/controlling/linkcollector/LinkCollector$MoveLinksSettings.class
   JD: Core.jar/jd/controlling/linkcollector/LinkCollector.class
   JD: Core.jar/jd/controlling/linkcollector/LinkCollectorEvent$TYPE.class
   JD: Core.jar/jd/controlling/linkcollector/LinkCollectorEventSender$1.class
   JD: Core.jar/jd/controlling/linkcollector/LinkCollectorEventSender.class
   JD: Core.jar/jd/controlling/linkcollector/LinkCollectorHighlightListener$1.class
   JD: Core.jar/jd/controlling/linkcollector/LinkCollectorHighlightListener.class
   JD: Core.jar/jd/controlling/linkcollector/LinkOrigin.class
   JD: Core.jar/jd/controlling/linkcollector/LinkOriginDetails.class
   JD: Core.jar/jd/controlling/linkcollector/LinknameCleaner$EXTENSION_SETTINGS.class
   JD: Core.jar/jd/controlling/linkcollector/LinknameCleaner.class
   JD: Core.jar/jd/controlling/linkcollector/VariousCrawledLinkFlags$1.class
   JD: Core.jar/jd/controlling/linkcollector/VariousCrawledLinkFlags.class
   JD: Core.jar/jd/controlling/linkcollector/autostart/AutoStartManager$1$1.class
   JD: Core.jar/jd/controlling/linkcollector/autostart/AutoStartManager$1$2.class
   JD: Core.jar/jd/controlling/linkcollector/autostart/AutoStartManager$1.class
   JD: Core.jar/jd/controlling/linkcollector/autostart/AutoStartManager$2.class
   JD: Core.jar/jd/controlling/linkcollector/autostart/AutoStartManager.class
   JD: Core.jar/jd/controlling/linkcollector/autostart/AutoStartManagerEvent$Type.class
   JD: Core.jar/jd/controlling/linkcollector/autostart/AutoStartManagerEventSender$1.class
   JD: Core.jar/jd/controlling/linkcollector/autostart/AutoStartManagerEventSender.class
   JD: Core.jar/jd/controlling/linkcollector/event/LinkCollectorCrawlerEvent$Type.class
   JD: Core.jar/jd/controlling/linkcollector/event/LinkCollectorCrawlerEventSender$1.class
   JD: Core.jar/jd/controlling/linkcollector/event/LinkCollectorCrawlerEventSender.class
   JD: Core.jar/jd/controlling/linkcrawler/ArchiveInfo.class
   JD: Core.jar/jd/controlling/linkcrawler/CrawledLink$1.class
   JD: Core.jar/jd/controlling/linkcrawler/CrawledLink$2.class
   JD: Core.jar/jd/controlling/linkcrawler/CrawledLink.class
   JD: Core.jar/jd/controlling/linkcrawler/CrawledLinkModifiers.class
   JD: Core.jar/jd/controlling/linkcrawler/CrawledLinkProperty$Property.class
   JD: Core.jar/jd/controlling/linkcrawler/CrawledPackage$1.class
   JD: Core.jar/jd/controlling/linkcrawler/CrawledPackage$2.class
   JD: Core.jar/jd/controlling/linkcrawler/CrawledPackage$3.class
   JD: Core.jar/jd/controlling/linkcrawler/CrawledPackage$TYPE.class
   JD: Core.jar/jd/controlling/linkcrawler/CrawledPackage.class
   JD: Core.jar/jd/controlling/linkcrawler/CrawledPackageProperty$Property.class
   JD: Core.jar/jd/controlling/linkcrawler/CrawledPackageView$1.class
   JD: Core.jar/jd/controlling/linkcrawler/CrawledPackageView$LinkInfo.class
   JD: Core.jar/jd/controlling/linkcrawler/CrawledPackageView$Temp.class
   JD: Core.jar/jd/controlling/linkcrawler/CrawledPackageView.class
   JD: Core.jar/jd/controlling/linkcrawler/LinkCrawler$1.class
   JD: Core.jar/jd/controlling/linkcrawler/LinkCrawler$10.class
   JD: Core.jar/jd/controlling/linkcrawler/LinkCrawler$11.class
   JD: Core.jar/jd/controlling/linkcrawler/LinkCrawler$12.class
   JD: Core.jar/jd/controlling/linkcrawler/LinkCrawler$13.class
   JD: Core.jar/jd/controlling/linkcrawler/LinkCrawler$14.class
   JD: Core.jar/jd/controlling/linkcrawler/LinkCrawler$15.class
   JD: Core.jar/jd/controlling/linkcrawler/LinkCrawler$16.class
   JD: Core.jar/jd/controlling/linkcrawler/LinkCrawler$17.class
   JD: Core.jar/jd/controlling/linkcrawler/LinkCrawler$18.class
   JD: Core.jar/jd/controlling/linkcrawler/LinkCrawler$19.class
   JD: Core.jar/jd/controlling/linkcrawler/LinkCrawler$2.class
   JD: Core.jar/jd/controlling/linkcrawler/LinkCrawler$20.class
   JD: Core.jar/jd/controlling/linkcrawler/LinkCrawler$21.class
   JD: Core.jar/jd/controlling/linkcrawler/LinkCrawler$22.class
   JD: Core.jar/jd/controlling/linkcrawler/LinkCrawler$23.class
   JD: Core.jar/jd/controlling/linkcrawler/LinkCrawler$24.class
   JD: Core.jar/jd/controlling/linkcrawler/LinkCrawler$25$1.class
   JD: Core.jar/jd/controlling/linkcrawler/LinkCrawler$25.class
   JD: Core.jar/jd/controlling/linkcrawler/LinkCrawler$26$1.class
   JD: Core.jar/jd/controlling/linkcrawler/LinkCrawler$26.class
   JD: Core.jar/jd/controlling/linkcrawler/LinkCrawler$27$1.class.removed
   JD: Core.jar/jd/controlling/linkcrawler/LinkCrawler$27.class
   JD: Core.jar/jd/controlling/linkcrawler/LinkCrawler$28.class
   JD: Core.jar/jd/controlling/linkcrawler/LinkCrawler$29.class
   JD: Core.jar/jd/controlling/linkcrawler/LinkCrawler$3.class
   JD: Core.jar/jd/controlling/linkcrawler/LinkCrawler$30.class
   JD: Core.jar/jd/controlling/linkcrawler/LinkCrawler$31.class.removed
   JD: Core.jar/jd/controlling/linkcrawler/LinkCrawler$4.class
   JD: Core.jar/jd/controlling/linkcrawler/LinkCrawler$5.class
   JD: Core.jar/jd/controlling/linkcrawler/LinkCrawler$6.class
   JD: Core.jar/jd/controlling/linkcrawler/LinkCrawler$7.class
   JD: Core.jar/jd/controlling/linkcrawler/LinkCrawler$8.class
   JD: Core.jar/jd/controlling/linkcrawler/LinkCrawler$9.class
   JD: Core.jar/jd/controlling/linkcrawler/LinkCrawler$DISTRIBUTE.class
   JD: Core.jar/jd/controlling/linkcrawler/LinkCrawler$DUPLICATE.class
   JD: Core.jar/jd/controlling/linkcrawler/LinkCrawler$LinkCrawlerGeneration.class
   JD: Core.jar/jd/controlling/linkcrawler/LinkCrawler$LinkCrawlerTask.class
   JD: Core.jar/jd/controlling/linkcrawler/LinkCrawler.class
   JD: Core.jar/jd/controlling/linkcrawler/LinkCrawlerConfig$DirectHTTPPermission.class
   JD: Core.jar/jd/controlling/linkcrawler/LinkCrawlerConfig.class
   JD: Core.jar/jd/controlling/linkcrawler/LinkCrawlerDeepHelperInterface.class
   JD: Core.jar/jd/controlling/linkcrawler/LinkCrawlerDeepInspector.class
   JD: Core.jar/jd/controlling/linkcrawler/LinkCrawlerEvent$Type.class
   JD: Core.jar/jd/controlling/linkcrawler/LinkCrawlerEventSender.class
   JD: Core.jar/jd/controlling/linkcrawler/LinkCrawlerRule$RULE.class
   JD: Core.jar/jd/controlling/linkcrawler/LinkCrawlerRunnable.class
   JD: Core.jar/jd/controlling/linkcrawler/LinkCrawlerThread.class
   JD: Core.jar/jd/controlling/linkcrawler/modifier/DownloadFolderModifier.class
   JD: Core.jar/jd/controlling/packagecontroller/AbstractNodeNotifier$NOTIFY.class
   JD: Core.jar/jd/controlling/packagecontroller/ChildrenView$ChildrenAvailablility.class
   JD: Core.jar/jd/controlling/packagecontroller/PackageController$1.class
   JD: Core.jar/jd/controlling/packagecontroller/PackageController$10.class
   JD: Core.jar/jd/controlling/packagecontroller/PackageController$11.class
   JD: Core.jar/jd/controlling/packagecontroller/PackageController$12.class
   JD: Core.jar/jd/controlling/packagecontroller/PackageController$13.class
   JD: Core.jar/jd/controlling/packagecontroller/PackageController$14$1.class
   JD: Core.jar/jd/controlling/packagecontroller/PackageController$14.class
   JD: Core.jar/jd/controlling/packagecontroller/PackageController$15.class
   JD: Core.jar/jd/controlling/packagecontroller/PackageController$2.class
   JD: Core.jar/jd/controlling/packagecontroller/PackageController$3.class
   JD: Core.jar/jd/controlling/packagecontroller/PackageController$4.class
   JD: Core.jar/jd/controlling/packagecontroller/PackageController$5.class
   JD: Core.jar/jd/controlling/packagecontroller/PackageController$6.class
   JD: Core.jar/jd/controlling/packagecontroller/PackageController$7.class
   JD: Core.jar/jd/controlling/packagecontroller/PackageController$8.class
   JD: Core.jar/jd/controlling/packagecontroller/PackageController$9.class
   JD: Core.jar/jd/controlling/packagecontroller/PackageController.class
   JD: Core.jar/jd/controlling/proxy/AbstractProxySelectorImpl$Type.class
   JD: Core.jar/jd/controlling/proxy/AbstractProxySelectorImpl.class
   JD: Core.jar/jd/controlling/proxy/EndPointConnectExceptionBan.class
   JD: Core.jar/jd/controlling/proxy/NoProxySelector.class
   JD: Core.jar/jd/controlling/proxy/PacProxySelectorImpl$1.class
   JD: Core.jar/jd/controlling/proxy/PacProxySelectorImpl$2.class
   JD: Core.jar/jd/controlling/proxy/PacProxySelectorImpl.class
   JD: Core.jar/jd/controlling/proxy/ProxyController$1.class
   JD: Core.jar/jd/controlling/proxy/ProxyController$10.class
   JD: Core.jar/jd/controlling/proxy/ProxyController$11.class
   JD: Core.jar/jd/controlling/proxy/ProxyController$12.class
   JD: Core.jar/jd/controlling/proxy/ProxyController$13.class
   JD: Core.jar/jd/controlling/proxy/ProxyController$14.class
   JD: Core.jar/jd/controlling/proxy/ProxyController$15.class
   JD: Core.jar/jd/controlling/proxy/ProxyController$16.class
   JD: Core.jar/jd/controlling/proxy/ProxyController$17.class
   JD: Core.jar/jd/controlling/proxy/ProxyController$18.class
   JD: Core.jar/jd/controlling/proxy/ProxyController$19.class
   JD: Core.jar/jd/controlling/proxy/ProxyController$2.class
   JD: Core.jar/jd/controlling/proxy/ProxyController$20.class
   JD: Core.jar/jd/controlling/proxy/ProxyController$3.class
   JD: Core.jar/jd/controlling/proxy/ProxyController$4.class
   JD: Core.jar/jd/controlling/proxy/ProxyController$5.class
   JD: Core.jar/jd/controlling/proxy/ProxyController$6.class
   JD: Core.jar/jd/controlling/proxy/ProxyController$7$1.class
   JD: Core.jar/jd/controlling/proxy/ProxyController$7.class
   JD: Core.jar/jd/controlling/proxy/ProxyController$8.class
   JD: Core.jar/jd/controlling/proxy/ProxyController$9.class
   JD: Core.jar/jd/controlling/proxy/ProxyController$SelectedProxyLock.class
   JD: Core.jar/jd/controlling/proxy/ProxyController.class
   JD: Core.jar/jd/controlling/proxy/ProxyEvent$Types.class
   JD: Core.jar/jd/controlling/proxy/SingleBasicProxySelectorImpl$1.class
   JD: Core.jar/jd/controlling/proxy/SingleBasicProxySelectorImpl.class
   JD: Core.jar/jd/controlling/proxy/SingleDirectGatewaySelector.class
   JD: Core.jar/jd/controlling/reconnect/DummyRouterPlugin$1.class
   JD: Core.jar/jd/controlling/reconnect/DummyRouterPlugin.class
   JD: Core.jar/jd/controlling/reconnect/ReconnectEventSender$1.class
   JD: Core.jar/jd/controlling/reconnect/ReconnectEventSender.class
   JD: Core.jar/jd/controlling/reconnect/ReconnectInvoker.class
   JD: Core.jar/jd/controlling/reconnect/ReconnectPluginController$1.class
   JD: Core.jar/jd/controlling/reconnect/ReconnectPluginController$2.class
   JD: Core.jar/jd/controlling/reconnect/ReconnectPluginController$3.class
   JD: Core.jar/jd/controlling/reconnect/ReconnectPluginController$4.class
   JD: Core.jar/jd/controlling/reconnect/ReconnectPluginController.class
   JD: Core.jar/jd/controlling/reconnect/Reconnecter$1.class
   JD: Core.jar/jd/controlling/reconnect/Reconnecter$ReconnectResult.class
   JD: Core.jar/jd/controlling/reconnect/Reconnecter.class
   JD: Core.jar/jd/controlling/reconnect/ReconnecterEvent$Type.class
   JD: Core.jar/jd/controlling/reconnect/RouterPlugin.class
   JD: Core.jar/jd/controlling/reconnect/RouterUtils$1.class
   JD: Core.jar/jd/controlling/reconnect/RouterUtils$2.class
   JD: Core.jar/jd/controlling/reconnect/RouterUtils.class
   JD: Core.jar/jd/controlling/reconnect/WizardUtils$1.class
   JD: Core.jar/jd/controlling/reconnect/WizardUtils.class
   JD: Core.jar/jd/controlling/reconnect/ipcheck/BalancedWebIPCheck.class
   JD: Core.jar/jd/controlling/reconnect/ipcheck/CustomWebIpCheck.class
   JD: Core.jar/jd/controlling/reconnect/ipcheck/IP.class
   JD: Core.jar/jd/controlling/reconnect/ipcheck/IPController.class
   JD: Core.jar/jd/controlling/reconnect/ipcheck/event/IPControllEvent$Type.class
   JD: Core.jar/jd/controlling/reconnect/ipcheck/event/IPControllEventSender$1.class
   JD: Core.jar/jd/controlling/reconnect/ipcheck/event/IPControllEventSender.class
   JD: Core.jar/jd/controlling/reconnect/pluginsinc/batch/ExternBatchReconnectPlugin$1.class
   JD: Core.jar/jd/controlling/reconnect/pluginsinc/batch/ExternBatchReconnectPlugin$2.class
   JD: Core.jar/jd/controlling/reconnect/pluginsinc/batch/ExternBatchReconnectPlugin$3.class
   JD: Core.jar/jd/controlling/reconnect/pluginsinc/batch/ExternBatchReconnectPlugin$4.class
   JD: Core.jar/jd/controlling/reconnect/pluginsinc/batch/ExternBatchReconnectPlugin.class
   JD: Core.jar/jd/controlling/reconnect/pluginsinc/batch/translate/T.class
   JD: Core.jar/jd/controlling/reconnect/pluginsinc/easybox804/EasyBox804$1.class
   JD: Core.jar/jd/controlling/reconnect/pluginsinc/easybox804/EasyBox804$2.class
   JD: Core.jar/jd/controlling/reconnect/pluginsinc/easybox804/EasyBox804$3.class
   JD: Core.jar/jd/controlling/reconnect/pluginsinc/easybox804/EasyBox804.class
   JD: Core.jar/jd/controlling/reconnect/pluginsinc/extern/ExternReconnectPlugin$1.class
   JD: Core.jar/jd/controlling/reconnect/pluginsinc/extern/ExternReconnectPlugin$2.class
   JD: Core.jar/jd/controlling/reconnect/pluginsinc/extern/ExternReconnectPlugin$3.class
   JD: Core.jar/jd/controlling/reconnect/pluginsinc/extern/ExternReconnectPlugin.class
   JD: Core.jar/jd/controlling/reconnect/pluginsinc/extern/translate/T.class
   JD: Core.jar/jd/controlling/reconnect/pluginsinc/liveheader/CFG_LIVEHEADER.class
   JD: Core.jar/jd/controlling/reconnect/pluginsinc/liveheader/DataCompareDialog$1.class
   JD: Core.jar/jd/controlling/reconnect/pluginsinc/liveheader/DataCompareDialog.class
   JD: Core.jar/jd/controlling/reconnect/pluginsinc/liveheader/DefaultPassword.class.removed
   JD: Core.jar/jd/controlling/reconnect/pluginsinc/liveheader/DefaultRouterIP.class.removed
   JD: Core.jar/jd/controlling/reconnect/pluginsinc/liveheader/DefaultScript.class.removed
   JD: Core.jar/jd/controlling/reconnect/pluginsinc/liveheader/DefaultUsername.class.removed
   JD: Core.jar/jd/controlling/reconnect/pluginsinc/liveheader/EditScriptAction.class
   JD: Core.jar/jd/controlling/reconnect/pluginsinc/liveheader/GetIPAction$1.class
   JD: Core.jar/jd/controlling/reconnect/pluginsinc/liveheader/GetIPAction.class
   JD: Core.jar/jd/controlling/reconnect/pluginsinc/liveheader/ImportRouterDialog$1.class
   JD: Core.jar/jd/controlling/reconnect/pluginsinc/liveheader/ImportRouterDialog$2.class
   JD: Core.jar/jd/controlling/reconnect/pluginsinc/liveheader/ImportRouterDialog$3.class
   JD: Core.jar/jd/controlling/reconnect/pluginsinc/liveheader/ImportRouterDialog$4.class
   JD: Core.jar/jd/controlling/reconnect/pluginsinc/liveheader/ImportRouterDialog$5.class
   JD: Core.jar/jd/controlling/reconnect/pluginsinc/liveheader/ImportRouterDialog.class
   JD: Core.jar/jd/controlling/reconnect/pluginsinc/liveheader/LiveHeaderDetectionWizard$1.class
   JD: Core.jar/jd/controlling/reconnect/pluginsinc/liveheader/LiveHeaderDetectionWizard$2$1.class
   JD: Core.jar/jd/controlling/reconnect/pluginsinc/liveheader/LiveHeaderDetectionWizard$2.class
   JD: Core.jar/jd/controlling/reconnect/pluginsinc/liveheader/LiveHeaderDetectionWizard$3.class
   JD: Core.jar/jd/controlling/reconnect/pluginsinc/liveheader/LiveHeaderDetectionWizard.class
   JD: Core.jar/jd/controlling/reconnect/pluginsinc/liveheader/LiveHeaderInvoker$1.class
   JD: Core.jar/jd/controlling/reconnect/pluginsinc/liveheader/LiveHeaderInvoker.class
   JD: Core.jar/jd/controlling/reconnect/pluginsinc/liveheader/LiveHeaderReconnect$1.class
   JD: Core.jar/jd/controlling/reconnect/pluginsinc/liveheader/LiveHeaderReconnect$2.class
   JD: Core.jar/jd/controlling/reconnect/pluginsinc/liveheader/LiveHeaderReconnect$3.class
   JD: Core.jar/jd/controlling/reconnect/pluginsinc/liveheader/LiveHeaderReconnect$4.class
   JD: Core.jar/jd/controlling/reconnect/pluginsinc/liveheader/LiveHeaderReconnect$5.class
   JD: Core.jar/jd/controlling/reconnect/pluginsinc/liveheader/LiveHeaderReconnect$6$1.class
   JD: Core.jar/jd/controlling/reconnect/pluginsinc/liveheader/LiveHeaderReconnect$6.class
   JD: Core.jar/jd/controlling/reconnect/pluginsinc/liveheader/LiveHeaderReconnect$7.class
   JD: Core.jar/jd/controlling/reconnect/pluginsinc/liveheader/LiveHeaderReconnect$8.class
   JD: Core.jar/jd/controlling/reconnect/pluginsinc/liveheader/LiveHeaderReconnect.class
   JD: Core.jar/jd/controlling/reconnect/pluginsinc/liveheader/LiveHeaderReconnectSettings.class
   JD: Core.jar/jd/controlling/reconnect/pluginsinc/liveheader/LiveHeaderScriptConfirmDialog$1$1.class
   JD: Core.jar/jd/controlling/reconnect/pluginsinc/liveheader/LiveHeaderScriptConfirmDialog$1$2.class
   JD: Core.jar/jd/controlling/reconnect/pluginsinc/liveheader/LiveHeaderScriptConfirmDialog$1.class
   JD: Core.jar/jd/controlling/reconnect/pluginsinc/liveheader/LiveHeaderScriptConfirmDialog$2.class
   JD: Core.jar/jd/controlling/reconnect/pluginsinc/liveheader/LiveHeaderScriptConfirmDialog$3.class
   JD: Core.jar/jd/controlling/reconnect/pluginsinc/liveheader/LiveHeaderScriptConfirmDialog.class
   JD: Core.jar/jd/controlling/reconnect/pluginsinc/liveheader/LiveHeaderScriptConfirmUploadDialog.class
   JD: Core.jar/jd/controlling/reconnect/pluginsinc/liveheader/ReconnectFindDialog$1.class
   JD: Core.jar/jd/controlling/reconnect/pluginsinc/liveheader/ReconnectFindDialog$2.class
   JD: Core.jar/jd/controlling/reconnect/pluginsinc/liveheader/ReconnectFindDialog$3.class
   JD: Core.jar/jd/controlling/reconnect/pluginsinc/liveheader/ReconnectFindDialog$4.class
   JD: Core.jar/jd/controlling/reconnect/pluginsinc/liveheader/ReconnectFindDialog$5.class
   JD: Core.jar/jd/controlling/reconnect/pluginsinc/liveheader/ReconnectFindDialog$6.class
   JD: Core.jar/jd/controlling/reconnect/pluginsinc/liveheader/ReconnectFindDialog$7.class
   JD: Core.jar/jd/controlling/reconnect/pluginsinc/liveheader/ReconnectFindDialog$8.class
   JD: Core.jar/jd/controlling/reconnect/pluginsinc/liveheader/ReconnectFindDialog$9.class
   JD: Core.jar/jd/controlling/reconnect/pluginsinc/liveheader/ReconnectFindDialog.class
   JD: Core.jar/jd/controlling/reconnect/pluginsinc/liveheader/ReconnectRecorderAction.class
   JD: Core.jar/jd/controlling/reconnect/pluginsinc/liveheader/RouterDataResultTable.class
   JD: Core.jar/jd/controlling/reconnect/pluginsinc/liveheader/RouterDataResultTableModel$1.class
   JD: Core.jar/jd/controlling/reconnect/pluginsinc/liveheader/RouterDataResultTableModel$2.class
   JD: Core.jar/jd/controlling/reconnect/pluginsinc/liveheader/RouterDataResultTableModel$3.class
   JD: Core.jar/jd/controlling/reconnect/pluginsinc/liveheader/RouterDataResultTableModel$4.class
   JD: Core.jar/jd/controlling/reconnect/pluginsinc/liveheader/RouterDataResultTableModel$5.class
   JD: Core.jar/jd/controlling/reconnect/pluginsinc/liveheader/RouterDataResultTableModel$6$1$1.class
   JD: Core.jar/jd/controlling/reconnect/pluginsinc/liveheader/RouterDataResultTableModel$6$1$2.class
   JD: Core.jar/jd/controlling/reconnect/pluginsinc/liveheader/RouterDataResultTableModel$6$1.class
   JD: Core.jar/jd/controlling/reconnect/pluginsinc/liveheader/RouterDataResultTableModel$6$2.class
   JD: Core.jar/jd/controlling/reconnect/pluginsinc/liveheader/RouterDataResultTableModel$6.class
   JD: Core.jar/jd/controlling/reconnect/pluginsinc/liveheader/RouterDataResultTableModel.class
   JD: Core.jar/jd/controlling/reconnect/pluginsinc/liveheader/RouterSendAction$1$1.class
   JD: Core.jar/jd/controlling/reconnect/pluginsinc/liveheader/RouterSendAction$1.class
   JD: Core.jar/jd/controlling/reconnect/pluginsinc/liveheader/RouterSendAction.class
   JD: Core.jar/jd/controlling/reconnect/pluginsinc/liveheader/SearchScriptAction$1$1.class
   JD: Core.jar/jd/controlling/reconnect/pluginsinc/liveheader/SearchScriptAction$1$2.class
   JD: Core.jar/jd/controlling/reconnect/pluginsinc/liveheader/SearchScriptAction$1.class
   JD: Core.jar/jd/controlling/reconnect/pluginsinc/liveheader/SearchScriptAction.class
   JD: Core.jar/jd/controlling/reconnect/pluginsinc/liveheader/SearchScriptDialog$1.class
   JD: Core.jar/jd/controlling/reconnect/pluginsinc/liveheader/SearchScriptDialog$2.class
   JD: Core.jar/jd/controlling/reconnect/pluginsinc/liveheader/SearchScriptDialog$3.class
   JD: Core.jar/jd/controlling/reconnect/pluginsinc/liveheader/SearchScriptDialog$4.class
   JD: Core.jar/jd/controlling/reconnect/pluginsinc/liveheader/SearchScriptDialog$5.class
   JD: Core.jar/jd/controlling/reconnect/pluginsinc/liveheader/SearchScriptDialog.class
   JD: Core.jar/jd/controlling/reconnect/pluginsinc/liveheader/StackTraceElementClassCache.class
   JD: Core.jar/jd/controlling/reconnect/pluginsinc/liveheader/recoll/AddRouterResponse$1.class
   JD: Core.jar/jd/controlling/reconnect/pluginsinc/liveheader/recoll/AddRouterResponse.class
   JD: Core.jar/jd/controlling/reconnect/pluginsinc/liveheader/recoll/RecollController$1.class
   JD: Core.jar/jd/controlling/reconnect/pluginsinc/liveheader/recoll/RecollController$2.class
   JD: Core.jar/jd/controlling/reconnect/pluginsinc/liveheader/recoll/RecollController$3.class
   JD: Core.jar/jd/controlling/reconnect/pluginsinc/liveheader/recoll/RecollController$4.class
   JD: Core.jar/jd/controlling/reconnect/pluginsinc/liveheader/recoll/RecollController$5.class
   JD: Core.jar/jd/controlling/reconnect/pluginsinc/liveheader/recoll/RecollController.class
   JD: Core.jar/jd/controlling/reconnect/pluginsinc/liveheader/recorder/Gui$1.class
   JD: Core.jar/jd/controlling/reconnect/pluginsinc/liveheader/recorder/Gui$2.class
   JD: Core.jar/jd/controlling/reconnect/pluginsinc/liveheader/recorder/Gui$JDRRInfoPopup$1.class
   JD: Core.jar/jd/controlling/reconnect/pluginsinc/liveheader/recorder/Gui$JDRRInfoPopup$2.class
   JD: Core.jar/jd/controlling/reconnect/pluginsinc/liveheader/recorder/Gui$JDRRInfoPopup$RRStatus$1.class
   JD: Core.jar/jd/controlling/reconnect/pluginsinc/liveheader/recorder/Gui$JDRRInfoPopup$RRStatus.class
   JD: Core.jar/jd/controlling/reconnect/pluginsinc/liveheader/recorder/Gui$JDRRInfoPopup.class
   JD: Core.jar/jd/controlling/reconnect/pluginsinc/liveheader/recorder/Gui.class
   JD: Core.jar/jd/controlling/reconnect/pluginsinc/liveheader/recorder/Proxy.class
   JD: Core.jar/jd/controlling/reconnect/pluginsinc/liveheader/recorder/ProxyThread.class
   JD: Core.jar/jd/controlling/reconnect/pluginsinc/liveheader/recorder/ReconnectRecorder$JDRRServer.class
   JD: Core.jar/jd/controlling/reconnect/pluginsinc/liveheader/recorder/ReconnectRecorder.class
   JD: Core.jar/jd/controlling/reconnect/pluginsinc/liveheader/recorder/Utils$1.class
   JD: Core.jar/jd/controlling/reconnect/pluginsinc/liveheader/recorder/Utils.class
   JD: Core.jar/jd/controlling/reconnect/pluginsinc/liveheader/remotecall/RouterData$1.class
   JD: Core.jar/jd/controlling/reconnect/pluginsinc/liveheader/remotecall/RouterData.class
   JD: Core.jar/jd/controlling/reconnect/pluginsinc/liveheader/translate/T.class
   JD: Core.jar/jd/controlling/reconnect/pluginsinc/liveheader/validate/Scriptvalidator.class
   JD: Core.jar/jd/controlling/reconnect/pluginsinc/speedporthybrid/SpeedPortHybrid$1.class
   JD: Core.jar/jd/controlling/reconnect/pluginsinc/speedporthybrid/SpeedPortHybrid$2.class
   JD: Core.jar/jd/controlling/reconnect/pluginsinc/speedporthybrid/SpeedPortHybrid$3.class
   JD: Core.jar/jd/controlling/reconnect/pluginsinc/speedporthybrid/SpeedPortHybrid.class
   JD: Core.jar/jd/controlling/reconnect/pluginsinc/upnp/AutoDetectUpnpAction$1.class
   JD: Core.jar/jd/controlling/reconnect/pluginsinc/upnp/AutoDetectUpnpAction$2.class
   JD: Core.jar/jd/controlling/reconnect/pluginsinc/upnp/AutoDetectUpnpAction$3$1.class
   JD: Core.jar/jd/controlling/reconnect/pluginsinc/upnp/AutoDetectUpnpAction$3$2.class
   JD: Core.jar/jd/controlling/reconnect/pluginsinc/upnp/AutoDetectUpnpAction$3$3.class
   JD: Core.jar/jd/controlling/reconnect/pluginsinc/upnp/AutoDetectUpnpAction$3.class
   JD: Core.jar/jd/controlling/reconnect/pluginsinc/upnp/AutoDetectUpnpAction.class
   JD: Core.jar/jd/controlling/reconnect/pluginsinc/upnp/UPNPReconnectInvoker.class
   JD: Core.jar/jd/controlling/reconnect/pluginsinc/upnp/UPNPRouterPlugin$1.class
   JD: Core.jar/jd/controlling/reconnect/pluginsinc/upnp/UPNPRouterPlugin$2.class
   JD: Core.jar/jd/controlling/reconnect/pluginsinc/upnp/UPNPRouterPlugin$3.class
   JD: Core.jar/jd/controlling/reconnect/pluginsinc/upnp/UPNPRouterPlugin$4.class
   JD: Core.jar/jd/controlling/reconnect/pluginsinc/upnp/UPNPRouterPlugin.class
   JD: Core.jar/jd/controlling/reconnect/pluginsinc/upnp/UPNPScannerAction$1$1.class
   JD: Core.jar/jd/controlling/reconnect/pluginsinc/upnp/UPNPScannerAction$1.class
   JD: Core.jar/jd/controlling/reconnect/pluginsinc/upnp/UPNPScannerAction.class
   JD: Core.jar/jd/controlling/reconnect/pluginsinc/upnp/cling/ForceTermination.class
   JD: Core.jar/jd/controlling/reconnect/pluginsinc/upnp/cling/StreamClientImpl$1.class
   JD: Core.jar/jd/controlling/reconnect/pluginsinc/upnp/cling/StreamClientImpl.class
   JD: Core.jar/jd/controlling/reconnect/pluginsinc/upnp/cling/UPNPDeviceScanner$1.class
   JD: Core.jar/jd/controlling/reconnect/pluginsinc/upnp/cling/UPNPDeviceScanner$2.class
   JD: Core.jar/jd/controlling/reconnect/pluginsinc/upnp/cling/UPNPDeviceScanner.class
   JD: Core.jar/jd/controlling/reconnect/pluginsinc/upnp/translate/T.class
   JD: Core.jar/jd/crypt/AESdecrypt.class
   JD: Core.jar/jd/crypt/AESencrypt.class
   JD: Core.jar/jd/crypt/BaseDecoder$IllegalAlphabetException.class
   JD: Core.jar/jd/crypt/BaseDecoder.class
   JD: Core.jar/jd/crypt/Enc.class
   JD: Core.jar/jd/crypt/JDCrypt.class
   JD: Core.jar/jd/network/rtmp/FlvFixer$1.class
   JD: Core.jar/jd/network/rtmp/FlvFixer$Tag.class
   JD: Core.jar/jd/network/rtmp/FlvFixer.class
   JD: Core.jar/jd/network/rtmp/RtmpDump$1.class
   JD: Core.jar/jd/network/rtmp/RtmpDump$2.class
   JD: Core.jar/jd/network/rtmp/RtmpDump$3.class
   JD: Core.jar/jd/network/rtmp/RtmpDump$RTMPCon.class
   JD: Core.jar/jd/network/rtmp/RtmpDump.class
   JD: Core.jar/jd/network/rtmp/url/RtmpUrlConnection.class
   JD: Core.jar/jd/parser/html/Form$MethodType.class
   JD: Core.jar/jd/parser/html/Form.class
   JD: Core.jar/jd/parser/html/HTMLParser$1.class
   JD: Core.jar/jd/parser/html/HTMLParser$ConcatCharSequence.class
   JD: Core.jar/jd/parser/html/HTMLParser$HexHtmlParserCharSequence.class
   JD: Core.jar/jd/parser/html/HTMLParser$HtmlParserCharSequence.class
   JD: Core.jar/jd/parser/html/HTMLParser$HtmlParserOptions.class
   JD: Core.jar/jd/parser/html/HTMLParser$HtmlParserResultSet.class
   JD: Core.jar/jd/parser/html/HTMLParser$Httppattern.class
   JD: Core.jar/jd/parser/html/HTMLParser.class
   JD: Core.jar/jd/parser/html/InputField.class
   JD: Core.jar/jd/plugins/Account$1.class
   JD: Core.jar/jd/plugins/Account$AccountError.class
   JD: Core.jar/jd/plugins/Account$AccountType$1.class
   JD: Core.jar/jd/plugins/Account$AccountType$2.class
   JD: Core.jar/jd/plugins/Account$AccountType$3.class
   JD: Core.jar/jd/plugins/Account$AccountType$4.class
   JD: Core.jar/jd/plugins/Account$AccountType.class
   JD: Core.jar/jd/plugins/Account.class
   JD: Core.jar/jd/plugins/AccountInfo.class
   JD: Core.jar/jd/plugins/AccountInvalidException.class
   JD: Core.jar/jd/plugins/AccountProperty$Property.class
   JD: Core.jar/jd/plugins/AccountRequiredException.class
   JD: Core.jar/jd/plugins/AccountTrafficView.class
   JD: Core.jar/jd/plugins/AccountUnavailableException.class
   JD: Core.jar/jd/plugins/AddonPanel$1.class
   JD: Core.jar/jd/plugins/AddonPanel$2.class
   JD: Core.jar/jd/plugins/AddonPanel$3.class
   JD: Core.jar/jd/plugins/AddonPanel.class
   JD: Core.jar/jd/plugins/BrowserAdapter.class
   JD: Core.jar/jd/plugins/BrowserDownloadInterface.class
   JD: Core.jar/jd/plugins/CaptchaException$1.class
   JD: Core.jar/jd/plugins/CaptchaException.class
   JD: Core.jar/jd/plugins/ContainerStatus.class
   JD: Core.jar/jd/plugins/CookieStorable.class
   JD: Core.jar/jd/plugins/DecrypterRetryException$RetryReason.class
   JD: Core.jar/jd/plugins/DecrypterRetryException.class
   JD: Core.jar/jd/plugins/DefaultEditAccountPanel$1.class
   JD: Core.jar/jd/plugins/DefaultEditAccountPanel$2.class
   JD: Core.jar/jd/plugins/DefaultEditAccountPanel.class
   JD: Core.jar/jd/plugins/DownloadLink$1.class
   JD: Core.jar/jd/plugins/DownloadLink$2.class
   JD: Core.jar/jd/plugins/DownloadLink$3.class
   JD: Core.jar/jd/plugins/DownloadLink$4.class
   JD: Core.jar/jd/plugins/DownloadLink$5.class
   JD: Core.jar/jd/plugins/DownloadLink$AvailableStatus.class
   JD: Core.jar/jd/plugins/DownloadLink.class
   JD: Core.jar/jd/plugins/DownloadLinkCaptchaTracker.class
   JD: Core.jar/jd/plugins/DownloadLinkProperty$Property.class
   JD: Core.jar/jd/plugins/DownloadLinkStorable$1.class
   JD: Core.jar/jd/plugins/DownloadLinkStorable$2.class
   JD: Core.jar/jd/plugins/DownloadLinkStorable$3.class
   JD: Core.jar/jd/plugins/DownloadLinkStorable.class
   JD: Core.jar/jd/plugins/FavitIcon.class
   JD: Core.jar/jd/plugins/FilePackage$1$1.class
   JD: Core.jar/jd/plugins/FilePackage$1.class
   JD: Core.jar/jd/plugins/FilePackage$2.class
   JD: Core.jar/jd/plugins/FilePackage.class
   JD: Core.jar/jd/plugins/FilePackageProperty$Property.class
   JD: Core.jar/jd/plugins/FilePackageView$1.class
   JD: Core.jar/jd/plugins/FilePackageView$10.class
   JD: Core.jar/jd/plugins/FilePackageView$2.class
   JD: Core.jar/jd/plugins/FilePackageView$3.class
   JD: Core.jar/jd/plugins/FilePackageView$4.class
   JD: Core.jar/jd/plugins/FilePackageView$5.class
   JD: Core.jar/jd/plugins/FilePackageView$6.class
   JD: Core.jar/jd/plugins/FilePackageView$7.class
   JD: Core.jar/jd/plugins/FilePackageView$8.class
   JD: Core.jar/jd/plugins/FilePackageView$9.class
   JD: Core.jar/jd/plugins/FilePackageView$LinkInfo.class
   JD: Core.jar/jd/plugins/FilePackageView$Temp.class
   JD: Core.jar/jd/plugins/FilePackageView.class
   JD: Core.jar/jd/plugins/LetitBitAccountBuilderImpl$1.class
   JD: Core.jar/jd/plugins/LetitBitAccountBuilderImpl.class
   JD: Core.jar/jd/plugins/LinkInfo$1.class
   JD: Core.jar/jd/plugins/LinkInfo$2.class
   JD: Core.jar/jd/plugins/LinkInfo$3.class
   JD: Core.jar/jd/plugins/LinkInfo$4.class
   JD: Core.jar/jd/plugins/LinkInfo.class
   JD: Core.jar/jd/plugins/LinkStatus.class
   JD: Core.jar/jd/plugins/MovePluginProgress.class
   JD: Core.jar/jd/plugins/Plugin$1.class
   JD: Core.jar/jd/plugins/Plugin$2.class
   JD: Core.jar/jd/plugins/Plugin$3.class
   JD: Core.jar/jd/plugins/Plugin.class
   JD: Core.jar/jd/plugins/PluginConfigPanelNG$1.class
   JD: Core.jar/jd/plugins/PluginConfigPanelNG$10.class
   JD: Core.jar/jd/plugins/PluginConfigPanelNG$11.class
   JD: Core.jar/jd/plugins/PluginConfigPanelNG$2.class
   JD: Core.jar/jd/plugins/PluginConfigPanelNG$3.class
   JD: Core.jar/jd/plugins/PluginConfigPanelNG$4.class
   JD: Core.jar/jd/plugins/PluginConfigPanelNG$5.class
   JD: Core.jar/jd/plugins/PluginConfigPanelNG$6$1.class
   JD: Core.jar/jd/plugins/PluginConfigPanelNG$6.class
   JD: Core.jar/jd/plugins/PluginConfigPanelNG$7.class
   JD: Core.jar/jd/plugins/PluginConfigPanelNG$8.class
   JD: Core.jar/jd/plugins/PluginConfigPanelNG$9.class
   JD: Core.jar/jd/plugins/PluginConfigPanelNG.class
   JD: Core.jar/jd/plugins/PluginForDecrypt$1.class
   JD: Core.jar/jd/plugins/PluginForDecrypt$2.class
   JD: Core.jar/jd/plugins/PluginForDecrypt$RetryReason.class.removed
   JD: Core.jar/jd/plugins/PluginForDecrypt.class
   JD: Core.jar/jd/plugins/PluginForHost$1.class
   JD: Core.jar/jd/plugins/PluginForHost$10$1.class
   JD: Core.jar/jd/plugins/PluginForHost$10$2.class
   JD: Core.jar/jd/plugins/PluginForHost$10.class
   JD: Core.jar/jd/plugins/PluginForHost$11.class
   JD: Core.jar/jd/plugins/PluginForHost$12.class
   JD: Core.jar/jd/plugins/PluginForHost$2.class
   JD: Core.jar/jd/plugins/PluginForHost$3.class
   JD: Core.jar/jd/plugins/PluginForHost$4.class
   JD: Core.jar/jd/plugins/PluginForHost$5$1$1.class
   JD: Core.jar/jd/plugins/PluginForHost$5$1.class
   JD: Core.jar/jd/plugins/PluginForHost$5.class
   JD: Core.jar/jd/plugins/PluginForHost$6$1.class
   JD: Core.jar/jd/plugins/PluginForHost$6$2$1.class
   JD: Core.jar/jd/plugins/PluginForHost$6$2$2.class
   JD: Core.jar/jd/plugins/PluginForHost$6$2.class
   JD: Core.jar/jd/plugins/PluginForHost$6.class
   JD: Core.jar/jd/plugins/PluginForHost$7.class
   JD: Core.jar/jd/plugins/PluginForHost$8.class
   JD: Core.jar/jd/plugins/PluginForHost$9.class
   JD: Core.jar/jd/plugins/PluginForHost$FilePair.class
   JD: Core.jar/jd/plugins/PluginForHost.class
   JD: Core.jar/jd/plugins/PluginStateCollection.class
   JD: Core.jar/jd/plugins/PluginsC$1.class
   JD: Core.jar/jd/plugins/PluginsC$2.class
   JD: Core.jar/jd/plugins/PluginsC.class
   JD: Core.jar/jd/plugins/SingleDownloadControllerCaptchaTrackerJob.class
   JD: Core.jar/jd/plugins/components/DailyMotionVariant.class
   JD: Core.jar/jd/plugins/components/GoogleService.class
   JD: Core.jar/jd/plugins/components/IgnVariant.class
   JD: Core.jar/jd/plugins/components/MediathekHelper.class
   JD: Core.jar/jd/plugins/components/MultiHosterManagement.class
   JD: Core.jar/jd/plugins/components/NZBSAXHandler$1.class
   JD: Core.jar/jd/plugins/components/NZBSAXHandler$2.class
   JD: Core.jar/jd/plugins/components/NZBSAXHandler.class
   JD: Core.jar/jd/plugins/components/PluginJSonUtils.class
   JD: Core.jar/jd/plugins/components/RuTubeVariant.class
   JD: Core.jar/jd/plugins/components/SiteType$SiteTemplate.class
   JD: Core.jar/jd/plugins/components/SiteType.class
   JD: Core.jar/jd/plugins/components/UserAgents$BrowserName.class
   JD: Core.jar/jd/plugins/components/UserAgents.class
   JD: Core.jar/jd/plugins/components/VariantInfoMassengeschmackTv.class
   JD: Core.jar/jd/plugins/components/ZeveraApiTracker.class
   JD: Core.jar/jd/plugins/download/DownloadInterface$Chunk.class
   JD: Core.jar/jd/plugins/download/DownloadInterface.class
   JD: Core.jar/jd/plugins/download/DownloadLinkDownloadable$1.class
   JD: Core.jar/jd/plugins/download/DownloadLinkDownloadable$2.class
   JD: Core.jar/jd/plugins/download/DownloadLinkDownloadable$3.class
   JD: Core.jar/jd/plugins/download/DownloadLinkDownloadable$4.class
   JD: Core.jar/jd/plugins/download/DownloadLinkDownloadable.class
   JD: Core.jar/jd/plugins/download/HashInfo$TYPE.class
   JD: Core.jar/jd/plugins/download/HashInfo.class
   JD: Core.jar/jd/plugins/download/HashResult$1.class
   JD: Core.jar/jd/plugins/download/HashResult.class
   JD: Core.jar/jd/plugins/download/SimpleFTPDownloadInterface$1.class
   JD: Core.jar/jd/plugins/download/SimpleFTPDownloadInterface$2.class
   JD: Core.jar/jd/plugins/download/SimpleFTPDownloadInterface.class
   JD: Core.jar/jd/plugins/download/raf/BytesMappedFile.class
   JD: Core.jar/jd/plugins/download/raf/BytesMappedFileManager$1.class
   JD: Core.jar/jd/plugins/download/raf/BytesMappedFileManager$2.class
   JD: Core.jar/jd/plugins/download/raf/BytesMappedFileManager$3.class
   JD: Core.jar/jd/plugins/download/raf/BytesMappedFileManager$4.class
   JD: Core.jar/jd/plugins/download/raf/BytesMappedFileManager.class
   JD: Core.jar/jd/plugins/download/raf/FileBytesCache$1.class
   JD: Core.jar/jd/plugins/download/raf/FileBytesCache$WriteCacheEntry.class
   JD: Core.jar/jd/plugins/download/raf/FileBytesCache$WriteThroughEntry.class
   JD: Core.jar/jd/plugins/download/raf/FileBytesCache.class
   JD: Core.jar/jd/plugins/download/raf/FileBytesMap$1.class
   JD: Core.jar/jd/plugins/download/raf/FileBytesMap$FileBytesMapEntry.class
   JD: Core.jar/jd/plugins/download/raf/FileBytesMap$FileBytesMapViewInterfaceStorable.class
   JD: Core.jar/jd/plugins/download/raf/FileBytesMap.class
   JD: Core.jar/jd/plugins/download/raf/HTTPChunk$1.class
   JD: Core.jar/jd/plugins/download/raf/HTTPChunk$2.class
   JD: Core.jar/jd/plugins/download/raf/HTTPChunk$ERROR.class
   JD: Core.jar/jd/plugins/download/raf/HTTPChunk.class
   JD: Core.jar/jd/plugins/download/raf/HTTPDownloader$1.class
   JD: Core.jar/jd/plugins/download/raf/HTTPDownloader$2.class
   JD: Core.jar/jd/plugins/download/raf/HTTPDownloader$3.class
   JD: Core.jar/jd/plugins/download/raf/HTTPDownloader$STATEFLAG.class
   JD: Core.jar/jd/plugins/download/raf/HTTPDownloader$VALIDATION.class
   JD: Core.jar/jd/plugins/download/raf/HTTPDownloader$VALIDATION_RESULT.class
   JD: Core.jar/jd/plugins/download/raf/HTTPDownloader.class
   JD: Core.jar/jd/plugins/download/raf/MaxJumpStrategy$1.class
   JD: Core.jar/jd/plugins/download/raf/MaxJumpStrategy$2.class
   JD: Core.jar/jd/plugins/download/raf/MaxJumpStrategy$3.class
   JD: Core.jar/jd/plugins/download/raf/MaxJumpStrategy.class
   JD: Core.jar/jd/plugins/download/raf/OldRAFDownload$1.class
   JD: Core.jar/jd/plugins/download/raf/OldRAFDownload.class
   JD: Core.jar/jd/plugins/download/raf/RAFChunk$1.class
   JD: Core.jar/jd/plugins/download/raf/RAFChunk.class
   JD: Core.jar/jd/plugins/hoster/RTMPDownload.class
   JD: Core.jar/jd/update/FileUpdate.class
   JD: Core.jar/jd/update/Restarter.class
   JD: Core.jar/jd/update/Server.class
   JD: Core.jar/jd/utils/JDGeoCode.class
   JD: Core.jar/jd/utils/JDHexUtils.class
   JD: Core.jar/jd/utils/JDUtilities.class
   JD: Core.jar/jd/utils/RazStringBuilder.class
   JD: Core.jar/jd/utils/SWFDecompressor.class
   JD: Core.jar/jd/websocket/WebSocketClient.class
   JD: Core.jar/jd/websocket/WebSocketRequest.class
   JD: Core.jar/org/jdownloader/DomainInfo.class
   JD: Core.jar/org/jdownloader/actions/AppAction$1.class
   JD: Core.jar/org/jdownloader/actions/AppAction.class
   JD: Core.jar/org/jdownloader/actions/event/AppActionEvent$Type.class
   JD: Core.jar/org/jdownloader/actions/event/AppActionEventSender$1.class
   JD: Core.jar/org/jdownloader/actions/event/AppActionEventSender.class
   JD: Core.jar/org/jdownloader/api/DeprecatedAPIHttpServerController.class
   JD: Core.jar/org/jdownloader/api/DeprecatedAPIServer$1.class
   JD: Core.jar/org/jdownloader/api/DeprecatedAPIServer$2.class
   JD: Core.jar/org/jdownloader/api/DeprecatedAPIServer$3$1.class
   JD: Core.jar/org/jdownloader/api/DeprecatedAPIServer$3.class
   JD: Core.jar/org/jdownloader/api/DeprecatedAPIServer$4.class
   JD: Core.jar/org/jdownloader/api/DeprecatedAPIServer$5$1.class
   JD: Core.jar/org/jdownloader/api/DeprecatedAPIServer$5.class
   JD: Core.jar/org/jdownloader/api/DeprecatedAPIServer$CustomHttpConnection.class
   JD: Core.jar/org/jdownloader/api/DeprecatedAPIServer.class
   JD: Core.jar/org/jdownloader/api/DocsPageFactoryImpl.class
   JD: Core.jar/org/jdownloader/api/RIDArray.class
   JD: Core.jar/org/jdownloader/api/RemoteAPIController$1$1.class
   JD: Core.jar/org/jdownloader/api/RemoteAPIController$1$2.class
   JD: Core.jar/org/jdownloader/api/RemoteAPIController$1.class
   JD: Core.jar/org/jdownloader/api/RemoteAPIController$2$1.class
   JD: Core.jar/org/jdownloader/api/RemoteAPIController$2.class
   JD: Core.jar/org/jdownloader/api/RemoteAPIController$3.class
   JD: Core.jar/org/jdownloader/api/RemoteAPIController$4.class
   JD: Core.jar/org/jdownloader/api/RemoteAPIController.class
   JD: Core.jar/org/jdownloader/api/RemoteAPISessionControllerImp.class
   JD: Core.jar/org/jdownloader/api/accounts/AccountAPIImpl.class
   JD: Core.jar/org/jdownloader/api/accounts/v2/AccountAPIImplV2.class
   JD: Core.jar/org/jdownloader/api/accounts/v2/AccountAPIV2.class
   JD: Core.jar/org/jdownloader/api/captcha/CaptchaAPI$ABORT.class
   JD: Core.jar/org/jdownloader/api/captcha/CaptchaAPI$Error.class
   JD: Core.jar/org/jdownloader/api/captcha/CaptchaAPIEventPublisher$EVENTID.class
   JD: Core.jar/org/jdownloader/api/captcha/CaptchaAPIEventPublisher.class
   JD: Core.jar/org/jdownloader/api/captcha/CaptchaAPIManualRemoteSolverService$1$1.class
   JD: Core.jar/org/jdownloader/api/captcha/CaptchaAPIManualRemoteSolverService$1.class
   JD: Core.jar/org/jdownloader/api/captcha/CaptchaAPIManualRemoteSolverService.class
   JD: Core.jar/org/jdownloader/api/captcha/CaptchaAPISolver$1.class
   JD: Core.jar/org/jdownloader/api/captcha/CaptchaAPISolver$2.class
   JD: Core.jar/org/jdownloader/api/captcha/CaptchaAPISolver$3.class
   JD: Core.jar/org/jdownloader/api/captcha/CaptchaAPISolver.class
   JD: Core.jar/org/jdownloader/api/captcha/CaptchaAPISolverEventSender.class
   JD: Core.jar/org/jdownloader/api/cnl2/ExternInterface$1.class
   JD: Core.jar/org/jdownloader/api/cnl2/ExternInterface$ExternInterfaceRemoteAPI.class
   JD: Core.jar/org/jdownloader/api/cnl2/ExternInterface.class
   JD: Core.jar/org/jdownloader/api/cnl2/ExternInterfaceImpl$1.class
   JD: Core.jar/org/jdownloader/api/cnl2/ExternInterfaceImpl$10.class
   JD: Core.jar/org/jdownloader/api/cnl2/ExternInterfaceImpl$11.class
   JD: Core.jar/org/jdownloader/api/cnl2/ExternInterfaceImpl$12.class
   JD: Core.jar/org/jdownloader/api/cnl2/ExternInterfaceImpl$2.class
   JD: Core.jar/org/jdownloader/api/cnl2/ExternInterfaceImpl$3.class
   JD: Core.jar/org/jdownloader/api/cnl2/ExternInterfaceImpl$4.class
   JD: Core.jar/org/jdownloader/api/cnl2/ExternInterfaceImpl$5.class
   JD: Core.jar/org/jdownloader/api/cnl2/ExternInterfaceImpl$6.class
   JD: Core.jar/org/jdownloader/api/cnl2/ExternInterfaceImpl$7.class
   JD: Core.jar/org/jdownloader/api/cnl2/ExternInterfaceImpl$8.class
   JD: Core.jar/org/jdownloader/api/cnl2/ExternInterfaceImpl$9.class
   JD: Core.jar/org/jdownloader/api/cnl2/ExternInterfaceImpl.class
   JD: Core.jar/org/jdownloader/api/cnl2/translate/ExternInterfaceTranslation.class
   JD: Core.jar/org/jdownloader/api/config/AdvancedConfigManagerAPIImpl$1.class
   JD: Core.jar/org/jdownloader/api/config/AdvancedConfigManagerAPIImpl$2$1.class
   JD: Core.jar/org/jdownloader/api/config/AdvancedConfigManagerAPIImpl$2.class
   JD: Core.jar/org/jdownloader/api/config/AdvancedConfigManagerAPIImpl.class
   JD: Core.jar/org/jdownloader/api/config/InvalidValueException$Type.class
   JD: Core.jar/org/jdownloader/api/content/ContentAPIImpl.class
   JD: Core.jar/org/jdownloader/api/content/v2/ContentAPIImplV2$1.class
   JD: Core.jar/org/jdownloader/api/content/v2/ContentAPIImplV2$2.class
   JD: Core.jar/org/jdownloader/api/content/v2/ContentAPIImplV2.class
   JD: Core.jar/org/jdownloader/api/device/DeviceAPIImpl$1.class
   JD: Core.jar/org/jdownloader/api/device/DeviceAPIImpl$2.class
   JD: Core.jar/org/jdownloader/api/device/DeviceAPIImpl.class
   JD: Core.jar/org/jdownloader/api/dialog/DialogApiImpl$1.class
   JD: Core.jar/org/jdownloader/api/dialog/DialogApiImpl$2.class
   JD: Core.jar/org/jdownloader/api/dialog/DialogApiImpl$3$1.class
   JD: Core.jar/org/jdownloader/api/dialog/DialogApiImpl$3.class
   JD: Core.jar/org/jdownloader/api/dialog/DialogApiImpl$4.class
   JD: Core.jar/org/jdownloader/api/dialog/DialogApiImpl$Event.class
   JD: Core.jar/org/jdownloader/api/dialog/DialogApiImpl.class
   JD: Core.jar/org/jdownloader/api/dialog/RemoteAPIIOHandlerWrapper$1.class
   JD: Core.jar/org/jdownloader/api/dialog/RemoteAPIIOHandlerWrapper$2$1.class
   JD: Core.jar/org/jdownloader/api/dialog/RemoteAPIIOHandlerWrapper$2.class
   JD: Core.jar/org/jdownloader/api/dialog/RemoteAPIIOHandlerWrapper$3.class
   JD: Core.jar/org/jdownloader/api/dialog/RemoteAPIIOHandlerWrapper.class
   JD: Core.jar/org/jdownloader/api/downloads/ChannelCollector.class
   JD: Core.jar/org/jdownloader/api/downloads/DownloadControllerEventPublisher$1.class
   JD: Core.jar/org/jdownloader/api/downloads/DownloadControllerEventPublisher$10.class
   JD: Core.jar/org/jdownloader/api/downloads/DownloadControllerEventPublisher$11.class
   JD: Core.jar/org/jdownloader/api/downloads/DownloadControllerEventPublisher$2.class
   JD: Core.jar/org/jdownloader/api/downloads/DownloadControllerEventPublisher$3.class
   JD: Core.jar/org/jdownloader/api/downloads/DownloadControllerEventPublisher$4.class
   JD: Core.jar/org/jdownloader/api/downloads/DownloadControllerEventPublisher$5.class
   JD: Core.jar/org/jdownloader/api/downloads/DownloadControllerEventPublisher$6.class
   JD: Core.jar/org/jdownloader/api/downloads/DownloadControllerEventPublisher$7.class
   JD: Core.jar/org/jdownloader/api/downloads/DownloadControllerEventPublisher$8.class
   JD: Core.jar/org/jdownloader/api/downloads/DownloadControllerEventPublisher$9.class
   JD: Core.jar/org/jdownloader/api/downloads/DownloadControllerEventPublisher$BASIC_EVENT.class
   JD: Core.jar/org/jdownloader/api/downloads/DownloadControllerEventPublisher.class
   JD: Core.jar/org/jdownloader/api/downloads/DownloadWatchDogEventPublisher$1.class
   JD: Core.jar/org/jdownloader/api/downloads/DownloadWatchDogEventPublisher$EVENTID.class
   JD: Core.jar/org/jdownloader/api/downloads/DownloadWatchDogEventPublisher.class
   JD: Core.jar/org/jdownloader/api/downloads/DownloadsAPIImpl$1.class
   JD: Core.jar/org/jdownloader/api/downloads/DownloadsAPIImpl$2.class
   JD: Core.jar/org/jdownloader/api/downloads/DownloadsAPIImpl.class
   JD: Core.jar/org/jdownloader/api/downloads/v2/DownloadWatchdogAPIImpl.class
   JD: Core.jar/org/jdownloader/api/downloads/v2/DownloadsAPIV2Impl$1.class
   JD: Core.jar/org/jdownloader/api/downloads/v2/DownloadsAPIV2Impl.class
   JD: Core.jar/org/jdownloader/api/downloads/v2/LinkQueryStorable.class
   JD: Core.jar/org/jdownloader/api/downloads/v2/PackageQueryStorable.class
   JD: Core.jar/org/jdownloader/api/extensions/ExtensionsAPIImpl$1.class
   JD: Core.jar/org/jdownloader/api/extensions/ExtensionsAPIImpl.class
   JD: Core.jar/org/jdownloader/api/extraction/ArchiveStatusStorable$ArchiveFileStatus.class
   JD: Core.jar/org/jdownloader/api/extraction/ArchiveStatusStorable$ControllerStatus.class
   JD: Core.jar/org/jdownloader/api/extraction/ExtractionAPIImpl.class
   JD: Core.jar/org/jdownloader/api/jd/JDAPIImpl$1.class
   JD: Core.jar/org/jdownloader/api/jd/JDAPIImpl$2.class
   JD: Core.jar/org/jdownloader/api/jd/JDAPIImpl.class
   JD: Core.jar/org/jdownloader/api/jdanywhere/JDAnywhereAPI.class
   JD: Core.jar/org/jdownloader/api/jdanywhere/api/CaptchaApi.class
   JD: Core.jar/org/jdownloader/api/jdanywhere/api/DashboardApi$1.class
   JD: Core.jar/org/jdownloader/api/jdanywhere/api/DashboardApi$2.class
   JD: Core.jar/org/jdownloader/api/jdanywhere/api/DashboardApi.class
   JD: Core.jar/org/jdownloader/api/jdanywhere/api/DownloadLinkApi.class
   JD: Core.jar/org/jdownloader/api/jdanywhere/api/EventsAPI$1.class
   JD: Core.jar/org/jdownloader/api/jdanywhere/api/EventsAPI.class
   JD: Core.jar/org/jdownloader/api/jdanywhere/api/FilePackageApi.class
   JD: Core.jar/org/jdownloader/api/jdanywhere/api/Helper$1.class
   JD: Core.jar/org/jdownloader/api/jdanywhere/api/Helper$2.class
   JD: Core.jar/org/jdownloader/api/jdanywhere/api/Helper.class
   JD: Core.jar/org/jdownloader/api/jdanywhere/api/JDAnywhereEventPublisher$1.class
   JD: Core.jar/org/jdownloader/api/jdanywhere/api/JDAnywhereEventPublisher$2.class
   JD: Core.jar/org/jdownloader/api/jdanywhere/api/JDAnywhereEventPublisher$3.class
   JD: Core.jar/org/jdownloader/api/jdanywhere/api/JDAnywhereEventPublisher$4.class
   JD: Core.jar/org/jdownloader/api/jdanywhere/api/JDAnywhereEventPublisher$5.class
   JD: Core.jar/org/jdownloader/api/jdanywhere/api/JDAnywhereEventPublisher$6.class
   JD: Core.jar/org/jdownloader/api/jdanywhere/api/JDAnywhereEventPublisher$7.class
   JD: Core.jar/org/jdownloader/api/jdanywhere/api/JDAnywhereEventPublisher$8.class
   JD: Core.jar/org/jdownloader/api/jdanywhere/api/JDAnywhereEventPublisher$9.class
   JD: Core.jar/org/jdownloader/api/jdanywhere/api/JDAnywhereEventPublisher$EVENTID.class
   JD: Core.jar/org/jdownloader/api/jdanywhere/api/JDAnywhereEventPublisher.class
   JD: Core.jar/org/jdownloader/api/jdanywhere/api/LinkCrawlerApi$1.class
   JD: Core.jar/org/jdownloader/api/jdanywhere/api/LinkCrawlerApi$2.class
   JD: Core.jar/org/jdownloader/api/jdanywhere/api/LinkCrawlerApi$3.class
   JD: Core.jar/org/jdownloader/api/jdanywhere/api/LinkCrawlerApi$4.class
   JD: Core.jar/org/jdownloader/api/jdanywhere/api/LinkCrawlerApi$5.class
   JD: Core.jar/org/jdownloader/api/jdanywhere/api/LinkCrawlerApi.class
   JD: Core.jar/org/jdownloader/api/jdanywhere/api/interfaces/CAPTCHA.class
   JD: Core.jar/org/jdownloader/api/jdanywhere/api/interfaces/ICaptchaApi$ABORT.class
   JD: Core.jar/org/jdownloader/api/jdanywhere/api/storable/CrawledLinkStoreable.class
   JD: Core.jar/org/jdownloader/api/jdanywhere/api/storable/CrawledPackageStorable.class
   JD: Core.jar/org/jdownloader/api/jdanywhere/api/storable/FilePackageInfoStorable.class
   JD: Core.jar/org/jdownloader/api/jdanywhere/api/storable/FilePackageStorable.class
   JD: Core.jar/org/jdownloader/api/linkcollector/LinkCollectorAPIImpl$1.class
   JD: Core.jar/org/jdownloader/api/linkcollector/LinkCollectorAPIImpl$2.class
   JD: Core.jar/org/jdownloader/api/linkcollector/LinkCollectorAPIImpl$3.class
   JD: Core.jar/org/jdownloader/api/linkcollector/LinkCollectorAPIImpl.class
   JD: Core.jar/org/jdownloader/api/linkcollector/LinkCollectorEventPublisher$EVENTID.class
   JD: Core.jar/org/jdownloader/api/linkcollector/LinkCollectorEventPublisher.class
   JD: Core.jar/org/jdownloader/api/linkcollector/v2/CrawledLinkQueryStorable.class
   JD: Core.jar/org/jdownloader/api/linkcollector/v2/CrawledPackageAPIStorableV2.class
   JD: Core.jar/org/jdownloader/api/linkcollector/v2/CrawledPackageQueryStorable.class
   JD: Core.jar/org/jdownloader/api/linkcollector/v2/LinkCollectorAPIImplV2$1.class
   JD: Core.jar/org/jdownloader/api/linkcollector/v2/LinkCollectorAPIImplV2$2.class
   JD: Core.jar/org/jdownloader/api/linkcollector/v2/LinkCollectorAPIImplV2$3.class
   JD: Core.jar/org/jdownloader/api/linkcollector/v2/LinkCollectorAPIImplV2$4.class
   JD: Core.jar/org/jdownloader/api/linkcollector/v2/LinkCollectorAPIImplV2$5.class
   JD: Core.jar/org/jdownloader/api/linkcollector/v2/LinkCollectorAPIImplV2$6.class
   JD: Core.jar/org/jdownloader/api/linkcollector/v2/LinkCollectorAPIImplV2$7.class
   JD: Core.jar/org/jdownloader/api/linkcollector/v2/LinkCollectorAPIImplV2.class
   JD: Core.jar/org/jdownloader/api/linkcrawler/LinkCrawlerEventPublisher$1.class
   JD: Core.jar/org/jdownloader/api/linkcrawler/LinkCrawlerEventPublisher$2.class
   JD: Core.jar/org/jdownloader/api/linkcrawler/LinkCrawlerEventPublisher$3.class
   JD: Core.jar/org/jdownloader/api/linkcrawler/LinkCrawlerEventPublisher$EVENTID.class
   JD: Core.jar/org/jdownloader/api/linkcrawler/LinkCrawlerEventPublisher.class
   JD: Core.jar/org/jdownloader/api/logs/LogAPIImpl$1.class
   JD: Core.jar/org/jdownloader/api/logs/LogAPIImpl$2.class
   JD: Core.jar/org/jdownloader/api/logs/LogAPIImpl.class
   JD: Core.jar/org/jdownloader/api/myjdownloader/MyJDownloaderConnectThread$1.class
   JD: Core.jar/org/jdownloader/api/myjdownloader/MyJDownloaderConnectThread$10.class
   JD: Core.jar/org/jdownloader/api/myjdownloader/MyJDownloaderConnectThread$2.class
   JD: Core.jar/org/jdownloader/api/myjdownloader/MyJDownloaderConnectThread$3.class
   JD: Core.jar/org/jdownloader/api/myjdownloader/MyJDownloaderConnectThread$4.class
   JD: Core.jar/org/jdownloader/api/myjdownloader/MyJDownloaderConnectThread$5.class
   JD: Core.jar/org/jdownloader/api/myjdownloader/MyJDownloaderConnectThread$6.class
   JD: Core.jar/org/jdownloader/api/myjdownloader/MyJDownloaderConnectThread$7.class
   JD: Core.jar/org/jdownloader/api/myjdownloader/MyJDownloaderConnectThread$8.class
   JD: Core.jar/org/jdownloader/api/myjdownloader/MyJDownloaderConnectThread$9.class
   JD: Core.jar/org/jdownloader/api/myjdownloader/MyJDownloaderConnectThread$DeviceConnectionHelper.class
   JD: Core.jar/org/jdownloader/api/myjdownloader/MyJDownloaderConnectThread$SessionInfoWrapper$STATE.class
   JD: Core.jar/org/jdownloader/api/myjdownloader/MyJDownloaderConnectThread.class
   JD: Core.jar/org/jdownloader/api/myjdownloader/MyJDownloaderConnectionStatus.class
   JD: Core.jar/org/jdownloader/api/myjdownloader/MyJDownloaderController$1.class
   JD: Core.jar/org/jdownloader/api/myjdownloader/MyJDownloaderController$2.class
   JD: Core.jar/org/jdownloader/api/myjdownloader/MyJDownloaderController$3.class
   JD: Core.jar/org/jdownloader/api/myjdownloader/MyJDownloaderController.class
   JD: Core.jar/org/jdownloader/api/myjdownloader/MyJDownloaderDirectServer$1.class
   JD: Core.jar/org/jdownloader/api/myjdownloader/MyJDownloaderDirectServer$2.class
   JD: Core.jar/org/jdownloader/api/myjdownloader/MyJDownloaderDirectServer$3$1.class
   JD: Core.jar/org/jdownloader/api/myjdownloader/MyJDownloaderDirectServer$3.class
   JD: Core.jar/org/jdownloader/api/myjdownloader/MyJDownloaderDirectServer$4.class
   JD: Core.jar/org/jdownloader/api/myjdownloader/MyJDownloaderDirectServer$5.class
   JD: Core.jar/org/jdownloader/api/myjdownloader/MyJDownloaderDirectServer.class
   JD: Core.jar/org/jdownloader/api/myjdownloader/MyJDownloaderGetRequest$1.class
   JD: Core.jar/org/jdownloader/api/myjdownloader/MyJDownloaderGetRequest$GetData.class
   JD: Core.jar/org/jdownloader/api/myjdownloader/MyJDownloaderGetRequest.class
   JD: Core.jar/org/jdownloader/api/myjdownloader/MyJDownloaderHeadRequest.class
   JD: Core.jar/org/jdownloader/api/myjdownloader/MyJDownloaderHttpConnection$1$1.class
   JD: Core.jar/org/jdownloader/api/myjdownloader/MyJDownloaderHttpConnection$1.class
   JD: Core.jar/org/jdownloader/api/myjdownloader/MyJDownloaderHttpConnection.class
   JD: Core.jar/org/jdownloader/api/myjdownloader/MyJDownloaderOptionsRequest.class
   JD: Core.jar/org/jdownloader/api/myjdownloader/MyJDownloaderPostRequest$1.class
   JD: Core.jar/org/jdownloader/api/myjdownloader/MyJDownloaderPostRequest$2.class
   JD: Core.jar/org/jdownloader/api/myjdownloader/MyJDownloaderPostRequest.class
   JD: Core.jar/org/jdownloader/api/myjdownloader/MyJDownloaderSettings$DIRECTMODE.class
   JD: Core.jar/org/jdownloader/api/myjdownloader/MyJDownloaderSettings$MyJDownloaderError.class
   JD: Core.jar/org/jdownloader/api/myjdownloader/MyJDownloaderSettingsStorageHandlerFactory$1$1.class
   JD: Core.jar/org/jdownloader/api/myjdownloader/MyJDownloaderSettingsStorageHandlerFactory$1.class
   JD: Core.jar/org/jdownloader/api/myjdownloader/MyJDownloaderSettingsStorageHandlerFactory.class
   JD: Core.jar/org/jdownloader/api/myjdownloader/MyJDownloaderWaitingConnectionThread$1.class
   JD: Core.jar/org/jdownloader/api/myjdownloader/MyJDownloaderWaitingConnectionThread$MyJDownloaderConnectionRequest.class
   JD: Core.jar/org/jdownloader/api/myjdownloader/MyJDownloaderWaitingConnectionThread$MyJDownloaderConnectionResponse.class
   JD: Core.jar/org/jdownloader/api/myjdownloader/MyJDownloaderWaitingConnectionThread.class
   JD: Core.jar/org/jdownloader/api/myjdownloader/OptionsRequestHandler.class
   JD: Core.jar/org/jdownloader/api/myjdownloader/SessionInfoStorable.class
   JD: Core.jar/org/jdownloader/api/myjdownloader/api/MyJDownloaderAPI$1.class
   JD: Core.jar/org/jdownloader/api/myjdownloader/api/MyJDownloaderAPI$MyJDownloaderAPIBrowser.class
   JD: Core.jar/org/jdownloader/api/myjdownloader/api/MyJDownloaderAPI.class
   JD: Core.jar/org/jdownloader/api/myjdownloader/event/MyJDownloaderEvent$Type.class
   JD: Core.jar/org/jdownloader/api/myjdownloader/event/MyJDownloaderEventSender$1.class
   JD: Core.jar/org/jdownloader/api/myjdownloader/event/MyJDownloaderEventSender.class
   JD: Core.jar/org/jdownloader/api/myjdownloader/remotemenu/CheckOnlineStatusAction$1$1.class
   JD: Core.jar/org/jdownloader/api/myjdownloader/remotemenu/CheckOnlineStatusAction$1.class
   JD: Core.jar/org/jdownloader/api/myjdownloader/remotemenu/CheckOnlineStatusAction.class
   JD: Core.jar/org/jdownloader/api/myjdownloader/remotemenu/ForceDownloadsAction$1.class
   JD: Core.jar/org/jdownloader/api/myjdownloader/remotemenu/ForceDownloadsAction.class
   JD: Core.jar/org/jdownloader/api/myjdownloader/remotemenu/MenuBuilder$1.class
   JD: Core.jar/org/jdownloader/api/myjdownloader/remotemenu/MenuBuilder.class
   JD: Core.jar/org/jdownloader/api/myjdownloader/remotemenu/MenuManagerMYJDDownloadTableContext$1.class
   JD: Core.jar/org/jdownloader/api/myjdownloader/remotemenu/MenuManagerMYJDDownloadTableContext$2.class
   JD: Core.jar/org/jdownloader/api/myjdownloader/remotemenu/MenuManagerMYJDDownloadTableContext.class
   JD: Core.jar/org/jdownloader/api/myjdownloader/remotemenu/RenameActionLink.class
   JD: Core.jar/org/jdownloader/api/plugins/PluginAPIStorable.class
   JD: Core.jar/org/jdownloader/api/plugins/PluginConfigAdapter$1.class
   JD: Core.jar/org/jdownloader/api/plugins/PluginConfigAdapter$2.class
   JD: Core.jar/org/jdownloader/api/plugins/PluginConfigAdapter.class
   JD: Core.jar/org/jdownloader/api/plugins/PluginConfigEntryAPIStorable.class
   JD: Core.jar/org/jdownloader/api/plugins/PluginsAPI.class
   JD: Core.jar/org/jdownloader/api/plugins/PluginsAPIImpl.class
   JD: Core.jar/org/jdownloader/api/polling/PollingAPIImpl.class
   JD: Core.jar/org/jdownloader/api/reconnect/ReconnectAPIImpl.class
   JD: Core.jar/org/jdownloader/api/system/SystemAPIImpl$1.class
   JD: Core.jar/org/jdownloader/api/system/SystemAPIImpl.class
   JD: Core.jar/org/jdownloader/api/system/SystemAPIImpl17.class
   JD: Core.jar/org/jdownloader/api/toolbar/JDownloaderToolBarAPIImpl$1.class
   JD: Core.jar/org/jdownloader/api/toolbar/JDownloaderToolBarAPIImpl$2.class
   JD: Core.jar/org/jdownloader/api/toolbar/JDownloaderToolBarAPIImpl$3.class
   JD: Core.jar/org/jdownloader/api/toolbar/JDownloaderToolBarAPIImpl$4.class
   JD: Core.jar/org/jdownloader/api/toolbar/JDownloaderToolBarAPIImpl$5.class
   JD: Core.jar/org/jdownloader/api/toolbar/JDownloaderToolBarAPIImpl$6.class
   JD: Core.jar/org/jdownloader/api/toolbar/JDownloaderToolBarAPIImpl$7.class
   JD: Core.jar/org/jdownloader/api/toolbar/JDownloaderToolBarAPIImpl$8.class
   JD: Core.jar/org/jdownloader/api/toolbar/JDownloaderToolBarAPIImpl$9.class
   JD: Core.jar/org/jdownloader/api/toolbar/JDownloaderToolBarAPIImpl$CheckedDom.class
   JD: Core.jar/org/jdownloader/api/toolbar/JDownloaderToolBarAPIImpl$ChunkedDom.class
   JD: Core.jar/org/jdownloader/api/toolbar/JDownloaderToolBarAPIImpl.class
   JD: Core.jar/org/jdownloader/api/toolbar/LinkCheckResult$STATUS.class
   JD: Core.jar/org/jdownloader/api/ui/UIAPIImpl$1.class
   JD: Core.jar/org/jdownloader/api/ui/UIAPIImpl.class
   JD: Core.jar/org/jdownloader/api/useragent/ConnectedDevice.class
   JD: Core.jar/org/jdownloader/api/useragent/UserAgentController$1$1.class
   JD: Core.jar/org/jdownloader/api/useragent/UserAgentController$1$2.class
   JD: Core.jar/org/jdownloader/api/useragent/UserAgentController$1$3.class
   JD: Core.jar/org/jdownloader/api/useragent/UserAgentController$1.class
   JD: Core.jar/org/jdownloader/api/useragent/UserAgentController$2.class
   JD: Core.jar/org/jdownloader/api/useragent/UserAgentController$3.class
   JD: Core.jar/org/jdownloader/api/useragent/UserAgentController$4.class
   JD: Core.jar/org/jdownloader/api/useragent/UserAgentController.class
   JD: Core.jar/org/jdownloader/api/useragent/UserAgentEventSender.class
   JD: Core.jar/org/jdownloader/api/utils/PackageControllerUtils$1.class
   JD: Core.jar/org/jdownloader/api/utils/PackageControllerUtils$2.class
   JD: Core.jar/org/jdownloader/api/utils/PackageControllerUtils.class
   JD: Core.jar/org/jdownloader/api/utils/SelectionInfoUtils.class
   JD: Core.jar/org/jdownloader/auth/AuthenticationController$1.class
   JD: Core.jar/org/jdownloader/auth/AuthenticationController$2.class
   JD: Core.jar/org/jdownloader/auth/AuthenticationController$3.class
   JD: Core.jar/org/jdownloader/auth/AuthenticationController$4.class
   JD: Core.jar/org/jdownloader/auth/AuthenticationController.class
   JD: Core.jar/org/jdownloader/auth/AuthenticationInfo$Type.class
   JD: Core.jar/org/jdownloader/auth/AuthenticationInfo.class
   JD: Core.jar/org/jdownloader/captcha/api/CaptchaForwarder$1$1$1.class
   JD: Core.jar/org/jdownloader/captcha/api/CaptchaForwarder$1$1.class
   JD: Core.jar/org/jdownloader/captcha/api/CaptchaForwarder$1.class
   JD: Core.jar/org/jdownloader/captcha/api/CaptchaForwarder$2.class
   JD: Core.jar/org/jdownloader/captcha/api/CaptchaForwarder$Job.class
   JD: Core.jar/org/jdownloader/captcha/api/CaptchaForwarder.class
   JD: Core.jar/org/jdownloader/captcha/blacklist/BlockDownloadCaptchasByLink.class
   JD: Core.jar/org/jdownloader/captcha/blacklist/BlockDownloadCaptchasByPackage.class
   JD: Core.jar/org/jdownloader/captcha/blacklist/CaptchaBlackList.class
   JD: Core.jar/org/jdownloader/captcha/event/ChallengeResponseEvent$Type.class
   JD: Core.jar/org/jdownloader/captcha/event/ChallengeResponseEventSender$1.class
   JD: Core.jar/org/jdownloader/captcha/event/ChallengeResponseEventSender.class
   JD: Core.jar/org/jdownloader/captcha/utils/ImagePHash.class
   JD: Core.jar/org/jdownloader/captcha/v2/AbstractCaptchaDialog$1.class
   JD: Core.jar/org/jdownloader/captcha/v2/AbstractCaptchaDialog$10.class
   JD: Core.jar/org/jdownloader/captcha/v2/AbstractCaptchaDialog$11.class
   JD: Core.jar/org/jdownloader/captcha/v2/AbstractCaptchaDialog$12.class
   JD: Core.jar/org/jdownloader/captcha/v2/AbstractCaptchaDialog$2.class
   JD: Core.jar/org/jdownloader/captcha/v2/AbstractCaptchaDialog$3.class
   JD: Core.jar/org/jdownloader/captcha/v2/AbstractCaptchaDialog$4.class
   JD: Core.jar/org/jdownloader/captcha/v2/AbstractCaptchaDialog$5.class
   JD: Core.jar/org/jdownloader/captcha/v2/AbstractCaptchaDialog$6.class
   JD: Core.jar/org/jdownloader/captcha/v2/AbstractCaptchaDialog$7$1.class
   JD: Core.jar/org/jdownloader/captcha/v2/AbstractCaptchaDialog$7$2.class
   JD: Core.jar/org/jdownloader/captcha/v2/AbstractCaptchaDialog$7.class
   JD: Core.jar/org/jdownloader/captcha/v2/AbstractCaptchaDialog$8$1.class
   JD: Core.jar/org/jdownloader/captcha/v2/AbstractCaptchaDialog$8$2.class
   JD: Core.jar/org/jdownloader/captcha/v2/AbstractCaptchaDialog$8$3.class
   JD: Core.jar/org/jdownloader/captcha/v2/AbstractCaptchaDialog$8$4.class
   JD: Core.jar/org/jdownloader/captcha/v2/AbstractCaptchaDialog$8.class
   JD: Core.jar/org/jdownloader/captcha/v2/AbstractCaptchaDialog$9.class
   JD: Core.jar/org/jdownloader/captcha/v2/AbstractCaptchaDialog.class
   JD: Core.jar/org/jdownloader/captcha/v2/AbstractDialogHandler$1.class
   JD: Core.jar/org/jdownloader/captcha/v2/AbstractDialogHandler$2$1.class
   JD: Core.jar/org/jdownloader/captcha/v2/AbstractDialogHandler$2.class
   JD: Core.jar/org/jdownloader/captcha/v2/AbstractDialogHandler$3.class
   JD: Core.jar/org/jdownloader/captcha/v2/AbstractDialogHandler.class
   JD: Core.jar/org/jdownloader/captcha/v2/AbstractResponse$1.class
   JD: Core.jar/org/jdownloader/captcha/v2/AbstractResponse.class
   JD: Core.jar/org/jdownloader/captcha/v2/Challenge$1.class
   JD: Core.jar/org/jdownloader/captcha/v2/Challenge.class
   JD: Core.jar/org/jdownloader/captcha/v2/ChallengeResponseController$1.class
   JD: Core.jar/org/jdownloader/captcha/v2/ChallengeResponseController.class
   JD: Core.jar/org/jdownloader/captcha/v2/ChallengeSolver$1.class
   JD: Core.jar/org/jdownloader/captcha/v2/ChallengeSolver$2.class
   JD: Core.jar/org/jdownloader/captcha/v2/ChallengeSolver.class
   JD: Core.jar/org/jdownloader/captcha/v2/JobRunnable$1.class
   JD: Core.jar/org/jdownloader/captcha/v2/JobRunnable.class
   JD: Core.jar/org/jdownloader/captcha/v2/SolverStatus.class
   JD: Core.jar/org/jdownloader/captcha/v2/ValidationResult.class
   JD: Core.jar/org/jdownloader/captcha/v2/WaitForTrackerSlotPluginProcess.class
   JD: Core.jar/org/jdownloader/captcha/v2/challenge/adscaptcha/AdsCaptcha$1.class
   JD: Core.jar/org/jdownloader/captcha/v2/challenge/adscaptcha/AdsCaptcha.class
   JD: Core.jar/org/jdownloader/captcha/v2/challenge/adscaptcha/SliderCaptchaDialog$1.class
   JD: Core.jar/org/jdownloader/captcha/v2/challenge/adscaptcha/SliderCaptchaDialog$2.class
   JD: Core.jar/org/jdownloader/captcha/v2/challenge/adscaptcha/SliderCaptchaDialog$3.class
   JD: Core.jar/org/jdownloader/captcha/v2/challenge/adscaptcha/SliderCaptchaDialog$4.class
   JD: Core.jar/org/jdownloader/captcha/v2/challenge/adscaptcha/SliderCaptchaDialog$5.class
   JD: Core.jar/org/jdownloader/captcha/v2/challenge/adscaptcha/SliderCaptchaDialog.class
   JD: Core.jar/org/jdownloader/captcha/v2/challenge/adverigo/Adverigo.class
   JD: Core.jar/org/jdownloader/captcha/v2/challenge/antibotsystem/AntiBotSystem.class
   JD: Core.jar/org/jdownloader/captcha/v2/challenge/areyouahuman/AbstractCaptchaHelperAreYouHuman.class
   JD: Core.jar/org/jdownloader/captcha/v2/challenge/areyouahuman/AreYouAHumanChallenge.class
   JD: Core.jar/org/jdownloader/captcha/v2/challenge/areyouahuman/CaptchaHelperCrawlerPluginAreYouHuman$1.class
   JD: Core.jar/org/jdownloader/captcha/v2/challenge/areyouahuman/CaptchaHelperCrawlerPluginAreYouHuman$2.class
   JD: Core.jar/org/jdownloader/captcha/v2/challenge/areyouahuman/CaptchaHelperCrawlerPluginAreYouHuman.class
   JD: Core.jar/org/jdownloader/captcha/v2/challenge/areyouahuman/CaptchaHelperHostPluginAreYouHuman$1.class
   JD: Core.jar/org/jdownloader/captcha/v2/challenge/areyouahuman/CaptchaHelperHostPluginAreYouHuman$2.class
   JD: Core.jar/org/jdownloader/captcha/v2/challenge/areyouahuman/CaptchaHelperHostPluginAreYouHuman.class
   JD: Core.jar/org/jdownloader/captcha/v2/challenge/clickcaptcha/ClickCaptchaChallenge$1.class
   JD: Core.jar/org/jdownloader/captcha/v2/challenge/clickcaptcha/ClickCaptchaChallenge.class
   JD: Core.jar/org/jdownloader/captcha/v2/challenge/confidentcaptcha/AbstractCaptchaHelperConfidentCaptcha.class
   JD: Core.jar/org/jdownloader/captcha/v2/challenge/confidentcaptcha/CaptchaHelperCrawlerPluginConfidentCaptcha$1.class
   JD: Core.jar/org/jdownloader/captcha/v2/challenge/confidentcaptcha/CaptchaHelperCrawlerPluginConfidentCaptcha$2.class
   JD: Core.jar/org/jdownloader/captcha/v2/challenge/confidentcaptcha/CaptchaHelperCrawlerPluginConfidentCaptcha.class
   JD: Core.jar/org/jdownloader/captcha/v2/challenge/confidentcaptcha/CaptchaHelperHostPluginConfidentCaptcha$1.class
   JD: Core.jar/org/jdownloader/captcha/v2/challenge/confidentcaptcha/CaptchaHelperHostPluginConfidentCaptcha$2.class
   JD: Core.jar/org/jdownloader/captcha/v2/challenge/confidentcaptcha/CaptchaHelperHostPluginConfidentCaptcha.class
   JD: Core.jar/org/jdownloader/captcha/v2/challenge/confidentcaptcha/ConfidentCaptchaChallenge.class
   JD: Core.jar/org/jdownloader/captcha/v2/challenge/cutcaptcha/
   JD: Core.jar/org/jdownloader/captcha/v2/challenge/cutcaptcha/AbstractCaptchaHelperCutCaptcha$1.class
   JD: Core.jar/org/jdownloader/captcha/v2/challenge/cutcaptcha/AbstractCaptchaHelperCutCaptcha.class
   JD: Core.jar/org/jdownloader/captcha/v2/challenge/cutcaptcha/CaptchaHelperCrawlerPluginCutCaptcha$1.class
   JD: Core.jar/org/jdownloader/captcha/v2/challenge/cutcaptcha/CaptchaHelperCrawlerPluginCutCaptcha.class
   JD: Core.jar/org/jdownloader/captcha/v2/challenge/cutcaptcha/CaptchaHelperHostPluginCutCaptcha$1.class
   JD: Core.jar/org/jdownloader/captcha/v2/challenge/cutcaptcha/CaptchaHelperHostPluginCutCaptcha.class
   JD: Core.jar/org/jdownloader/captcha/v2/challenge/cutcaptcha/CutCaptchaChallenge.class
   JD: Core.jar/org/jdownloader/captcha/v2/challenge/cutcaptcha/cutcaptcha.html
   JD: Core.jar/org/jdownloader/captcha/v2/challenge/geetest/AbstractCaptchaHelperGeeTest.class
   JD: Core.jar/org/jdownloader/captcha/v2/challenge/geetest/CaptchaHelperCrawlerPluginGeeTest$1.class
   JD: Core.jar/org/jdownloader/captcha/v2/challenge/geetest/CaptchaHelperCrawlerPluginGeeTest$2.class
   JD: Core.jar/org/jdownloader/captcha/v2/challenge/geetest/CaptchaHelperCrawlerPluginGeeTest.class
   JD: Core.jar/org/jdownloader/captcha/v2/challenge/geetest/CaptchaHelperHostPluginGeeTest$1.class
   JD: Core.jar/org/jdownloader/captcha/v2/challenge/geetest/CaptchaHelperHostPluginGeeTest$2.class
   JD: Core.jar/org/jdownloader/captcha/v2/challenge/geetest/CaptchaHelperHostPluginGeeTest.class
   JD: Core.jar/org/jdownloader/captcha/v2/challenge/geetest/GeeTestChallenge.class
   JD: Core.jar/org/jdownloader/captcha/v2/challenge/keycaptcha/KeyCaptcha$1.class
   JD: Core.jar/org/jdownloader/captcha/v2/challenge/keycaptcha/KeyCaptcha$2.class
   JD: Core.jar/org/jdownloader/captcha/v2/challenge/keycaptcha/KeyCaptcha$KeyCaptchaType.class
   JD: Core.jar/org/jdownloader/captcha/v2/challenge/keycaptcha/KeyCaptcha.class
   JD: Core.jar/org/jdownloader/captcha/v2/challenge/keycaptcha/KeyCaptchaCategoryChallenge$APIData.class
   JD: Core.jar/org/jdownloader/captcha/v2/challenge/keycaptcha/KeyCaptchaCategoryChallenge.class
   JD: Core.jar/org/jdownloader/captcha/v2/challenge/keycaptcha/KeyCaptchaDialogSolver$1.class
   JD: Core.jar/org/jdownloader/captcha/v2/challenge/keycaptcha/KeyCaptchaDialogSolver$2.class
   JD: Core.jar/org/jdownloader/captcha/v2/challenge/keycaptcha/KeyCaptchaDialogSolver$3.class
   JD: Core.jar/org/jdownloader/captcha/v2/challenge/keycaptcha/KeyCaptchaDialogSolver.class
   JD: Core.jar/org/jdownloader/captcha/v2/challenge/keycaptcha/KeyCaptchaImageGetter.class
   JD: Core.jar/org/jdownloader/captcha/v2/challenge/keycaptcha/KeyCaptchaPuzzleChallenge$1.class
   JD: Core.jar/org/jdownloader/captcha/v2/challenge/keycaptcha/KeyCaptchaPuzzleChallenge.class
   JD: Core.jar/org/jdownloader/captcha/v2/challenge/keycaptcha/dialog/CatModel$1.class
   JD: Core.jar/org/jdownloader/captcha/v2/challenge/keycaptcha/dialog/CatModel$2.class
   JD: Core.jar/org/jdownloader/captcha/v2/challenge/keycaptcha/dialog/CatModel$3.class
   JD: Core.jar/org/jdownloader/captcha/v2/challenge/keycaptcha/dialog/CatModel$CatColum$1.class
   JD: Core.jar/org/jdownloader/captcha/v2/challenge/keycaptcha/dialog/CatModel$CatColum.class
   JD: Core.jar/org/jdownloader/captcha/v2/challenge/keycaptcha/dialog/CatModel.class
   JD: Core.jar/org/jdownloader/captcha/v2/challenge/keycaptcha/dialog/CatTable.class
   JD: Core.jar/org/jdownloader/captcha/v2/challenge/keycaptcha/dialog/KeyCaptchaCategoryDialog.class
   JD: Core.jar/org/jdownloader/captcha/v2/challenge/keycaptcha/dialog/KeyCaptchaCategoryDialogHandler$1.class
   JD: Core.jar/org/jdownloader/captcha/v2/challenge/keycaptcha/dialog/KeyCaptchaCategoryDialogHandler.class
   JD: Core.jar/org/jdownloader/captcha/v2/challenge/keycaptcha/dialog/KeyCaptchaDragPieces$1$1.class
   JD: Core.jar/org/jdownloader/captcha/v2/challenge/keycaptcha/dialog/KeyCaptchaDragPieces$1.class
   JD: Core.jar/org/jdownloader/captcha/v2/challenge/keycaptcha/dialog/KeyCaptchaDragPieces.class
   JD: Core.jar/org/jdownloader/captcha/v2/challenge/keycaptcha/dialog/KeyCaptchaPuzzleDialogHandler$1.class
   JD: Core.jar/org/jdownloader/captcha/v2/challenge/keycaptcha/dialog/KeyCaptchaPuzzleDialogHandler.class
   JD: Core.jar/org/jdownloader/captcha/v2/challenge/keycaptcha/jac/Direction.class
   JD: Core.jar/org/jdownloader/captcha/v2/challenge/keycaptcha/jac/KeyCaptchaAutoSolver.class
   JD: Core.jar/org/jdownloader/captcha/v2/challenge/keycaptcha/jac/KeyCaptchaJACSolver.class
   JD: Core.jar/org/jdownloader/captcha/v2/challenge/multiclickcaptcha/MultiClickCaptchaChallenge$1.class
   JD: Core.jar/org/jdownloader/captcha/v2/challenge/multiclickcaptcha/MultiClickCaptchaChallenge.class
   JD: Core.jar/org/jdownloader/captcha/v2/challenge/oauth/AccountOAuthSolver.class
   JD: Core.jar/org/jdownloader/captcha/v2/challenge/oauth/OAuthDialog$1.class
   JD: Core.jar/org/jdownloader/captcha/v2/challenge/oauth/OAuthDialog$2.class
   JD: Core.jar/org/jdownloader/captcha/v2/challenge/oauth/OAuthDialog.class
   JD: Core.jar/org/jdownloader/captcha/v2/challenge/oauth/OAuthDialogHandler$1.class
   JD: Core.jar/org/jdownloader/captcha/v2/challenge/oauth/OAuthDialogHandler$2$1.class
   JD: Core.jar/org/jdownloader/captcha/v2/challenge/oauth/OAuthDialogHandler$2.class
   JD: Core.jar/org/jdownloader/captcha/v2/challenge/oauth/OAuthDialogHandler$3.class
   JD: Core.jar/org/jdownloader/captcha/v2/challenge/oauth/OAuthDialogHandler.class
   JD: Core.jar/org/jdownloader/captcha/v2/challenge/oauth/OAuthDialogSolver$1.class
   JD: Core.jar/org/jdownloader/captcha/v2/challenge/oauth/OAuthDialogSolver$2.class
   JD: Core.jar/org/jdownloader/captcha/v2/challenge/oauth/OAuthDialogSolver.class
   JD: Core.jar/org/jdownloader/captcha/v2/challenge/recaptcha/v1/Recaptcha.class
   JD: Core.jar/org/jdownloader/captcha/v2/challenge/recaptcha/v1/RecaptchaV1Handler$1.class
   JD: Core.jar/org/jdownloader/captcha/v2/challenge/recaptcha/v1/RecaptchaV1Handler$2.class
   JD: Core.jar/org/jdownloader/captcha/v2/challenge/recaptcha/v1/RecaptchaV1Handler$3$1.class
   JD: Core.jar/org/jdownloader/captcha/v2/challenge/recaptcha/v1/RecaptchaV1Handler$3.class
   JD: Core.jar/org/jdownloader/captcha/v2/challenge/recaptcha/v1/RecaptchaV1Handler.class
   JD: Core.jar/org/jdownloader/captcha/v2/challenge/recaptcha/v2/AbstractCaptchaHelperRecaptchaV2$1.class
   JD: Core.jar/org/jdownloader/captcha/v2/challenge/recaptcha/v2/AbstractCaptchaHelperRecaptchaV2$TYPE.class
   JD: Core.jar/org/jdownloader/captcha/v2/challenge/recaptcha/v2/AbstractCaptchaHelperRecaptchaV2.class
   JD: Core.jar/org/jdownloader/captcha/v2/challenge/recaptcha/v2/CaptchaHelperCrawlerPluginRecaptchaV2$1.class
   JD: Core.jar/org/jdownloader/captcha/v2/challenge/recaptcha/v2/CaptchaHelperCrawlerPluginRecaptchaV2$2.class.removed
   JD: Core.jar/org/jdownloader/captcha/v2/challenge/recaptcha/v2/CaptchaHelperCrawlerPluginRecaptchaV2.class
   JD: Core.jar/org/jdownloader/captcha/v2/challenge/recaptcha/v2/CaptchaHelperHostPluginRecaptchaV2$1.class
   JD: Core.jar/org/jdownloader/captcha/v2/challenge/recaptcha/v2/CaptchaHelperHostPluginRecaptchaV2$2.class.removed
   JD: Core.jar/org/jdownloader/captcha/v2/challenge/recaptcha/v2/CaptchaHelperHostPluginRecaptchaV2.class
   JD: Core.jar/org/jdownloader/captcha/v2/challenge/recaptcha/v2/Recaptcha2BrowserViewport.class
   JD: Core.jar/org/jdownloader/captcha/v2/challenge/recaptcha/v2/RecaptchaV2Challenge$1.class
   JD: Core.jar/org/jdownloader/captcha/v2/challenge/recaptcha/v2/RecaptchaV2Challenge$2.class
   JD: Core.jar/org/jdownloader/captcha/v2/challenge/recaptcha/v2/RecaptchaV2Challenge$3.class
   JD: Core.jar/org/jdownloader/captcha/v2/challenge/recaptcha/v2/RecaptchaV2Challenge$4.class
   JD: Core.jar/org/jdownloader/captcha/v2/challenge/recaptcha/v2/RecaptchaV2Challenge$5.class
   JD: Core.jar/org/jdownloader/captcha/v2/challenge/recaptcha/v2/RecaptchaV2Challenge$6.class
   JD: Core.jar/org/jdownloader/captcha/v2/challenge/recaptcha/v2/RecaptchaV2Challenge$7.class
   JD: Core.jar/org/jdownloader/captcha/v2/challenge/recaptcha/v2/RecaptchaV2Challenge$8.class
   JD: Core.jar/org/jdownloader/captcha/v2/challenge/recaptcha/v2/RecaptchaV2Challenge$9.class
   JD: Core.jar/org/jdownloader/captcha/v2/challenge/recaptcha/v2/RecaptchaV2Challenge$RecaptchaV2APIStorable.class
   JD: Core.jar/org/jdownloader/captcha/v2/challenge/recaptcha/v2/RecaptchaV2Challenge.class
   JD: Core.jar/org/jdownloader/captcha/v2/challenge/recaptcha/v2/recaptcha.html
   JD: Core.jar/org/jdownloader/captcha/v2/challenge/solvemedia/SolveMedia.class
   JD: Core.jar/org/jdownloader/captcha/v2/challenge/sweetcaptcha/AbstractCaptchaHelperSweetCaptcha.class
   JD: Core.jar/org/jdownloader/captcha/v2/challenge/sweetcaptcha/CaptchaHelperCrawlerPluginSweetCaptcha$1.class
   JD: Core.jar/org/jdownloader/captcha/v2/challenge/sweetcaptcha/CaptchaHelperCrawlerPluginSweetCaptcha$2.class
   JD: Core.jar/org/jdownloader/captcha/v2/challenge/sweetcaptcha/CaptchaHelperCrawlerPluginSweetCaptcha.class
   JD: Core.jar/org/jdownloader/captcha/v2/challenge/sweetcaptcha/CaptchaHelperHostPluginSweetCaptcha$1.class
   JD: Core.jar/org/jdownloader/captcha/v2/challenge/sweetcaptcha/CaptchaHelperHostPluginSweetCaptcha$2.class
   JD: Core.jar/org/jdownloader/captcha/v2/challenge/sweetcaptcha/CaptchaHelperHostPluginSweetCaptcha.class
   JD: Core.jar/org/jdownloader/captcha/v2/challenge/sweetcaptcha/SweetCaptchaChallenge.class
   JD: Core.jar/org/jdownloader/captcha/v2/challenge/xsolver/CaptXSolver$1.class
   JD: Core.jar/org/jdownloader/captcha/v2/challenge/xsolver/CaptXSolver.class
   JD: Core.jar/org/jdownloader/captcha/v2/challenge/xsolver/Circle$1.class
   JD: Core.jar/org/jdownloader/captcha/v2/challenge/xsolver/Circle.class
   JD: Core.jar/org/jdownloader/captcha/v2/solver/CESChallengeSolver$1$1.class
   JD: Core.jar/org/jdownloader/captcha/v2/solver/CESChallengeSolver$1.class
   JD: Core.jar/org/jdownloader/captcha/v2/solver/CESChallengeSolver.class
   JD: Core.jar/org/jdownloader/captcha/v2/solver/CESSolverJob.class
   JD: Core.jar/org/jdownloader/captcha/v2/solver/antiCaptchaCom/AbstractAntiCaptchaComSolver.class
   JD: Core.jar/org/jdownloader/captcha/v2/solver/antiCaptchaCom/AntiCaptchaComConfigPanel$1.class
   JD: Core.jar/org/jdownloader/captcha/v2/solver/antiCaptchaCom/AntiCaptchaComConfigPanel$2.class
   JD: Core.jar/org/jdownloader/captcha/v2/solver/antiCaptchaCom/AntiCaptchaComConfigPanel.class
   JD: Core.jar/org/jdownloader/captcha/v2/solver/antiCaptchaCom/AntiCaptchaComSolver$BalanceResponse.class
   JD: Core.jar/org/jdownloader/captcha/v2/solver/antiCaptchaCom/AntiCaptchaComSolver.class
   JD: Core.jar/org/jdownloader/captcha/v2/solver/antiCaptchaCom/AntiCaptchaComSolverService$1.class
   JD: Core.jar/org/jdownloader/captcha/v2/solver/antiCaptchaCom/AntiCaptchaComSolverService.class
   JD: Core.jar/org/jdownloader/captcha/v2/solver/antiCaptchaCom/AntiCaptchaComTooltip$1$1.class
   JD: Core.jar/org/jdownloader/captcha/v2/solver/antiCaptchaCom/AntiCaptchaComTooltip$1.class
   JD: Core.jar/org/jdownloader/captcha/v2/solver/antiCaptchaCom/AntiCaptchaComTooltip.class
   JD: Core.jar/org/jdownloader/captcha/v2/solver/browser/AbstractBrowserChallenge.class
   JD: Core.jar/org/jdownloader/captcha/v2/solver/browser/AbstractBrowserSolver$1.class
   JD: Core.jar/org/jdownloader/captcha/v2/solver/browser/AbstractBrowserSolver$2.class
   JD: Core.jar/org/jdownloader/captcha/v2/solver/browser/AbstractBrowserSolver$3.class
   JD: Core.jar/org/jdownloader/captcha/v2/solver/browser/AbstractBrowserSolver.class
   JD: Core.jar/org/jdownloader/captcha/v2/solver/browser/BrowserCaptchaDialog$1.class
   JD: Core.jar/org/jdownloader/captcha/v2/solver/browser/BrowserCaptchaDialog$10.class
   JD: Core.jar/org/jdownloader/captcha/v2/solver/browser/BrowserCaptchaDialog$11.class
   JD: Core.jar/org/jdownloader/captcha/v2/solver/browser/BrowserCaptchaDialog$12.class
   JD: Core.jar/org/jdownloader/captcha/v2/solver/browser/BrowserCaptchaDialog$13.class
   JD: Core.jar/org/jdownloader/captcha/v2/solver/browser/BrowserCaptchaDialog$14.class
   JD: Core.jar/org/jdownloader/captcha/v2/solver/browser/BrowserCaptchaDialog$15$1.class
   JD: Core.jar/org/jdownloader/captcha/v2/solver/browser/BrowserCaptchaDialog$15.class
   JD: Core.jar/org/jdownloader/captcha/v2/solver/browser/BrowserCaptchaDialog$16.class
   JD: Core.jar/org/jdownloader/captcha/v2/solver/browser/BrowserCaptchaDialog$2.class
   JD: Core.jar/org/jdownloader/captcha/v2/solver/browser/BrowserCaptchaDialog$3.class
   JD: Core.jar/org/jdownloader/captcha/v2/solver/browser/BrowserCaptchaDialog$4.class
   JD: Core.jar/org/jdownloader/captcha/v2/solver/browser/BrowserCaptchaDialog$5.class
   JD: Core.jar/org/jdownloader/captcha/v2/solver/browser/BrowserCaptchaDialog$6.class
   JD: Core.jar/org/jdownloader/captcha/v2/solver/browser/BrowserCaptchaDialog$7$1.class
   JD: Core.jar/org/jdownloader/captcha/v2/solver/browser/BrowserCaptchaDialog$7$2.class
   JD: Core.jar/org/jdownloader/captcha/v2/solver/browser/BrowserCaptchaDialog$7.class
   JD: Core.jar/org/jdownloader/captcha/v2/solver/browser/BrowserCaptchaDialog$8.class
   JD: Core.jar/org/jdownloader/captcha/v2/solver/browser/BrowserCaptchaDialog$9.class
   JD: Core.jar/org/jdownloader/captcha/v2/solver/browser/BrowserCaptchaDialog.class
   JD: Core.jar/org/jdownloader/captcha/v2/solver/browser/BrowserDialogHandler$1.class
   JD: Core.jar/org/jdownloader/captcha/v2/solver/browser/BrowserDialogHandler$2$1.class
   JD: Core.jar/org/jdownloader/captcha/v2/solver/browser/BrowserDialogHandler$2.class
   JD: Core.jar/org/jdownloader/captcha/v2/solver/browser/BrowserDialogHandler$3.class
   JD: Core.jar/org/jdownloader/captcha/v2/solver/browser/BrowserDialogHandler.class
   JD: Core.jar/org/jdownloader/captcha/v2/solver/browser/BrowserReference$1.class
   JD: Core.jar/org/jdownloader/captcha/v2/solver/browser/BrowserReference$2.class
   JD: Core.jar/org/jdownloader/captcha/v2/solver/browser/BrowserReference.class
   JD: Core.jar/org/jdownloader/captcha/v2/solver/browser/BrowserSolver.class
   JD: Core.jar/org/jdownloader/captcha/v2/solver/browser/CFG_BROWSER_CAPTCHA_SOLVER.class
   JD: Core.jar/org/jdownloader/captcha/v2/solver/browser/ScreenResource$Block.class
   JD: Core.jar/org/jdownloader/captcha/v2/solver/browser/ScreenResource.class
   JD: Core.jar/org/jdownloader/captcha/v2/solver/captchasolutions/CaptchaSolutionsSolver.class
   JD: Core.jar/org/jdownloader/captcha/v2/solver/captchasolutions/CaptchaSolutionsSolverService$1$1.class
   JD: Core.jar/org/jdownloader/captcha/v2/solver/captchasolutions/CaptchaSolutionsSolverService$1.class
   JD: Core.jar/org/jdownloader/captcha/v2/solver/captchasolutions/CaptchaSolutionsSolverService$2.class
   JD: Core.jar/org/jdownloader/captcha/v2/solver/captchasolutions/CaptchaSolutionsSolverService.class
   JD: Core.jar/org/jdownloader/captcha/v2/solver/captchasolutions/CaptchaSolutionsTooltip$1$1.class
   JD: Core.jar/org/jdownloader/captcha/v2/solver/captchasolutions/CaptchaSolutionsTooltip$1.class
   JD: Core.jar/org/jdownloader/captcha/v2/solver/captchasolutions/CaptchaSolutionsTooltip.class
   JD: Core.jar/org/jdownloader/captcha/v2/solver/cheapcaptcha/CheapCaptchaSolver$1.class
   JD: Core.jar/org/jdownloader/captcha/v2/solver/cheapcaptcha/CheapCaptchaSolver.class
   JD: Core.jar/org/jdownloader/captcha/v2/solver/cheapcaptcha/CheapCaptchaSolverService$1$1.class
   JD: Core.jar/org/jdownloader/captcha/v2/solver/cheapcaptcha/CheapCaptchaSolverService$1.class
   JD: Core.jar/org/jdownloader/captcha/v2/solver/cheapcaptcha/CheapCaptchaSolverService$2.class
   JD: Core.jar/org/jdownloader/captcha/v2/solver/cheapcaptcha/CheapCaptchaSolverService.class
   JD: Core.jar/org/jdownloader/captcha/v2/solver/cheapcaptcha/CheapCaptchaTooltip$1$1.class
   JD: Core.jar/org/jdownloader/captcha/v2/solver/cheapcaptcha/CheapCaptchaTooltip$1.class
   JD: Core.jar/org/jdownloader/captcha/v2/solver/cheapcaptcha/CheapCaptchaTooltip.class
   JD: Core.jar/org/jdownloader/captcha/v2/solver/dbc/DBCGetUserResponse$1.class
   JD: Core.jar/org/jdownloader/captcha/v2/solver/dbc/DBCGetUserResponse.class
   JD: Core.jar/org/jdownloader/captcha/v2/solver/dbc/DBCUploadResponse$1.class
   JD: Core.jar/org/jdownloader/captcha/v2/solver/dbc/DBCUploadResponse.class
   JD: Core.jar/org/jdownloader/captcha/v2/solver/dbc/DeathByCaptchaSolver$1.class
   JD: Core.jar/org/jdownloader/captcha/v2/solver/dbc/DeathByCaptchaSolver.class
   JD: Core.jar/org/jdownloader/captcha/v2/solver/dbc/DeathByCaptchaSolverService$1$1.class
   JD: Core.jar/org/jdownloader/captcha/v2/solver/dbc/DeathByCaptchaSolverService$1.class
   JD: Core.jar/org/jdownloader/captcha/v2/solver/dbc/DeathByCaptchaSolverService$2.class
   JD: Core.jar/org/jdownloader/captcha/v2/solver/dbc/DeathByCaptchaSolverService.class
   JD: Core.jar/org/jdownloader/captcha/v2/solver/dbc/ServicePanelDBCTooltip$1$1.class
   JD: Core.jar/org/jdownloader/captcha/v2/solver/dbc/ServicePanelDBCTooltip$1.class
   JD: Core.jar/org/jdownloader/captcha/v2/solver/dbc/ServicePanelDBCTooltip.class
   JD: Core.jar/org/jdownloader/captcha/v2/solver/endcaptcha/EndCaptchaSolver$1.class
   JD: Core.jar/org/jdownloader/captcha/v2/solver/endcaptcha/EndCaptchaSolver.class
   JD: Core.jar/org/jdownloader/captcha/v2/solver/endcaptcha/EndCaptchaSolverService$1$1.class
   JD: Core.jar/org/jdownloader/captcha/v2/solver/endcaptcha/EndCaptchaSolverService$1.class
   JD: Core.jar/org/jdownloader/captcha/v2/solver/endcaptcha/EndCaptchaSolverService$2.class
   JD: Core.jar/org/jdownloader/captcha/v2/solver/endcaptcha/EndCaptchaSolverService.class
   JD: Core.jar/org/jdownloader/captcha/v2/solver/endcaptcha/EndCaptchaTooltip$1$1.class
   JD: Core.jar/org/jdownloader/captcha/v2/solver/endcaptcha/EndCaptchaTooltip$1.class
   JD: Core.jar/org/jdownloader/captcha/v2/solver/endcaptcha/EndCaptchaTooltip.class
   JD: Core.jar/org/jdownloader/captcha/v2/solver/gui/AbstractDialogSolver$1.class
   JD: Core.jar/org/jdownloader/captcha/v2/solver/gui/AbstractDialogSolver$2.class
   JD: Core.jar/org/jdownloader/captcha/v2/solver/gui/AbstractDialogSolver.class
   JD: Core.jar/org/jdownloader/captcha/v2/solver/gui/DialogBasicCaptchaSolver$1.class
   JD: Core.jar/org/jdownloader/captcha/v2/solver/gui/DialogBasicCaptchaSolver.class
   JD: Core.jar/org/jdownloader/captcha/v2/solver/gui/DialogClickCaptchaSolver.class
   JD: Core.jar/org/jdownloader/captcha/v2/solver/gui/DialogMultiClickCaptchaSolver.class
   JD: Core.jar/org/jdownloader/captcha/v2/solver/imagetyperz/ImageTyperzCaptchaSolver$1.class
   JD: Core.jar/org/jdownloader/captcha/v2/solver/imagetyperz/ImageTyperzCaptchaSolver.class
   JD: Core.jar/org/jdownloader/captcha/v2/solver/imagetyperz/ImageTyperzSolverService$1$1.class
   JD: Core.jar/org/jdownloader/captcha/v2/solver/imagetyperz/ImageTyperzSolverService$1.class
   JD: Core.jar/org/jdownloader/captcha/v2/solver/imagetyperz/ImageTyperzSolverService$2.class
   JD: Core.jar/org/jdownloader/captcha/v2/solver/imagetyperz/ImageTyperzSolverService.class
   JD: Core.jar/org/jdownloader/captcha/v2/solver/imagetyperz/ServicePanelImageTyperzTooltip$1$1.class
   JD: Core.jar/org/jdownloader/captcha/v2/solver/imagetyperz/ServicePanelImageTyperzTooltip$1.class
   JD: Core.jar/org/jdownloader/captcha/v2/solver/imagetyperz/ServicePanelImageTyperzTooltip.class
   JD: Core.jar/org/jdownloader/captcha/v2/solver/jac/JACSolver$1.class
   JD: Core.jar/org/jdownloader/captcha/v2/solver/jac/JACSolver.class
   JD: Core.jar/org/jdownloader/captcha/v2/solver/jac/JacSolverService$1.class
   JD: Core.jar/org/jdownloader/captcha/v2/solver/jac/JacSolverService.class
   JD: Core.jar/org/jdownloader/captcha/v2/solver/myjd/CaptchaMyJDSolver$1.class
   JD: Core.jar/org/jdownloader/captcha/v2/solver/myjd/CaptchaMyJDSolver$Request.class
   JD: Core.jar/org/jdownloader/captcha/v2/solver/myjd/CaptchaMyJDSolver.class
   JD: Core.jar/org/jdownloader/captcha/v2/solver/myjd/CaptchaMyJDSolverService$1.class
   JD: Core.jar/org/jdownloader/captcha/v2/solver/myjd/CaptchaMyJDSolverService$2.class
   JD: Core.jar/org/jdownloader/captcha/v2/solver/myjd/CaptchaMyJDSolverService$3$1.class
   JD: Core.jar/org/jdownloader/captcha/v2/solver/myjd/CaptchaMyJDSolverService$3.class
   JD: Core.jar/org/jdownloader/captcha/v2/solver/myjd/CaptchaMyJDSolverService.class
   JD: Core.jar/org/jdownloader/captcha/v2/solver/myjd/MyJDCESStatus.class
   JD: Core.jar/org/jdownloader/captcha/v2/solver/myjd/ServicePanelMyJDCESTooltip$1$1.class
   JD: Core.jar/org/jdownloader/captcha/v2/solver/myjd/ServicePanelMyJDCESTooltip$1$2.class
   JD: Core.jar/org/jdownloader/captcha/v2/solver/myjd/ServicePanelMyJDCESTooltip$1.class
   JD: Core.jar/org/jdownloader/captcha/v2/solver/myjd/ServicePanelMyJDCESTooltip.class
   JD: Core.jar/org/jdownloader/captcha/v2/solver/service/AbstractSolverService$1$1.class
   JD: Core.jar/org/jdownloader/captcha/v2/solver/service/AbstractSolverService$1.class
   JD: Core.jar/org/jdownloader/captcha/v2/solver/service/AbstractSolverService.class
   JD: Core.jar/org/jdownloader/captcha/v2/solver/service/BrowserSolverService$1$1.class
   JD: Core.jar/org/jdownloader/captcha/v2/solver/service/BrowserSolverService$1.class
   JD: Core.jar/org/jdownloader/captcha/v2/solver/service/BrowserSolverService$2.class
   JD: Core.jar/org/jdownloader/captcha/v2/solver/service/BrowserSolverService.class
   JD: Core.jar/org/jdownloader/captcha/v2/solver/service/DialogSolverService$1.class
   JD: Core.jar/org/jdownloader/captcha/v2/solver/service/DialogSolverService.class
   JD: Core.jar/org/jdownloader/captcha/v2/solver/solver9kw/AbstractCaptcha9kwSolver$1.class
   JD: Core.jar/org/jdownloader/captcha/v2/solver/solver9kw/AbstractCaptcha9kwSolver$2.class.removed
   JD: Core.jar/org/jdownloader/captcha/v2/solver/solver9kw/AbstractCaptcha9kwSolver$3.class.removed
   JD: Core.jar/org/jdownloader/captcha/v2/solver/solver9kw/AbstractCaptcha9kwSolver$ResponseFeedback.class
   JD: Core.jar/org/jdownloader/captcha/v2/solver/solver9kw/AbstractCaptcha9kwSolver.class
   JD: Core.jar/org/jdownloader/captcha/v2/solver/solver9kw/Captcha9kwMultiClickResponse.class
   JD: Core.jar/org/jdownloader/captcha/v2/solver/solver9kw/Captcha9kwSettings.class
   JD: Core.jar/org/jdownloader/captcha/v2/solver/solver9kw/Captcha9kwSolver.class
   JD: Core.jar/org/jdownloader/captcha/v2/solver/solver9kw/Captcha9kwSolverClick.class
   JD: Core.jar/org/jdownloader/captcha/v2/solver/solver9kw/Captcha9kwSolverMultiClick$1.class
   JD: Core.jar/org/jdownloader/captcha/v2/solver/solver9kw/Captcha9kwSolverMultiClick.class
   JD: Core.jar/org/jdownloader/captcha/v2/solver/solver9kw/Captcha9kwSolverPuzzle.class
   JD: Core.jar/org/jdownloader/captcha/v2/solver/solver9kw/NineKWAccount.class
   JD: Core.jar/org/jdownloader/captcha/v2/solver/solver9kw/NineKwConfigPanel$1.class
   JD: Core.jar/org/jdownloader/captcha/v2/solver/solver9kw/NineKwConfigPanel$10.class
   JD: Core.jar/org/jdownloader/captcha/v2/solver/solver9kw/NineKwConfigPanel$11.class
   JD: Core.jar/org/jdownloader/captcha/v2/solver/solver9kw/NineKwConfigPanel$12.class
   JD: Core.jar/org/jdownloader/captcha/v2/solver/solver9kw/NineKwConfigPanel$13.class
   JD: Core.jar/org/jdownloader/captcha/v2/solver/solver9kw/NineKwConfigPanel$2.class
   JD: Core.jar/org/jdownloader/captcha/v2/solver/solver9kw/NineKwConfigPanel$3.class
   JD: Core.jar/org/jdownloader/captcha/v2/solver/solver9kw/NineKwConfigPanel$4.class
   JD: Core.jar/org/jdownloader/captcha/v2/solver/solver9kw/NineKwConfigPanel$5.class
   JD: Core.jar/org/jdownloader/captcha/v2/solver/solver9kw/NineKwConfigPanel$6.class
   JD: Core.jar/org/jdownloader/captcha/v2/solver/solver9kw/NineKwConfigPanel$7$1.class
   JD: Core.jar/org/jdownloader/captcha/v2/solver/solver9kw/NineKwConfigPanel$7.class
   JD: Core.jar/org/jdownloader/captcha/v2/solver/solver9kw/NineKwConfigPanel$8.class
   JD: Core.jar/org/jdownloader/captcha/v2/solver/solver9kw/NineKwConfigPanel$9.class
   JD: Core.jar/org/jdownloader/captcha/v2/solver/solver9kw/NineKwConfigPanel.class
   JD: Core.jar/org/jdownloader/captcha/v2/solver/solver9kw/NineKwSolverService$1.class
   JD: Core.jar/org/jdownloader/captcha/v2/solver/solver9kw/NineKwSolverService$2$1.class
   JD: Core.jar/org/jdownloader/captcha/v2/solver/solver9kw/NineKwSolverService$2$2.class
   JD: Core.jar/org/jdownloader/captcha/v2/solver/solver9kw/NineKwSolverService$2$3.class
   JD: Core.jar/org/jdownloader/captcha/v2/solver/solver9kw/NineKwSolverService$2$4.class
   JD: Core.jar/org/jdownloader/captcha/v2/solver/solver9kw/NineKwSolverService$2$5.class
   JD: Core.jar/org/jdownloader/captcha/v2/solver/solver9kw/NineKwSolverService$2.class
   JD: Core.jar/org/jdownloader/captcha/v2/solver/solver9kw/NineKwSolverService.class
   JD: Core.jar/org/jdownloader/captcha/v2/solver/solver9kw/RequestOptions.class
   JD: Core.jar/org/jdownloader/captcha/v2/solver/solver9kw/ServicePanel9kwTooltip$1$1.class
   JD: Core.jar/org/jdownloader/captcha/v2/solver/solver9kw/ServicePanel9kwTooltip$1$2.class
   JD: Core.jar/org/jdownloader/captcha/v2/solver/solver9kw/ServicePanel9kwTooltip$1.class
   JD: Core.jar/org/jdownloader/captcha/v2/solver/solver9kw/ServicePanel9kwTooltip.class
   JD: Core.jar/org/jdownloader/captcha/v2/solver/twocaptcha/AbstractTwoCaptchaSolver.class
   JD: Core.jar/org/jdownloader/captcha/v2/solver/twocaptcha/TwoCaptchaConfigPanel$1.class
   JD: Core.jar/org/jdownloader/captcha/v2/solver/twocaptcha/TwoCaptchaConfigPanel$2.class
   JD: Core.jar/org/jdownloader/captcha/v2/solver/twocaptcha/TwoCaptchaConfigPanel.class
   JD: Core.jar/org/jdownloader/captcha/v2/solver/twocaptcha/TwoCaptchaSolver$1.class
   JD: Core.jar/org/jdownloader/captcha/v2/solver/twocaptcha/TwoCaptchaSolver$2.class
   JD: Core.jar/org/jdownloader/captcha/v2/solver/twocaptcha/TwoCaptchaSolver$3.class
   JD: Core.jar/org/jdownloader/captcha/v2/solver/twocaptcha/TwoCaptchaSolver$BalanceResponse.class
   JD: Core.jar/org/jdownloader/captcha/v2/solver/twocaptcha/TwoCaptchaSolver.class
   JD: Core.jar/org/jdownloader/captcha/v2/solver/twocaptcha/TwoCaptchaSolverService$1.class
   JD: Core.jar/org/jdownloader/captcha/v2/solver/twocaptcha/TwoCaptchaSolverService.class
   JD: Core.jar/org/jdownloader/captcha/v2/solver/twocaptcha/TwoCaptchaTooltip$1$1.class
   JD: Core.jar/org/jdownloader/captcha/v2/solver/twocaptcha/TwoCaptchaTooltip$1.class
   JD: Core.jar/org/jdownloader/captcha/v2/solver/twocaptcha/TwoCaptchaTooltip.class
   JD: Core.jar/org/jdownloader/captcha/v2/solverjob/ChallengeSolverJobEvent$Type.class
   JD: Core.jar/org/jdownloader/captcha/v2/solverjob/ChallengeSolverJobEventSender$1.class
   JD: Core.jar/org/jdownloader/captcha/v2/solverjob/ChallengeSolverJobEventSender.class
   JD: Core.jar/org/jdownloader/captcha/v2/solverjob/ResponseList.class
   JD: Core.jar/org/jdownloader/captcha/v2/solverjob/SolverJob.class
   JD: Core.jar/org/jdownloader/cd/Method1.class
   JD: Core.jar/org/jdownloader/controlling/AggregatedCrawlerNumbers$1.class
   JD: Core.jar/org/jdownloader/controlling/AggregatedCrawlerNumbers$AggregatedCrawledLink.class
   JD: Core.jar/org/jdownloader/controlling/AggregatedCrawlerNumbers.class
   JD: Core.jar/org/jdownloader/controlling/AggregatedNumbers$1.class
   JD: Core.jar/org/jdownloader/controlling/AggregatedNumbers$AggregatedDownloadLink.class
   JD: Core.jar/org/jdownloader/controlling/AggregatedNumbers.class
   JD: Core.jar/org/jdownloader/controlling/DefaultDownloadLinkViewImpl$1.class
   JD: Core.jar/org/jdownloader/controlling/DefaultDownloadLinkViewImpl$ChangeListener.class
   JD: Core.jar/org/jdownloader/controlling/DefaultDownloadLinkViewImpl.class
   JD: Core.jar/org/jdownloader/controlling/DownloadLinkAggregator$1.class
   JD: Core.jar/org/jdownloader/controlling/DownloadLinkAggregator.class
   JD: Core.jar/org/jdownloader/controlling/FileCreationEvent$Type.class
   JD: Core.jar/org/jdownloader/controlling/FileCreationEventSender$1.class
   JD: Core.jar/org/jdownloader/controlling/FileCreationEventSender.class
   JD: Core.jar/org/jdownloader/controlling/FileCreationManager$1.class
   JD: Core.jar/org/jdownloader/controlling/FileCreationManager$DeleteOption$1.class
   JD: Core.jar/org/jdownloader/controlling/FileCreationManager$DeleteOption$2.class
   JD: Core.jar/org/jdownloader/controlling/FileCreationManager$DeleteOption$3.class
   JD: Core.jar/org/jdownloader/controlling/FileCreationManager$DeleteOption.class
   JD: Core.jar/org/jdownloader/controlling/FileCreationManager.class
   JD: Core.jar/org/jdownloader/controlling/FileStateManager$1.class
   JD: Core.jar/org/jdownloader/controlling/FileStateManager$FILESTATE.class
   JD: Core.jar/org/jdownloader/controlling/FileStateManager$FileStateOwner.class
   JD: Core.jar/org/jdownloader/controlling/FileStateManager.class
   JD: Core.jar/org/jdownloader/controlling/PasswordUtils.class
   JD: Core.jar/org/jdownloader/controlling/Priority$1.class
   JD: Core.jar/org/jdownloader/controlling/Priority.class
   JD: Core.jar/org/jdownloader/controlling/UniqueAlltimeID.class
   JD: Core.jar/org/jdownloader/controlling/UrlProtection.class
   JD: Core.jar/org/jdownloader/controlling/contextmenu/ActionData.class
   JD: Core.jar/org/jdownloader/controlling/contextmenu/ContextMenuManager$1.class
   JD: Core.jar/org/jdownloader/controlling/contextmenu/ContextMenuManager$2$1.class
   JD: Core.jar/org/jdownloader/controlling/contextmenu/ContextMenuManager$2.class
   JD: Core.jar/org/jdownloader/controlling/contextmenu/ContextMenuManager$3.class
   JD: Core.jar/org/jdownloader/controlling/contextmenu/ContextMenuManager$4.class
   JD: Core.jar/org/jdownloader/controlling/contextmenu/ContextMenuManager$5.class
   JD: Core.jar/org/jdownloader/controlling/contextmenu/ContextMenuManager$6.class
   JD: Core.jar/org/jdownloader/controlling/contextmenu/ContextMenuManager$7.class
   JD: Core.jar/org/jdownloader/controlling/contextmenu/ContextMenuManager$8.class
   JD: Core.jar/org/jdownloader/controlling/contextmenu/ContextMenuManager.class
   JD: Core.jar/org/jdownloader/controlling/contextmenu/CustomizableAppAction$1.class
   JD: Core.jar/org/jdownloader/controlling/contextmenu/CustomizableAppAction.class
   JD: Core.jar/org/jdownloader/controlling/contextmenu/MenuContainer.class
   JD: Core.jar/org/jdownloader/controlling/contextmenu/MenuContainerRoot$1.class
   JD: Core.jar/org/jdownloader/controlling/contextmenu/MenuContainerRoot.class
   JD: Core.jar/org/jdownloader/controlling/contextmenu/MenuItemData$Type.class
   JD: Core.jar/org/jdownloader/controlling/contextmenu/MenuItemData.class
   JD: Core.jar/org/jdownloader/controlling/contextmenu/gui/AddSpecialAction$1.class
   JD: Core.jar/org/jdownloader/controlling/contextmenu/gui/AddSpecialAction$2$1.class
   JD: Core.jar/org/jdownloader/controlling/contextmenu/gui/AddSpecialAction$2.class
   JD: Core.jar/org/jdownloader/controlling/contextmenu/gui/AddSpecialAction.class
   JD: Core.jar/org/jdownloader/controlling/contextmenu/gui/AddSubMenuAction$1.class
   JD: Core.jar/org/jdownloader/controlling/contextmenu/gui/AddSubMenuAction.class
   JD: Core.jar/org/jdownloader/controlling/contextmenu/gui/CustomPanel$1.class
   JD: Core.jar/org/jdownloader/controlling/contextmenu/gui/CustomPanel$2.class
   JD: Core.jar/org/jdownloader/controlling/contextmenu/gui/CustomPanel$3.class
   JD: Core.jar/org/jdownloader/controlling/contextmenu/gui/CustomPanel$4.class
   JD: Core.jar/org/jdownloader/controlling/contextmenu/gui/CustomPanel$5.class
   JD: Core.jar/org/jdownloader/controlling/contextmenu/gui/CustomPanel.class
   JD: Core.jar/org/jdownloader/controlling/contextmenu/gui/InfoPanel$1.class
   JD: Core.jar/org/jdownloader/controlling/contextmenu/gui/InfoPanel$2$1.class
   JD: Core.jar/org/jdownloader/controlling/contextmenu/gui/InfoPanel$2$2.class
   JD: Core.jar/org/jdownloader/controlling/contextmenu/gui/InfoPanel$2$3.class
   JD: Core.jar/org/jdownloader/controlling/contextmenu/gui/InfoPanel$2.class
   JD: Core.jar/org/jdownloader/controlling/contextmenu/gui/InfoPanel$3$1.class
   JD: Core.jar/org/jdownloader/controlling/contextmenu/gui/InfoPanel$3.class
   JD: Core.jar/org/jdownloader/controlling/contextmenu/gui/InfoPanel$4$1.class
   JD: Core.jar/org/jdownloader/controlling/contextmenu/gui/InfoPanel$4.class
   JD: Core.jar/org/jdownloader/controlling/contextmenu/gui/InfoPanel$5.class
   JD: Core.jar/org/jdownloader/controlling/contextmenu/gui/InfoPanel$6$1.class
   JD: Core.jar/org/jdownloader/controlling/contextmenu/gui/InfoPanel$6.class
   JD: Core.jar/org/jdownloader/controlling/contextmenu/gui/InfoPanel$7.class
   JD: Core.jar/org/jdownloader/controlling/contextmenu/gui/InfoPanel.class
   JD: Core.jar/org/jdownloader/controlling/contextmenu/gui/ManagerTreeModel.class
   JD: Core.jar/org/jdownloader/controlling/contextmenu/gui/MenuBuilder$1.class
   JD: Core.jar/org/jdownloader/controlling/contextmenu/gui/MenuBuilder$2.class
   JD: Core.jar/org/jdownloader/controlling/contextmenu/gui/MenuBuilder.class
   JD: Core.jar/org/jdownloader/controlling/contextmenu/gui/MenuItemTransferAble.class
   JD: Core.jar/org/jdownloader/controlling/contextmenu/gui/MenuManagerDialog$1.class
   JD: Core.jar/org/jdownloader/controlling/contextmenu/gui/MenuManagerDialog$10.class
   JD: Core.jar/org/jdownloader/controlling/contextmenu/gui/MenuManagerDialog$11.class
   JD: Core.jar/org/jdownloader/controlling/contextmenu/gui/MenuManagerDialog$12.class
   JD: Core.jar/org/jdownloader/controlling/contextmenu/gui/MenuManagerDialog$2.class
   JD: Core.jar/org/jdownloader/controlling/contextmenu/gui/MenuManagerDialog$3$1.class
   JD: Core.jar/org/jdownloader/controlling/contextmenu/gui/MenuManagerDialog$3.class
   JD: Core.jar/org/jdownloader/controlling/contextmenu/gui/MenuManagerDialog$4.class
   JD: Core.jar/org/jdownloader/controlling/contextmenu/gui/MenuManagerDialog$5$1.class
   JD: Core.jar/org/jdownloader/controlling/contextmenu/gui/MenuManagerDialog$5.class
   JD: Core.jar/org/jdownloader/controlling/contextmenu/gui/MenuManagerDialog$6.class
   JD: Core.jar/org/jdownloader/controlling/contextmenu/gui/MenuManagerDialog$7.class
   JD: Core.jar/org/jdownloader/controlling/contextmenu/gui/MenuManagerDialog$8.class
   JD: Core.jar/org/jdownloader/controlling/contextmenu/gui/MenuManagerDialog$9.class
   JD: Core.jar/org/jdownloader/controlling/contextmenu/gui/MenuManagerDialog.class
   JD: Core.jar/org/jdownloader/controlling/contextmenu/gui/MenuManagerTree$1.class
   JD: Core.jar/org/jdownloader/controlling/contextmenu/gui/MenuManagerTree$2.class
   JD: Core.jar/org/jdownloader/controlling/contextmenu/gui/MenuManagerTree$3.class
   JD: Core.jar/org/jdownloader/controlling/contextmenu/gui/MenuManagerTree$4.class
   JD: Core.jar/org/jdownloader/controlling/contextmenu/gui/MenuManagerTree$5.class
   JD: Core.jar/org/jdownloader/controlling/contextmenu/gui/MenuManagerTree.class
   JD: Core.jar/org/jdownloader/controlling/contextmenu/gui/NewSubMenuDialog$1$1.class
   JD: Core.jar/org/jdownloader/controlling/contextmenu/gui/NewSubMenuDialog$1$2.class
   JD: Core.jar/org/jdownloader/controlling/contextmenu/gui/NewSubMenuDialog$1$3.class
   JD: Core.jar/org/jdownloader/controlling/contextmenu/gui/NewSubMenuDialog$1.class
   JD: Core.jar/org/jdownloader/controlling/contextmenu/gui/NewSubMenuDialog.class
   JD: Core.jar/org/jdownloader/controlling/contextmenu/gui/OptionsPaneHeader.class
   JD: Core.jar/org/jdownloader/controlling/contextmenu/gui/RemoveAction.class
   JD: Core.jar/org/jdownloader/controlling/contextmenu/gui/Renderer.class
   JD: Core.jar/org/jdownloader/controlling/contextmenu/gui/TreeHeader.class
   JD: Core.jar/org/jdownloader/controlling/domainrules/CompiledDomainRule.class
   JD: Core.jar/org/jdownloader/controlling/domainrules/DomainRuleController$1.class
   JD: Core.jar/org/jdownloader/controlling/domainrules/DomainRuleController.class
   JD: Core.jar/org/jdownloader/controlling/domainrules/DomainRuleSet.class
   JD: Core.jar/org/jdownloader/controlling/domainrules/event/DomainRuleControllerEvent$Type.class
   JD: Core.jar/org/jdownloader/controlling/domainrules/event/DomainRuleControllerEventSender.class
   JD: Core.jar/org/jdownloader/controlling/download/DownloadControllerEvent$TYPE.class
   JD: Core.jar/org/jdownloader/controlling/download/DownloadControllerEventSender.class
   JD: Core.jar/org/jdownloader/controlling/ffmpeg/AbstractFFmpegBinary$1.class
   JD: Core.jar/org/jdownloader/controlling/ffmpeg/AbstractFFmpegBinary$2.class
   JD: Core.jar/org/jdownloader/controlling/ffmpeg/AbstractFFmpegBinary$3.class
   JD: Core.jar/org/jdownloader/controlling/ffmpeg/AbstractFFmpegBinary$4.class
   JD: Core.jar/org/jdownloader/controlling/ffmpeg/AbstractFFmpegBinary$5.class
   JD: Core.jar/org/jdownloader/controlling/ffmpeg/AbstractFFmpegBinary$6.class
   JD: Core.jar/org/jdownloader/controlling/ffmpeg/AbstractFFmpegBinary$7.class
   JD: Core.jar/org/jdownloader/controlling/ffmpeg/AbstractFFmpegBinary$AccessibleByteArrayOutputStream.class
   JD: Core.jar/org/jdownloader/controlling/ffmpeg/AbstractFFmpegBinary$FLAG.class
   JD: Core.jar/org/jdownloader/controlling/ffmpeg/AbstractFFmpegBinary$FLAGTYPE.class
   JD: Core.jar/org/jdownloader/controlling/ffmpeg/AbstractFFmpegBinary.class
   JD: Core.jar/org/jdownloader/controlling/ffmpeg/FFMpegException$ERROR.class
   JD: Core.jar/org/jdownloader/controlling/ffmpeg/FFMpegInstallProgress.class
   JD: Core.jar/org/jdownloader/controlling/ffmpeg/FFMpegInstallThread$1.class
   JD: Core.jar/org/jdownloader/controlling/ffmpeg/FFMpegInstallThread$BINARY.class
   JD: Core.jar/org/jdownloader/controlling/ffmpeg/FFMpegInstallThread.class
   JD: Core.jar/org/jdownloader/controlling/ffmpeg/FFMpegInstallTypeChooserDialog.class
   JD: Core.jar/org/jdownloader/controlling/ffmpeg/FFMpegProgress.class
   JD: Core.jar/org/jdownloader/controlling/ffmpeg/FFmpeg$1.class
   JD: Core.jar/org/jdownloader/controlling/ffmpeg/FFmpeg.class
   JD: Core.jar/org/jdownloader/controlling/ffmpeg/FFmpegBinaryValueEditor.class
   JD: Core.jar/org/jdownloader/controlling/ffmpeg/FFmpegMetaData$KEY.class
   JD: Core.jar/org/jdownloader/controlling/ffmpeg/FFmpegMetaData.class
   JD: Core.jar/org/jdownloader/controlling/ffmpeg/FFmpegProvider.class
   JD: Core.jar/org/jdownloader/controlling/ffmpeg/FFmpegSetup$BinayPathValidator.class
   JD: Core.jar/org/jdownloader/controlling/ffmpeg/FFmpegSetup$DefaultFFMpegBinary.class
   JD: Core.jar/org/jdownloader/controlling/ffmpeg/FFmpegSetup$DefaultFFProbeBinary.class
   JD: Core.jar/org/jdownloader/controlling/ffmpeg/FFprobe$1.class
   JD: Core.jar/org/jdownloader/controlling/ffmpeg/FFprobe.class
   JD: Core.jar/org/jdownloader/controlling/ffmpeg/json/Stream.class
   JD: Core.jar/org/jdownloader/controlling/ffmpeg/json/StreamInfo.class
   JD: Core.jar/org/jdownloader/controlling/filter/CompiledConditionFilter$1.class
   JD: Core.jar/org/jdownloader/controlling/filter/CompiledConditionFilter.class
   JD: Core.jar/org/jdownloader/controlling/filter/CompiledFilesizeFilter$1.class
   JD: Core.jar/org/jdownloader/controlling/filter/CompiledFilesizeFilter.class
   JD: Core.jar/org/jdownloader/controlling/filter/CompiledFiletypeFilter$1.class
   JD: Core.jar/org/jdownloader/controlling/filter/CompiledFiletypeFilter$ArchiveExtensions.class
   JD: Core.jar/org/jdownloader/controlling/filter/CompiledFiletypeFilter$AudioExtensions.class
   JD: Core.jar/org/jdownloader/controlling/filter/CompiledFiletypeFilter$DocumentExtensions.class
   JD: Core.jar/org/jdownloader/controlling/filter/CompiledFiletypeFilter$ExecutableExtensions.class
   JD: Core.jar/org/jdownloader/controlling/filter/CompiledFiletypeFilter$HashExtensions.class
   JD: Core.jar/org/jdownloader/controlling/filter/CompiledFiletypeFilter$ImageExtensions.class
   JD: Core.jar/org/jdownloader/controlling/filter/CompiledFiletypeFilter$SubtitleExtensions.class
   JD: Core.jar/org/jdownloader/controlling/filter/CompiledFiletypeFilter$VideoExtensions.class
   JD: Core.jar/org/jdownloader/controlling/filter/CompiledFiletypeFilter.class
   JD: Core.jar/org/jdownloader/controlling/filter/CompiledOnlineStatusFiler$1.class
   JD: Core.jar/org/jdownloader/controlling/filter/CompiledOnlineStatusFiler.class
   JD: Core.jar/org/jdownloader/controlling/filter/CompiledOriginFilter$1.class
   JD: Core.jar/org/jdownloader/controlling/filter/CompiledOriginFilter.class
   JD: Core.jar/org/jdownloader/controlling/filter/CompiledPluginStatusFilter$1.class
   JD: Core.jar/org/jdownloader/controlling/filter/CompiledPluginStatusFilter.class
   JD: Core.jar/org/jdownloader/controlling/filter/CompiledRegexFilter$1.class
   JD: Core.jar/org/jdownloader/controlling/filter/CompiledRegexFilter.class
   JD: Core.jar/org/jdownloader/controlling/filter/DirectHTTPView.class
   JD: Core.jar/org/jdownloader/controlling/filter/DupesView.class
   JD: Core.jar/org/jdownloader/controlling/filter/FilesizeFilter$1.class
   JD: Core.jar/org/jdownloader/controlling/filter/FilesizeFilter$SizeMatchType.class
   JD: Core.jar/org/jdownloader/controlling/filter/FilesizeFilter.class
   JD: Core.jar/org/jdownloader/controlling/filter/FiletypeFilter$1.class
   JD: Core.jar/org/jdownloader/controlling/filter/FiletypeFilter$TypeMatchType.class
   JD: Core.jar/org/jdownloader/controlling/filter/FiletypeFilter.class
   JD: Core.jar/org/jdownloader/controlling/filter/FilterRule.class
   JD: Core.jar/org/jdownloader/controlling/filter/LinkFilterController$1.class
   JD: Core.jar/org/jdownloader/controlling/filter/LinkFilterController$2.class
   JD: Core.jar/org/jdownloader/controlling/filter/LinkFilterController$3.class
   JD: Core.jar/org/jdownloader/controlling/filter/LinkFilterController$4.class
   JD: Core.jar/org/jdownloader/controlling/filter/LinkFilterController$5.class
   JD: Core.jar/org/jdownloader/controlling/filter/LinkFilterController.class
   JD: Core.jar/org/jdownloader/controlling/filter/LinkFilterOperator.class
   JD: Core.jar/org/jdownloader/controlling/filter/OfflineView.class
   JD: Core.jar/org/jdownloader/controlling/filter/RegexFilter$1.class
   JD: Core.jar/org/jdownloader/controlling/filter/RegexFilter$MatchType.class
   JD: Core.jar/org/jdownloader/controlling/filter/RegexFilter.class
   JD: Core.jar/org/jdownloader/controlling/filter/RuleWrapper$1.class
   JD: Core.jar/org/jdownloader/controlling/filter/RuleWrapper.class
   JD: Core.jar/org/jdownloader/controlling/hosterrule/AccountGroup$Rules.class
   JD: Core.jar/org/jdownloader/controlling/hosterrule/AccountGroup.class
   JD: Core.jar/org/jdownloader/controlling/hosterrule/AccountGroupStorable.class
   JD: Core.jar/org/jdownloader/controlling/hosterrule/AccountReference.class
   JD: Core.jar/org/jdownloader/controlling/hosterrule/AccountReferenceStorable.class
   JD: Core.jar/org/jdownloader/controlling/hosterrule/AccountRuleStorable.class
   JD: Core.jar/org/jdownloader/controlling/hosterrule/CachedAccountGroup.class
   JD: Core.jar/org/jdownloader/controlling/hosterrule/FreeAccountReference.class
   JD: Core.jar/org/jdownloader/controlling/hosterrule/HosterRuleController$1.class
   JD: Core.jar/org/jdownloader/controlling/hosterrule/HosterRuleController$10.class
   JD: Core.jar/org/jdownloader/controlling/hosterrule/HosterRuleController$11.class
   JD: Core.jar/org/jdownloader/controlling/hosterrule/HosterRuleController$12.class
   JD: Core.jar/org/jdownloader/controlling/hosterrule/HosterRuleController$13.class
   JD: Core.jar/org/jdownloader/controlling/hosterrule/HosterRuleController$2.class
   JD: Core.jar/org/jdownloader/controlling/hosterrule/HosterRuleController$3.class
   JD: Core.jar/org/jdownloader/controlling/hosterrule/HosterRuleController$4$1.class
   JD: Core.jar/org/jdownloader/controlling/hosterrule/HosterRuleController$4.class
   JD: Core.jar/org/jdownloader/controlling/hosterrule/HosterRuleController$5.class
   JD: Core.jar/org/jdownloader/controlling/hosterrule/HosterRuleController$6.class
   JD: Core.jar/org/jdownloader/controlling/hosterrule/HosterRuleController$7.class
   JD: Core.jar/org/jdownloader/controlling/hosterrule/HosterRuleController$8$1.class
   JD: Core.jar/org/jdownloader/controlling/hosterrule/HosterRuleController$8.class
   JD: Core.jar/org/jdownloader/controlling/hosterrule/HosterRuleController$9.class
   JD: Core.jar/org/jdownloader/controlling/hosterrule/HosterRuleController.class
   JD: Core.jar/org/jdownloader/controlling/hosterrule/HosterRuleControllerEvent$Type.class
   JD: Core.jar/org/jdownloader/controlling/hosterrule/HosterRuleControllerEventSender$1.class
   JD: Core.jar/org/jdownloader/controlling/hosterrule/HosterRuleControllerEventSender.class
   JD: Core.jar/org/jdownloader/controlling/linkcrawler/GenericVariants$1.class
   JD: Core.jar/org/jdownloader/controlling/linkcrawler/GenericVariants$2.class
   JD: Core.jar/org/jdownloader/controlling/linkcrawler/GenericVariants$3.class
   JD: Core.jar/org/jdownloader/controlling/linkcrawler/GenericVariants$4.class
   JD: Core.jar/org/jdownloader/controlling/linkcrawler/GenericVariants$5$1.class
   JD: Core.jar/org/jdownloader/controlling/linkcrawler/GenericVariants$5$2.class
   JD: Core.jar/org/jdownloader/controlling/linkcrawler/GenericVariants$5.class
   JD: Core.jar/org/jdownloader/controlling/linkcrawler/GenericVariants.class
   JD: Core.jar/org/jdownloader/controlling/lists/DupeManager$1.class
   JD: Core.jar/org/jdownloader/controlling/lists/DupeManager.class
   JD: Core.jar/org/jdownloader/controlling/packagizer/DisableParFilesPackageRule.class
   JD: Core.jar/org/jdownloader/controlling/packagizer/DisableRevFilesPackageRule.class
   JD: Core.jar/org/jdownloader/controlling/packagizer/PackagizerController$1.class
   JD: Core.jar/org/jdownloader/controlling/packagizer/PackagizerController$10.class
   JD: Core.jar/org/jdownloader/controlling/packagizer/PackagizerController$11.class
   JD: Core.jar/org/jdownloader/controlling/packagizer/PackagizerController$12.class
   JD: Core.jar/org/jdownloader/controlling/packagizer/PackagizerController$13.class
   JD: Core.jar/org/jdownloader/controlling/packagizer/PackagizerController$14.class
   JD: Core.jar/org/jdownloader/controlling/packagizer/PackagizerController$15.class
   JD: Core.jar/org/jdownloader/controlling/packagizer/PackagizerController$16.class
   JD: Core.jar/org/jdownloader/controlling/packagizer/PackagizerController$17.class
   JD: Core.jar/org/jdownloader/controlling/packagizer/PackagizerController$18.class
   JD: Core.jar/org/jdownloader/controlling/packagizer/PackagizerController$19.class
   JD: Core.jar/org/jdownloader/controlling/packagizer/PackagizerController$2.class
   JD: Core.jar/org/jdownloader/controlling/packagizer/PackagizerController$20.class
   JD: Core.jar/org/jdownloader/controlling/packagizer/PackagizerController$21.class
   JD: Core.jar/org/jdownloader/controlling/packagizer/PackagizerController$22.class
   JD: Core.jar/org/jdownloader/controlling/packagizer/PackagizerController$23.class
   JD: Core.jar/org/jdownloader/controlling/packagizer/PackagizerController$3.class
   JD: Core.jar/org/jdownloader/controlling/packagizer/PackagizerController$4.class
   JD: Core.jar/org/jdownloader/controlling/packagizer/PackagizerController$5.class
   JD: Core.jar/org/jdownloader/controlling/packagizer/PackagizerController$6.class
   JD: Core.jar/org/jdownloader/controlling/packagizer/PackagizerController$7.class
   JD: Core.jar/org/jdownloader/controlling/packagizer/PackagizerController$8.class
   JD: Core.jar/org/jdownloader/controlling/packagizer/PackagizerController$9.class
   JD: Core.jar/org/jdownloader/controlling/packagizer/PackagizerController$REPLACEVARIABLE.class
   JD: Core.jar/org/jdownloader/controlling/packagizer/PackagizerController.class
   JD: Core.jar/org/jdownloader/controlling/packagizer/PackagizerControllerEventSender.class
   JD: Core.jar/org/jdownloader/controlling/packagizer/PackagizerControllerListener$STATE.class
   JD: Core.jar/org/jdownloader/controlling/packagizer/SubFolderByPackageRule$COUNT.class
   JD: Core.jar/org/jdownloader/controlling/packagizer/SubFolderByPackageRule.class
   JD: Core.jar/org/jdownloader/controlling/packagizer/SubFolderByPluginRule.class
   JD: Core.jar/org/jdownloader/credits/CouplingType.class
   JD: Core.jar/org/jdownloader/crosssystem/idlegetter/BasicMousePointerIdleGetter.class
   JD: Core.jar/org/jdownloader/crosssystem/idlegetter/IdleGetter$1.class
   JD: Core.jar/org/jdownloader/crosssystem/idlegetter/IdleGetter.class
   JD: Core.jar/org/jdownloader/crosssystem/idlegetter/ModernWindowsJnaIdleGetter.class
   JD: Core.jar/org/jdownloader/crosssystem/windows/Win7TaskBar$1.class
   JD: Core.jar/org/jdownloader/crosssystem/windows/Win7TaskBar$MyMemory.class
   JD: Core.jar/org/jdownloader/crosssystem/windows/Win7TaskBar$User32Ex.class
   JD: Core.jar/org/jdownloader/crosssystem/windows/Win7TaskBar.class
   JD: Core.jar/org/jdownloader/crosssystem/windows/WindowsApplicationAdapter$1$1.class
   JD: Core.jar/org/jdownloader/crosssystem/windows/WindowsApplicationAdapter$1$2.class
   JD: Core.jar/org/jdownloader/crosssystem/windows/WindowsApplicationAdapter$1.class
   JD: Core.jar/org/jdownloader/crosssystem/windows/WindowsApplicationAdapter$2.class
   JD: Core.jar/org/jdownloader/crosssystem/windows/WindowsApplicationAdapter.class
   JD: Core.jar/org/jdownloader/crosssystem/windows/apache/sanselan/BinaryOutputStream.class
   JD: Core.jar/org/jdownloader/dialogs/NewPasswordDialog$1.class
   JD: Core.jar/org/jdownloader/dialogs/NewPasswordDialog$2.class
   JD: Core.jar/org/jdownloader/dialogs/NewPasswordDialog$3.class
   JD: Core.jar/org/jdownloader/dialogs/NewPasswordDialog$4.class
   JD: Core.jar/org/jdownloader/dialogs/NewPasswordDialog.class
   JD: Core.jar/org/jdownloader/dlc/DLCFactory$1.class
   JD: Core.jar/org/jdownloader/dlc/DLCFactory$2.class
   JD: Core.jar/org/jdownloader/dlc/DLCFactory$3.class
   JD: Core.jar/org/jdownloader/dlc/DLCFactory.class
   JD: Core.jar/org/jdownloader/donate/DONATE_EVENT$1.class
   JD: Core.jar/org/jdownloader/donate/DONATE_EVENT$2.class
   JD: Core.jar/org/jdownloader/donate/DONATE_EVENT$3.class
   JD: Core.jar/org/jdownloader/donate/DONATE_EVENT$4.class
   JD: Core.jar/org/jdownloader/donate/DONATE_EVENT$5.class
   JD: Core.jar/org/jdownloader/donate/DONATE_EVENT$6.class
   JD: Core.jar/org/jdownloader/donate/DONATE_EVENT$7.class
   JD: Core.jar/org/jdownloader/donate/DONATE_EVENT$8.class
   JD: Core.jar/org/jdownloader/donate/DONATE_EVENT$9.class
   JD: Core.jar/org/jdownloader/donate/DONATE_EVENT.class
   JD: Core.jar/org/jdownloader/donate/DonationManager$1.class
   JD: Core.jar/org/jdownloader/donate/DonationManager.class
   JD: Core.jar/org/jdownloader/downloader/hds/F4vInputStream.class
   JD: Core.jar/org/jdownloader/downloader/hds/HDSDownloader$1.class
   JD: Core.jar/org/jdownloader/downloader/hds/HDSDownloader$2.class
   JD: Core.jar/org/jdownloader/downloader/hds/HDSDownloader.class
   JD: Core.jar/org/jdownloader/downloader/hls/HLSDownloader$1.class
   JD: Core.jar/org/jdownloader/downloader/hls/HLSDownloader$2.class
   JD: Core.jar/org/jdownloader/downloader/hls/HLSDownloader$3.class
   JD: Core.jar/org/jdownloader/downloader/hls/HLSDownloader$4.class
   JD: Core.jar/org/jdownloader/downloader/hls/HLSDownloader$5.class
   JD: Core.jar/org/jdownloader/downloader/hls/HLSDownloader$6.class
   JD: Core.jar/org/jdownloader/downloader/hls/HLSDownloader$7.class
   JD: Core.jar/org/jdownloader/downloader/hls/HLSDownloader$8.class
   JD: Core.jar/org/jdownloader/downloader/hls/HLSDownloader$9.class
   JD: Core.jar/org/jdownloader/downloader/hls/HLSDownloader$CONCATSOURCE.class
   JD: Core.jar/org/jdownloader/downloader/hls/HLSDownloader$PartFile.class
   JD: Core.jar/org/jdownloader/downloader/hls/HLSDownloader.class
   JD: Core.jar/org/jdownloader/downloader/hls/M3U8Playlist$M3U8Segment$X_KEY_METHOD.class
   JD: Core.jar/org/jdownloader/downloader/hls/M3U8Playlist.class
   JD: Core.jar/org/jdownloader/downloader/segment/SegmentDownloader$1.class
   JD: Core.jar/org/jdownloader/downloader/segment/SegmentDownloader$2.class
   JD: Core.jar/org/jdownloader/downloader/segment/SegmentDownloader.class
   JD: Core.jar/org/jdownloader/encoding/AADecoder$1.class
   JD: Core.jar/org/jdownloader/encoding/AADecoder.class
   JD: Core.jar/org/jdownloader/extensions/AbstractExtension$1.class
   JD: Core.jar/org/jdownloader/extensions/AbstractExtension.class
   JD: Core.jar/org/jdownloader/extensions/AbstractExtensionAction.class
   JD: Core.jar/org/jdownloader/extensions/AbstractExtensionGuiEnableAction.class
   JD: Core.jar/org/jdownloader/extensions/AbstractExtensionQuickToggleAction.class
   JD: Core.jar/org/jdownloader/extensions/ExtensionConfigPanel$1.class
   JD: Core.jar/org/jdownloader/extensions/ExtensionConfigPanel.class
   JD: Core.jar/org/jdownloader/extensions/ExtensionController$1.class
   JD: Core.jar/org/jdownloader/extensions/ExtensionController$2.class
   JD: Core.jar/org/jdownloader/extensions/ExtensionController$3.class
   JD: Core.jar/org/jdownloader/extensions/ExtensionController$4.class
   JD: Core.jar/org/jdownloader/extensions/ExtensionController$5.class
   JD: Core.jar/org/jdownloader/extensions/ExtensionController$6.class
   JD: Core.jar/org/jdownloader/extensions/ExtensionController$7.class
   JD: Core.jar/org/jdownloader/extensions/ExtensionController.class
   JD: Core.jar/org/jdownloader/extensions/ExtensionControllerEvent$Type.class
   JD: Core.jar/org/jdownloader/extensions/ExtensionControllerEventSender$1.class
   JD: Core.jar/org/jdownloader/extensions/ExtensionControllerEventSender.class
   JD: Core.jar/org/jdownloader/extensions/ExtensionQuickToggleAction.class
   JD: Core.jar/org/jdownloader/extensions/Header.class
   JD: Core.jar/org/jdownloader/extensions/LazyExtension.class
   JD: Core.jar/org/jdownloader/extensions/UninstalledExtension$1$1$1$1$1.class
   JD: Core.jar/org/jdownloader/extensions/UninstalledExtension$1$1$1$1.class
   JD: Core.jar/org/jdownloader/extensions/UninstalledExtension$1$1$1$2.class
   JD: Core.jar/org/jdownloader/extensions/UninstalledExtension$1$1$1.class
   JD: Core.jar/org/jdownloader/extensions/UninstalledExtension$1$1.class
   JD: Core.jar/org/jdownloader/extensions/UninstalledExtension$1.class
   JD: Core.jar/org/jdownloader/extensions/UninstalledExtension.class
   JD: Core.jar/org/jdownloader/gui/GuiUtils$1.class
   JD: Core.jar/org/jdownloader/gui/GuiUtils.class
   JD: Core.jar/org/jdownloader/gui/IconKey$1.class
   JD: Core.jar/org/jdownloader/gui/IconKey.class
   JD: Core.jar/org/jdownloader/gui/KeyObserver.class
   JD: Core.jar/org/jdownloader/gui/components/CheckboxMenuItem$1.class
   JD: Core.jar/org/jdownloader/gui/components/CheckboxMenuItem.class
   JD: Core.jar/org/jdownloader/gui/components/RegexListTextPane$1.class
   JD: Core.jar/org/jdownloader/gui/components/RegexListTextPane$2.class
   JD: Core.jar/org/jdownloader/gui/components/RegexListTextPane$3.class
   JD: Core.jar/org/jdownloader/gui/components/RegexListTextPane$UnderlineHighlightPainter.class
   JD: Core.jar/org/jdownloader/gui/components/RegexListTextPane.class
   JD: Core.jar/org/jdownloader/gui/dialog/AskForCryptedLinkDialog$1.class
   JD: Core.jar/org/jdownloader/gui/dialog/AskForCryptedLinkDialog.class
   JD: Core.jar/org/jdownloader/gui/dialog/AskForCryptedLinkPasswordDialog$1.class.removed
   JD: Core.jar/org/jdownloader/gui/dialog/AskForCryptedLinkPasswordDialog.class.removed
   JD: Core.jar/org/jdownloader/gui/dialog/AskForDownloadLinkDialog$1.class
   JD: Core.jar/org/jdownloader/gui/dialog/AskForDownloadLinkDialog$2.class
   JD: Core.jar/org/jdownloader/gui/dialog/AskForDownloadLinkDialog.class
   JD: Core.jar/org/jdownloader/gui/dialog/AskForPasswordDialog$1.class.removed
   JD: Core.jar/org/jdownloader/gui/dialog/AskForPasswordDialog$2.class.removed
   JD: Core.jar/org/jdownloader/gui/dialog/AskForPasswordDialog.class.removed
   JD: Core.jar/org/jdownloader/gui/dialog/AskForUserAndPasswordDialog$1.class
   JD: Core.jar/org/jdownloader/gui/dialog/AskForUserAndPasswordDialog$2.class
   JD: Core.jar/org/jdownloader/gui/dialog/AskForUserAndPasswordDialog$3.class
   JD: Core.jar/org/jdownloader/gui/dialog/AskForUserAndPasswordDialog$4.class
   JD: Core.jar/org/jdownloader/gui/dialog/AskForUserAndPasswordDialog$5.class
   JD: Core.jar/org/jdownloader/gui/dialog/AskForUserAndPasswordDialog.class
   JD: Core.jar/org/jdownloader/gui/dialog/AskToUsePremiumDialog.class
   JD: Core.jar/org/jdownloader/gui/event/GUIEvent$Type.class
   JD: Core.jar/org/jdownloader/gui/event/GUIEventSender$1.class
   JD: Core.jar/org/jdownloader/gui/event/GUIEventSender.class
   JD: Core.jar/org/jdownloader/gui/helpdialogs/HelpDialog$1$1.class
   JD: Core.jar/org/jdownloader/gui/helpdialogs/HelpDialog$1.class
   JD: Core.jar/org/jdownloader/gui/helpdialogs/HelpDialog.class
   JD: Core.jar/org/jdownloader/gui/jdtrayicon/CFG_TRAY_CONFIG.class
   JD: Core.jar/org/jdownloader/gui/jdtrayicon/MenuManagerTrayIcon.class
   JD: Core.jar/org/jdownloader/gui/jdtrayicon/OnCloseAction.class
   JD: Core.jar/org/jdownloader/gui/jdtrayicon/OnMinimizeAction.class
   JD: Core.jar/org/jdownloader/gui/jdtrayicon/TrayConfigPanel$1.class
   JD: Core.jar/org/jdownloader/gui/jdtrayicon/TrayConfigPanel.class
   JD: Core.jar/org/jdownloader/gui/jdtrayicon/TrayExtension$1$1.class
   JD: Core.jar/org/jdownloader/gui/jdtrayicon/TrayExtension$1.class
   JD: Core.jar/org/jdownloader/gui/jdtrayicon/TrayExtension$2$1$1$1.class
   JD: Core.jar/org/jdownloader/gui/jdtrayicon/TrayExtension$2$1$1$2.class
   JD: Core.jar/org/jdownloader/gui/jdtrayicon/TrayExtension$2$1$1.class
   JD: Core.jar/org/jdownloader/gui/jdtrayicon/TrayExtension$2$1.class
   JD: Core.jar/org/jdownloader/gui/jdtrayicon/TrayExtension$2.class
   JD: Core.jar/org/jdownloader/gui/jdtrayicon/TrayExtension$3.class
   JD: Core.jar/org/jdownloader/gui/jdtrayicon/TrayExtension$4.class
   JD: Core.jar/org/jdownloader/gui/jdtrayicon/TrayExtension$5.class
   JD: Core.jar/org/jdownloader/gui/jdtrayicon/TrayExtension$6.class
   JD: Core.jar/org/jdownloader/gui/jdtrayicon/TrayExtension$7.class
   JD: Core.jar/org/jdownloader/gui/jdtrayicon/TrayExtension$8.class
   JD: Core.jar/org/jdownloader/gui/jdtrayicon/TrayExtension.class
   JD: Core.jar/org/jdownloader/gui/jdtrayicon/TrayIconPopup$1.class
   JD: Core.jar/org/jdownloader/gui/jdtrayicon/TrayIconPopup$2.class
   JD: Core.jar/org/jdownloader/gui/jdtrayicon/TrayIconPopup$3$1$1.class
   JD: Core.jar/org/jdownloader/gui/jdtrayicon/TrayIconPopup$3$1.class
   JD: Core.jar/org/jdownloader/gui/jdtrayicon/TrayIconPopup$3.class
   JD: Core.jar/org/jdownloader/gui/jdtrayicon/TrayIconPopup$4$1.class
   JD: Core.jar/org/jdownloader/gui/jdtrayicon/TrayIconPopup$4.class
   JD: Core.jar/org/jdownloader/gui/jdtrayicon/TrayIconPopup$5.class
   JD: Core.jar/org/jdownloader/gui/jdtrayicon/TrayIconPopup$6$1.class
   JD: Core.jar/org/jdownloader/gui/jdtrayicon/TrayIconPopup$6.class
   JD: Core.jar/org/jdownloader/gui/jdtrayicon/TrayIconPopup$7.class
   JD: Core.jar/org/jdownloader/gui/jdtrayicon/TrayIconPopup$8.class
   JD: Core.jar/org/jdownloader/gui/jdtrayicon/TrayIconPopup$9.class
   JD: Core.jar/org/jdownloader/gui/jdtrayicon/TrayIconPopup.class
   JD: Core.jar/org/jdownloader/gui/jdtrayicon/TrayIconTooltip$1.class
   JD: Core.jar/org/jdownloader/gui/jdtrayicon/TrayIconTooltip.class
   JD: Core.jar/org/jdownloader/gui/jdtrayicon/TrayMouseAdapter$1.class
   JD: Core.jar/org/jdownloader/gui/jdtrayicon/TrayMouseAdapter$2$1.class
   JD: Core.jar/org/jdownloader/gui/jdtrayicon/TrayMouseAdapter$2.class
   JD: Core.jar/org/jdownloader/gui/jdtrayicon/TrayMouseAdapter.class
   JD: Core.jar/org/jdownloader/gui/jdtrayicon/actions/ChunksEditorLink$1.class
   JD: Core.jar/org/jdownloader/gui/jdtrayicon/actions/ChunksEditorLink$2.class
   JD: Core.jar/org/jdownloader/gui/jdtrayicon/actions/ChunksEditorLink.class
   JD: Core.jar/org/jdownloader/gui/jdtrayicon/actions/ParalellDownloadsEditorLink$1.class
   JD: Core.jar/org/jdownloader/gui/jdtrayicon/actions/ParalellDownloadsEditorLink$2.class
   JD: Core.jar/org/jdownloader/gui/jdtrayicon/actions/ParalellDownloadsEditorLink.class
   JD: Core.jar/org/jdownloader/gui/jdtrayicon/actions/ParallelDownloadsPerHostEditorLink$1.class
   JD: Core.jar/org/jdownloader/gui/jdtrayicon/actions/ParallelDownloadsPerHostEditorLink$2.class
   JD: Core.jar/org/jdownloader/gui/jdtrayicon/actions/ParallelDownloadsPerHostEditorLink.class
   JD: Core.jar/org/jdownloader/gui/jdtrayicon/actions/SpeedlimitEditorLink$1.class
   JD: Core.jar/org/jdownloader/gui/jdtrayicon/actions/SpeedlimitEditorLink$2.class
   JD: Core.jar/org/jdownloader/gui/jdtrayicon/actions/SpeedlimitEditorLink.class
   JD: Core.jar/org/jdownloader/gui/jdtrayicon/actions/TrayMenuManagerAction.class
   JD: Core.jar/org/jdownloader/gui/jdtrayicon/translate/_TRAY.class
   JD: Core.jar/org/jdownloader/gui/mainmenu/BackupCreateAction$1$1.class
   JD: Core.jar/org/jdownloader/gui/mainmenu/BackupCreateAction$1$2.class
   JD: Core.jar/org/jdownloader/gui/mainmenu/BackupCreateAction$1.class
   JD: Core.jar/org/jdownloader/gui/mainmenu/BackupCreateAction$2.class
   JD: Core.jar/org/jdownloader/gui/mainmenu/BackupCreateAction.class
   JD: Core.jar/org/jdownloader/gui/mainmenu/BackupRestoreAction$1.class
   JD: Core.jar/org/jdownloader/gui/mainmenu/BackupRestoreAction$2.class
   JD: Core.jar/org/jdownloader/gui/mainmenu/BackupRestoreAction$3.class
   JD: Core.jar/org/jdownloader/gui/mainmenu/BackupRestoreAction$4.class
   JD: Core.jar/org/jdownloader/gui/mainmenu/BackupRestoreAction$5$1.class
   JD: Core.jar/org/jdownloader/gui/mainmenu/BackupRestoreAction$5$2$1.class.removed
   JD: Core.jar/org/jdownloader/gui/mainmenu/BackupRestoreAction$5$2.class
   JD: Core.jar/org/jdownloader/gui/mainmenu/BackupRestoreAction$5.class
   JD: Core.jar/org/jdownloader/gui/mainmenu/BackupRestoreAction.class
   JD: Core.jar/org/jdownloader/gui/mainmenu/CheckForUpdatesAction.class
   JD: Core.jar/org/jdownloader/gui/mainmenu/ChunksEditorLink$1.class
   JD: Core.jar/org/jdownloader/gui/mainmenu/ChunksEditorLink$2.class
   JD: Core.jar/org/jdownloader/gui/mainmenu/ChunksEditorLink.class
   JD: Core.jar/org/jdownloader/gui/mainmenu/DonateAction$1.class
   JD: Core.jar/org/jdownloader/gui/mainmenu/DonateAction.class
   JD: Core.jar/org/jdownloader/gui/mainmenu/MenuManagerMainmenu$1.class
   JD: Core.jar/org/jdownloader/gui/mainmenu/MenuManagerMainmenu.class
   JD: Core.jar/org/jdownloader/gui/mainmenu/ParalellDownloadsEditorLink$1.class
   JD: Core.jar/org/jdownloader/gui/mainmenu/ParalellDownloadsEditorLink$2.class
   JD: Core.jar/org/jdownloader/gui/mainmenu/ParalellDownloadsEditorLink.class
   JD: Core.jar/org/jdownloader/gui/mainmenu/ParallelDownloadsPerHostEditorLink$1.class
   JD: Core.jar/org/jdownloader/gui/mainmenu/ParallelDownloadsPerHostEditorLink$2.class
   JD: Core.jar/org/jdownloader/gui/mainmenu/ParallelDownloadsPerHostEditorLink.class
   JD: Core.jar/org/jdownloader/gui/mainmenu/SpeedlimitEditorLink$1.class
   JD: Core.jar/org/jdownloader/gui/mainmenu/SpeedlimitEditorLink$2.class
   JD: Core.jar/org/jdownloader/gui/mainmenu/SpeedlimitEditorLink.class
   JD: Core.jar/org/jdownloader/gui/mainmenu/action/AddLinksMenuAction.class
   JD: Core.jar/org/jdownloader/gui/mainmenu/action/LogSendAction.class
   JD: Core.jar/org/jdownloader/gui/mainmenu/container/AboutMenuContainer.class
   JD: Core.jar/org/jdownloader/gui/mainmenu/container/BackupMenuContainer.class
   JD: Core.jar/org/jdownloader/gui/mainmenu/container/CaptchaQuickSettingsContainer.class
   JD: Core.jar/org/jdownloader/gui/mainmenu/container/ExtensionsMenuContainer.class
   JD: Core.jar/org/jdownloader/gui/mainmenu/container/ExtensionsMenuWindowContainer.class
   JD: Core.jar/org/jdownloader/gui/mainmenu/container/FileMenuContainer.class
   JD: Core.jar/org/jdownloader/gui/mainmenu/container/OptionalContainer.class
   JD: Core.jar/org/jdownloader/gui/mainmenu/container/SettingsMenuContainer.class
   JD: Core.jar/org/jdownloader/gui/notify/AbstractBubbleContentPanel$Pair$1.class
   JD: Core.jar/org/jdownloader/gui/notify/AbstractBubbleContentPanel$Pair$2.class
   JD: Core.jar/org/jdownloader/gui/notify/AbstractBubbleContentPanel$Pair$3.class
   JD: Core.jar/org/jdownloader/gui/notify/AbstractBubbleContentPanel$Pair.class
   JD: Core.jar/org/jdownloader/gui/notify/AbstractBubbleContentPanel.class
   JD: Core.jar/org/jdownloader/gui/notify/AbstractBubbleSupport$1.class
   JD: Core.jar/org/jdownloader/gui/notify/AbstractBubbleSupport.class
   JD: Core.jar/org/jdownloader/gui/notify/BasicNotify.class
   JD: Core.jar/org/jdownloader/gui/notify/BubbleNotify$1.class
   JD: Core.jar/org/jdownloader/gui/notify/BubbleNotify$2.class
   JD: Core.jar/org/jdownloader/gui/notify/BubbleNotify$3.class
   JD: Core.jar/org/jdownloader/gui/notify/BubbleNotify$4.class
   JD: Core.jar/org/jdownloader/gui/notify/BubbleNotify$5.class
   JD: Core.jar/org/jdownloader/gui/notify/BubbleNotify$6.class
   JD: Core.jar/org/jdownloader/gui/notify/BubbleNotify$7.class
   JD: Core.jar/org/jdownloader/gui/notify/BubbleNotify$8.class
   JD: Core.jar/org/jdownloader/gui/notify/BubbleNotify.class
   JD: Core.jar/org/jdownloader/gui/notify/UpdatesBubbleSupport$1$1.class
   JD: Core.jar/org/jdownloader/gui/notify/UpdatesBubbleSupport$1.class
   JD: Core.jar/org/jdownloader/gui/notify/UpdatesBubbleSupport.class
   JD: Core.jar/org/jdownloader/gui/notify/captcha/CESBubble$1.class
   JD: Core.jar/org/jdownloader/gui/notify/captcha/CESBubble$2.class
   JD: Core.jar/org/jdownloader/gui/notify/captcha/CESBubble$3.class
   JD: Core.jar/org/jdownloader/gui/notify/captcha/CESBubble$4.class
   JD: Core.jar/org/jdownloader/gui/notify/captcha/CESBubble.class
   JD: Core.jar/org/jdownloader/gui/notify/captcha/CESBubbleContent$1.class
   JD: Core.jar/org/jdownloader/gui/notify/captcha/CESBubbleContent$2.class
   JD: Core.jar/org/jdownloader/gui/notify/captcha/CESBubbleContent.class
   JD: Core.jar/org/jdownloader/gui/notify/captcha/CESBubbleSupport$1$1.class
   JD: Core.jar/org/jdownloader/gui/notify/captcha/CESBubbleSupport$1.class
   JD: Core.jar/org/jdownloader/gui/notify/captcha/CESBubbleSupport$2.class
   JD: Core.jar/org/jdownloader/gui/notify/captcha/CESBubbleSupport.class
   JD: Core.jar/org/jdownloader/gui/notify/captcha/CaptchaBubbleSupport$1$1.class
   JD: Core.jar/org/jdownloader/gui/notify/captcha/CaptchaBubbleSupport$1.class
   JD: Core.jar/org/jdownloader/gui/notify/captcha/CaptchaBubbleSupport.class
   JD: Core.jar/org/jdownloader/gui/notify/captcha/CaptchaNotify.class
   JD: Core.jar/org/jdownloader/gui/notify/downloads/DownloadStartedContentPanel.class
   JD: Core.jar/org/jdownloader/gui/notify/downloads/DownloadStartedNotify.class
   JD: Core.jar/org/jdownloader/gui/notify/downloads/DownloadStoppedNotify.class
   JD: Core.jar/org/jdownloader/gui/notify/downloads/StartDownloadsBubbleSupport$1$1$1.class
   JD: Core.jar/org/jdownloader/gui/notify/downloads/StartDownloadsBubbleSupport$1$1.class
   JD: Core.jar/org/jdownloader/gui/notify/downloads/StartDownloadsBubbleSupport$1.class
   JD: Core.jar/org/jdownloader/gui/notify/downloads/StartDownloadsBubbleSupport$2.class
   JD: Core.jar/org/jdownloader/gui/notify/downloads/StartDownloadsBubbleSupport.class
   JD: Core.jar/org/jdownloader/gui/notify/downloads/StartStopPauseBubbleSupport$1.class
   JD: Core.jar/org/jdownloader/gui/notify/downloads/StartStopPauseBubbleSupport$2.class
   JD: Core.jar/org/jdownloader/gui/notify/downloads/StartStopPauseBubbleSupport$3.class
   JD: Core.jar/org/jdownloader/gui/notify/downloads/StartStopPauseBubbleSupport.class
   JD: Core.jar/org/jdownloader/gui/notify/gui/AbstractNotifyWindow$1.class
   JD: Core.jar/org/jdownloader/gui/notify/gui/AbstractNotifyWindow$2.class
   JD: Core.jar/org/jdownloader/gui/notify/gui/AbstractNotifyWindow$3.class
   JD: Core.jar/org/jdownloader/gui/notify/gui/AbstractNotifyWindow$4$1.class
   JD: Core.jar/org/jdownloader/gui/notify/gui/AbstractNotifyWindow$4.class
   JD: Core.jar/org/jdownloader/gui/notify/gui/AbstractNotifyWindow$5$1.class
   JD: Core.jar/org/jdownloader/gui/notify/gui/AbstractNotifyWindow$5.class
   JD: Core.jar/org/jdownloader/gui/notify/gui/AbstractNotifyWindow$6.class
   JD: Core.jar/org/jdownloader/gui/notify/gui/AbstractNotifyWindow$7.class
   JD: Core.jar/org/jdownloader/gui/notify/gui/AbstractNotifyWindow$8.class
   JD: Core.jar/org/jdownloader/gui/notify/gui/AbstractNotifyWindow$9.class
   JD: Core.jar/org/jdownloader/gui/notify/gui/AbstractNotifyWindow.class
   JD: Core.jar/org/jdownloader/gui/notify/gui/Balloner$1.class
   JD: Core.jar/org/jdownloader/gui/notify/gui/Balloner$2.class
   JD: Core.jar/org/jdownloader/gui/notify/gui/Balloner.class
   JD: Core.jar/org/jdownloader/gui/notify/gui/BubbleNotifyConfig$Anchor.class
   JD: Core.jar/org/jdownloader/gui/notify/gui/BubbleNotifyConfig$BubbleNotifyEnabledState.class
   JD: Core.jar/org/jdownloader/gui/notify/gui/BubbleNotifyConfig$LINKGRABBER_BUBBLE_NOTIFY_ON.class
   JD: Core.jar/org/jdownloader/gui/notify/gui/BubbleNotifyConfigPanel$1$1.class
   JD: Core.jar/org/jdownloader/gui/notify/gui/BubbleNotifyConfigPanel$1.class
   JD: Core.jar/org/jdownloader/gui/notify/gui/BubbleNotifyConfigPanel$2.class
   JD: Core.jar/org/jdownloader/gui/notify/gui/BubbleNotifyConfigPanel.class
   JD: Core.jar/org/jdownloader/gui/notify/gui/CFG_BUBBLE.class
   JD: Core.jar/org/jdownloader/gui/notify/gui/Fader.class
   JD: Core.jar/org/jdownloader/gui/notify/linkcrawler/LinkCrawlerBubble$1.class
   JD: Core.jar/org/jdownloader/gui/notify/linkcrawler/LinkCrawlerBubble$2.class
   JD: Core.jar/org/jdownloader/gui/notify/linkcrawler/LinkCrawlerBubble.class
   JD: Core.jar/org/jdownloader/gui/notify/linkcrawler/LinkCrawlerBubbleContent$1.class
   JD: Core.jar/org/jdownloader/gui/notify/linkcrawler/LinkCrawlerBubbleContent$2.class
   JD: Core.jar/org/jdownloader/gui/notify/linkcrawler/LinkCrawlerBubbleContent.class
   JD: Core.jar/org/jdownloader/gui/notify/linkcrawler/LinkCrawlerBubbleSupport$1.class
   JD: Core.jar/org/jdownloader/gui/notify/linkcrawler/LinkCrawlerBubbleSupport$LinkCrawlerBubbleWrapper$1.class
   JD: Core.jar/org/jdownloader/gui/notify/linkcrawler/LinkCrawlerBubbleSupport$LinkCrawlerBubbleWrapper.class
   JD: Core.jar/org/jdownloader/gui/notify/linkcrawler/LinkCrawlerBubbleSupport.class
   JD: Core.jar/org/jdownloader/gui/notify/reconnect/ReconnectBubble$1.class
   JD: Core.jar/org/jdownloader/gui/notify/reconnect/ReconnectBubble$2.class
   JD: Core.jar/org/jdownloader/gui/notify/reconnect/ReconnectBubble.class
   JD: Core.jar/org/jdownloader/gui/notify/reconnect/ReconnectBubbleContent$1$1.class
   JD: Core.jar/org/jdownloader/gui/notify/reconnect/ReconnectBubbleContent$1.class
   JD: Core.jar/org/jdownloader/gui/notify/reconnect/ReconnectBubbleContent$2.class
   JD: Core.jar/org/jdownloader/gui/notify/reconnect/ReconnectBubbleContent$3$1.class
   JD: Core.jar/org/jdownloader/gui/notify/reconnect/ReconnectBubbleContent$3.class
   JD: Core.jar/org/jdownloader/gui/notify/reconnect/ReconnectBubbleContent$4.class
   JD: Core.jar/org/jdownloader/gui/notify/reconnect/ReconnectBubbleContent.class
   JD: Core.jar/org/jdownloader/gui/notify/reconnect/ReconnectBubbleSupport$1.class
   JD: Core.jar/org/jdownloader/gui/notify/reconnect/ReconnectBubbleSupport.class
   JD: Core.jar/org/jdownloader/gui/packagehistorycontroller/DownloadPath.class
   JD: Core.jar/org/jdownloader/gui/packagehistorycontroller/DownloadPathHistoryManager$1.class
   JD: Core.jar/org/jdownloader/gui/packagehistorycontroller/DownloadPathHistoryManager.class
   JD: Core.jar/org/jdownloader/gui/packagehistorycontroller/HistoryManager$1.class
   JD: Core.jar/org/jdownloader/gui/packagehistorycontroller/HistoryManager$2.class
   JD: Core.jar/org/jdownloader/gui/packagehistorycontroller/HistoryManager.class
   JD: Core.jar/org/jdownloader/gui/packagehistorycontroller/PackageHistoryEntry.class
   JD: Core.jar/org/jdownloader/gui/packagehistorycontroller/PackageHistoryManager$1.class
   JD: Core.jar/org/jdownloader/gui/packagehistorycontroller/PackageHistoryManager.class
   JD: Core.jar/org/jdownloader/gui/settings/AbstractConfigPanel$1.class
   JD: Core.jar/org/jdownloader/gui/settings/AbstractConfigPanel.class
   JD: Core.jar/org/jdownloader/gui/settings/Pair$1.class
   JD: Core.jar/org/jdownloader/gui/settings/Pair.class
   JD: Core.jar/org/jdownloader/gui/shortcuts/CFG_SHORTCUT.class
   JD: Core.jar/org/jdownloader/gui/shortcuts/ShortcutSettings$DefaultTextFieldCopy.class
   JD: Core.jar/org/jdownloader/gui/shortcuts/ShortcutSettings$DefaultTextFieldCut.class
   JD: Core.jar/org/jdownloader/gui/shortcuts/ShortcutSettings$DefaultTextFieldDelete.class
   JD: Core.jar/org/jdownloader/gui/shortcuts/ShortcutSettings$DefaultTextFieldPaste.class
   JD: Core.jar/org/jdownloader/gui/shortcuts/ShortcutSettings$DefaultTextFieldSelect.class
   JD: Core.jar/org/jdownloader/gui/shortcuts/ShortcutSettings$KeyStrokeValidator.class
   JD: Core.jar/org/jdownloader/gui/sponsor/BannerRotation$1.class
   JD: Core.jar/org/jdownloader/gui/sponsor/BannerRotation$2.class
   JD: Core.jar/org/jdownloader/gui/sponsor/BannerRotation$3$1.class
   JD: Core.jar/org/jdownloader/gui/sponsor/BannerRotation$3.class
   JD: Core.jar/org/jdownloader/gui/sponsor/BannerRotation$4.class
   JD: Core.jar/org/jdownloader/gui/sponsor/BannerRotation$5$1$1.class
   JD: Core.jar/org/jdownloader/gui/sponsor/BannerRotation$5$1$2$1.class
   JD: Core.jar/org/jdownloader/gui/sponsor/BannerRotation$5$1$2.class
   JD: Core.jar/org/jdownloader/gui/sponsor/BannerRotation$5$1.class
   JD: Core.jar/org/jdownloader/gui/sponsor/BannerRotation$5.class
   JD: Core.jar/org/jdownloader/gui/sponsor/BannerRotation$6.class
   JD: Core.jar/org/jdownloader/gui/sponsor/BannerRotation$7.class
   JD: Core.jar/org/jdownloader/gui/sponsor/BannerRotation$8.class
   JD: Core.jar/org/jdownloader/gui/sponsor/BannerRotation$AvailableBanner$1.class
   JD: Core.jar/org/jdownloader/gui/sponsor/BannerRotation$AvailableBanner$2.class
   JD: Core.jar/org/jdownloader/gui/sponsor/BannerRotation$AvailableBanner$3.class
   JD: Core.jar/org/jdownloader/gui/sponsor/BannerRotation$AvailableBanner$4.class
   JD: Core.jar/org/jdownloader/gui/sponsor/BannerRotation$AvailableBanner$5.class
   JD: Core.jar/org/jdownloader/gui/sponsor/BannerRotation$AvailableBanner$6.class
   JD: Core.jar/org/jdownloader/gui/sponsor/BannerRotation$AvailableBanner$7.class
   JD: Core.jar/org/jdownloader/gui/sponsor/BannerRotation$AvailableBanner$8.class
   JD: Core.jar/org/jdownloader/gui/sponsor/BannerRotation$AvailableBanner$9.class
   JD: Core.jar/org/jdownloader/gui/sponsor/BannerRotation$AvailableBanner.class
   JD: Core.jar/org/jdownloader/gui/sponsor/BannerRotation$Banner.class
   JD: Core.jar/org/jdownloader/gui/sponsor/BannerRotation.class
   JD: Core.jar/org/jdownloader/gui/toolbar/ConvertCLRScriptAction.class
   JD: Core.jar/org/jdownloader/gui/toolbar/DoAnyThingForADeveloperAction$1$1.class
   JD: Core.jar/org/jdownloader/gui/toolbar/DoAnyThingForADeveloperAction$1.class
   JD: Core.jar/org/jdownloader/gui/toolbar/DoAnyThingForADeveloperAction.class
   JD: Core.jar/org/jdownloader/gui/toolbar/ExportMenuItemsAction$1.class
   JD: Core.jar/org/jdownloader/gui/toolbar/ExportMenuItemsAction.class
   JD: Core.jar/org/jdownloader/gui/toolbar/ImportMenuItemsAction$1.class
   JD: Core.jar/org/jdownloader/gui/toolbar/ImportMenuItemsAction.class
   JD: Core.jar/org/jdownloader/gui/toolbar/MenuManagerMainToolbar.class
   JD: Core.jar/org/jdownloader/gui/toolbar/MoveToNewFolderToolbarAction.class
   JD: Core.jar/org/jdownloader/gui/toolbar/SetProxySetupAction.class
   JD: Core.jar/org/jdownloader/gui/toolbar/UnskipAllSkippedLinksAction.class
   JD: Core.jar/org/jdownloader/gui/toolbar/action/AbstractToolBarAction.class
   JD: Core.jar/org/jdownloader/gui/toolbar/action/AbstractToolbarToggleAction$1.class
   JD: Core.jar/org/jdownloader/gui/toolbar/action/AbstractToolbarToggleAction.class
   JD: Core.jar/org/jdownloader/gui/toolbar/action/CaptchaModeChangeAction$1.class
   JD: Core.jar/org/jdownloader/gui/toolbar/action/CaptchaModeChangeAction$2.class
   JD: Core.jar/org/jdownloader/gui/toolbar/action/CaptchaModeChangeAction.class
   JD: Core.jar/org/jdownloader/gui/toolbar/action/CaptchaToogle9KWAction.class
   JD: Core.jar/org/jdownloader/gui/toolbar/action/CaptchaToogleAntiCaptchaAction.class
   JD: Core.jar/org/jdownloader/gui/toolbar/action/CaptchaToogleBrowserSolverAction.class
   JD: Core.jar/org/jdownloader/gui/toolbar/action/CaptchaToogleCheapCaptchaAction.class
   JD: Core.jar/org/jdownloader/gui/toolbar/action/CaptchaToogleDBCAction.class
   JD: Core.jar/org/jdownloader/gui/toolbar/action/CaptchaToogleDialogAction.class
   JD: Core.jar/org/jdownloader/gui/toolbar/action/CaptchaToogleEndCaptchaAction.class
   JD: Core.jar/org/jdownloader/gui/toolbar/action/CaptchaToogleImageTyperzAction.class
   JD: Core.jar/org/jdownloader/gui/toolbar/action/CaptchaToogleJACAction.class
   JD: Core.jar/org/jdownloader/gui/toolbar/action/CaptchaToogleMyJDAutoAction.class
   JD: Core.jar/org/jdownloader/gui/toolbar/action/CaptchaToogleMyJDRemoteAction.class
   JD: Core.jar/org/jdownloader/gui/toolbar/action/CaptchaToogleTwoCaptchaAction.class
   JD: Core.jar/org/jdownloader/gui/toolbar/action/CollapseExpandAllAction.class
   JD: Core.jar/org/jdownloader/gui/toolbar/action/GenericDeleteFromTableToolbarAction$1.class
   JD: Core.jar/org/jdownloader/gui/toolbar/action/GenericDeleteFromTableToolbarAction$2$1.class
   JD: Core.jar/org/jdownloader/gui/toolbar/action/GenericDeleteFromTableToolbarAction$2.class
   JD: Core.jar/org/jdownloader/gui/toolbar/action/GenericDeleteFromTableToolbarAction$3.class
   JD: Core.jar/org/jdownloader/gui/toolbar/action/GenericDeleteFromTableToolbarAction$4.class
   JD: Core.jar/org/jdownloader/gui/toolbar/action/GenericDeleteFromTableToolbarAction$5.class
   JD: Core.jar/org/jdownloader/gui/toolbar/action/GenericDeleteFromTableToolbarAction$6.class
   JD: Core.jar/org/jdownloader/gui/toolbar/action/GenericDeleteFromTableToolbarAction.class
   JD: Core.jar/org/jdownloader/gui/toolbar/action/MoveDownAction.class
   JD: Core.jar/org/jdownloader/gui/toolbar/action/MoveToBottomAction.class
   JD: Core.jar/org/jdownloader/gui/toolbar/action/MoveToTopAction.class
   JD: Core.jar/org/jdownloader/gui/toolbar/action/MoveUpAction.class
   JD: Core.jar/org/jdownloader/gui/toolbar/action/SelectionBasedToolbarAction$1.class
   JD: Core.jar/org/jdownloader/gui/toolbar/action/SelectionBasedToolbarAction.class
   JD: Core.jar/org/jdownloader/gui/translate/GuiTranslation.class
   JD: Core.jar/org/jdownloader/gui/translate/_GUI.class
   JD: Core.jar/org/jdownloader/gui/views/ArraySet.class
   JD: Core.jar/org/jdownloader/gui/views/DownloadFolderChooserDialog$1.class
   JD: Core.jar/org/jdownloader/gui/views/DownloadFolderChooserDialog$2.class
   JD: Core.jar/org/jdownloader/gui/views/DownloadFolderChooserDialog$3.class
   JD: Core.jar/org/jdownloader/gui/views/DownloadFolderChooserDialog.class
   JD: Core.jar/org/jdownloader/gui/views/SelectionInfo$1.class
   JD: Core.jar/org/jdownloader/gui/views/SelectionInfo$2.class
   JD: Core.jar/org/jdownloader/gui/views/SelectionInfo$3.class
   JD: Core.jar/org/jdownloader/gui/views/SelectionInfo$4.class
   JD: Core.jar/org/jdownloader/gui/views/SelectionInfo$5.class
   JD: Core.jar/org/jdownloader/gui/views/SelectionInfo$6.class
   JD: Core.jar/org/jdownloader/gui/views/SelectionInfo$7.class
   JD: Core.jar/org/jdownloader/gui/views/SelectionInfo$8.class
   JD: Core.jar/org/jdownloader/gui/views/SelectionInfo$9.class
   JD: Core.jar/org/jdownloader/gui/views/SelectionInfo$IndexedContainer.class
   JD: Core.jar/org/jdownloader/gui/views/SelectionInfo.class
   JD: Core.jar/org/jdownloader/gui/views/components/AbstractAddAction.class
   JD: Core.jar/org/jdownloader/gui/views/components/AbstractRemoveAction.class
   JD: Core.jar/org/jdownloader/gui/views/components/ExtRealCheckBoxMenuItem.class
   JD: Core.jar/org/jdownloader/gui/views/components/HeaderScrollPane$1.class
   JD: Core.jar/org/jdownloader/gui/views/components/HeaderScrollPane$2.class
   JD: Core.jar/org/jdownloader/gui/views/components/HeaderScrollPane.class
   JD: Core.jar/org/jdownloader/gui/views/components/LinktablesSearchCategory.class
   JD: Core.jar/org/jdownloader/gui/views/components/LocationInList$1.class
   JD: Core.jar/org/jdownloader/gui/views/components/LocationInList$2.class
   JD: Core.jar/org/jdownloader/gui/views/components/LocationInList$3.class
   JD: Core.jar/org/jdownloader/gui/views/components/LocationInList$4.class
   JD: Core.jar/org/jdownloader/gui/views/components/LocationInList.class
   JD: Core.jar/org/jdownloader/gui/views/components/MergedIcon.class
   JD: Core.jar/org/jdownloader/gui/views/components/PseudoCombo$1.class
   JD: Core.jar/org/jdownloader/gui/views/components/PseudoCombo$2.class
   JD: Core.jar/org/jdownloader/gui/views/components/PseudoCombo$3.class
   JD: Core.jar/org/jdownloader/gui/views/components/PseudoCombo.class
   JD: Core.jar/org/jdownloader/gui/views/components/PseudoMultiCombo$1.class
   JD: Core.jar/org/jdownloader/gui/views/components/PseudoMultiCombo$2.class
   JD: Core.jar/org/jdownloader/gui/views/components/PseudoMultiCombo$3.class
   JD: Core.jar/org/jdownloader/gui/views/components/PseudoMultiCombo$4.class
   JD: Core.jar/org/jdownloader/gui/views/components/PseudoMultiCombo$5.class
   JD: Core.jar/org/jdownloader/gui/views/components/PseudoMultiCombo.class
   JD: Core.jar/org/jdownloader/gui/views/components/packagetable/LinkTreeUtils$1.class
   JD: Core.jar/org/jdownloader/gui/views/components/packagetable/LinkTreeUtils.class
   JD: Core.jar/org/jdownloader/gui/views/components/packagetable/PackageControllerSelectionInfo$1$1.class
   JD: Core.jar/org/jdownloader/gui/views/components/packagetable/PackageControllerSelectionInfo$1.class
   JD: Core.jar/org/jdownloader/gui/views/components/packagetable/PackageControllerSelectionInfo.class
   JD: Core.jar/org/jdownloader/gui/views/components/packagetable/PackageControllerTable$1.class
   JD: Core.jar/org/jdownloader/gui/views/components/packagetable/PackageControllerTable$10$1.class
   JD: Core.jar/org/jdownloader/gui/views/components/packagetable/PackageControllerTable$10.class
   JD: Core.jar/org/jdownloader/gui/views/components/packagetable/PackageControllerTable$11$1.class
   JD: Core.jar/org/jdownloader/gui/views/components/packagetable/PackageControllerTable$11.class
   JD: Core.jar/org/jdownloader/gui/views/components/packagetable/PackageControllerTable$2.class
   JD: Core.jar/org/jdownloader/gui/views/components/packagetable/PackageControllerTable$3.class
   JD: Core.jar/org/jdownloader/gui/views/components/packagetable/PackageControllerTable$4.class
   JD: Core.jar/org/jdownloader/gui/views/components/packagetable/PackageControllerTable$5.class
   JD: Core.jar/org/jdownloader/gui/views/components/packagetable/PackageControllerTable$6.class
   JD: Core.jar/org/jdownloader/gui/views/components/packagetable/PackageControllerTable$7.class
   JD: Core.jar/org/jdownloader/gui/views/components/packagetable/PackageControllerTable$8$1.class
   JD: Core.jar/org/jdownloader/gui/views/components/packagetable/PackageControllerTable$8.class
   JD: Core.jar/org/jdownloader/gui/views/components/packagetable/PackageControllerTable$9$1.class
   JD: Core.jar/org/jdownloader/gui/views/components/packagetable/PackageControllerTable$9.class
   JD: Core.jar/org/jdownloader/gui/views/components/packagetable/PackageControllerTable$SelectionInfoCache.class
   JD: Core.jar/org/jdownloader/gui/views/components/packagetable/PackageControllerTable.class
   JD: Core.jar/org/jdownloader/gui/views/components/packagetable/PackageControllerTableModel$1.class
   JD: Core.jar/org/jdownloader/gui/views/components/packagetable/PackageControllerTableModel$10.class
   JD: Core.jar/org/jdownloader/gui/views/components/packagetable/PackageControllerTableModel$11.class
   JD: Core.jar/org/jdownloader/gui/views/components/packagetable/PackageControllerTableModel$12.class
   JD: Core.jar/org/jdownloader/gui/views/components/packagetable/PackageControllerTableModel$13.class
   JD: Core.jar/org/jdownloader/gui/views/components/packagetable/PackageControllerTableModel$14.class
   JD: Core.jar/org/jdownloader/gui/views/components/packagetable/PackageControllerTableModel$15.class
   JD: Core.jar/org/jdownloader/gui/views/components/packagetable/PackageControllerTableModel$16.class
   JD: Core.jar/org/jdownloader/gui/views/components/packagetable/PackageControllerTableModel$17.class
   JD: Core.jar/org/jdownloader/gui/views/components/packagetable/PackageControllerTableModel$18.class
   JD: Core.jar/org/jdownloader/gui/views/components/packagetable/PackageControllerTableModel$19.class
   JD: Core.jar/org/jdownloader/gui/views/components/packagetable/PackageControllerTableModel$2.class
   JD: Core.jar/org/jdownloader/gui/views/components/packagetable/PackageControllerTableModel$20.class
   JD: Core.jar/org/jdownloader/gui/views/components/packagetable/PackageControllerTableModel$3.class
   JD: Core.jar/org/jdownloader/gui/views/components/packagetable/PackageControllerTableModel$4.class
   JD: Core.jar/org/jdownloader/gui/views/components/packagetable/PackageControllerTableModel$5.class
   JD: Core.jar/org/jdownloader/gui/views/components/packagetable/PackageControllerTableModel$6.class
   JD: Core.jar/org/jdownloader/gui/views/components/packagetable/PackageControllerTableModel$7.class
   JD: Core.jar/org/jdownloader/gui/views/components/packagetable/PackageControllerTableModel$8.class
   JD: Core.jar/org/jdownloader/gui/views/components/packagetable/PackageControllerTableModel$9.class
   JD: Core.jar/org/jdownloader/gui/views/components/packagetable/PackageControllerTableModel$CompiledFilterList.class
   JD: Core.jar/org/jdownloader/gui/views/components/packagetable/PackageControllerTableModel$TOGGLEMODE.class
   JD: Core.jar/org/jdownloader/gui/views/components/packagetable/PackageControllerTableModel$TableDataModification.class
   JD: Core.jar/org/jdownloader/gui/views/components/packagetable/PackageControllerTableModel.class
   JD: Core.jar/org/jdownloader/gui/views/components/packagetable/PackageControllerTableModelData$1.class
   JD: Core.jar/org/jdownloader/gui/views/components/packagetable/PackageControllerTableModelData.class
   JD: Core.jar/org/jdownloader/gui/views/components/packagetable/PackageControllerTableModelSelectionInfo$1.class
   JD: Core.jar/org/jdownloader/gui/views/components/packagetable/PackageControllerTableModelSelectionInfo.class
   JD: Core.jar/org/jdownloader/gui/views/components/packagetable/PackageControllerTableModelSelectionOnlySelectionInfo$1.class
   JD: Core.jar/org/jdownloader/gui/views/components/packagetable/PackageControllerTableModelSelectionOnlySelectionInfo$2.class
   JD: Core.jar/org/jdownloader/gui/views/components/packagetable/PackageControllerTableModelSelectionOnlySelectionInfo$3.class
   JD: Core.jar/org/jdownloader/gui/views/components/packagetable/PackageControllerTableModelSelectionOnlySelectionInfo$4.class
   JD: Core.jar/org/jdownloader/gui/views/components/packagetable/PackageControllerTableModelSelectionOnlySelectionInfo.class
   JD: Core.jar/org/jdownloader/gui/views/components/packagetable/SearchField$1.class
   JD: Core.jar/org/jdownloader/gui/views/components/packagetable/SearchField$2.class
   JD: Core.jar/org/jdownloader/gui/views/components/packagetable/SearchField$3.class
   JD: Core.jar/org/jdownloader/gui/views/components/packagetable/SearchField$4.class
   JD: Core.jar/org/jdownloader/gui/views/components/packagetable/SearchField.class
   JD: Core.jar/org/jdownloader/gui/views/components/packagetable/actions/SortPackagesDownloadOrdnerOnColumn$1.class
   JD: Core.jar/org/jdownloader/gui/views/components/packagetable/actions/SortPackagesDownloadOrdnerOnColumn.class
   JD: Core.jar/org/jdownloader/gui/views/components/packagetable/columns/ChecksumColumn.class
   JD: Core.jar/org/jdownloader/gui/views/components/packagetable/columns/CommentColumn.class
   JD: Core.jar/org/jdownloader/gui/views/components/packagetable/columns/DownloadPasswordColumn.class
   JD: Core.jar/org/jdownloader/gui/views/components/packagetable/columns/FileTypeColumn.class
   JD: Core.jar/org/jdownloader/gui/views/components/packagetable/columns/HasCaptchaColumn$1.class
   JD: Core.jar/org/jdownloader/gui/views/components/packagetable/columns/HasCaptchaColumn.class
   JD: Core.jar/org/jdownloader/gui/views/components/packagetable/columns/LinkIDColumn.class
   JD: Core.jar/org/jdownloader/gui/views/components/packagetable/context/AbstractPriorityActionEntry$1.class
   JD: Core.jar/org/jdownloader/gui/views/components/packagetable/context/AbstractPriorityActionEntry.class
   JD: Core.jar/org/jdownloader/gui/views/components/packagetable/context/CheckStatusAction$1$1.class
   JD: Core.jar/org/jdownloader/gui/views/components/packagetable/context/CheckStatusAction$1$2.class
   JD: Core.jar/org/jdownloader/gui/views/components/packagetable/context/CheckStatusAction$1.class
   JD: Core.jar/org/jdownloader/gui/views/components/packagetable/context/CheckStatusAction$LinkCheckProgress.class
   JD: Core.jar/org/jdownloader/gui/views/components/packagetable/context/CheckStatusAction.class
   JD: Core.jar/org/jdownloader/gui/views/components/packagetable/context/EnabledAction$1$1.class
   JD: Core.jar/org/jdownloader/gui/views/components/packagetable/context/EnabledAction$1.class
   JD: Core.jar/org/jdownloader/gui/views/components/packagetable/context/EnabledAction$2.class
   JD: Core.jar/org/jdownloader/gui/views/components/packagetable/context/EnabledAction$3.class
   JD: Core.jar/org/jdownloader/gui/views/components/packagetable/context/EnabledAction$EnableActionMode$1.class
   JD: Core.jar/org/jdownloader/gui/views/components/packagetable/context/EnabledAction$EnableActionMode$2.class
   JD: Core.jar/org/jdownloader/gui/views/components/packagetable/context/EnabledAction$EnableActionMode.class
   JD: Core.jar/org/jdownloader/gui/views/components/packagetable/context/EnabledAction$State.class
   JD: Core.jar/org/jdownloader/gui/views/components/packagetable/context/EnabledAction.class
   JD: Core.jar/org/jdownloader/gui/views/components/packagetable/context/RenameAction.class
   JD: Core.jar/org/jdownloader/gui/views/components/packagetable/context/SetCommentAction$1.class
   JD: Core.jar/org/jdownloader/gui/views/components/packagetable/context/SetCommentAction.class
   JD: Core.jar/org/jdownloader/gui/views/components/packagetable/context/SetDownloadFolderAction$1$1$1.class
   JD: Core.jar/org/jdownloader/gui/views/components/packagetable/context/SetDownloadFolderAction$1$1$2$1.class
   JD: Core.jar/org/jdownloader/gui/views/components/packagetable/context/SetDownloadFolderAction$1$1$2.class
   JD: Core.jar/org/jdownloader/gui/views/components/packagetable/context/SetDownloadFolderAction$1$1.class
   JD: Core.jar/org/jdownloader/gui/views/components/packagetable/context/SetDownloadFolderAction$1.class
   JD: Core.jar/org/jdownloader/gui/views/components/packagetable/context/SetDownloadFolderAction.class
   JD: Core.jar/org/jdownloader/gui/views/components/packagetable/context/SetDownloadPassword$1.class
   JD: Core.jar/org/jdownloader/gui/views/components/packagetable/context/SetDownloadPassword.class
   JD: Core.jar/org/jdownloader/gui/views/components/packagetable/context/URLEditorAction$1.class
   JD: Core.jar/org/jdownloader/gui/views/components/packagetable/context/URLEditorAction.class
   JD: Core.jar/org/jdownloader/gui/views/components/packagetable/context/rename/RenameDialog$1.class
   JD: Core.jar/org/jdownloader/gui/views/components/packagetable/context/rename/RenameDialog.class
   JD: Core.jar/org/jdownloader/gui/views/components/packagetable/context/rename/ResultTable.class
   JD: Core.jar/org/jdownloader/gui/views/components/packagetable/context/rename/ResultTableModel$1.class
   JD: Core.jar/org/jdownloader/gui/views/components/packagetable/context/rename/ResultTableModel$2.class
   JD: Core.jar/org/jdownloader/gui/views/components/packagetable/context/rename/ResultTableModel.class
   JD: Core.jar/org/jdownloader/gui/views/components/packagetable/context/rename/SingleFilterResultTableModel$1.class
   JD: Core.jar/org/jdownloader/gui/views/components/packagetable/context/rename/SingleFilterResultTableModel$2.class
   JD: Core.jar/org/jdownloader/gui/views/components/packagetable/context/rename/SingleFilterResultTableModel$3.class
   JD: Core.jar/org/jdownloader/gui/views/components/packagetable/context/rename/SingleFilterResultTableModel$4.class
   JD: Core.jar/org/jdownloader/gui/views/components/packagetable/context/rename/SingleFilterResultTableModel$5.class
   JD: Core.jar/org/jdownloader/gui/views/components/packagetable/context/rename/SingleFilterResultTableModel$6.class
   JD: Core.jar/org/jdownloader/gui/views/components/packagetable/context/rename/SingleFilterResultTableModel$7.class
   JD: Core.jar/org/jdownloader/gui/views/components/packagetable/context/rename/SingleFilterResultTableModel$8.class
   JD: Core.jar/org/jdownloader/gui/views/components/packagetable/context/rename/SingleFilterResultTableModel$9.class
   JD: Core.jar/org/jdownloader/gui/views/components/packagetable/context/rename/SingleFilterResultTableModel.class
   JD: Core.jar/org/jdownloader/gui/views/components/packagetable/context/rename/TestWaitDialog.class
   JD: Core.jar/org/jdownloader/gui/views/components/packagetable/context/rename/ViewTestResultTableModel$1.class
   JD: Core.jar/org/jdownloader/gui/views/components/packagetable/context/rename/ViewTestResultTableModel$2.class
   JD: Core.jar/org/jdownloader/gui/views/components/packagetable/context/rename/ViewTestResultTableModel$3.class
   JD: Core.jar/org/jdownloader/gui/views/components/packagetable/context/rename/ViewTestResultTableModel$4.class
   JD: Core.jar/org/jdownloader/gui/views/components/packagetable/context/rename/ViewTestResultTableModel$5.class
   JD: Core.jar/org/jdownloader/gui/views/components/packagetable/context/rename/ViewTestResultTableModel$6.class
   JD: Core.jar/org/jdownloader/gui/views/components/packagetable/context/rename/ViewTestResultTableModel$7.class
   JD: Core.jar/org/jdownloader/gui/views/components/packagetable/context/rename/ViewTestResultTableModel$8.class
   JD: Core.jar/org/jdownloader/gui/views/components/packagetable/context/rename/ViewTestResultTableModel$9.class
   JD: Core.jar/org/jdownloader/gui/views/components/packagetable/context/rename/ViewTestResultTableModel.class
   JD: Core.jar/org/jdownloader/gui/views/components/packagetable/dragdrop/MergePosition.class
   JD: Core.jar/org/jdownloader/gui/views/components/packagetable/dragdrop/PackageControllerTableTransferHandler$1.class
   JD: Core.jar/org/jdownloader/gui/views/components/packagetable/dragdrop/PackageControllerTableTransferHandler$2.class
   JD: Core.jar/org/jdownloader/gui/views/components/packagetable/dragdrop/PackageControllerTableTransferHandler$3.class
   JD: Core.jar/org/jdownloader/gui/views/components/packagetable/dragdrop/PackageControllerTableTransferHandler.class
   JD: Core.jar/org/jdownloader/gui/views/components/packagetable/dragdrop/PackageControllerTableTransferable$1.class
   JD: Core.jar/org/jdownloader/gui/views/components/packagetable/dragdrop/PackageControllerTableTransferable.class
   JD: Core.jar/org/jdownloader/gui/views/downloads/DownloadsPabelWidgetContainer$1.class
   JD: Core.jar/org/jdownloader/gui/views/downloads/DownloadsPabelWidgetContainer$2.class
   JD: Core.jar/org/jdownloader/gui/views/downloads/DownloadsPabelWidgetContainer$3.class
   JD: Core.jar/org/jdownloader/gui/views/downloads/DownloadsPabelWidgetContainer$4.class
   JD: Core.jar/org/jdownloader/gui/views/downloads/DownloadsPabelWidgetContainer$5.class
   JD: Core.jar/org/jdownloader/gui/views/downloads/DownloadsPabelWidgetContainer.class
   JD: Core.jar/org/jdownloader/gui/views/downloads/DownloadsPanel$1.class
   JD: Core.jar/org/jdownloader/gui/views/downloads/DownloadsPanel$2.class
   JD: Core.jar/org/jdownloader/gui/views/downloads/DownloadsPanel$3$1.class
   JD: Core.jar/org/jdownloader/gui/views/downloads/DownloadsPanel$3.class
   JD: Core.jar/org/jdownloader/gui/views/downloads/DownloadsPanel$4$1.class
   JD: Core.jar/org/jdownloader/gui/views/downloads/DownloadsPanel$4.class
   JD: Core.jar/org/jdownloader/gui/views/downloads/DownloadsPanel$5.class
   JD: Core.jar/org/jdownloader/gui/views/downloads/DownloadsPanel$6$1.class
   JD: Core.jar/org/jdownloader/gui/views/downloads/DownloadsPanel$6.class
   JD: Core.jar/org/jdownloader/gui/views/downloads/DownloadsPanel$7.class
   JD: Core.jar/org/jdownloader/gui/views/downloads/DownloadsPanel.class
   JD: Core.jar/org/jdownloader/gui/views/downloads/DownloadsPropertiesToggleAction.class
   JD: Core.jar/org/jdownloader/gui/views/downloads/DownloadsView.class
   JD: Core.jar/org/jdownloader/gui/views/downloads/HosterToolTip.class
   JD: Core.jar/org/jdownloader/gui/views/downloads/MenuManagerDownloadTabBottomBar.class
   JD: Core.jar/org/jdownloader/gui/views/downloads/MenuManagerMainToolbarAction.class
   JD: Core.jar/org/jdownloader/gui/views/downloads/QuickSettingsPopup$1.class
   JD: Core.jar/org/jdownloader/gui/views/downloads/QuickSettingsPopup.class
   JD: Core.jar/org/jdownloader/gui/views/downloads/SpeedlimitToggleAction.class
   JD: Core.jar/org/jdownloader/gui/views/downloads/View.class
   JD: Core.jar/org/jdownloader/gui/views/downloads/WidgetContainer$1$1.class
   JD: Core.jar/org/jdownloader/gui/views/downloads/WidgetContainer$1.class
   JD: Core.jar/org/jdownloader/gui/views/downloads/WidgetContainer$2.class
   JD: Core.jar/org/jdownloader/gui/views/downloads/WidgetContainer.class
   JD: Core.jar/org/jdownloader/gui/views/downloads/action/CollapseExpandContextAction.class
   JD: Core.jar/org/jdownloader/gui/views/downloads/action/ConfirmDeleteLinksDialog$1.class
   JD: Core.jar/org/jdownloader/gui/views/downloads/action/ConfirmDeleteLinksDialog$2.class
   JD: Core.jar/org/jdownloader/gui/views/downloads/action/ConfirmDeleteLinksDialog.class
   JD: Core.jar/org/jdownloader/gui/views/downloads/action/ConfirmHashValuesDownloadAction$1.class
   JD: Core.jar/org/jdownloader/gui/views/downloads/action/ConfirmHashValuesDownloadAction$2.class
   JD: Core.jar/org/jdownloader/gui/views/downloads/action/ConfirmHashValuesDownloadAction.class
   JD: Core.jar/org/jdownloader/gui/views/downloads/action/ConfirmHashValuesLinkgrabberAction$1.class
   JD: Core.jar/org/jdownloader/gui/views/downloads/action/ConfirmHashValuesLinkgrabberAction$2.class
   JD: Core.jar/org/jdownloader/gui/views/downloads/action/ConfirmHashValuesLinkgrabberAction.class
   JD: Core.jar/org/jdownloader/gui/views/downloads/action/CopyGenericContextAction$1.class
   JD: Core.jar/org/jdownloader/gui/views/downloads/action/CopyGenericContextAction.class
   JD: Core.jar/org/jdownloader/gui/views/downloads/action/CreateDLCAction$1.class
   JD: Core.jar/org/jdownloader/gui/views/downloads/action/CreateDLCAction.class
   JD: Core.jar/org/jdownloader/gui/views/downloads/action/DownloadTabActionUtils$1.class
   JD: Core.jar/org/jdownloader/gui/views/downloads/action/DownloadTabActionUtils$2.class
   JD: Core.jar/org/jdownloader/gui/views/downloads/action/DownloadTabActionUtils.class
   JD: Core.jar/org/jdownloader/gui/views/downloads/action/ForceDownloadAction.class
   JD: Core.jar/org/jdownloader/gui/views/downloads/action/GenericChunksAction$1.class
   JD: Core.jar/org/jdownloader/gui/views/downloads/action/GenericChunksAction$2.class
   JD: Core.jar/org/jdownloader/gui/views/downloads/action/GenericChunksAction.class
   JD: Core.jar/org/jdownloader/gui/views/downloads/action/GenericDeleteFromDownloadlistAction$1.class
   JD: Core.jar/org/jdownloader/gui/views/downloads/action/GenericDeleteFromDownloadlistAction$2.class
   JD: Core.jar/org/jdownloader/gui/views/downloads/action/GenericDeleteFromDownloadlistAction$3.class
   JD: Core.jar/org/jdownloader/gui/views/downloads/action/GenericDeleteFromDownloadlistAction$4$1.class
   JD: Core.jar/org/jdownloader/gui/views/downloads/action/GenericDeleteFromDownloadlistAction$4.class
   JD: Core.jar/org/jdownloader/gui/views/downloads/action/GenericDeleteFromDownloadlistAction$5.class
   JD: Core.jar/org/jdownloader/gui/views/downloads/action/GenericDeleteFromDownloadlistAction$6.class
   JD: Core.jar/org/jdownloader/gui/views/downloads/action/GenericDeleteFromDownloadlistAction.class
   JD: Core.jar/org/jdownloader/gui/views/downloads/action/GenericDeleteFromDownloadlistContextAction$1.class
   JD: Core.jar/org/jdownloader/gui/views/downloads/action/GenericDeleteFromDownloadlistContextAction$2.class
   JD: Core.jar/org/jdownloader/gui/views/downloads/action/GenericDeleteFromDownloadlistContextAction.class
   JD: Core.jar/org/jdownloader/gui/views/downloads/action/MarkDownloadFinishedAction$1$1.class
   JD: Core.jar/org/jdownloader/gui/views/downloads/action/MarkDownloadFinishedAction$1.class
   JD: Core.jar/org/jdownloader/gui/views/downloads/action/MarkDownloadFinishedAction.class
   JD: Core.jar/org/jdownloader/gui/views/downloads/action/MenuManagerAction.class
   JD: Core.jar/org/jdownloader/gui/views/downloads/action/MergeToPackageAction$1.class
   JD: Core.jar/org/jdownloader/gui/views/downloads/action/MergeToPackageAction$2.class
   JD: Core.jar/org/jdownloader/gui/views/downloads/action/MergeToPackageAction$3.class
   JD: Core.jar/org/jdownloader/gui/views/downloads/action/MergeToPackageAction.class
   JD: Core.jar/org/jdownloader/gui/views/downloads/action/OpenDirectoryAction.class
   JD: Core.jar/org/jdownloader/gui/views/downloads/action/OpenFileAction.class
   JD: Core.jar/org/jdownloader/gui/views/downloads/action/OpenInBrowserAction$1$1.class
   JD: Core.jar/org/jdownloader/gui/views/downloads/action/OpenInBrowserAction$1.class
   JD: Core.jar/org/jdownloader/gui/views/downloads/action/OpenInBrowserAction.class
   JD: Core.jar/org/jdownloader/gui/views/downloads/action/PackageNameAction.class
   JD: Core.jar/org/jdownloader/gui/views/downloads/action/PropertiesAction.class
   JD: Core.jar/org/jdownloader/gui/views/downloads/action/ResetAction$1$1$1.class
   JD: Core.jar/org/jdownloader/gui/views/downloads/action/ResetAction$1$1.class
   JD: Core.jar/org/jdownloader/gui/views/downloads/action/ResetAction$1.class
   JD: Core.jar/org/jdownloader/gui/views/downloads/action/ResetAction.class
   JD: Core.jar/org/jdownloader/gui/views/downloads/action/ResetToolbarAction$1.class
   JD: Core.jar/org/jdownloader/gui/views/downloads/action/ResetToolbarAction$2.class
   JD: Core.jar/org/jdownloader/gui/views/downloads/action/ResetToolbarAction.class
   JD: Core.jar/org/jdownloader/gui/views/downloads/action/ResumeAction.class
   JD: Core.jar/org/jdownloader/gui/views/downloads/action/RunCheckSumAction$1.class
   JD: Core.jar/org/jdownloader/gui/views/downloads/action/RunCheckSumAction.class
   JD: Core.jar/org/jdownloader/gui/views/downloads/action/SetDownloadFolderInDownloadTableAction$1.class
   JD: Core.jar/org/jdownloader/gui/views/downloads/action/SetDownloadFolderInDownloadTableAction.class
   JD: Core.jar/org/jdownloader/gui/views/downloads/action/SkipAction$1.class
   JD: Core.jar/org/jdownloader/gui/views/downloads/action/SkipAction$2.class
   JD: Core.jar/org/jdownloader/gui/views/downloads/action/SkipAction$State.class
   JD: Core.jar/org/jdownloader/gui/views/downloads/action/SkipAction.class
   JD: Core.jar/org/jdownloader/gui/views/downloads/action/SplitPackagesByHost$1.class
   JD: Core.jar/org/jdownloader/gui/views/downloads/action/SplitPackagesByHost$2.class
   JD: Core.jar/org/jdownloader/gui/views/downloads/action/SplitPackagesByHost$3.class
   JD: Core.jar/org/jdownloader/gui/views/downloads/action/SplitPackagesByHost.class
   JD: Core.jar/org/jdownloader/gui/views/downloads/action/StopsignAction$1$1.class
   JD: Core.jar/org/jdownloader/gui/views/downloads/action/StopsignAction$1.class
   JD: Core.jar/org/jdownloader/gui/views/downloads/action/StopsignAction.class
   JD: Core.jar/org/jdownloader/gui/views/downloads/bottombar/AbstractBottomBarMenuManager$1.class
   JD: Core.jar/org/jdownloader/gui/views/downloads/bottombar/AbstractBottomBarMenuManager.class
   JD: Core.jar/org/jdownloader/gui/views/downloads/bottombar/BottomBarMenuManagerAction.class
   JD: Core.jar/org/jdownloader/gui/views/downloads/bottombar/CustomizeableActionBar$1$1.class
   JD: Core.jar/org/jdownloader/gui/views/downloads/bottombar/CustomizeableActionBar$1.class
   JD: Core.jar/org/jdownloader/gui/views/downloads/bottombar/CustomizeableActionBar$2.class
   JD: Core.jar/org/jdownloader/gui/views/downloads/bottombar/CustomizeableActionBar$3$1.class
   JD: Core.jar/org/jdownloader/gui/views/downloads/bottombar/CustomizeableActionBar$3$2.class
   JD: Core.jar/org/jdownloader/gui/views/downloads/bottombar/CustomizeableActionBar$3.class
   JD: Core.jar/org/jdownloader/gui/views/downloads/bottombar/CustomizeableActionBar.class
   JD: Core.jar/org/jdownloader/gui/views/downloads/bottombar/DownloadsOverviewPanelToggleAction.class
   JD: Core.jar/org/jdownloader/gui/views/downloads/bottombar/DownloadsTableSearchField$1.class
   JD: Core.jar/org/jdownloader/gui/views/downloads/bottombar/DownloadsTableSearchField$2.class
   JD: Core.jar/org/jdownloader/gui/views/downloads/bottombar/DownloadsTableSearchField$3.class
   JD: Core.jar/org/jdownloader/gui/views/downloads/bottombar/DownloadsTableSearchField$4.class
   JD: Core.jar/org/jdownloader/gui/views/downloads/bottombar/DownloadsTableSearchField$5.class
   JD: Core.jar/org/jdownloader/gui/views/downloads/bottombar/DownloadsTableSearchField$6.class
   JD: Core.jar/org/jdownloader/gui/views/downloads/bottombar/DownloadsTableSearchField$7.class
   JD: Core.jar/org/jdownloader/gui/views/downloads/bottombar/DownloadsTableSearchField$8.class
   JD: Core.jar/org/jdownloader/gui/views/downloads/bottombar/DownloadsTableSearchField$9.class
   JD: Core.jar/org/jdownloader/gui/views/downloads/bottombar/DownloadsTableSearchField.class
   JD: Core.jar/org/jdownloader/gui/views/downloads/bottombar/HorizontalBoxItem$1.class
   JD: Core.jar/org/jdownloader/gui/views/downloads/bottombar/HorizontalBoxItem$2.class
   JD: Core.jar/org/jdownloader/gui/views/downloads/bottombar/HorizontalBoxItem$3.class
   JD: Core.jar/org/jdownloader/gui/views/downloads/bottombar/HorizontalBoxItem.class
   JD: Core.jar/org/jdownloader/gui/views/downloads/bottombar/QuickFilterMenuItem$1.class
   JD: Core.jar/org/jdownloader/gui/views/downloads/bottombar/QuickFilterMenuItem$FilterCombo$1.class
   JD: Core.jar/org/jdownloader/gui/views/downloads/bottombar/QuickFilterMenuItem$FilterCombo$2.class
   JD: Core.jar/org/jdownloader/gui/views/downloads/bottombar/QuickFilterMenuItem$FilterCombo$3.class
   JD: Core.jar/org/jdownloader/gui/views/downloads/bottombar/QuickFilterMenuItem$FilterCombo$4.class
   JD: Core.jar/org/jdownloader/gui/views/downloads/bottombar/QuickFilterMenuItem$FilterCombo$5.class
   JD: Core.jar/org/jdownloader/gui/views/downloads/bottombar/QuickFilterMenuItem$FilterCombo$6.class
   JD: Core.jar/org/jdownloader/gui/views/downloads/bottombar/QuickFilterMenuItem$FilterCombo$7.class
   JD: Core.jar/org/jdownloader/gui/views/downloads/bottombar/QuickFilterMenuItem$FilterCombo$8.class
   JD: Core.jar/org/jdownloader/gui/views/downloads/bottombar/QuickFilterMenuItem$FilterCombo.class
   JD: Core.jar/org/jdownloader/gui/views/downloads/bottombar/QuickFilterMenuItem.class
   JD: Core.jar/org/jdownloader/gui/views/downloads/bottombar/QuickSettingsMenuContainer.class
   JD: Core.jar/org/jdownloader/gui/views/downloads/bottombar/SearchMenuItem$1.class
   JD: Core.jar/org/jdownloader/gui/views/downloads/bottombar/SearchMenuItem$2$1.class
   JD: Core.jar/org/jdownloader/gui/views/downloads/bottombar/SearchMenuItem$2.class
   JD: Core.jar/org/jdownloader/gui/views/downloads/bottombar/SearchMenuItem$3.class
   JD: Core.jar/org/jdownloader/gui/views/downloads/bottombar/SearchMenuItem$4.class
   JD: Core.jar/org/jdownloader/gui/views/downloads/bottombar/SearchMenuItem$5.class
   JD: Core.jar/org/jdownloader/gui/views/downloads/bottombar/SearchMenuItem.class
   JD: Core.jar/org/jdownloader/gui/views/downloads/columns/AddedDateColumn.class
   JD: Core.jar/org/jdownloader/gui/views/downloads/columns/AvailabilityColumn$1.class
   JD: Core.jar/org/jdownloader/gui/views/downloads/columns/AvailabilityColumn$2.class
   JD: Core.jar/org/jdownloader/gui/views/downloads/columns/AvailabilityColumn$ColumnHelper.class
   JD: Core.jar/org/jdownloader/gui/views/downloads/columns/AvailabilityColumn.class
   JD: Core.jar/org/jdownloader/gui/views/downloads/columns/CandidateAccountColumn$1.class
   JD: Core.jar/org/jdownloader/gui/views/downloads/columns/CandidateAccountColumn$2.class
   JD: Core.jar/org/jdownloader/gui/views/downloads/columns/CandidateAccountColumn.class
   JD: Core.jar/org/jdownloader/gui/views/downloads/columns/CandidateGatewayColumn$1.class
   JD: Core.jar/org/jdownloader/gui/views/downloads/columns/CandidateGatewayColumn.class
   JD: Core.jar/org/jdownloader/gui/views/downloads/columns/ConnectionColumn$1.class
   JD: Core.jar/org/jdownloader/gui/views/downloads/columns/ConnectionColumn$2.class
   JD: Core.jar/org/jdownloader/gui/views/downloads/columns/ConnectionColumn$ConnectionTooltip$1$1.class
   JD: Core.jar/org/jdownloader/gui/views/downloads/columns/ConnectionColumn$ConnectionTooltip$1$2.class
   JD: Core.jar/org/jdownloader/gui/views/downloads/columns/ConnectionColumn$ConnectionTooltip$1.class
   JD: Core.jar/org/jdownloader/gui/views/downloads/columns/ConnectionColumn$ConnectionTooltip.class
   JD: Core.jar/org/jdownloader/gui/views/downloads/columns/ConnectionColumn.class
   JD: Core.jar/org/jdownloader/gui/views/downloads/columns/DownloadFolderColumn.class
   JD: Core.jar/org/jdownloader/gui/views/downloads/columns/DurationColumn.class
   JD: Core.jar/org/jdownloader/gui/views/downloads/columns/ETAColumn$1.class
   JD: Core.jar/org/jdownloader/gui/views/downloads/columns/ETAColumn$2.class
   JD: Core.jar/org/jdownloader/gui/views/downloads/columns/ETAColumn$ColumnHelper.class
   JD: Core.jar/org/jdownloader/gui/views/downloads/columns/ETAColumn.class
   JD: Core.jar/org/jdownloader/gui/views/downloads/columns/EnabledDisabledColumn$1.class
   JD: Core.jar/org/jdownloader/gui/views/downloads/columns/EnabledDisabledColumn$2.class
   JD: Core.jar/org/jdownloader/gui/views/downloads/columns/EnabledDisabledColumn.class
   JD: Core.jar/org/jdownloader/gui/views/downloads/columns/FileColumn$1.class
   JD: Core.jar/org/jdownloader/gui/views/downloads/columns/FileColumn$2.class
   JD: Core.jar/org/jdownloader/gui/views/downloads/columns/FileColumn.class
   JD: Core.jar/org/jdownloader/gui/views/downloads/columns/FinishedDateColumn.class
   JD: Core.jar/org/jdownloader/gui/views/downloads/columns/HosterColumn$1.class
   JD: Core.jar/org/jdownloader/gui/views/downloads/columns/HosterColumn$2.class
   JD: Core.jar/org/jdownloader/gui/views/downloads/columns/HosterColumn$3.class
   JD: Core.jar/org/jdownloader/gui/views/downloads/columns/HosterColumn$4.class
   JD: Core.jar/org/jdownloader/gui/views/downloads/columns/HosterColumn.class
   JD: Core.jar/org/jdownloader/gui/views/downloads/columns/LoadedColumn.class
   JD: Core.jar/org/jdownloader/gui/views/downloads/columns/PriorityColumn$1.class
   JD: Core.jar/org/jdownloader/gui/views/downloads/columns/PriorityColumn$2.class
   JD: Core.jar/org/jdownloader/gui/views/downloads/columns/PriorityColumn$3.class
   JD: Core.jar/org/jdownloader/gui/views/downloads/columns/PriorityColumn$4.class
   JD: Core.jar/org/jdownloader/gui/views/downloads/columns/PriorityColumn$5.class
   JD: Core.jar/org/jdownloader/gui/views/downloads/columns/PriorityColumn.class
   JD: Core.jar/org/jdownloader/gui/views/downloads/columns/ProgressColumn$1.class
   JD: Core.jar/org/jdownloader/gui/views/downloads/columns/ProgressColumn$2$1.class
   JD: Core.jar/org/jdownloader/gui/views/downloads/columns/ProgressColumn$2.class
   JD: Core.jar/org/jdownloader/gui/views/downloads/columns/ProgressColumn$3.class
   JD: Core.jar/org/jdownloader/gui/views/downloads/columns/ProgressColumn.class
   JD: Core.jar/org/jdownloader/gui/views/downloads/columns/RemainingColumn.class
   JD: Core.jar/org/jdownloader/gui/views/downloads/columns/SizeColumn$1.class
   JD: Core.jar/org/jdownloader/gui/views/downloads/columns/SizeColumn.class
   JD: Core.jar/org/jdownloader/gui/views/downloads/columns/SpeedColumn$1.class
   JD: Core.jar/org/jdownloader/gui/views/downloads/columns/SpeedColumn$2.class
   JD: Core.jar/org/jdownloader/gui/views/downloads/columns/SpeedColumn$3.class
   JD: Core.jar/org/jdownloader/gui/views/downloads/columns/SpeedColumn$4.class
   JD: Core.jar/org/jdownloader/gui/views/downloads/columns/SpeedColumn$5.class
   JD: Core.jar/org/jdownloader/gui/views/downloads/columns/SpeedColumn.class
   JD: Core.jar/org/jdownloader/gui/views/downloads/columns/StopSignColumn$1.class
   JD: Core.jar/org/jdownloader/gui/views/downloads/columns/StopSignColumn.class
   JD: Core.jar/org/jdownloader/gui/views/downloads/columns/TaskColumn$1.class
   JD: Core.jar/org/jdownloader/gui/views/downloads/columns/TaskColumn$2.class
   JD: Core.jar/org/jdownloader/gui/views/downloads/columns/TaskColumn$3$1.class
   JD: Core.jar/org/jdownloader/gui/views/downloads/columns/TaskColumn$3.class
   JD: Core.jar/org/jdownloader/gui/views/downloads/columns/TaskColumn$4.class
   JD: Core.jar/org/jdownloader/gui/views/downloads/columns/TaskColumn.class
   JD: Core.jar/org/jdownloader/gui/views/downloads/columns/candidatetooltip/CandidateTooltip$1.class
   JD: Core.jar/org/jdownloader/gui/views/downloads/columns/candidatetooltip/CandidateTooltip$2.class
   JD: Core.jar/org/jdownloader/gui/views/downloads/columns/candidatetooltip/CandidateTooltip$3.class
   JD: Core.jar/org/jdownloader/gui/views/downloads/columns/candidatetooltip/CandidateTooltip.class
   JD: Core.jar/org/jdownloader/gui/views/downloads/columns/candidatetooltip/CandidateTooltipTable$1.class
   JD: Core.jar/org/jdownloader/gui/views/downloads/columns/candidatetooltip/CandidateTooltipTable$2.class
   JD: Core.jar/org/jdownloader/gui/views/downloads/columns/candidatetooltip/CandidateTooltipTable.class
   JD: Core.jar/org/jdownloader/gui/views/downloads/columns/candidatetooltip/CandidateTooltipTableModel$1.class
   JD: Core.jar/org/jdownloader/gui/views/downloads/columns/candidatetooltip/CandidateTooltipTableModel$AccountColumn.class
   JD: Core.jar/org/jdownloader/gui/views/downloads/columns/candidatetooltip/CandidateTooltipTableModel$DateColumn.class
   JD: Core.jar/org/jdownloader/gui/views/downloads/columns/candidatetooltip/CandidateTooltipTableModel$GatewayColumn.class
   JD: Core.jar/org/jdownloader/gui/views/downloads/columns/candidatetooltip/CandidateTooltipTableModel$ResultColumn.class
   JD: Core.jar/org/jdownloader/gui/views/downloads/columns/candidatetooltip/CandidateTooltipTableModel.class
   JD: Core.jar/org/jdownloader/gui/views/downloads/context/submenu/DeleteMenuContainer.class
   JD: Core.jar/org/jdownloader/gui/views/downloads/context/submenu/DevChunksMenuContainer.class
   JD: Core.jar/org/jdownloader/gui/views/downloads/context/submenu/MoreMenuContainer.class
   JD: Core.jar/org/jdownloader/gui/views/downloads/context/submenu/PriorityMenuContainer.class
   JD: Core.jar/org/jdownloader/gui/views/downloads/context/submenu/SettingsMenuContainer.class
   JD: Core.jar/org/jdownloader/gui/views/downloads/contextmenumanager/DownloadsTablePluginLink.class
   JD: Core.jar/org/jdownloader/gui/views/downloads/contextmenumanager/MenuManagerDownloadTableContext$1.class
   JD: Core.jar/org/jdownloader/gui/views/downloads/contextmenumanager/MenuManagerDownloadTableContext.class
   JD: Core.jar/org/jdownloader/gui/views/downloads/overviewpanel/AbstractOverviewPanel$1$1.class
   JD: Core.jar/org/jdownloader/gui/views/downloads/overviewpanel/AbstractOverviewPanel$1.class
   JD: Core.jar/org/jdownloader/gui/views/downloads/overviewpanel/AbstractOverviewPanel$10.class
   JD: Core.jar/org/jdownloader/gui/views/downloads/overviewpanel/AbstractOverviewPanel$2.class
   JD: Core.jar/org/jdownloader/gui/views/downloads/overviewpanel/AbstractOverviewPanel$3.class
   JD: Core.jar/org/jdownloader/gui/views/downloads/overviewpanel/AbstractOverviewPanel$4.class
   JD: Core.jar/org/jdownloader/gui/views/downloads/overviewpanel/AbstractOverviewPanel$5.class
   JD: Core.jar/org/jdownloader/gui/views/downloads/overviewpanel/AbstractOverviewPanel$6.class
   JD: Core.jar/org/jdownloader/gui/views/downloads/overviewpanel/AbstractOverviewPanel$7.class
   JD: Core.jar/org/jdownloader/gui/views/downloads/overviewpanel/AbstractOverviewPanel$8.class
   JD: Core.jar/org/jdownloader/gui/views/downloads/overviewpanel/AbstractOverviewPanel$9.class
   JD: Core.jar/org/jdownloader/gui/views/downloads/overviewpanel/AbstractOverviewPanel.class
   JD: Core.jar/org/jdownloader/gui/views/downloads/overviewpanel/CloseButton.class
   JD: Core.jar/org/jdownloader/gui/views/downloads/overviewpanel/DownloadOverViewHeader.class
   JD: Core.jar/org/jdownloader/gui/views/downloads/overviewpanel/DownloadOverview$1$1.class
   JD: Core.jar/org/jdownloader/gui/views/downloads/overviewpanel/DownloadOverview$1.class
   JD: Core.jar/org/jdownloader/gui/views/downloads/overviewpanel/DownloadOverview$2.class
   JD: Core.jar/org/jdownloader/gui/views/downloads/overviewpanel/DownloadOverview$3.class
   JD: Core.jar/org/jdownloader/gui/views/downloads/overviewpanel/DownloadOverview$4$1.class
   JD: Core.jar/org/jdownloader/gui/views/downloads/overviewpanel/DownloadOverview$4.class
   JD: Core.jar/org/jdownloader/gui/views/downloads/overviewpanel/DownloadOverview$5.class
   JD: Core.jar/org/jdownloader/gui/views/downloads/overviewpanel/DownloadOverview$6.class
   JD: Core.jar/org/jdownloader/gui/views/downloads/overviewpanel/DownloadOverview$BytesLoadedEntry.class
   JD: Core.jar/org/jdownloader/gui/views/downloads/overviewpanel/DownloadOverview$BytesTotalEntry.class
   JD: Core.jar/org/jdownloader/gui/views/downloads/overviewpanel/DownloadOverview$ConnectionsEntry.class
   JD: Core.jar/org/jdownloader/gui/views/downloads/overviewpanel/DownloadOverview$DownloadsEntry.class
   JD: Core.jar/org/jdownloader/gui/views/downloads/overviewpanel/DownloadOverview$ETAEntry.class
   JD: Core.jar/org/jdownloader/gui/views/downloads/overviewpanel/DownloadOverview$FailedEntry.class
   JD: Core.jar/org/jdownloader/gui/views/downloads/overviewpanel/DownloadOverview$FinishedEntry.class
   JD: Core.jar/org/jdownloader/gui/views/downloads/overviewpanel/DownloadOverview$LinksCountEntry.class
   JD: Core.jar/org/jdownloader/gui/views/downloads/overviewpanel/DownloadOverview$PackagesEntry.class
   JD: Core.jar/org/jdownloader/gui/views/downloads/overviewpanel/DownloadOverview$SkippedEntry.class
   JD: Core.jar/org/jdownloader/gui/views/downloads/overviewpanel/DownloadOverview$SpeedEntry.class
   JD: Core.jar/org/jdownloader/gui/views/downloads/overviewpanel/DownloadOverview.class
   JD: Core.jar/org/jdownloader/gui/views/downloads/overviewpanel/SettingsButton.class
   JD: Core.jar/org/jdownloader/gui/views/downloads/properties/AbstractNodePropertiesPanel$1.class
   JD: Core.jar/org/jdownloader/gui/views/downloads/properties/AbstractNodePropertiesPanel$10.class
   JD: Core.jar/org/jdownloader/gui/views/downloads/properties/AbstractNodePropertiesPanel$11.class
   JD: Core.jar/org/jdownloader/gui/views/downloads/properties/AbstractNodePropertiesPanel$12.class
   JD: Core.jar/org/jdownloader/gui/views/downloads/properties/AbstractNodePropertiesPanel$13.class
   JD: Core.jar/org/jdownloader/gui/views/downloads/properties/AbstractNodePropertiesPanel$14.class
   JD: Core.jar/org/jdownloader/gui/views/downloads/properties/AbstractNodePropertiesPanel$15.class
   JD: Core.jar/org/jdownloader/gui/views/downloads/properties/AbstractNodePropertiesPanel$16.class
   JD: Core.jar/org/jdownloader/gui/views/downloads/properties/AbstractNodePropertiesPanel$17.class
   JD: Core.jar/org/jdownloader/gui/views/downloads/properties/AbstractNodePropertiesPanel$18.class
   JD: Core.jar/org/jdownloader/gui/views/downloads/properties/AbstractNodePropertiesPanel$19.class
   JD: Core.jar/org/jdownloader/gui/views/downloads/properties/AbstractNodePropertiesPanel$2.class
   JD: Core.jar/org/jdownloader/gui/views/downloads/properties/AbstractNodePropertiesPanel$20.class
   JD: Core.jar/org/jdownloader/gui/views/downloads/properties/AbstractNodePropertiesPanel$21.class
   JD: Core.jar/org/jdownloader/gui/views/downloads/properties/AbstractNodePropertiesPanel$22.class
   JD: Core.jar/org/jdownloader/gui/views/downloads/properties/AbstractNodePropertiesPanel$23.class
   JD: Core.jar/org/jdownloader/gui/views/downloads/properties/AbstractNodePropertiesPanel$24$1.class
   JD: Core.jar/org/jdownloader/gui/views/downloads/properties/AbstractNodePropertiesPanel$24.class
   JD: Core.jar/org/jdownloader/gui/views/downloads/properties/AbstractNodePropertiesPanel$25.class
   JD: Core.jar/org/jdownloader/gui/views/downloads/properties/AbstractNodePropertiesPanel$3$1.class
   JD: Core.jar/org/jdownloader/gui/views/downloads/properties/AbstractNodePropertiesPanel$3.class
   JD: Core.jar/org/jdownloader/gui/views/downloads/properties/AbstractNodePropertiesPanel$4.class
   JD: Core.jar/org/jdownloader/gui/views/downloads/properties/AbstractNodePropertiesPanel$5.class
   JD: Core.jar/org/jdownloader/gui/views/downloads/properties/AbstractNodePropertiesPanel$6$1.class
   JD: Core.jar/org/jdownloader/gui/views/downloads/properties/AbstractNodePropertiesPanel$6.class
   JD: Core.jar/org/jdownloader/gui/views/downloads/properties/AbstractNodePropertiesPanel$7.class
   JD: Core.jar/org/jdownloader/gui/views/downloads/properties/AbstractNodePropertiesPanel$8.class
   JD: Core.jar/org/jdownloader/gui/views/downloads/properties/AbstractNodePropertiesPanel$9.class
   JD: Core.jar/org/jdownloader/gui/views/downloads/properties/AbstractNodePropertiesPanel$Listener.class
   JD: Core.jar/org/jdownloader/gui/views/downloads/properties/AbstractNodePropertiesPanel.class
   JD: Core.jar/org/jdownloader/gui/views/downloads/properties/DownloadLinkNodeProperties$1.class
   JD: Core.jar/org/jdownloader/gui/views/downloads/properties/DownloadLinkNodeProperties.class
   JD: Core.jar/org/jdownloader/gui/views/downloads/properties/DownloadLinkPropertiesPanel.class
   JD: Core.jar/org/jdownloader/gui/views/downloads/properties/DownloadListPropertiesPanel$1.class
   JD: Core.jar/org/jdownloader/gui/views/downloads/properties/DownloadListPropertiesPanel.class
   JD: Core.jar/org/jdownloader/gui/views/downloads/properties/DownloadPropertiesHeader$1.class
   JD: Core.jar/org/jdownloader/gui/views/downloads/properties/DownloadPropertiesHeader.class
   JD: Core.jar/org/jdownloader/gui/views/downloads/properties/FilePackageNodeProperties$1.class
   JD: Core.jar/org/jdownloader/gui/views/downloads/properties/FilePackageNodeProperties.class
   JD: Core.jar/org/jdownloader/gui/views/downloads/properties/FilePackagePropertiesPanel.class
   JD: Core.jar/org/jdownloader/gui/views/downloads/table/DownloadsTable$1.class
   JD: Core.jar/org/jdownloader/gui/views/downloads/table/DownloadsTable$2.class
   JD: Core.jar/org/jdownloader/gui/views/downloads/table/DownloadsTable$3.class
   JD: Core.jar/org/jdownloader/gui/views/downloads/table/DownloadsTable.class
   JD: Core.jar/org/jdownloader/gui/views/downloads/table/HorizontalScrollbarAction.class
   JD: Core.jar/org/jdownloader/gui/views/downloads/table/SpeedLimitAction.class
   JD: Core.jar/org/jdownloader/gui/views/downloads/table/SpeedLimitator$1.class
   JD: Core.jar/org/jdownloader/gui/views/downloads/table/SpeedLimitator$2.class
   JD: Core.jar/org/jdownloader/gui/views/downloads/table/SpeedLimitator$3.class
   JD: Core.jar/org/jdownloader/gui/views/downloads/table/SpeedLimitator.class
   JD: Core.jar/org/jdownloader/gui/views/downloads/table/linkproperties/LinkURLEditor$1$1.class
   JD: Core.jar/org/jdownloader/gui/views/downloads/table/linkproperties/LinkURLEditor$1$2.class
   JD: Core.jar/org/jdownloader/gui/views/downloads/table/linkproperties/LinkURLEditor$1.class
   JD: Core.jar/org/jdownloader/gui/views/downloads/table/linkproperties/LinkURLEditor$2$1.class
   JD: Core.jar/org/jdownloader/gui/views/downloads/table/linkproperties/LinkURLEditor$2$2.class
   JD: Core.jar/org/jdownloader/gui/views/downloads/table/linkproperties/LinkURLEditor$2.class
   JD: Core.jar/org/jdownloader/gui/views/downloads/table/linkproperties/LinkURLEditor.class
   JD: Core.jar/org/jdownloader/gui/views/linkgrabber/LinkGrabberPanel$1.class
   JD: Core.jar/org/jdownloader/gui/views/linkgrabber/LinkGrabberPanel$10.class
   JD: Core.jar/org/jdownloader/gui/views/linkgrabber/LinkGrabberPanel$2$1.class
   JD: Core.jar/org/jdownloader/gui/views/linkgrabber/LinkGrabberPanel$2.class
   JD: Core.jar/org/jdownloader/gui/views/linkgrabber/LinkGrabberPanel$3.class
   JD: Core.jar/org/jdownloader/gui/views/linkgrabber/LinkGrabberPanel$4.class
   JD: Core.jar/org/jdownloader/gui/views/linkgrabber/LinkGrabberPanel$5.class
   JD: Core.jar/org/jdownloader/gui/views/linkgrabber/LinkGrabberPanel$6.class
   JD: Core.jar/org/jdownloader/gui/views/linkgrabber/LinkGrabberPanel$7.class
   JD: Core.jar/org/jdownloader/gui/views/linkgrabber/LinkGrabberPanel$8.class
   JD: Core.jar/org/jdownloader/gui/views/linkgrabber/LinkGrabberPanel$9.class
   JD: Core.jar/org/jdownloader/gui/views/linkgrabber/LinkGrabberPanel.class
   JD: Core.jar/org/jdownloader/gui/views/linkgrabber/LinkGrabberSidebar$1.class
   JD: Core.jar/org/jdownloader/gui/views/linkgrabber/LinkGrabberSidebar.class
   JD: Core.jar/org/jdownloader/gui/views/linkgrabber/LinkGrabberTable$1.class
   JD: Core.jar/org/jdownloader/gui/views/linkgrabber/LinkGrabberTable$2.class
   JD: Core.jar/org/jdownloader/gui/views/linkgrabber/LinkGrabberTable$3$1.class
   JD: Core.jar/org/jdownloader/gui/views/linkgrabber/LinkGrabberTable$3.class
   JD: Core.jar/org/jdownloader/gui/views/linkgrabber/LinkGrabberTable$4.class
   JD: Core.jar/org/jdownloader/gui/views/linkgrabber/LinkGrabberTable$5.class
   JD: Core.jar/org/jdownloader/gui/views/linkgrabber/LinkGrabberTable$6.class
   JD: Core.jar/org/jdownloader/gui/views/linkgrabber/LinkGrabberTable$7.class
   JD: Core.jar/org/jdownloader/gui/views/linkgrabber/LinkGrabberTable.class
   JD: Core.jar/org/jdownloader/gui/views/linkgrabber/LinkGrabberTableModel$1.class
   JD: Core.jar/org/jdownloader/gui/views/linkgrabber/LinkGrabberTableModel$2.class
   JD: Core.jar/org/jdownloader/gui/views/linkgrabber/LinkGrabberTableModel$3.class
   JD: Core.jar/org/jdownloader/gui/views/linkgrabber/LinkGrabberTableModel.class
   JD: Core.jar/org/jdownloader/gui/views/linkgrabber/LinkGrabberView$1$1.class
   JD: Core.jar/org/jdownloader/gui/views/linkgrabber/LinkGrabberView$1.class
   JD: Core.jar/org/jdownloader/gui/views/linkgrabber/LinkGrabberView.class
   JD: Core.jar/org/jdownloader/gui/views/linkgrabber/LinkgrabberOverviewPanelToggleAction.class
   JD: Core.jar/org/jdownloader/gui/views/linkgrabber/LinkgrabberPropertiesToggleAction.class
   JD: Core.jar/org/jdownloader/gui/views/linkgrabber/LinkgrabberSearchField$1.class
   JD: Core.jar/org/jdownloader/gui/views/linkgrabber/LinkgrabberSearchField$2.class
   JD: Core.jar/org/jdownloader/gui/views/linkgrabber/LinkgrabberSearchField$3.class
   JD: Core.jar/org/jdownloader/gui/views/linkgrabber/LinkgrabberSearchField$4.class
   JD: Core.jar/org/jdownloader/gui/views/linkgrabber/LinkgrabberSearchField$5.class
   JD: Core.jar/org/jdownloader/gui/views/linkgrabber/LinkgrabberSearchField$6.class
   JD: Core.jar/org/jdownloader/gui/views/linkgrabber/LinkgrabberSearchField$7.class
   JD: Core.jar/org/jdownloader/gui/views/linkgrabber/LinkgrabberSearchField$8.class
   JD: Core.jar/org/jdownloader/gui/views/linkgrabber/LinkgrabberSearchField.class
   JD: Core.jar/org/jdownloader/gui/views/linkgrabber/LinkgrabberSearchMenuItem$1.class
   JD: Core.jar/org/jdownloader/gui/views/linkgrabber/LinkgrabberSearchMenuItem$2$1.class
   JD: Core.jar/org/jdownloader/gui/views/linkgrabber/LinkgrabberSearchMenuItem$2.class
   JD: Core.jar/org/jdownloader/gui/views/linkgrabber/LinkgrabberSearchMenuItem$3.class
   JD: Core.jar/org/jdownloader/gui/views/linkgrabber/LinkgrabberSearchMenuItem$4.class
   JD: Core.jar/org/jdownloader/gui/views/linkgrabber/LinkgrabberSearchMenuItem$5.class
   JD: Core.jar/org/jdownloader/gui/views/linkgrabber/LinkgrabberSearchMenuItem.class
   JD: Core.jar/org/jdownloader/gui/views/linkgrabber/LinkgrabberSidebarToggleAction.class
   JD: Core.jar/org/jdownloader/gui/views/linkgrabber/LinkgrabberWidgetContainer$1.class
   JD: Core.jar/org/jdownloader/gui/views/linkgrabber/LinkgrabberWidgetContainer$2.class
   JD: Core.jar/org/jdownloader/gui/views/linkgrabber/LinkgrabberWidgetContainer$3.class
   JD: Core.jar/org/jdownloader/gui/views/linkgrabber/LinkgrabberWidgetContainer$4.class
   JD: Core.jar/org/jdownloader/gui/views/linkgrabber/LinkgrabberWidgetContainer$5.class
   JD: Core.jar/org/jdownloader/gui/views/linkgrabber/LinkgrabberWidgetContainer$6.class
   JD: Core.jar/org/jdownloader/gui/views/linkgrabber/LinkgrabberWidgetContainer$7.class
   JD: Core.jar/org/jdownloader/gui/views/linkgrabber/LinkgrabberWidgetContainer$8.class
   JD: Core.jar/org/jdownloader/gui/views/linkgrabber/LinkgrabberWidgetContainer.class
   JD: Core.jar/org/jdownloader/gui/views/linkgrabber/actions/AddContainerAction.class
   JD: Core.jar/org/jdownloader/gui/views/linkgrabber/actions/AddLinksAction$1.class
   JD: Core.jar/org/jdownloader/gui/views/linkgrabber/actions/AddLinksAction.class
   JD: Core.jar/org/jdownloader/gui/views/linkgrabber/actions/AddLinksProgress$1.class
   JD: Core.jar/org/jdownloader/gui/views/linkgrabber/actions/AddLinksProgress$2$1.class
   JD: Core.jar/org/jdownloader/gui/views/linkgrabber/actions/AddLinksProgress$2.class
   JD: Core.jar/org/jdownloader/gui/views/linkgrabber/actions/AddLinksProgress.class
   JD: Core.jar/org/jdownloader/gui/views/linkgrabber/actions/AddOptionsAction.class
   JD: Core.jar/org/jdownloader/gui/views/linkgrabber/actions/ConfirmSelectionBarAction$1$1.class
   JD: Core.jar/org/jdownloader/gui/views/linkgrabber/actions/ConfirmSelectionBarAction$1.class
   JD: Core.jar/org/jdownloader/gui/views/linkgrabber/actions/ConfirmSelectionBarAction$2.class
   JD: Core.jar/org/jdownloader/gui/views/linkgrabber/actions/ConfirmSelectionBarAction$3.class
   JD: Core.jar/org/jdownloader/gui/views/linkgrabber/actions/ConfirmSelectionBarAction.class
   JD: Core.jar/org/jdownloader/gui/views/linkgrabber/actions/ConfirmSelectionBarActionSub$1$1.class
   JD: Core.jar/org/jdownloader/gui/views/linkgrabber/actions/ConfirmSelectionBarActionSub$1.class
   JD: Core.jar/org/jdownloader/gui/views/linkgrabber/actions/ConfirmSelectionBarActionSub$2.class
   JD: Core.jar/org/jdownloader/gui/views/linkgrabber/actions/ConfirmSelectionBarActionSub$3.class
   JD: Core.jar/org/jdownloader/gui/views/linkgrabber/actions/ConfirmSelectionBarActionSub.class
   JD: Core.jar/org/jdownloader/gui/views/linkgrabber/addlinksdialog/AddLinksDialog$1.class
   JD: Core.jar/org/jdownloader/gui/views/linkgrabber/addlinksdialog/AddLinksDialog$10.class
   JD: Core.jar/org/jdownloader/gui/views/linkgrabber/addlinksdialog/AddLinksDialog$11.class
   JD: Core.jar/org/jdownloader/gui/views/linkgrabber/addlinksdialog/AddLinksDialog$12.class
   JD: Core.jar/org/jdownloader/gui/views/linkgrabber/addlinksdialog/AddLinksDialog$13.class
   JD: Core.jar/org/jdownloader/gui/views/linkgrabber/addlinksdialog/AddLinksDialog$14$1$1.class
   JD: Core.jar/org/jdownloader/gui/views/linkgrabber/addlinksdialog/AddLinksDialog$14$1.class
   JD: Core.jar/org/jdownloader/gui/views/linkgrabber/addlinksdialog/AddLinksDialog$14.class
   JD: Core.jar/org/jdownloader/gui/views/linkgrabber/addlinksdialog/AddLinksDialog$15.class
   JD: Core.jar/org/jdownloader/gui/views/linkgrabber/addlinksdialog/AddLinksDialog$16.class
   JD: Core.jar/org/jdownloader/gui/views/linkgrabber/addlinksdialog/AddLinksDialog$17.class
   JD: Core.jar/org/jdownloader/gui/views/linkgrabber/addlinksdialog/AddLinksDialog$18.class
   JD: Core.jar/org/jdownloader/gui/views/linkgrabber/addlinksdialog/AddLinksDialog$19.class
   JD: Core.jar/org/jdownloader/gui/views/linkgrabber/addlinksdialog/AddLinksDialog$2.class
   JD: Core.jar/org/jdownloader/gui/views/linkgrabber/addlinksdialog/AddLinksDialog$20$1.class
   JD: Core.jar/org/jdownloader/gui/views/linkgrabber/addlinksdialog/AddLinksDialog$20.class
   JD: Core.jar/org/jdownloader/gui/views/linkgrabber/addlinksdialog/AddLinksDialog$21$1.class
   JD: Core.jar/org/jdownloader/gui/views/linkgrabber/addlinksdialog/AddLinksDialog$21$2.class
   JD: Core.jar/org/jdownloader/gui/views/linkgrabber/addlinksdialog/AddLinksDialog$21$3.class
   JD: Core.jar/org/jdownloader/gui/views/linkgrabber/addlinksdialog/AddLinksDialog$21$4.class
   JD: Core.jar/org/jdownloader/gui/views/linkgrabber/addlinksdialog/AddLinksDialog$21$5.class
   JD: Core.jar/org/jdownloader/gui/views/linkgrabber/addlinksdialog/AddLinksDialog$21.class
   JD: Core.jar/org/jdownloader/gui/views/linkgrabber/addlinksdialog/AddLinksDialog$3.class
   JD: Core.jar/org/jdownloader/gui/views/linkgrabber/addlinksdialog/AddLinksDialog$4.class
   JD: Core.jar/org/jdownloader/gui/views/linkgrabber/addlinksdialog/AddLinksDialog$5.class
   JD: Core.jar/org/jdownloader/gui/views/linkgrabber/addlinksdialog/AddLinksDialog$6.class
   JD: Core.jar/org/jdownloader/gui/views/linkgrabber/addlinksdialog/AddLinksDialog$7.class
   JD: Core.jar/org/jdownloader/gui/views/linkgrabber/addlinksdialog/AddLinksDialog$8.class
   JD: Core.jar/org/jdownloader/gui/views/linkgrabber/addlinksdialog/AddLinksDialog$9.class
   JD: Core.jar/org/jdownloader/gui/views/linkgrabber/addlinksdialog/AddLinksDialog.class
   JD: Core.jar/org/jdownloader/gui/views/linkgrabber/addlinksdialog/ConfirmOptionsAction$1.class
   JD: Core.jar/org/jdownloader/gui/views/linkgrabber/addlinksdialog/ConfirmOptionsAction$2.class
   JD: Core.jar/org/jdownloader/gui/views/linkgrabber/addlinksdialog/ConfirmOptionsAction.class
   JD: Core.jar/org/jdownloader/gui/views/linkgrabber/addlinksdialog/DragAndDropDelegater.class
   JD: Core.jar/org/jdownloader/gui/views/linkgrabber/addlinksdialog/LinkgrabberSettings.class
   JD: Core.jar/org/jdownloader/gui/views/linkgrabber/bottombar/AddAtTopToggleAction.class
   JD: Core.jar/org/jdownloader/gui/views/linkgrabber/bottombar/AddFilteredStuffAction$1.class
   JD: Core.jar/org/jdownloader/gui/views/linkgrabber/bottombar/AddFilteredStuffAction$Button$1.class
   JD: Core.jar/org/jdownloader/gui/views/linkgrabber/bottombar/AddFilteredStuffAction$Button$2.class
   JD: Core.jar/org/jdownloader/gui/views/linkgrabber/bottombar/AddFilteredStuffAction$Button.class
   JD: Core.jar/org/jdownloader/gui/views/linkgrabber/bottombar/AddFilteredStuffAction.class
   JD: Core.jar/org/jdownloader/gui/views/linkgrabber/bottombar/AutoConfirmProcessIndicator$1.class
   JD: Core.jar/org/jdownloader/gui/views/linkgrabber/bottombar/AutoConfirmProcessIndicator$2.class
   JD: Core.jar/org/jdownloader/gui/views/linkgrabber/bottombar/AutoConfirmProcessIndicator$3.class
   JD: Core.jar/org/jdownloader/gui/views/linkgrabber/bottombar/AutoConfirmProcessIndicator.class
   JD: Core.jar/org/jdownloader/gui/views/linkgrabber/bottombar/AutoConfirmStopAction$1.class
   JD: Core.jar/org/jdownloader/gui/views/linkgrabber/bottombar/AutoConfirmStopAction$2.class
   JD: Core.jar/org/jdownloader/gui/views/linkgrabber/bottombar/AutoConfirmStopAction$3.class
   JD: Core.jar/org/jdownloader/gui/views/linkgrabber/bottombar/AutoConfirmStopAction$4.class
   JD: Core.jar/org/jdownloader/gui/views/linkgrabber/bottombar/AutoConfirmStopAction$5.class
   JD: Core.jar/org/jdownloader/gui/views/linkgrabber/bottombar/AutoConfirmStopAction$6.class
   JD: Core.jar/org/jdownloader/gui/views/linkgrabber/bottombar/AutoConfirmStopAction.class
   JD: Core.jar/org/jdownloader/gui/views/linkgrabber/bottombar/AutoConfirmToggleAction.class
   JD: Core.jar/org/jdownloader/gui/views/linkgrabber/bottombar/AutoStartToggleAction.class
   JD: Core.jar/org/jdownloader/gui/views/linkgrabber/bottombar/BottomBarMenuManagerAction.class
   JD: Core.jar/org/jdownloader/gui/views/linkgrabber/bottombar/ClearLinkgrabberAction.class
   JD: Core.jar/org/jdownloader/gui/views/linkgrabber/bottombar/ConfirmButtonMenuItem.class
   JD: Core.jar/org/jdownloader/gui/views/linkgrabber/bottombar/ConfirmMenuItem.class
   JD: Core.jar/org/jdownloader/gui/views/linkgrabber/bottombar/GenericDeleteFromLinkgrabberAction$1.class
   JD: Core.jar/org/jdownloader/gui/views/linkgrabber/bottombar/GenericDeleteFromLinkgrabberAction$2.class
   JD: Core.jar/org/jdownloader/gui/views/linkgrabber/bottombar/GenericDeleteFromLinkgrabberAction$3.class
   JD: Core.jar/org/jdownloader/gui/views/linkgrabber/bottombar/GenericDeleteFromLinkgrabberAction$4.class
   JD: Core.jar/org/jdownloader/gui/views/linkgrabber/bottombar/GenericDeleteFromLinkgrabberAction$5.class
   JD: Core.jar/org/jdownloader/gui/views/linkgrabber/bottombar/GenericDeleteFromLinkgrabberAction$SelectionType.class
   JD: Core.jar/org/jdownloader/gui/views/linkgrabber/bottombar/GenericDeleteFromLinkgrabberAction.class
   JD: Core.jar/org/jdownloader/gui/views/linkgrabber/bottombar/IncludedSelectionSetup$1.class
   JD: Core.jar/org/jdownloader/gui/views/linkgrabber/bottombar/IncludedSelectionSetup.class
   JD: Core.jar/org/jdownloader/gui/views/linkgrabber/bottombar/LeftRightDividerItem.class
   JD: Core.jar/org/jdownloader/gui/views/linkgrabber/bottombar/LinkFilterToggleAction.class
   JD: Core.jar/org/jdownloader/gui/views/linkgrabber/bottombar/MenuManagerLinkgrabberTabBottombar.class
   JD: Core.jar/org/jdownloader/gui/views/linkgrabber/bottombar/PasteLinksAction$1.class
   JD: Core.jar/org/jdownloader/gui/views/linkgrabber/bottombar/PasteLinksAction.class
   JD: Core.jar/org/jdownloader/gui/views/linkgrabber/bottombar/ToggleAppAction$1.class
   JD: Core.jar/org/jdownloader/gui/views/linkgrabber/bottombar/ToggleAppAction.class
   JD: Core.jar/org/jdownloader/gui/views/linkgrabber/columns/DownloadFolderColumn$1.class
   JD: Core.jar/org/jdownloader/gui/views/linkgrabber/columns/DownloadFolderColumn$2.class
   JD: Core.jar/org/jdownloader/gui/views/linkgrabber/columns/DownloadFolderColumn$3.class
   JD: Core.jar/org/jdownloader/gui/views/linkgrabber/columns/DownloadFolderColumn.class
   JD: Core.jar/org/jdownloader/gui/views/linkgrabber/columns/PartColumn$1.class
   JD: Core.jar/org/jdownloader/gui/views/linkgrabber/columns/PartColumn.class
   JD: Core.jar/org/jdownloader/gui/views/linkgrabber/columns/UrlColumn$1.class
   JD: Core.jar/org/jdownloader/gui/views/linkgrabber/columns/UrlColumn$2.class
   JD: Core.jar/org/jdownloader/gui/views/linkgrabber/columns/UrlColumn.class
   JD: Core.jar/org/jdownloader/gui/views/linkgrabber/columns/VariantColumn$1.class
   JD: Core.jar/org/jdownloader/gui/views/linkgrabber/columns/VariantColumn$2.class
   JD: Core.jar/org/jdownloader/gui/views/linkgrabber/columns/VariantColumn$3$1.class
   JD: Core.jar/org/jdownloader/gui/views/linkgrabber/columns/VariantColumn$3.class
   JD: Core.jar/org/jdownloader/gui/views/linkgrabber/columns/VariantColumn.class
   JD: Core.jar/org/jdownloader/gui/views/linkgrabber/contextmenu/AddContainerContextMenuAction.class
   JD: Core.jar/org/jdownloader/gui/views/linkgrabber/contextmenu/AddLinksContextMenuAction.class
   JD: Core.jar/org/jdownloader/gui/views/linkgrabber/contextmenu/ClearFilteredLinksAction$1.class
   JD: Core.jar/org/jdownloader/gui/views/linkgrabber/contextmenu/ClearFilteredLinksAction$2.class
   JD: Core.jar/org/jdownloader/gui/views/linkgrabber/contextmenu/ClearFilteredLinksAction.class
   JD: Core.jar/org/jdownloader/gui/views/linkgrabber/contextmenu/ConfirmLinksContextAction$1$1$1.class
   JD: Core.jar/org/jdownloader/gui/views/linkgrabber/contextmenu/ConfirmLinksContextAction$1$1$2.class
   JD: Core.jar/org/jdownloader/gui/views/linkgrabber/contextmenu/ConfirmLinksContextAction$1$1.class
   JD: Core.jar/org/jdownloader/gui/views/linkgrabber/contextmenu/ConfirmLinksContextAction$1$2$1.class
   JD: Core.jar/org/jdownloader/gui/views/linkgrabber/contextmenu/ConfirmLinksContextAction$1$2.class
   JD: Core.jar/org/jdownloader/gui/views/linkgrabber/contextmenu/ConfirmLinksContextAction$1$3$1.class
   JD: Core.jar/org/jdownloader/gui/views/linkgrabber/contextmenu/ConfirmLinksContextAction$1$3.class
   JD: Core.jar/org/jdownloader/gui/views/linkgrabber/contextmenu/ConfirmLinksContextAction$1$4$1.class
   JD: Core.jar/org/jdownloader/gui/views/linkgrabber/contextmenu/ConfirmLinksContextAction$1$4.class
   JD: Core.jar/org/jdownloader/gui/views/linkgrabber/contextmenu/ConfirmLinksContextAction$1.class
   JD: Core.jar/org/jdownloader/gui/views/linkgrabber/contextmenu/ConfirmLinksContextAction$2.class
   JD: Core.jar/org/jdownloader/gui/views/linkgrabber/contextmenu/ConfirmLinksContextAction$3.class
   JD: Core.jar/org/jdownloader/gui/views/linkgrabber/contextmenu/ConfirmLinksContextAction$AutoStartOptions$1.class
   JD: Core.jar/org/jdownloader/gui/views/linkgrabber/contextmenu/ConfirmLinksContextAction$AutoStartOptions$2.class
   JD: Core.jar/org/jdownloader/gui/views/linkgrabber/contextmenu/ConfirmLinksContextAction$AutoStartOptions$3.class
   JD: Core.jar/org/jdownloader/gui/views/linkgrabber/contextmenu/ConfirmLinksContextAction$AutoStartOptions.class
   JD: Core.jar/org/jdownloader/gui/views/linkgrabber/contextmenu/ConfirmLinksContextAction$OnDupesLinksAction$1.class
   JD: Core.jar/org/jdownloader/gui/views/linkgrabber/contextmenu/ConfirmLinksContextAction$OnDupesLinksAction$2.class
   JD: Core.jar/org/jdownloader/gui/views/linkgrabber/contextmenu/ConfirmLinksContextAction$OnDupesLinksAction$3.class
   JD: Core.jar/org/jdownloader/gui/views/linkgrabber/contextmenu/ConfirmLinksContextAction$OnDupesLinksAction$4.class
   JD: Core.jar/org/jdownloader/gui/views/linkgrabber/contextmenu/ConfirmLinksContextAction$OnDupesLinksAction$5.class
   JD: Core.jar/org/jdownloader/gui/views/linkgrabber/contextmenu/ConfirmLinksContextAction$OnDupesLinksAction.class
   JD: Core.jar/org/jdownloader/gui/views/linkgrabber/contextmenu/ConfirmLinksContextAction$OnOfflineLinksAction$1.class
   JD: Core.jar/org/jdownloader/gui/views/linkgrabber/contextmenu/ConfirmLinksContextAction$OnOfflineLinksAction$2.class
   JD: Core.jar/org/jdownloader/gui/views/linkgrabber/contextmenu/ConfirmLinksContextAction$OnOfflineLinksAction$3.class
   JD: Core.jar/org/jdownloader/gui/views/linkgrabber/contextmenu/ConfirmLinksContextAction$OnOfflineLinksAction$4.class
   JD: Core.jar/org/jdownloader/gui/views/linkgrabber/contextmenu/ConfirmLinksContextAction$OnOfflineLinksAction$5.class
   JD: Core.jar/org/jdownloader/gui/views/linkgrabber/contextmenu/ConfirmLinksContextAction$OnOfflineLinksAction.class
   JD: Core.jar/org/jdownloader/gui/views/linkgrabber/contextmenu/ConfirmLinksContextAction.class
   JD: Core.jar/org/jdownloader/gui/views/linkgrabber/contextmenu/CreateDLCAction$1.class
   JD: Core.jar/org/jdownloader/gui/views/linkgrabber/contextmenu/CreateDLCAction.class
   JD: Core.jar/org/jdownloader/gui/views/linkgrabber/contextmenu/GenericDeleteFromLinkgrabberContextAction$1.class
   JD: Core.jar/org/jdownloader/gui/views/linkgrabber/contextmenu/GenericDeleteFromLinkgrabberContextAction$2.class
   JD: Core.jar/org/jdownloader/gui/views/linkgrabber/contextmenu/GenericDeleteFromLinkgrabberContextAction.class
   JD: Core.jar/org/jdownloader/gui/views/linkgrabber/contextmenu/LGMenuManagerAction.class
   JD: Core.jar/org/jdownloader/gui/views/linkgrabber/contextmenu/LinkgrabberPluginLink.class
   JD: Core.jar/org/jdownloader/gui/views/linkgrabber/contextmenu/MenuManagerLinkgrabberTableContext.class
   JD: Core.jar/org/jdownloader/gui/views/linkgrabber/contextmenu/MergeToPackageAction$1.class
   JD: Core.jar/org/jdownloader/gui/views/linkgrabber/contextmenu/MergeToPackageAction$2.class
   JD: Core.jar/org/jdownloader/gui/views/linkgrabber/contextmenu/MergeToPackageAction$3.class
   JD: Core.jar/org/jdownloader/gui/views/linkgrabber/contextmenu/MergeToPackageAction.class
   JD: Core.jar/org/jdownloader/gui/views/linkgrabber/contextmenu/NewPackageDialog$1.class
   JD: Core.jar/org/jdownloader/gui/views/linkgrabber/contextmenu/NewPackageDialog.class
   JD: Core.jar/org/jdownloader/gui/views/linkgrabber/contextmenu/OpenInBrowserAction$1$1.class
   JD: Core.jar/org/jdownloader/gui/views/linkgrabber/contextmenu/OpenInBrowserAction$1.class
   JD: Core.jar/org/jdownloader/gui/views/linkgrabber/contextmenu/OpenInBrowserAction.class
   JD: Core.jar/org/jdownloader/gui/views/linkgrabber/contextmenu/PasteContextLinksAction.class
   JD: Core.jar/org/jdownloader/gui/views/linkgrabber/contextmenu/PropertiesAction.class
   JD: Core.jar/org/jdownloader/gui/views/linkgrabber/contextmenu/RemoveIncompleteArchives$1.class
   JD: Core.jar/org/jdownloader/gui/views/linkgrabber/contextmenu/RemoveIncompleteArchives$2.class
   JD: Core.jar/org/jdownloader/gui/views/linkgrabber/contextmenu/RemoveIncompleteArchives.class
   JD: Core.jar/org/jdownloader/gui/views/linkgrabber/contextmenu/SetDownloadFolderInLinkgrabberAction.class
   JD: Core.jar/org/jdownloader/gui/views/linkgrabber/contextmenu/SortAction$1$1.class
   JD: Core.jar/org/jdownloader/gui/views/linkgrabber/contextmenu/SortAction$1$2.class
   JD: Core.jar/org/jdownloader/gui/views/linkgrabber/contextmenu/SortAction$1.class
   JD: Core.jar/org/jdownloader/gui/views/linkgrabber/contextmenu/SortAction.class
   JD: Core.jar/org/jdownloader/gui/views/linkgrabber/contextmenu/SplitPackagesByHost$1.class
   JD: Core.jar/org/jdownloader/gui/views/linkgrabber/contextmenu/SplitPackagesByHost$2.class
   JD: Core.jar/org/jdownloader/gui/views/linkgrabber/contextmenu/SplitPackagesByHost$3.class
   JD: Core.jar/org/jdownloader/gui/views/linkgrabber/contextmenu/SplitPackagesByHost.class
   JD: Core.jar/org/jdownloader/gui/views/linkgrabber/overview/LinkgrabberOverViewHeader.class
   JD: Core.jar/org/jdownloader/gui/views/linkgrabber/overview/LinkgrabberOverview$1$1.class
   JD: Core.jar/org/jdownloader/gui/views/linkgrabber/overview/LinkgrabberOverview$1.class
   JD: Core.jar/org/jdownloader/gui/views/linkgrabber/overview/LinkgrabberOverview$2.class
   JD: Core.jar/org/jdownloader/gui/views/linkgrabber/overview/LinkgrabberOverview$3.class
   JD: Core.jar/org/jdownloader/gui/views/linkgrabber/overview/LinkgrabberOverview$4.class
   JD: Core.jar/org/jdownloader/gui/views/linkgrabber/overview/LinkgrabberOverview$5.class
   JD: Core.jar/org/jdownloader/gui/views/linkgrabber/overview/LinkgrabberOverview$BytesTotalEntry.class
   JD: Core.jar/org/jdownloader/gui/views/linkgrabber/overview/LinkgrabberOverview$HostCountEntry.class
   JD: Core.jar/org/jdownloader/gui/views/linkgrabber/overview/LinkgrabberOverview$LinksCountEntry.class
   JD: Core.jar/org/jdownloader/gui/views/linkgrabber/overview/LinkgrabberOverview$OfflineCountEntry.class
   JD: Core.jar/org/jdownloader/gui/views/linkgrabber/overview/LinkgrabberOverview$OnlineCountEntry.class
   JD: Core.jar/org/jdownloader/gui/views/linkgrabber/overview/LinkgrabberOverview$PackagesEntry.class
   JD: Core.jar/org/jdownloader/gui/views/linkgrabber/overview/LinkgrabberOverview$UnknownCountEntry.class
   JD: Core.jar/org/jdownloader/gui/views/linkgrabber/overview/LinkgrabberOverview.class
   JD: Core.jar/org/jdownloader/gui/views/linkgrabber/properties/AbstractPanelHeader$1.class
   JD: Core.jar/org/jdownloader/gui/views/linkgrabber/properties/AbstractPanelHeader$2.class
   JD: Core.jar/org/jdownloader/gui/views/linkgrabber/properties/AbstractPanelHeader$3.class
   JD: Core.jar/org/jdownloader/gui/views/linkgrabber/properties/AbstractPanelHeader.class
   JD: Core.jar/org/jdownloader/gui/views/linkgrabber/properties/CrawledLinkNodeProperties$1.class
   JD: Core.jar/org/jdownloader/gui/views/linkgrabber/properties/CrawledLinkNodeProperties.class
   JD: Core.jar/org/jdownloader/gui/views/linkgrabber/properties/CrawledLinkPropertiesPanel.class
   JD: Core.jar/org/jdownloader/gui/views/linkgrabber/properties/CrawledPackageNodeProperties$1.class
   JD: Core.jar/org/jdownloader/gui/views/linkgrabber/properties/CrawledPackageNodeProperties.class
   JD: Core.jar/org/jdownloader/gui/views/linkgrabber/properties/CrawledPackagePropertiesPanel.class
   JD: Core.jar/org/jdownloader/gui/views/linkgrabber/properties/LinkcrawlerListPropertiesPanel.class
   JD: Core.jar/org/jdownloader/gui/views/linkgrabber/properties/LinkgrabberPropertiesHeader$1.class
   JD: Core.jar/org/jdownloader/gui/views/linkgrabber/properties/LinkgrabberPropertiesHeader.class
   JD: Core.jar/org/jdownloader/gui/views/linkgrabber/quickfilter/CustomFilterHeader$1.class
   JD: Core.jar/org/jdownloader/gui/views/linkgrabber/quickfilter/CustomFilterHeader.class
   JD: Core.jar/org/jdownloader/gui/views/linkgrabber/quickfilter/ExceptionFilter.class
   JD: Core.jar/org/jdownloader/gui/views/linkgrabber/quickfilter/FilterTable$1.class
   JD: Core.jar/org/jdownloader/gui/views/linkgrabber/quickfilter/FilterTable$10.class
   JD: Core.jar/org/jdownloader/gui/views/linkgrabber/quickfilter/FilterTable$2$1.class
   JD: Core.jar/org/jdownloader/gui/views/linkgrabber/quickfilter/FilterTable$2.class
   JD: Core.jar/org/jdownloader/gui/views/linkgrabber/quickfilter/FilterTable$3.class
   JD: Core.jar/org/jdownloader/gui/views/linkgrabber/quickfilter/FilterTable$4.class
   JD: Core.jar/org/jdownloader/gui/views/linkgrabber/quickfilter/FilterTable$5.class
   JD: Core.jar/org/jdownloader/gui/views/linkgrabber/quickfilter/FilterTable$6.class
   JD: Core.jar/org/jdownloader/gui/views/linkgrabber/quickfilter/FilterTable$7.class
   JD: Core.jar/org/jdownloader/gui/views/linkgrabber/quickfilter/FilterTable$8.class
   JD: Core.jar/org/jdownloader/gui/views/linkgrabber/quickfilter/FilterTable$9$1.class
   JD: Core.jar/org/jdownloader/gui/views/linkgrabber/quickfilter/FilterTable$9.class
   JD: Core.jar/org/jdownloader/gui/views/linkgrabber/quickfilter/FilterTable$FilterTableUpdater.class
   JD: Core.jar/org/jdownloader/gui/views/linkgrabber/quickfilter/FilterTable.class
   JD: Core.jar/org/jdownloader/gui/views/linkgrabber/quickfilter/FilterTableModel$1.class
   JD: Core.jar/org/jdownloader/gui/views/linkgrabber/quickfilter/FilterTableModel$2.class
   JD: Core.jar/org/jdownloader/gui/views/linkgrabber/quickfilter/FilterTableModel$3.class
   JD: Core.jar/org/jdownloader/gui/views/linkgrabber/quickfilter/FilterTableModel$4.class
   JD: Core.jar/org/jdownloader/gui/views/linkgrabber/quickfilter/FilterTableModel.class
   JD: Core.jar/org/jdownloader/gui/views/linkgrabber/quickfilter/QuickFilterExceptionsTable$1$1.class
   JD: Core.jar/org/jdownloader/gui/views/linkgrabber/quickfilter/QuickFilterExceptionsTable$1.class
   JD: Core.jar/org/jdownloader/gui/views/linkgrabber/quickfilter/QuickFilterExceptionsTable$2.class
   JD: Core.jar/org/jdownloader/gui/views/linkgrabber/quickfilter/QuickFilterExceptionsTable$3.class
   JD: Core.jar/org/jdownloader/gui/views/linkgrabber/quickfilter/QuickFilterExceptionsTable.class
   JD: Core.jar/org/jdownloader/gui/views/linkgrabber/quickfilter/QuickFilterHosterTable$1.class
   JD: Core.jar/org/jdownloader/gui/views/linkgrabber/quickfilter/QuickFilterHosterTable$2.class
   JD: Core.jar/org/jdownloader/gui/views/linkgrabber/quickfilter/QuickFilterHosterTable.class
   JD: Core.jar/org/jdownloader/gui/views/linkgrabber/quickfilter/QuickFilterTypeTable$1.class
   JD: Core.jar/org/jdownloader/gui/views/linkgrabber/quickfilter/QuickFilterTypeTable$2$1$1.class
   JD: Core.jar/org/jdownloader/gui/views/linkgrabber/quickfilter/QuickFilterTypeTable$2$1$10.class
   JD: Core.jar/org/jdownloader/gui/views/linkgrabber/quickfilter/QuickFilterTypeTable$2$1$2.class
   JD: Core.jar/org/jdownloader/gui/views/linkgrabber/quickfilter/QuickFilterTypeTable$2$1$3.class
   JD: Core.jar/org/jdownloader/gui/views/linkgrabber/quickfilter/QuickFilterTypeTable$2$1$4.class
   JD: Core.jar/org/jdownloader/gui/views/linkgrabber/quickfilter/QuickFilterTypeTable$2$1$5.class
   JD: Core.jar/org/jdownloader/gui/views/linkgrabber/quickfilter/QuickFilterTypeTable$2$1$6.class
   JD: Core.jar/org/jdownloader/gui/views/linkgrabber/quickfilter/QuickFilterTypeTable$2$1$7.class
   JD: Core.jar/org/jdownloader/gui/views/linkgrabber/quickfilter/QuickFilterTypeTable$2$1$8.class
   JD: Core.jar/org/jdownloader/gui/views/linkgrabber/quickfilter/QuickFilterTypeTable$2$1$9.class
   JD: Core.jar/org/jdownloader/gui/views/linkgrabber/quickfilter/QuickFilterTypeTable$2$1.class
   JD: Core.jar/org/jdownloader/gui/views/linkgrabber/quickfilter/QuickFilterTypeTable$2.class
   JD: Core.jar/org/jdownloader/gui/views/linkgrabber/quickfilter/QuickFilterTypeTable.class
   JD: Core.jar/org/jdownloader/icon/IconBadgePainter$1.class
   JD: Core.jar/org/jdownloader/icon/IconBadgePainter$2.class
   JD: Core.jar/org/jdownloader/icon/IconBadgePainter$3.class.removed
   JD: Core.jar/org/jdownloader/icon/IconBadgePainter.class
   JD: Core.jar/org/jdownloader/images/AbstractIcon.class
   JD: Core.jar/org/jdownloader/images/BadgeIcon.class
   JD: Core.jar/org/jdownloader/images/JDIconRef.class
   JD: Core.jar/org/jdownloader/images/NewTheme.class
   JD: Core.jar/org/jdownloader/jdserv/JDServUtils.class
   JD: Core.jar/org/jdownloader/jna/windows/JNAWindowsWindowManager$1.class
   JD: Core.jar/org/jdownloader/jna/windows/JNAWindowsWindowManager.class
   JD: Core.jar/org/jdownloader/jna/windows/Kernel32.class
   JD: Core.jar/org/jdownloader/jna/windows/User32$1.class
   JD: Core.jar/org/jdownloader/jna/windows/User32.class
   JD: Core.jar/org/jdownloader/logging/LogController$1.class
   JD: Core.jar/org/jdownloader/logging/LogController$2.class
   JD: Core.jar/org/jdownloader/logging/LogController.class
   JD: Core.jar/org/jdownloader/myjdownloader/client/AbstractMyJDClient$1.class
   JD: Core.jar/org/jdownloader/myjdownloader/client/AbstractMyJDClient.class
   JD: Core.jar/org/jdownloader/myjdownloader/client/AbstractMyJDClientForBasicJVM$1.class
   JD: Core.jar/org/jdownloader/myjdownloader/client/AbstractMyJDClientForBasicJVM.class
   JD: Core.jar/org/jdownloader/myjdownloader/client/MyJDCaptchasClient.class
   JD: Core.jar/org/jdownloader/myjdownloader/client/StorageMyJDClient$1.class
   JD: Core.jar/org/jdownloader/myjdownloader/client/StorageMyJDClient.class
   JD: Core.jar/org/jdownloader/myjdownloader/client/bindings/AccountStorable$AccountError.class
   JD: Core.jar/org/jdownloader/myjdownloader/client/bindings/AdvancedConfigEntryDataStorable$AbstractType.class
   JD: Core.jar/org/jdownloader/myjdownloader/client/bindings/AdvancedConfigEntryDataStorable.class
   JD: Core.jar/org/jdownloader/myjdownloader/client/bindings/ArchiveStatusStorable$ArchiveFileStatus.class
   JD: Core.jar/org/jdownloader/myjdownloader/client/bindings/BasicAuthenticationStorable$Type.class
   JD: Core.jar/org/jdownloader/myjdownloader/client/bindings/CleanupActionOptions$Action.class
   JD: Core.jar/org/jdownloader/myjdownloader/client/bindings/CleanupActionOptions$Mode.class
   JD: Core.jar/org/jdownloader/myjdownloader/client/bindings/CleanupActionOptions$SelectionType.class
   JD: Core.jar/org/jdownloader/myjdownloader/client/bindings/CleanupActionOptions.class
   JD: Core.jar/org/jdownloader/myjdownloader/client/bindings/MenuStructure$Type.class
   JD: Core.jar/org/jdownloader/myjdownloader/client/bindings/PriorityStorable.class
   JD: Core.jar/org/jdownloader/myjdownloader/client/bindings/SkipReasonStorable$Reason.class
   JD: Core.jar/org/jdownloader/myjdownloader/client/bindings/SkipReasonStorable.class
   JD: Core.jar/org/jdownloader/myjdownloader/client/bindings/UrlDisplayTypeStorable.class
   JD: Core.jar/org/jdownloader/myjdownloader/client/bindings/events/AbstractEventsDistributorEvent$Type.class
   JD: Core.jar/org/jdownloader/myjdownloader/client/bindings/events/EventDistributor.class
   JD: Core.jar/org/jdownloader/myjdownloader/client/bindings/events/EventsDistributorEventSender.class
   JD: Core.jar/org/jdownloader/myjdownloader/client/bindings/interfaces/AccountInterface.class
   JD: Core.jar/org/jdownloader/myjdownloader/client/bindings/interfaces/UIInterface$Context.class
   JD: Core.jar/org/jdownloader/myjdownloader/client/eventsender/Eventsender.class
   JD: Core.jar/org/jdownloader/myjdownloader/client/json/AbstractJsonData.class
   JD: Core.jar/org/jdownloader/myjdownloader/client/json/AvailableLinkState.class
   JD: Core.jar/org/jdownloader/myjdownloader/client/json/DeviceConnectionStatus.class
   JD: Core.jar/org/jdownloader/myjdownloader/client/json/DeviceErrorType.class
   JD: Core.jar/org/jdownloader/myjdownloader/client/json/DeviceStatus.class
   JD: Core.jar/org/jdownloader/myjdownloader/client/json/ErrorResponse$Source.class
   JD: Core.jar/org/jdownloader/myjdownloader/client/json/MyCaptchaChallenge$TYPE.class
   JD: Core.jar/org/jdownloader/myjdownloader/client/json/MyCaptchaSolution$RESULT.class
   JD: Core.jar/org/jdownloader/myjdownloader/client/json/MyCaptchaSolution$STATE.class
   JD: Core.jar/org/jdownloader/myjdownloader/client/json/NotificationRequestMessage$TYPE.class
   JD: Core.jar/org/jdownloader/myjdownloader/client/json/ServerErrorType.class
   JD: Core.jar/org/jdownloader/myjdownloader/client/json/cloud/MyLinkItem$CONTENTTYPE.class
   JD: Core.jar/org/jdownloader/nativ/NativeProcess$1.class
   JD: Core.jar/org/jdownloader/nativ/NativeProcess.class
   JD: Core.jar/org/jdownloader/nativ/NativeProcessBuilder.class
   JD: Core.jar/org/jdownloader/net/BCTLSSocketStreamFactory$1.class
   JD: Core.jar/org/jdownloader/net/BCTLSSocketStreamFactory$BCTLSSocketStreamTlsClient$1.class
   JD: Core.jar/org/jdownloader/net/BCTLSSocketStreamFactory$BCTLSSocketStreamTlsClient.class
   JD: Core.jar/org/jdownloader/net/BCTLSSocketStreamFactory.class
   JD: Core.jar/org/jdownloader/osevents/OperatingSystemEvent$Type.class
   JD: Core.jar/org/jdownloader/osevents/OperatingSystemEventSender$1.class
   JD: Core.jar/org/jdownloader/osevents/OperatingSystemEventSender$2.class
   JD: Core.jar/org/jdownloader/osevents/OperatingSystemEventSender.class
   JD: Core.jar/org/jdownloader/osevents/multios/SignalEventSource.class
   JD: Core.jar/org/jdownloader/osevents/windows/jna/ShutdownDetect$1.class
   JD: Core.jar/org/jdownloader/osevents/windows/jna/ShutdownDetect$MyHookProc.class
   JD: Core.jar/org/jdownloader/osevents/windows/jna/ShutdownDetect.class
   JD: Core.jar/org/jdownloader/osevents/windows/jna/WindowsEventSource$1.class
   JD: Core.jar/org/jdownloader/osevents/windows/jna/WindowsEventSource$EventHookProc.class
   JD: Core.jar/org/jdownloader/osevents/windows/jna/WindowsEventSource.class
   JD: Core.jar/org/jdownloader/par2/MainPacket$1.class
   JD: Core.jar/org/jdownloader/par2/MainPacket.class
   JD: Core.jar/org/jdownloader/par2/RawPacket.class
   JD: Core.jar/org/jdownloader/plugins/CaptchaStepProgress.class
   JD: Core.jar/org/jdownloader/plugins/CustomConditionalSkipReasonMessageIcon.class
   JD: Core.jar/org/jdownloader/plugins/DownloadPluginProgress.class
   JD: Core.jar/org/jdownloader/plugins/FinalLinkState$1.class
   JD: Core.jar/org/jdownloader/plugins/FinalLinkState.class
   JD: Core.jar/org/jdownloader/plugins/HashCheckPluginProgress.class
   JD: Core.jar/org/jdownloader/plugins/MirrorLoading.class
   JD: Core.jar/org/jdownloader/plugins/PluginTaskID.class
   JD: Core.jar/org/jdownloader/plugins/SkipReason.class
   JD: Core.jar/org/jdownloader/plugins/SleepPluginProgress.class
   JD: Core.jar/org/jdownloader/plugins/WaitForAccountSkipReason.class
   JD: Core.jar/org/jdownloader/plugins/WaitForAccountTrafficSkipReason.class
   JD: Core.jar/org/jdownloader/plugins/WaitWhileWaitingSkipReasonIsSet.class
   JD: Core.jar/org/jdownloader/plugins/WaitingSkipReason$1.class
   JD: Core.jar/org/jdownloader/plugins/WaitingSkipReason$CAUSE.class
   JD: Core.jar/org/jdownloader/plugins/WaitingSkipReason.class
   JD: Core.jar/org/jdownloader/plugins/components/DDoSProtectionRu$1.class
   JD: Core.jar/org/jdownloader/plugins/components/DDoSProtectionRu.class
   JD: Core.jar/org/jdownloader/plugins/components/FlexShareCore.class
   JD: Core.jar/org/jdownloader/plugins/components/FruithostedCDN.class.removed
   JD: Core.jar/org/jdownloader/plugins/components/ImgShotCore.class
   JD: Core.jar/org/jdownloader/plugins/components/RequestHistory$TYPE.class
   JD: Core.jar/org/jdownloader/plugins/components/RequestHistory.class
   JD: Core.jar/org/jdownloader/plugins/components/TurbobitCore$1.class
   JD: Core.jar/org/jdownloader/plugins/components/TurbobitCore$2.class
   JD: Core.jar/org/jdownloader/plugins/components/TurbobitCore$DownloadType.class
   JD: Core.jar/org/jdownloader/plugins/components/TurbobitCore.class
   JD: Core.jar/org/jdownloader/plugins/components/UnknownHostingScriptCore.class
   JD: Core.jar/org/jdownloader/plugins/components/UnknownVideohostingCore.class
   JD: Core.jar/org/jdownloader/plugins/components/XFileSharingProBasic$1.class
   JD: Core.jar/org/jdownloader/plugins/components/XFileSharingProBasic.class
   JD: Core.jar/org/jdownloader/plugins/components/XFileSharingProBasicSpecialFilejoker.class
   JD: Core.jar/org/jdownloader/plugins/components/YetiShareCore.class
   JD: Core.jar/org/jdownloader/plugins/components/abstractSafeLinking.class
   JD: Core.jar/org/jdownloader/plugins/components/antiDDoSForDecrypt$1.class
   JD: Core.jar/org/jdownloader/plugins/components/antiDDoSForDecrypt.class
   JD: Core.jar/org/jdownloader/plugins/components/antiDDoSForHost$1.class
   JD: Core.jar/org/jdownloader/plugins/components/antiDDoSForHost.class
   JD: Core.jar/org/jdownloader/plugins/components/config/BrDeConfigInterface$TRANSLATION.class
   JD: Core.jar/org/jdownloader/plugins/components/config/BrDeConfigInterface.class
   JD: Core.jar/org/jdownloader/plugins/components/config/BrazzersConfigInterface$TRANSLATION.class
   JD: Core.jar/org/jdownloader/plugins/components/config/BrazzersConfigInterface.class
   JD: Core.jar/org/jdownloader/plugins/components/config/CzechavComConfigInterface.class
   JD: Core.jar/org/jdownloader/plugins/components/config/DataFileHostConfigInterface$TRANSLATION.class
   JD: Core.jar/org/jdownloader/plugins/components/config/DataFileHostConfigInterface.class
   JD: Core.jar/org/jdownloader/plugins/components/config/DeluxemusicTvConfigInterface$TRANSLATION.class
   JD: Core.jar/org/jdownloader/plugins/components/config/DeluxemusicTvConfigInterface.class
   JD: Core.jar/org/jdownloader/plugins/components/config/DropBoxConfig$TRANSLATION.class
   JD: Core.jar/org/jdownloader/plugins/components/config/DropBoxConfig.class
   JD: Core.jar/org/jdownloader/plugins/components/config/MagentaMusik360Config$TRANSLATION.class
   JD: Core.jar/org/jdownloader/plugins/components/config/MagentaMusik360Config.class
   JD: Core.jar/org/jdownloader/plugins/components/config/OneFichierConfigInterface$OneFichierConfigInterfaceTranslation.class
   JD: Core.jar/org/jdownloader/plugins/components/config/OneFichierConfigInterface.class
   JD: Core.jar/org/jdownloader/plugins/components/config/SlexyOrgPluginConfig$MODE.class
   JD: Core.jar/org/jdownloader/plugins/components/config/TvnowConfigInterface$1.class
   JD: Core.jar/org/jdownloader/plugins/components/config/TvnowConfigInterface$Quality$1.class
   JD: Core.jar/org/jdownloader/plugins/components/config/TvnowConfigInterface$Quality$2.class
   JD: Core.jar/org/jdownloader/plugins/components/config/TvnowConfigInterface$Quality$3.class
   JD: Core.jar/org/jdownloader/plugins/components/config/TvnowConfigInterface$Quality$4.class
   JD: Core.jar/org/jdownloader/plugins/components/config/TvnowConfigInterface$Quality$5.class
   JD: Core.jar/org/jdownloader/plugins/components/config/TvnowConfigInterface$Quality$6.class
   JD: Core.jar/org/jdownloader/plugins/components/config/TvnowConfigInterface$Quality$7.class
   JD: Core.jar/org/jdownloader/plugins/components/config/TvnowConfigInterface$Quality.class
   JD: Core.jar/org/jdownloader/plugins/components/config/TvnowConfigInterface$TRANSLATION.class
   JD: Core.jar/org/jdownloader/plugins/components/config/TvnowConfigInterface.class
   JD: Core.jar/org/jdownloader/plugins/components/containers/VideoContainer.class
   JD: Core.jar/org/jdownloader/plugins/components/containers/VimeoContainer$1.class
   JD: Core.jar/org/jdownloader/plugins/components/containers/VimeoContainer$Quality.class
   JD: Core.jar/org/jdownloader/plugins/components/containers/VimeoContainer$Source.class
   JD: Core.jar/org/jdownloader/plugins/components/containers/VimeoContainer.class
   JD: Core.jar/org/jdownloader/plugins/components/google/GoogleHelper$1.class
   JD: Core.jar/org/jdownloader/plugins/components/google/GoogleHelper$2$1.class
   JD: Core.jar/org/jdownloader/plugins/components/google/GoogleHelper$2.class
   JD: Core.jar/org/jdownloader/plugins/components/google/GoogleHelper$3$1.class
   JD: Core.jar/org/jdownloader/plugins/components/google/GoogleHelper$3.class
   JD: Core.jar/org/jdownloader/plugins/components/google/GoogleHelper.class
   JD: Core.jar/org/jdownloader/plugins/components/hds/HDSContainer.class
   JD: Core.jar/org/jdownloader/plugins/components/hls/HlsContainer.class
   JD: Core.jar/org/jdownloader/plugins/components/realDebridCom/api/Error.class
   JD: Core.jar/org/jdownloader/plugins/components/realDebridCom/api/json/CheckLinkResponse$1.class
   JD: Core.jar/org/jdownloader/plugins/components/realDebridCom/api/json/CheckLinkResponse.class
   JD: Core.jar/org/jdownloader/plugins/components/realDebridCom/api/json/ClientSecret$1.class
   JD: Core.jar/org/jdownloader/plugins/components/realDebridCom/api/json/ClientSecret.class
   JD: Core.jar/org/jdownloader/plugins/components/realDebridCom/api/json/CodeResponse$1.class
   JD: Core.jar/org/jdownloader/plugins/components/realDebridCom/api/json/CodeResponse.class
   JD: Core.jar/org/jdownloader/plugins/components/realDebridCom/api/json/ErrorResponse$1.class
   JD: Core.jar/org/jdownloader/plugins/components/realDebridCom/api/json/ErrorResponse.class
   JD: Core.jar/org/jdownloader/plugins/components/realDebridCom/api/json/HostsResponse$1.class
   JD: Core.jar/org/jdownloader/plugins/components/realDebridCom/api/json/HostsResponse.class
   JD: Core.jar/org/jdownloader/plugins/components/realDebridCom/api/json/TokenResponse$1.class
   JD: Core.jar/org/jdownloader/plugins/components/realDebridCom/api/json/TokenResponse.class
   JD: Core.jar/org/jdownloader/plugins/components/realDebridCom/api/json/UnrestrictLinkResponse$1.class
   JD: Core.jar/org/jdownloader/plugins/components/realDebridCom/api/json/UnrestrictLinkResponse.class
   JD: Core.jar/org/jdownloader/plugins/components/realDebridCom/api/json/UserResponse$1.class
   JD: Core.jar/org/jdownloader/plugins/components/realDebridCom/api/json/UserResponse.class
   JD: Core.jar/org/jdownloader/plugins/components/usenet/SimpleUseNetDownloadInterface$1.class
   JD: Core.jar/org/jdownloader/plugins/components/usenet/SimpleUseNetDownloadInterface$2.class
   JD: Core.jar/org/jdownloader/plugins/components/usenet/SimpleUseNetDownloadInterface$3.class
   JD: Core.jar/org/jdownloader/plugins/components/usenet/SimpleUseNetDownloadInterface.class
   JD: Core.jar/org/jdownloader/plugins/components/usenet/UsenetAccountConfigInterface$MyPortGetter.class
   JD: Core.jar/org/jdownloader/plugins/components/usenet/UsenetConfigPanel$1.class
   JD: Core.jar/org/jdownloader/plugins/components/usenet/UsenetConfigPanel$2.class
   JD: Core.jar/org/jdownloader/plugins/components/usenet/UsenetConfigPanel$3.class
   JD: Core.jar/org/jdownloader/plugins/components/usenet/UsenetConfigPanel$4$1.class
   JD: Core.jar/org/jdownloader/plugins/components/usenet/UsenetConfigPanel$4.class
   JD: Core.jar/org/jdownloader/plugins/components/usenet/UsenetConfigPanel.class
   JD: Core.jar/org/jdownloader/plugins/components/usenet/UsenetFile$1.class
   JD: Core.jar/org/jdownloader/plugins/components/usenet/UsenetFile.class
   JD: Core.jar/org/jdownloader/plugins/components/usenet/UsenetServer.class
   JD: Core.jar/org/jdownloader/plugins/components/youtube/ClipDataCache$1.class
   JD: Core.jar/org/jdownloader/plugins/components/youtube/ClipDataCache$CachedClipData.class
   JD: Core.jar/org/jdownloader/plugins/components/youtube/ClipDataCache.class
   JD: Core.jar/org/jdownloader/plugins/components/youtube/ItagHelper$1.class
   JD: Core.jar/org/jdownloader/plugins/components/youtube/ItagHelper$2.class
   JD: Core.jar/org/jdownloader/plugins/components/youtube/ItagHelper.class
   JD: Core.jar/org/jdownloader/plugins/components/youtube/Projection$1.class
   JD: Core.jar/org/jdownloader/plugins/components/youtube/Projection$2.class
   JD: Core.jar/org/jdownloader/plugins/components/youtube/Projection$3.class
   JD: Core.jar/org/jdownloader/plugins/components/youtube/Projection$4.class
   JD: Core.jar/org/jdownloader/plugins/components/youtube/Projection.class
   JD: Core.jar/org/jdownloader/plugins/components/youtube/YT_STATICS$1.class
   JD: Core.jar/org/jdownloader/plugins/components/youtube/YT_STATICS.class
   JD: Core.jar/org/jdownloader/plugins/components/youtube/YoutubeClipData.class
   JD: Core.jar/org/jdownloader/plugins/components/youtube/YoutubeConfig$1.class
   JD: Core.jar/org/jdownloader/plugins/components/youtube/YoutubeConfig$AbstractEnumOrderFixList.class
   JD: Core.jar/org/jdownloader/plugins/components/youtube/YoutubeConfig$IfUrlisAPlaylistAction$1.class
   JD: Core.jar/org/jdownloader/plugins/components/youtube/YoutubeConfig$IfUrlisAPlaylistAction$2.class
   JD: Core.jar/org/jdownloader/plugins/components/youtube/YoutubeConfig$IfUrlisAPlaylistAction$3.class
   JD: Core.jar/org/jdownloader/plugins/components/youtube/YoutubeConfig$IfUrlisAPlaylistAction.class
   JD: Core.jar/org/jdownloader/plugins/components/youtube/YoutubeConfig$IfUrlisAVideoAndPlaylistAction$1.class
   JD: Core.jar/org/jdownloader/plugins/components/youtube/YoutubeConfig$IfUrlisAVideoAndPlaylistAction$2.class
   JD: Core.jar/org/jdownloader/plugins/components/youtube/YoutubeConfig$IfUrlisAVideoAndPlaylistAction$3.class
   JD: Core.jar/org/jdownloader/plugins/components/youtube/YoutubeConfig$IfUrlisAVideoAndPlaylistAction$4.class
   JD: Core.jar/org/jdownloader/plugins/components/youtube/YoutubeConfig$IfUrlisAVideoAndPlaylistAction.class
   JD: Core.jar/org/jdownloader/plugins/components/youtube/YoutubeConfig$NotNullCustomGetter.class
   JD: Core.jar/org/jdownloader/plugins/components/youtube/YoutubeConfig$QualitySortIdentifierOrderAudioBitrate.class
   JD: Core.jar/org/jdownloader/plugins/components/youtube/YoutubeConfig$QualitySortIdentifierOrderAudioCodec.class
   JD: Core.jar/org/jdownloader/plugins/components/youtube/YoutubeConfig$QualitySortIdentifierOrderDefaultGetter.class
   JD: Core.jar/org/jdownloader/plugins/components/youtube/YoutubeConfig$QualitySortIdentifierOrderFiletype.class
   JD: Core.jar/org/jdownloader/plugins/components/youtube/YoutubeConfig$QualitySortIdentifierOrderResolution.class
   JD: Core.jar/org/jdownloader/plugins/components/youtube/YoutubeConfig$QualitySortIdentifierOrderVideoCodec.class
   JD: Core.jar/org/jdownloader/plugins/components/youtube/YoutubeConfig$QualitySortIdentifierOrderVideoFramerate.class
   JD: Core.jar/org/jdownloader/plugins/components/youtube/YoutubeConfig.class
   JD: Core.jar/org/jdownloader/plugins/components/youtube/YoutubeConfigStorageHandlerFactory.class
   JD: Core.jar/org/jdownloader/plugins/components/youtube/YoutubeFinalLinkResource$1.class
   JD: Core.jar/org/jdownloader/plugins/components/youtube/YoutubeFinalLinkResource.class
   JD: Core.jar/org/jdownloader/plugins/components/youtube/YoutubeHelper$1.class
   JD: Core.jar/org/jdownloader/plugins/components/youtube/YoutubeHelper$10.class
   JD: Core.jar/org/jdownloader/plugins/components/youtube/YoutubeHelper$11.class
   JD: Core.jar/org/jdownloader/plugins/components/youtube/YoutubeHelper$12.class
   JD: Core.jar/org/jdownloader/plugins/components/youtube/YoutubeHelper$13.class
   JD: Core.jar/org/jdownloader/plugins/components/youtube/YoutubeHelper$14.class
   JD: Core.jar/org/jdownloader/plugins/components/youtube/YoutubeHelper$15.class
   JD: Core.jar/org/jdownloader/plugins/components/youtube/YoutubeHelper$16.class
   JD: Core.jar/org/jdownloader/plugins/components/youtube/YoutubeHelper$17.class
   JD: Core.jar/org/jdownloader/plugins/components/youtube/YoutubeHelper$18.class
   JD: Core.jar/org/jdownloader/plugins/components/youtube/YoutubeHelper$19.class
   JD: Core.jar/org/jdownloader/plugins/components/youtube/YoutubeHelper$2.class
   JD: Core.jar/org/jdownloader/plugins/components/youtube/YoutubeHelper$20.class
   JD: Core.jar/org/jdownloader/plugins/components/youtube/YoutubeHelper$21.class
   JD: Core.jar/org/jdownloader/plugins/components/youtube/YoutubeHelper$22.class
   JD: Core.jar/org/jdownloader/plugins/components/youtube/YoutubeHelper$23.class
   JD: Core.jar/org/jdownloader/plugins/components/youtube/YoutubeHelper$24.class
   JD: Core.jar/org/jdownloader/plugins/components/youtube/YoutubeHelper$25.class
   JD: Core.jar/org/jdownloader/plugins/components/youtube/YoutubeHelper$26.class
   JD: Core.jar/org/jdownloader/plugins/components/youtube/YoutubeHelper$27.class
   JD: Core.jar/org/jdownloader/plugins/components/youtube/YoutubeHelper$28.class
   JD: Core.jar/org/jdownloader/plugins/components/youtube/YoutubeHelper$29.class
   JD: Core.jar/org/jdownloader/plugins/components/youtube/YoutubeHelper$3.class
   JD: Core.jar/org/jdownloader/plugins/components/youtube/YoutubeHelper$30.class
   JD: Core.jar/org/jdownloader/plugins/components/youtube/YoutubeHelper$31.class
   JD: Core.jar/org/jdownloader/plugins/components/youtube/YoutubeHelper$32.class
   JD: Core.jar/org/jdownloader/plugins/components/youtube/YoutubeHelper$33.class
   JD: Core.jar/org/jdownloader/plugins/components/youtube/YoutubeHelper$34.class
   JD: Core.jar/org/jdownloader/plugins/components/youtube/YoutubeHelper$35.class
   JD: Core.jar/org/jdownloader/plugins/components/youtube/YoutubeHelper$36.class
   JD: Core.jar/org/jdownloader/plugins/components/youtube/YoutubeHelper$37.class
   JD: Core.jar/org/jdownloader/plugins/components/youtube/YoutubeHelper$38.class
   JD: Core.jar/org/jdownloader/plugins/components/youtube/YoutubeHelper$39.class
   JD: Core.jar/org/jdownloader/plugins/components/youtube/YoutubeHelper$4.class
   JD: Core.jar/org/jdownloader/plugins/components/youtube/YoutubeHelper$40.class
   JD: Core.jar/org/jdownloader/plugins/components/youtube/YoutubeHelper$5.class
   JD: Core.jar/org/jdownloader/plugins/components/youtube/YoutubeHelper$6.class
   JD: Core.jar/org/jdownloader/plugins/components/youtube/YoutubeHelper$7.class
   JD: Core.jar/org/jdownloader/plugins/components/youtube/YoutubeHelper$8.class
   JD: Core.jar/org/jdownloader/plugins/components/youtube/YoutubeHelper$9.class
   JD: Core.jar/org/jdownloader/plugins/components/youtube/YoutubeHelper$StreamMap.class
   JD: Core.jar/org/jdownloader/plugins/components/youtube/YoutubeHelper.class
   JD: Core.jar/org/jdownloader/plugins/components/youtube/YoutubeLinkGrabberExtender$1.class
   JD: Core.jar/org/jdownloader/plugins/components/youtube/YoutubeLinkGrabberExtender$2.class
   JD: Core.jar/org/jdownloader/plugins/components/youtube/YoutubeLinkGrabberExtender$3$1.class
   JD: Core.jar/org/jdownloader/plugins/components/youtube/YoutubeLinkGrabberExtender$3.class
   JD: Core.jar/org/jdownloader/plugins/components/youtube/YoutubeLinkGrabberExtender$4$1.class
   JD: Core.jar/org/jdownloader/plugins/components/youtube/YoutubeLinkGrabberExtender$4.class
   JD: Core.jar/org/jdownloader/plugins/components/youtube/YoutubeLinkGrabberExtender$5$1.class
   JD: Core.jar/org/jdownloader/plugins/components/youtube/YoutubeLinkGrabberExtender$5.class
   JD: Core.jar/org/jdownloader/plugins/components/youtube/YoutubeLinkGrabberExtender$6.class
   JD: Core.jar/org/jdownloader/plugins/components/youtube/YoutubeLinkGrabberExtender$7.class
   JD: Core.jar/org/jdownloader/plugins/components/youtube/YoutubeLinkGrabberExtender$8.class
   JD: Core.jar/org/jdownloader/plugins/components/youtube/YoutubeLinkGrabberExtender.class
   JD: Core.jar/org/jdownloader/plugins/components/youtube/YoutubeReplacer$DataSource.class
   JD: Core.jar/org/jdownloader/plugins/components/youtube/YoutubeReplacer$TagTasks.class
   JD: Core.jar/org/jdownloader/plugins/components/youtube/YoutubeReplacer.class
   JD: Core.jar/org/jdownloader/plugins/components/youtube/YoutubeStreamData.class
   JD: Core.jar/org/jdownloader/plugins/components/youtube/choosevariantdialog/CustomVariantsMapTable.class
   JD: Core.jar/org/jdownloader/plugins/components/youtube/choosevariantdialog/CustomVariantsMapTableModel$1.class
   JD: Core.jar/org/jdownloader/plugins/components/youtube/choosevariantdialog/CustomVariantsMapTableModel.class
   JD: Core.jar/org/jdownloader/plugins/components/youtube/choosevariantdialog/YoutubeVariantSelectionDialog$1.class
   JD: Core.jar/org/jdownloader/plugins/components/youtube/choosevariantdialog/YoutubeVariantSelectionDialog$2.class
   JD: Core.jar/org/jdownloader/plugins/components/youtube/choosevariantdialog/YoutubeVariantSelectionDialog$3.class
   JD: Core.jar/org/jdownloader/plugins/components/youtube/choosevariantdialog/YoutubeVariantSelectionDialog$4.class
   JD: Core.jar/org/jdownloader/plugins/components/youtube/choosevariantdialog/YoutubeVariantSelectionDialog$5.class
   JD: Core.jar/org/jdownloader/plugins/components/youtube/choosevariantdialog/YoutubeVariantSelectionDialog.class
   JD: Core.jar/org/jdownloader/plugins/components/youtube/choosevariantdialog/YoutubeVariantSelectionDialogAddMulti$1$1.class
   JD: Core.jar/org/jdownloader/plugins/components/youtube/choosevariantdialog/YoutubeVariantSelectionDialogAddMulti$1.class
   JD: Core.jar/org/jdownloader/plugins/components/youtube/choosevariantdialog/YoutubeVariantSelectionDialogAddMulti.class
   JD: Core.jar/org/jdownloader/plugins/components/youtube/choosevariantdialog/YoutubeVariantSelectionDialogSetMulti$1$1.class
   JD: Core.jar/org/jdownloader/plugins/components/youtube/choosevariantdialog/YoutubeVariantSelectionDialogSetMulti$1.class
   JD: Core.jar/org/jdownloader/plugins/components/youtube/choosevariantdialog/YoutubeVariantSelectionDialogSetMulti.class
   JD: Core.jar/org/jdownloader/plugins/components/youtube/configpanel/CollectionsTable$1.class
   JD: Core.jar/org/jdownloader/plugins/components/youtube/configpanel/CollectionsTable$2.class
   JD: Core.jar/org/jdownloader/plugins/components/youtube/configpanel/CollectionsTable$3$1.class
   JD: Core.jar/org/jdownloader/plugins/components/youtube/configpanel/CollectionsTable$3.class
   JD: Core.jar/org/jdownloader/plugins/components/youtube/configpanel/CollectionsTable.class
   JD: Core.jar/org/jdownloader/plugins/components/youtube/configpanel/CollectionsTableModel$1.class
   JD: Core.jar/org/jdownloader/plugins/components/youtube/configpanel/CollectionsTableModel$2.class
   JD: Core.jar/org/jdownloader/plugins/components/youtube/configpanel/CollectionsTableModel$3.class
   JD: Core.jar/org/jdownloader/plugins/components/youtube/configpanel/CollectionsTableModel$4.class
   JD: Core.jar/org/jdownloader/plugins/components/youtube/configpanel/CollectionsTableModel$AutoResizingIntColumn$1.class
   JD: Core.jar/org/jdownloader/plugins/components/youtube/configpanel/CollectionsTableModel$AutoResizingIntColumn.class
   JD: Core.jar/org/jdownloader/plugins/components/youtube/configpanel/CollectionsTableModel$AutoResizingTextColumn$1.class
   JD: Core.jar/org/jdownloader/plugins/components/youtube/configpanel/CollectionsTableModel$AutoResizingTextColumn.class
   JD: Core.jar/org/jdownloader/plugins/components/youtube/configpanel/CollectionsTableModel$EnabledColumn$1.class
   JD: Core.jar/org/jdownloader/plugins/components/youtube/configpanel/CollectionsTableModel$EnabledColumn$2.class
   JD: Core.jar/org/jdownloader/plugins/components/youtube/configpanel/CollectionsTableModel$EnabledColumn.class
   JD: Core.jar/org/jdownloader/plugins/components/youtube/configpanel/CollectionsTableModel.class
   JD: Core.jar/org/jdownloader/plugins/components/youtube/configpanel/EnumMultiComboBox$1.class
   JD: Core.jar/org/jdownloader/plugins/components/youtube/configpanel/EnumMultiComboBox$2.class
   JD: Core.jar/org/jdownloader/plugins/components/youtube/configpanel/EnumMultiComboBox.class
   JD: Core.jar/org/jdownloader/plugins/components/youtube/configpanel/VariantsMapTable$1.class
   JD: Core.jar/org/jdownloader/plugins/components/youtube/configpanel/VariantsMapTable$2.class
   JD: Core.jar/org/jdownloader/plugins/components/youtube/configpanel/VariantsMapTable$3.class
   JD: Core.jar/org/jdownloader/plugins/components/youtube/configpanel/VariantsMapTable$4.class
   JD: Core.jar/org/jdownloader/plugins/components/youtube/configpanel/VariantsMapTable.class
   JD: Core.jar/org/jdownloader/plugins/components/youtube/configpanel/VariantsMapTableModel$1.class
   JD: Core.jar/org/jdownloader/plugins/components/youtube/configpanel/VariantsMapTableModel$10.class
   JD: Core.jar/org/jdownloader/plugins/components/youtube/configpanel/VariantsMapTableModel$11.class
   JD: Core.jar/org/jdownloader/plugins/components/youtube/configpanel/VariantsMapTableModel$12.class
   JD: Core.jar/org/jdownloader/plugins/components/youtube/configpanel/VariantsMapTableModel$13.class
   JD: Core.jar/org/jdownloader/plugins/components/youtube/configpanel/VariantsMapTableModel$14.class
   JD: Core.jar/org/jdownloader/plugins/components/youtube/configpanel/VariantsMapTableModel$15.class
   JD: Core.jar/org/jdownloader/plugins/components/youtube/configpanel/VariantsMapTableModel$16.class
   JD: Core.jar/org/jdownloader/plugins/components/youtube/configpanel/VariantsMapTableModel$2.class
   JD: Core.jar/org/jdownloader/plugins/components/youtube/configpanel/VariantsMapTableModel$3.class
   JD: Core.jar/org/jdownloader/plugins/components/youtube/configpanel/VariantsMapTableModel$4.class
   JD: Core.jar/org/jdownloader/plugins/components/youtube/configpanel/VariantsMapTableModel$5.class
   JD: Core.jar/org/jdownloader/plugins/components/youtube/configpanel/VariantsMapTableModel$6.class
   JD: Core.jar/org/jdownloader/plugins/components/youtube/configpanel/VariantsMapTableModel$7.class
   JD: Core.jar/org/jdownloader/plugins/components/youtube/configpanel/VariantsMapTableModel$8.class
   JD: Core.jar/org/jdownloader/plugins/components/youtube/configpanel/VariantsMapTableModel$9.class
   JD: Core.jar/org/jdownloader/plugins/components/youtube/configpanel/VariantsMapTableModel$AutoResizingIntColumn$1.class
   JD: Core.jar/org/jdownloader/plugins/components/youtube/configpanel/VariantsMapTableModel$AutoResizingIntColumn.class
   JD: Core.jar/org/jdownloader/plugins/components/youtube/configpanel/VariantsMapTableModel$AutoResizingTextColumn$1.class
   JD: Core.jar/org/jdownloader/plugins/components/youtube/configpanel/VariantsMapTableModel$AutoResizingTextColumn.class
   JD: Core.jar/org/jdownloader/plugins/components/youtube/configpanel/VariantsMapTableModel$EnabledColumn$1.class
   JD: Core.jar/org/jdownloader/plugins/components/youtube/configpanel/VariantsMapTableModel$EnabledColumn$2.class
   JD: Core.jar/org/jdownloader/plugins/components/youtube/configpanel/VariantsMapTableModel$EnabledColumn.class
   JD: Core.jar/org/jdownloader/plugins/components/youtube/configpanel/VariantsMapTableModel.class
   JD: Core.jar/org/jdownloader/plugins/components/youtube/configpanel/YoutubeDashConfigPanel$1.class
   JD: Core.jar/org/jdownloader/plugins/components/youtube/configpanel/YoutubeDashConfigPanel$10.class
   JD: Core.jar/org/jdownloader/plugins/components/youtube/configpanel/YoutubeDashConfigPanel$2.class
   JD: Core.jar/org/jdownloader/plugins/components/youtube/configpanel/YoutubeDashConfigPanel$3.class
   JD: Core.jar/org/jdownloader/plugins/components/youtube/configpanel/YoutubeDashConfigPanel$4.class
   JD: Core.jar/org/jdownloader/plugins/components/youtube/configpanel/YoutubeDashConfigPanel$5.class
   JD: Core.jar/org/jdownloader/plugins/components/youtube/configpanel/YoutubeDashConfigPanel$6.class
   JD: Core.jar/org/jdownloader/plugins/components/youtube/configpanel/YoutubeDashConfigPanel$7.class
   JD: Core.jar/org/jdownloader/plugins/components/youtube/configpanel/YoutubeDashConfigPanel$8.class
   JD: Core.jar/org/jdownloader/plugins/components/youtube/configpanel/YoutubeDashConfigPanel$9.class
   JD: Core.jar/org/jdownloader/plugins/components/youtube/configpanel/YoutubeDashConfigPanel$MultiVariantBox.class
   JD: Core.jar/org/jdownloader/plugins/components/youtube/configpanel/YoutubeDashConfigPanel.class
   JD: Core.jar/org/jdownloader/plugins/components/youtube/configpanel/YoutubeVariantCollection$1.class
   JD: Core.jar/org/jdownloader/plugins/components/youtube/configpanel/YoutubeVariantCollection.class
   JD: Core.jar/org/jdownloader/plugins/components/youtube/configpanel/YoutubeVariantsListChooser$1.class
   JD: Core.jar/org/jdownloader/plugins/components/youtube/configpanel/YoutubeVariantsListChooser$2$1.class
   JD: Core.jar/org/jdownloader/plugins/components/youtube/configpanel/YoutubeVariantsListChooser$2$2.class
   JD: Core.jar/org/jdownloader/plugins/components/youtube/configpanel/YoutubeVariantsListChooser$2.class
   JD: Core.jar/org/jdownloader/plugins/components/youtube/configpanel/YoutubeVariantsListChooser$3$1$1.class
   JD: Core.jar/org/jdownloader/plugins/components/youtube/configpanel/YoutubeVariantsListChooser$3$1.class
   JD: Core.jar/org/jdownloader/plugins/components/youtube/configpanel/YoutubeVariantsListChooser$3.class
   JD: Core.jar/org/jdownloader/plugins/components/youtube/configpanel/YoutubeVariantsListChooser$4.class
   JD: Core.jar/org/jdownloader/plugins/components/youtube/configpanel/YoutubeVariantsListChooser$5.class
   JD: Core.jar/org/jdownloader/plugins/components/youtube/configpanel/YoutubeVariantsListChooser$6.class
   JD: Core.jar/org/jdownloader/plugins/components/youtube/configpanel/YoutubeVariantsListChooser$7.class
   JD: Core.jar/org/jdownloader/plugins/components/youtube/configpanel/YoutubeVariantsListChooser.class
   JD: Core.jar/org/jdownloader/plugins/components/youtube/converter/YoutubeConverterFLVToAACAudio.class
   JD: Core.jar/org/jdownloader/plugins/components/youtube/converter/YoutubeConverterFLVToM4AAudio.class
   JD: Core.jar/org/jdownloader/plugins/components/youtube/converter/YoutubeConverterFLVToMP3Audio.class
   JD: Core.jar/org/jdownloader/plugins/components/youtube/converter/YoutubeConverterMP4ToAACAudio.class
   JD: Core.jar/org/jdownloader/plugins/components/youtube/converter/YoutubeConverterMP4ToM4AAudio.class
   JD: Core.jar/org/jdownloader/plugins/components/youtube/converter/YoutubeSRTConverter$1.class
   JD: Core.jar/org/jdownloader/plugins/components/youtube/converter/YoutubeSRTConverter.class
   JD: Core.jar/org/jdownloader/plugins/components/youtube/itag/AudioBitrate.class
   JD: Core.jar/org/jdownloader/plugins/components/youtube/itag/AudioCodec$1.class
   JD: Core.jar/org/jdownloader/plugins/components/youtube/itag/AudioCodec$2.class
   JD: Core.jar/org/jdownloader/plugins/components/youtube/itag/AudioCodec$3.class
   JD: Core.jar/org/jdownloader/plugins/components/youtube/itag/AudioCodec$4.class
   JD: Core.jar/org/jdownloader/plugins/components/youtube/itag/AudioCodec$5.class
   JD: Core.jar/org/jdownloader/plugins/components/youtube/itag/AudioCodec$6.class
   JD: Core.jar/org/jdownloader/plugins/components/youtube/itag/AudioCodec.class
   JD: Core.jar/org/jdownloader/plugins/components/youtube/itag/ImageQuality$1.class
   JD: Core.jar/org/jdownloader/plugins/components/youtube/itag/ImageQuality$2.class
   JD: Core.jar/org/jdownloader/plugins/components/youtube/itag/ImageQuality$3.class
   JD: Core.jar/org/jdownloader/plugins/components/youtube/itag/ImageQuality$4.class
   JD: Core.jar/org/jdownloader/plugins/components/youtube/itag/ImageQuality.class
   JD: Core.jar/org/jdownloader/plugins/components/youtube/itag/MediaTagsVarious.class
   JD: Core.jar/org/jdownloader/plugins/components/youtube/itag/QualitySortIdentifier$1.class
   JD: Core.jar/org/jdownloader/plugins/components/youtube/itag/QualitySortIdentifier$2.class
   JD: Core.jar/org/jdownloader/plugins/components/youtube/itag/QualitySortIdentifier$3.class
   JD: Core.jar/org/jdownloader/plugins/components/youtube/itag/QualitySortIdentifier$4.class
   JD: Core.jar/org/jdownloader/plugins/components/youtube/itag/QualitySortIdentifier$5.class
   JD: Core.jar/org/jdownloader/plugins/components/youtube/itag/QualitySortIdentifier$6.class
   JD: Core.jar/org/jdownloader/plugins/components/youtube/itag/QualitySortIdentifier$7.class
   JD: Core.jar/org/jdownloader/plugins/components/youtube/itag/QualitySortIdentifier$8.class
   JD: Core.jar/org/jdownloader/plugins/components/youtube/itag/QualitySortIdentifier.class
   JD: Core.jar/org/jdownloader/plugins/components/youtube/itag/StreamContainer.class
   JD: Core.jar/org/jdownloader/plugins/components/youtube/itag/VideoCodec.class
   JD: Core.jar/org/jdownloader/plugins/components/youtube/itag/VideoFrameRate.class
   JD: Core.jar/org/jdownloader/plugins/components/youtube/itag/VideoResolution.class
   JD: Core.jar/org/jdownloader/plugins/components/youtube/itag/YoutubeITAG$1.class
   JD: Core.jar/org/jdownloader/plugins/components/youtube/itag/YoutubeITAG$YoutubeITAGVersion.class
   JD: Core.jar/org/jdownloader/plugins/components/youtube/itag/YoutubeITAG.class
   JD: Core.jar/org/jdownloader/plugins/components/youtube/keepForCompatibility/SubtitleVariantOld.class
   JD: Core.jar/org/jdownloader/plugins/components/youtube/keepForCompatibility/YoutubeVariantOld$1.class
   JD: Core.jar/org/jdownloader/plugins/components/youtube/keepForCompatibility/YoutubeVariantOld$10.class
   JD: Core.jar/org/jdownloader/plugins/components/youtube/keepForCompatibility/YoutubeVariantOld$100.class
   JD: Core.jar/org/jdownloader/plugins/components/youtube/keepForCompatibility/YoutubeVariantOld$101.class
   JD: Core.jar/org/jdownloader/plugins/components/youtube/keepForCompatibility/YoutubeVariantOld$102.class
   JD: Core.jar/org/jdownloader/plugins/components/youtube/keepForCompatibility/YoutubeVariantOld$103.class
   JD: Core.jar/org/jdownloader/plugins/components/youtube/keepForCompatibility/YoutubeVariantOld$104.class
   JD: Core.jar/org/jdownloader/plugins/components/youtube/keepForCompatibility/YoutubeVariantOld$105.class
   JD: Core.jar/org/jdownloader/plugins/components/youtube/keepForCompatibility/YoutubeVariantOld$106.class
   JD: Core.jar/org/jdownloader/plugins/components/youtube/keepForCompatibility/YoutubeVariantOld$107.class
   JD: Core.jar/org/jdownloader/plugins/components/youtube/keepForCompatibility/YoutubeVariantOld$108.class
   JD: Core.jar/org/jdownloader/plugins/components/youtube/keepForCompatibility/YoutubeVariantOld$109.class
   JD: Core.jar/org/jdownloader/plugins/components/youtube/keepForCompatibility/YoutubeVariantOld$11.class
   JD: Core.jar/org/jdownloader/plugins/components/youtube/keepForCompatibility/YoutubeVariantOld$110.class
   JD: Core.jar/org/jdownloader/plugins/components/youtube/keepForCompatibility/YoutubeVariantOld$111.class
   JD: Core.jar/org/jdownloader/plugins/components/youtube/keepForCompatibility/YoutubeVariantOld$112.class
   JD: Core.jar/org/jdownloader/plugins/components/youtube/keepForCompatibility/YoutubeVariantOld$113.class
   JD: Core.jar/org/jdownloader/plugins/components/youtube/keepForCompatibility/YoutubeVariantOld$114.class
   JD: Core.jar/org/jdownloader/plugins/components/youtube/keepForCompatibility/YoutubeVariantOld$115.class
   JD: Core.jar/org/jdownloader/plugins/components/youtube/keepForCompatibility/YoutubeVariantOld$116.class
   JD: Core.jar/org/jdownloader/plugins/components/youtube/keepForCompatibility/YoutubeVariantOld$117.class
   JD: Core.jar/org/jdownloader/plugins/components/youtube/keepForCompatibility/YoutubeVariantOld$118.class
   JD: Core.jar/org/jdownloader/plugins/components/youtube/keepForCompatibility/YoutubeVariantOld$119.class
   JD: Core.jar/org/jdownloader/plugins/components/youtube/keepForCompatibility/YoutubeVariantOld$12.class
   JD: Core.jar/org/jdownloader/plugins/components/youtube/keepForCompatibility/YoutubeVariantOld$120.class
   JD: Core.jar/org/jdownloader/plugins/components/youtube/keepForCompatibility/YoutubeVariantOld$121.class
   JD: Core.jar/org/jdownloader/plugins/components/youtube/keepForCompatibility/YoutubeVariantOld$122.class
   JD: Core.jar/org/jdownloader/plugins/components/youtube/keepForCompatibility/YoutubeVariantOld$123.class
   JD: Core.jar/org/jdownloader/plugins/components/youtube/keepForCompatibility/YoutubeVariantOld$124.class
   JD: Core.jar/org/jdownloader/plugins/components/youtube/keepForCompatibility/YoutubeVariantOld$125.class
   JD: Core.jar/org/jdownloader/plugins/components/youtube/keepForCompatibility/YoutubeVariantOld$126.class
   JD: Core.jar/org/jdownloader/plugins/components/youtube/keepForCompatibility/YoutubeVariantOld$127.class
   JD: Core.jar/org/jdownloader/plugins/components/youtube/keepForCompatibility/YoutubeVariantOld$128.class
   JD: Core.jar/org/jdownloader/plugins/components/youtube/keepForCompatibility/YoutubeVariantOld$129.class
   JD: Core.jar/org/jdownloader/plugins/components/youtube/keepForCompatibility/YoutubeVariantOld$13.class
   JD: Core.jar/org/jdownloader/plugins/components/youtube/keepForCompatibility/YoutubeVariantOld$130.class
   JD: Core.jar/org/jdownloader/plugins/components/youtube/keepForCompatibility/YoutubeVariantOld$131.class
   JD: Core.jar/org/jdownloader/plugins/components/youtube/keepForCompatibility/YoutubeVariantOld$132.class
   JD: Core.jar/org/jdownloader/plugins/components/youtube/keepForCompatibility/YoutubeVariantOld$133.class
   JD: Core.jar/org/jdownloader/plugins/components/youtube/keepForCompatibility/YoutubeVariantOld$134.class
   JD: Core.jar/org/jdownloader/plugins/components/youtube/keepForCompatibility/YoutubeVariantOld$135.class
   JD: Core.jar/org/jdownloader/plugins/components/youtube/keepForCompatibility/YoutubeVariantOld$136.class
   JD: Core.jar/org/jdownloader/plugins/components/youtube/keepForCompatibility/YoutubeVariantOld$137.class
   JD: Core.jar/org/jdownloader/plugins/components/youtube/keepForCompatibility/YoutubeVariantOld$138.class
   JD: Core.jar/org/jdownloader/plugins/components/youtube/keepForCompatibility/YoutubeVariantOld$139.class
   JD: Core.jar/org/jdownloader/plugins/components/youtube/keepForCompatibility/YoutubeVariantOld$14.class
   JD: Core.jar/org/jdownloader/plugins/components/youtube/keepForCompatibility/YoutubeVariantOld$140.class
   JD: Core.jar/org/jdownloader/plugins/components/youtube/keepForCompatibility/YoutubeVariantOld$141.class
   JD: Core.jar/org/jdownloader/plugins/components/youtube/keepForCompatibility/YoutubeVariantOld$142.class
   JD: Core.jar/org/jdownloader/plugins/components/youtube/keepForCompatibility/YoutubeVariantOld$143.class
   JD: Core.jar/org/jdownloader/plugins/components/youtube/keepForCompatibility/YoutubeVariantOld$144.class
   JD: Core.jar/org/jdownloader/plugins/components/youtube/keepForCompatibility/YoutubeVariantOld$145.class
   JD: Core.jar/org/jdownloader/plugins/components/youtube/keepForCompatibility/YoutubeVariantOld$146.class
   JD: Core.jar/org/jdownloader/plugins/components/youtube/keepForCompatibility/YoutubeVariantOld$147.class
   JD: Core.jar/org/jdownloader/plugins/components/youtube/keepForCompatibility/YoutubeVariantOld$148.class
   JD: Core.jar/org/jdownloader/plugins/components/youtube/keepForCompatibility/YoutubeVariantOld$149.class
   JD: Core.jar/org/jdownloader/plugins/components/youtube/keepForCompatibility/YoutubeVariantOld$15.class
   JD: Core.jar/org/jdownloader/plugins/components/youtube/keepForCompatibility/YoutubeVariantOld$150.class
   JD: Core.jar/org/jdownloader/plugins/components/youtube/keepForCompatibility/YoutubeVariantOld$151.class
   JD: Core.jar/org/jdownloader/plugins/components/youtube/keepForCompatibility/YoutubeVariantOld$152.class
   JD: Core.jar/org/jdownloader/plugins/components/youtube/keepForCompatibility/YoutubeVariantOld$153.class
   JD: Core.jar/org/jdownloader/plugins/components/youtube/keepForCompatibility/YoutubeVariantOld$154.class
   JD: Core.jar/org/jdownloader/plugins/components/youtube/keepForCompatibility/YoutubeVariantOld$155.class
   JD: Core.jar/org/jdownloader/plugins/components/youtube/keepForCompatibility/YoutubeVariantOld$156.class
   JD: Core.jar/org/jdownloader/plugins/components/youtube/keepForCompatibility/YoutubeVariantOld$157.class
   JD: Core.jar/org/jdownloader/plugins/components/youtube/keepForCompatibility/YoutubeVariantOld$158.class
   JD: Core.jar/org/jdownloader/plugins/components/youtube/keepForCompatibility/YoutubeVariantOld$159.class
   JD: Core.jar/org/jdownloader/plugins/components/youtube/keepForCompatibility/YoutubeVariantOld$16.class
   JD: Core.jar/org/jdownloader/plugins/components/youtube/keepForCompatibility/YoutubeVariantOld$160.class
   JD: Core.jar/org/jdownloader/plugins/components/youtube/keepForCompatibility/YoutubeVariantOld$161.class
   JD: Core.jar/org/jdownloader/plugins/components/youtube/keepForCompatibility/YoutubeVariantOld$162.class
   JD: Core.jar/org/jdownloader/plugins/components/youtube/keepForCompatibility/YoutubeVariantOld$163.class
   JD: Core.jar/org/jdownloader/plugins/components/youtube/keepForCompatibility/YoutubeVariantOld$164.class
   JD: Core.jar/org/jdownloader/plugins/components/youtube/keepForCompatibility/YoutubeVariantOld$165.class
   JD: Core.jar/org/jdownloader/plugins/components/youtube/keepForCompatibility/YoutubeVariantOld$166.class
   JD: Core.jar/org/jdownloader/plugins/components/youtube/keepForCompatibility/YoutubeVariantOld$167.class
   JD: Core.jar/org/jdownloader/plugins/components/youtube/keepForCompatibility/YoutubeVariantOld$168.class
   JD: Core.jar/org/jdownloader/plugins/components/youtube/keepForCompatibility/YoutubeVariantOld$169.class
   JD: Core.jar/org/jdownloader/plugins/components/youtube/keepForCompatibility/YoutubeVariantOld$17.class
   JD: Core.jar/org/jdownloader/plugins/components/youtube/keepForCompatibility/YoutubeVariantOld$170.class
   JD: Core.jar/org/jdownloader/plugins/components/youtube/keepForCompatibility/YoutubeVariantOld$171.class
   JD: Core.jar/org/jdownloader/plugins/components/youtube/keepForCompatibility/YoutubeVariantOld$172.class
   JD: Core.jar/org/jdownloader/plugins/components/youtube/keepForCompatibility/YoutubeVariantOld$173.class
   JD: Core.jar/org/jdownloader/plugins/components/youtube/keepForCompatibility/YoutubeVariantOld$174.class
   JD: Core.jar/org/jdownloader/plugins/components/youtube/keepForCompatibility/YoutubeVariantOld$175.class
   JD: Core.jar/org/jdownloader/plugins/components/youtube/keepForCompatibility/YoutubeVariantOld$176.class
   JD: Core.jar/org/jdownloader/plugins/components/youtube/keepForCompatibility/YoutubeVariantOld$177.class
   JD: Core.jar/org/jdownloader/plugins/components/youtube/keepForCompatibility/YoutubeVariantOld$178.class
   JD: Core.jar/org/jdownloader/plugins/components/youtube/keepForCompatibility/YoutubeVariantOld$179.class
   JD: Core.jar/org/jdownloader/plugins/components/youtube/keepForCompatibility/YoutubeVariantOld$18.class
   JD: Core.jar/org/jdownloader/plugins/components/youtube/keepForCompatibility/YoutubeVariantOld$19.class
   JD: Core.jar/org/jdownloader/plugins/components/youtube/keepForCompatibility/YoutubeVariantOld$2.class
   JD: Core.jar/org/jdownloader/plugins/components/youtube/keepForCompatibility/YoutubeVariantOld$20.class
   JD: Core.jar/org/jdownloader/plugins/components/youtube/keepForCompatibility/YoutubeVariantOld$21.class
   JD: Core.jar/org/jdownloader/plugins/components/youtube/keepForCompatibility/YoutubeVariantOld$22.class
   JD: Core.jar/org/jdownloader/plugins/components/youtube/keepForCompatibility/YoutubeVariantOld$23.class
   JD: Core.jar/org/jdownloader/plugins/components/youtube/keepForCompatibility/YoutubeVariantOld$24.class
   JD: Core.jar/org/jdownloader/plugins/components/youtube/keepForCompatibility/YoutubeVariantOld$25.class
   JD: Core.jar/org/jdownloader/plugins/components/youtube/keepForCompatibility/YoutubeVariantOld$26.class
   JD: Core.jar/org/jdownloader/plugins/components/youtube/keepForCompatibility/YoutubeVariantOld$27.class
   JD: Core.jar/org/jdownloader/plugins/components/youtube/keepForCompatibility/YoutubeVariantOld$28.class
   JD: Core.jar/org/jdownloader/plugins/components/youtube/keepForCompatibility/YoutubeVariantOld$29.class
   JD: Core.jar/org/jdownloader/plugins/components/youtube/keepForCompatibility/YoutubeVariantOld$3.class
   JD: Core.jar/org/jdownloader/plugins/components/youtube/keepForCompatibility/YoutubeVariantOld$30.class
   JD: Core.jar/org/jdownloader/plugins/components/youtube/keepForCompatibility/YoutubeVariantOld$31.class
   JD: Core.jar/org/jdownloader/plugins/components/youtube/keepForCompatibility/YoutubeVariantOld$32.class
   JD: Core.jar/org/jdownloader/plugins/components/youtube/keepForCompatibility/YoutubeVariantOld$33.class
   JD: Core.jar/org/jdownloader/plugins/components/youtube/keepForCompatibility/YoutubeVariantOld$34.class
   JD: Core.jar/org/jdownloader/plugins/components/youtube/keepForCompatibility/YoutubeVariantOld$35.class
   JD: Core.jar/org/jdownloader/plugins/components/youtube/keepForCompatibility/YoutubeVariantOld$36.class
   JD: Core.jar/org/jdownloader/plugins/components/youtube/keepForCompatibility/YoutubeVariantOld$37.class
   JD: Core.jar/org/jdownloader/plugins/components/youtube/keepForCompatibility/YoutubeVariantOld$38.class
   JD: Core.jar/org/jdownloader/plugins/components/youtube/keepForCompatibility/YoutubeVariantOld$39.class
   JD: Core.jar/org/jdownloader/plugins/components/youtube/keepForCompatibility/YoutubeVariantOld$4.class
   JD: Core.jar/org/jdownloader/plugins/components/youtube/keepForCompatibility/YoutubeVariantOld$40.class
   JD: Core.jar/org/jdownloader/plugins/components/youtube/keepForCompatibility/YoutubeVariantOld$41.class
   JD: Core.jar/org/jdownloader/plugins/components/youtube/keepForCompatibility/YoutubeVariantOld$42.class
   JD: Core.jar/org/jdownloader/plugins/components/youtube/keepForCompatibility/YoutubeVariantOld$43.class
   JD: Core.jar/org/jdownloader/plugins/components/youtube/keepForCompatibility/YoutubeVariantOld$44.class
   JD: Core.jar/org/jdownloader/plugins/components/youtube/keepForCompatibility/YoutubeVariantOld$45.class
   JD: Core.jar/org/jdownloader/plugins/components/youtube/keepForCompatibility/YoutubeVariantOld$46.class
   JD: Core.jar/org/jdownloader/plugins/components/youtube/keepForCompatibility/YoutubeVariantOld$47.class
   JD: Core.jar/org/jdownloader/plugins/components/youtube/keepForCompatibility/YoutubeVariantOld$48.class
   JD: Core.jar/org/jdownloader/plugins/components/youtube/keepForCompatibility/YoutubeVariantOld$49.class
   JD: Core.jar/org/jdownloader/plugins/components/youtube/keepForCompatibility/YoutubeVariantOld$5.class
   JD: Core.jar/org/jdownloader/plugins/components/youtube/keepForCompatibility/YoutubeVariantOld$50.class
   JD: Core.jar/org/jdownloader/plugins/components/youtube/keepForCompatibility/YoutubeVariantOld$51.class
   JD: Core.jar/org/jdownloader/plugins/components/youtube/keepForCompatibility/YoutubeVariantOld$52.class
   JD: Core.jar/org/jdownloader/plugins/components/youtube/keepForCompatibility/YoutubeVariantOld$53.class
   JD: Core.jar/org/jdownloader/plugins/components/youtube/keepForCompatibility/YoutubeVariantOld$54.class
   JD: Core.jar/org/jdownloader/plugins/components/youtube/keepForCompatibility/YoutubeVariantOld$55.class
   JD: Core.jar/org/jdownloader/plugins/components/youtube/keepForCompatibility/YoutubeVariantOld$56.class
   JD: Core.jar/org/jdownloader/plugins/components/youtube/keepForCompatibility/YoutubeVariantOld$57.class
   JD: Core.jar/org/jdownloader/plugins/components/youtube/keepForCompatibility/YoutubeVariantOld$58.class
   JD: Core.jar/org/jdownloader/plugins/components/youtube/keepForCompatibility/YoutubeVariantOld$59.class
   JD: Core.jar/org/jdownloader/plugins/components/youtube/keepForCompatibility/YoutubeVariantOld$6.class
   JD: Core.jar/org/jdownloader/plugins/components/youtube/keepForCompatibility/YoutubeVariantOld$60.class
   JD: Core.jar/org/jdownloader/plugins/components/youtube/keepForCompatibility/YoutubeVariantOld$61.class
   JD: Core.jar/org/jdownloader/plugins/components/youtube/keepForCompatibility/YoutubeVariantOld$62.class
   JD: Core.jar/org/jdownloader/plugins/components/youtube/keepForCompatibility/YoutubeVariantOld$63.class
   JD: Core.jar/org/jdownloader/plugins/components/youtube/keepForCompatibility/YoutubeVariantOld$64.class
   JD: Core.jar/org/jdownloader/plugins/components/youtube/keepForCompatibility/YoutubeVariantOld$65.class
   JD: Core.jar/org/jdownloader/plugins/components/youtube/keepForCompatibility/YoutubeVariantOld$66.class
   JD: Core.jar/org/jdownloader/plugins/components/youtube/keepForCompatibility/YoutubeVariantOld$67.class
   JD: Core.jar/org/jdownloader/plugins/components/youtube/keepForCompatibility/YoutubeVariantOld$68.class
   JD: Core.jar/org/jdownloader/plugins/components/youtube/keepForCompatibility/YoutubeVariantOld$69.class
   JD: Core.jar/org/jdownloader/plugins/components/youtube/keepForCompatibility/YoutubeVariantOld$7.class
   JD: Core.jar/org/jdownloader/plugins/components/youtube/keepForCompatibility/YoutubeVariantOld$70.class
   JD: Core.jar/org/jdownloader/plugins/components/youtube/keepForCompatibility/YoutubeVariantOld$71.class
   JD: Core.jar/org/jdownloader/plugins/components/youtube/keepForCompatibility/YoutubeVariantOld$72.class
   JD: Core.jar/org/jdownloader/plugins/components/youtube/keepForCompatibility/YoutubeVariantOld$73.class
   JD: Core.jar/org/jdownloader/plugins/components/youtube/keepForCompatibility/YoutubeVariantOld$74.class
   JD: Core.jar/org/jdownloader/plugins/components/youtube/keepForCompatibility/YoutubeVariantOld$75.class
   JD: Core.jar/org/jdownloader/plugins/components/youtube/keepForCompatibility/YoutubeVariantOld$76.class
   JD: Core.jar/org/jdownloader/plugins/components/youtube/keepForCompatibility/YoutubeVariantOld$77.class
   JD: Core.jar/org/jdownloader/plugins/components/youtube/keepForCompatibility/YoutubeVariantOld$78.class
   JD: Core.jar/org/jdownloader/plugins/components/youtube/keepForCompatibility/YoutubeVariantOld$79.class
   JD: Core.jar/org/jdownloader/plugins/components/youtube/keepForCompatibility/YoutubeVariantOld$8.class
   JD: Core.jar/org/jdownloader/plugins/components/youtube/keepForCompatibility/YoutubeVariantOld$80.class
   JD: Core.jar/org/jdownloader/plugins/components/youtube/keepForCompatibility/YoutubeVariantOld$81.class
   JD: Core.jar/org/jdownloader/plugins/components/youtube/keepForCompatibility/YoutubeVariantOld$82.class
   JD: Core.jar/org/jdownloader/plugins/components/youtube/keepForCompatibility/YoutubeVariantOld$83.class
   JD: Core.jar/org/jdownloader/plugins/components/youtube/keepForCompatibility/YoutubeVariantOld$84.class
   JD: Core.jar/org/jdownloader/plugins/components/youtube/keepForCompatibility/YoutubeVariantOld$85.class
   JD: Core.jar/org/jdownloader/plugins/components/youtube/keepForCompatibility/YoutubeVariantOld$86.class
   JD: Core.jar/org/jdownloader/plugins/components/youtube/keepForCompatibility/YoutubeVariantOld$87.class
   JD: Core.jar/org/jdownloader/plugins/components/youtube/keepForCompatibility/YoutubeVariantOld$88.class
   JD: Core.jar/org/jdownloader/plugins/components/youtube/keepForCompatibility/YoutubeVariantOld$89.class
   JD: Core.jar/org/jdownloader/plugins/components/youtube/keepForCompatibility/YoutubeVariantOld$9.class
   JD: Core.jar/org/jdownloader/plugins/components/youtube/keepForCompatibility/YoutubeVariantOld$90.class
   JD: Core.jar/org/jdownloader/plugins/components/youtube/keepForCompatibility/YoutubeVariantOld$91.class
   JD: Core.jar/org/jdownloader/plugins/components/youtube/keepForCompatibility/YoutubeVariantOld$92.class
   JD: Core.jar/org/jdownloader/plugins/components/youtube/keepForCompatibility/YoutubeVariantOld$93.class
   JD: Core.jar/org/jdownloader/plugins/components/youtube/keepForCompatibility/YoutubeVariantOld$94.class
   JD: Core.jar/org/jdownloader/plugins/components/youtube/keepForCompatibility/YoutubeVariantOld$95.class
   JD: Core.jar/org/jdownloader/plugins/components/youtube/keepForCompatibility/YoutubeVariantOld$96.class
   JD: Core.jar/org/jdownloader/plugins/components/youtube/keepForCompatibility/YoutubeVariantOld$97.class
   JD: Core.jar/org/jdownloader/plugins/components/youtube/keepForCompatibility/YoutubeVariantOld$98.class
   JD: Core.jar/org/jdownloader/plugins/components/youtube/keepForCompatibility/YoutubeVariantOld$99.class
   JD: Core.jar/org/jdownloader/plugins/components/youtube/keepForCompatibility/YoutubeVariantOld.class
   JD: Core.jar/org/jdownloader/plugins/components/youtube/keepForCompatibilitye/YoutubeCompatibility$1.class
   JD: Core.jar/org/jdownloader/plugins/components/youtube/keepForCompatibilitye/YoutubeCompatibility.class
   JD: Core.jar/org/jdownloader/plugins/components/youtube/variants/AbstractVariant$1.class
   JD: Core.jar/org/jdownloader/plugins/components/youtube/variants/AbstractVariant.class
   JD: Core.jar/org/jdownloader/plugins/components/youtube/variants/AudioVariant$1.class
   JD: Core.jar/org/jdownloader/plugins/components/youtube/variants/AudioVariant$2.class
   JD: Core.jar/org/jdownloader/plugins/components/youtube/variants/AudioVariant.class
   JD: Core.jar/org/jdownloader/plugins/components/youtube/variants/DescriptionVariant.class
   JD: Core.jar/org/jdownloader/plugins/components/youtube/variants/DescriptionVariantInfo.class
   JD: Core.jar/org/jdownloader/plugins/components/youtube/variants/DownloadType.class
   JD: Core.jar/org/jdownloader/plugins/components/youtube/variants/FileContainer.class
   JD: Core.jar/org/jdownloader/plugins/components/youtube/variants/ImageVariant$1.class
   JD: Core.jar/org/jdownloader/plugins/components/youtube/variants/ImageVariant.class
   JD: Core.jar/org/jdownloader/plugins/components/youtube/variants/SubtitleVariant.class
   JD: Core.jar/org/jdownloader/plugins/components/youtube/variants/VariantBase$1.class
   JD: Core.jar/org/jdownloader/plugins/components/youtube/variants/VariantBase.class
   JD: Core.jar/org/jdownloader/plugins/components/youtube/variants/VariantGroup$1.class
   JD: Core.jar/org/jdownloader/plugins/components/youtube/variants/VariantGroup$2.class
   JD: Core.jar/org/jdownloader/plugins/components/youtube/variants/VariantGroup$3.class
   JD: Core.jar/org/jdownloader/plugins/components/youtube/variants/VariantGroup$4.class
   JD: Core.jar/org/jdownloader/plugins/components/youtube/variants/VariantGroup$5.class
   JD: Core.jar/org/jdownloader/plugins/components/youtube/variants/VariantGroup.class
   JD: Core.jar/org/jdownloader/plugins/components/youtube/variants/VariantInfo.class
   JD: Core.jar/org/jdownloader/plugins/components/youtube/variants/VideoVariant$1.class
   JD: Core.jar/org/jdownloader/plugins/components/youtube/variants/VideoVariant$2.class
   JD: Core.jar/org/jdownloader/plugins/components/youtube/variants/VideoVariant.class
   JD: Core.jar/org/jdownloader/plugins/components/youtube/variants/YoutubeBasicVariantStorable$1.class
   JD: Core.jar/org/jdownloader/plugins/components/youtube/variants/YoutubeBasicVariantStorable.class
   JD: Core.jar/org/jdownloader/plugins/components/youtube/variants/YoutubeSubtitleStorable$1.class
   JD: Core.jar/org/jdownloader/plugins/components/youtube/variants/YoutubeSubtitleStorable.class
   JD: Core.jar/org/jdownloader/plugins/config/AccountJsonConfig$1.class
   JD: Core.jar/org/jdownloader/plugins/config/AccountJsonConfig$2$1.class
   JD: Core.jar/org/jdownloader/plugins/config/AccountJsonConfig$2.class
   JD: Core.jar/org/jdownloader/plugins/config/AccountJsonConfig.class
   JD: Core.jar/org/jdownloader/plugins/config/BasicAdvancedConfigPluginPanel$1.class
   JD: Core.jar/org/jdownloader/plugins/config/BasicAdvancedConfigPluginPanel$BasicAdvancedConfigTable.class
   JD: Core.jar/org/jdownloader/plugins/config/BasicAdvancedConfigPluginPanel$BasicAdvancedConfigTableModel$1.class
   JD: Core.jar/org/jdownloader/plugins/config/BasicAdvancedConfigPluginPanel$BasicAdvancedConfigTableModel$2.class
   JD: Core.jar/org/jdownloader/plugins/config/BasicAdvancedConfigPluginPanel$BasicAdvancedConfigTableModel$3.class
   JD: Core.jar/org/jdownloader/plugins/config/BasicAdvancedConfigPluginPanel$BasicAdvancedConfigTableModel$4.class
   JD: Core.jar/org/jdownloader/plugins/config/BasicAdvancedConfigPluginPanel$BasicAdvancedConfigTableModel.class
   JD: Core.jar/org/jdownloader/plugins/config/BasicAdvancedConfigPluginPanel.class
   JD: Core.jar/org/jdownloader/plugins/config/Group$1.class
   JD: Core.jar/org/jdownloader/plugins/config/Group.class
   JD: Core.jar/org/jdownloader/plugins/config/PluginConfigPanelEventSenderEvent$Type.class
   JD: Core.jar/org/jdownloader/plugins/config/PluginConfigPanelEventSenderEventSender.class
   JD: Core.jar/org/jdownloader/plugins/config/PluginJsonConfig$1.class
   JD: Core.jar/org/jdownloader/plugins/config/PluginJsonConfig$2.class
   JD: Core.jar/org/jdownloader/plugins/config/PluginJsonConfig$3$1.class
   JD: Core.jar/org/jdownloader/plugins/config/PluginJsonConfig$3.class
   JD: Core.jar/org/jdownloader/plugins/config/PluginJsonConfig$4.class
   JD: Core.jar/org/jdownloader/plugins/config/PluginJsonConfig.class
   JD: Core.jar/org/jdownloader/plugins/config/Type.class
   JD: Core.jar/org/jdownloader/plugins/controller/LazyPlugin$1.class
   JD: Core.jar/org/jdownloader/plugins/controller/LazyPlugin.class
   JD: Core.jar/org/jdownloader/plugins/controller/PluginClassLoader$1.class
   JD: Core.jar/org/jdownloader/plugins/controller/PluginClassLoader$PluginClassLoaderChild.class
   JD: Core.jar/org/jdownloader/plugins/controller/PluginClassLoader$PluginClassLoaderClass.class
   JD: Core.jar/org/jdownloader/plugins/controller/PluginClassLoader.class
   JD: Core.jar/org/jdownloader/plugins/controller/PluginController.class
   JD: Core.jar/org/jdownloader/plugins/controller/PluginInfo.class
   JD: Core.jar/org/jdownloader/plugins/controller/PluginScannerFiles.class
   JD: Core.jar/org/jdownloader/plugins/controller/PluginScannerNIO.class
   JD: Core.jar/org/jdownloader/plugins/controller/container/ContainerPluginController.class
   JD: Core.jar/org/jdownloader/plugins/controller/crawler/CrawlerPluginController$1.class
   JD: Core.jar/org/jdownloader/plugins/controller/crawler/CrawlerPluginController.class
   JD: Core.jar/org/jdownloader/plugins/controller/crawler/LazyCrawlerPlugin$1.class
   JD: Core.jar/org/jdownloader/plugins/controller/crawler/LazyCrawlerPlugin$FEATURE$1.class
   JD: Core.jar/org/jdownloader/plugins/controller/crawler/LazyCrawlerPlugin$FEATURE.class
   JD: Core.jar/org/jdownloader/plugins/controller/crawler/LazyCrawlerPlugin.class
   JD: Core.jar/org/jdownloader/plugins/controller/crawler/LazyCrawlerPluginCache$1.class
   JD: Core.jar/org/jdownloader/plugins/controller/crawler/LazyCrawlerPluginCache.class
   JD: Core.jar/org/jdownloader/plugins/controller/host/HostPluginController$1.class
   JD: Core.jar/org/jdownloader/plugins/controller/host/HostPluginController$3.class
   JD: Core.jar/org/jdownloader/plugins/controller/host/HostPluginController$4.class
   JD: Core.jar/org/jdownloader/plugins/controller/host/HostPluginController$5$1.class
   JD: Core.jar/org/jdownloader/plugins/controller/host/HostPluginController$5.class
   JD: Core.jar/org/jdownloader/plugins/controller/host/HostPluginController.class
   JD: Core.jar/org/jdownloader/plugins/controller/host/LazyHostPlugin$1.class
   JD: Core.jar/org/jdownloader/plugins/controller/host/LazyHostPlugin$FEATURE$1.class
   JD: Core.jar/org/jdownloader/plugins/controller/host/LazyHostPlugin$FEATURE$2.class
   JD: Core.jar/org/jdownloader/plugins/controller/host/LazyHostPlugin$FEATURE$3.class
   JD: Core.jar/org/jdownloader/plugins/controller/host/LazyHostPlugin$FEATURE$4.class
   JD: Core.jar/org/jdownloader/plugins/controller/host/LazyHostPlugin$FEATURE.class
   JD: Core.jar/org/jdownloader/plugins/controller/host/LazyHostPlugin$PROPERTY.class
   JD: Core.jar/org/jdownloader/plugins/controller/host/LazyHostPlugin.class
   JD: Core.jar/org/jdownloader/plugins/controller/host/LazyHostPluginCache$1.class
   JD: Core.jar/org/jdownloader/plugins/controller/host/LazyHostPluginCache.class
   JD: Core.jar/org/jdownloader/plugins/controller/host/PluginFinder.class
   JD: Core.jar/org/jdownloader/plugins/js/EnvJsBrowserWrapper$1.class
   JD: Core.jar/org/jdownloader/plugins/js/EnvJsBrowserWrapper.class
   JD: Core.jar/org/jdownloader/plugins/js/JavaScriptCrawlerPlugin$1.class
   JD: Core.jar/org/jdownloader/plugins/js/JavaScriptCrawlerPlugin.class
   JD: Core.jar/org/jdownloader/plugins/js/PluginJsInterface$1.class
   JD: Core.jar/org/jdownloader/plugins/js/PluginJsInterface.class
   JD: Core.jar/org/jdownloader/premium/BuyAndAddPremiumAccount$1.class
   JD: Core.jar/org/jdownloader/premium/BuyAndAddPremiumAccount.class
   JD: Core.jar/org/jdownloader/premium/PremiumInfoDialog$1.class
   JD: Core.jar/org/jdownloader/premium/PremiumInfoDialog.class
   JD: Core.jar/org/jdownloader/remotecall.removed
   JD: Core.jar/org/jdownloader/remotecall/MultiForm.class.removed
   JD: Core.jar/org/jdownloader/remotecall/RemoteClient.class.removed
   JD: Core.jar/org/jdownloader/scripting/JSHtmlUnitPermissionRestricter$SandboxContextFactory$1.class
   JD: Core.jar/org/jdownloader/scripting/JSHtmlUnitPermissionRestricter$SandboxContextFactory$2.class
   JD: Core.jar/org/jdownloader/scripting/JSHtmlUnitPermissionRestricter$SandboxContextFactory.class
   JD: Core.jar/org/jdownloader/scripting/JSHtmlUnitPermissionRestricter$SandboxWrapFactory$1.class
   JD: Core.jar/org/jdownloader/scripting/JSHtmlUnitPermissionRestricter$SandboxWrapFactory.class
   JD: Core.jar/org/jdownloader/scripting/JSHtmlUnitPermissionRestricter.class
   JD: Core.jar/org/jdownloader/scripting/JSRhinoPermissionRestricter$SandboxContextFactory$1.class
   JD: Core.jar/org/jdownloader/scripting/JSRhinoPermissionRestricter$SandboxContextFactory.class
   JD: Core.jar/org/jdownloader/scripting/JSRhinoPermissionRestricter.class
   JD: Core.jar/org/jdownloader/scripting/JavaScriptEngineFactory$1.class
   JD: Core.jar/org/jdownloader/scripting/JavaScriptEngineFactory$CustomRhinoScriptEngineFactory.class
   JD: Core.jar/org/jdownloader/scripting/JavaScriptEngineFactory$ExternalScriptable.class
   JD: Core.jar/org/jdownloader/scripting/JavaScriptEngineFactory$InterfaceImplementor$InterfaceImplementorInvocationHandler.class
   JD: Core.jar/org/jdownloader/scripting/JavaScriptEngineFactory$RhinoCompiledScript.class
   JD: Core.jar/org/jdownloader/scripting/JavaScriptEngineFactory$RhinoScriptEngine$1.class
   JD: Core.jar/org/jdownloader/scripting/JavaScriptEngineFactory$RhinoScriptEngine.class
   JD: Core.jar/org/jdownloader/scripting/JavaScriptEngineFactory$RhinoTopLevel.class
   JD: Core.jar/org/jdownloader/scripting/JavaScriptEngineFactory.class
   JD: Core.jar/org/jdownloader/scripting/envjs/EnvJSBrowser$1.class
   JD: Core.jar/org/jdownloader/scripting/envjs/EnvJSBrowser$2.class
   JD: Core.jar/org/jdownloader/scripting/envjs/EnvJSBrowser$3$1.class
   JD: Core.jar/org/jdownloader/scripting/envjs/EnvJSBrowser$3.class
   JD: Core.jar/org/jdownloader/scripting/envjs/EnvJSBrowser$4.class
   JD: Core.jar/org/jdownloader/scripting/envjs/EnvJSBrowser$DebugLevel.class
   JD: Core.jar/org/jdownloader/scripting/envjs/EnvJSBrowser$JsDebugger$1.class
   JD: Core.jar/org/jdownloader/scripting/envjs/EnvJSBrowser$JsDebugger.class
   JD: Core.jar/org/jdownloader/scripting/envjs/EnvJSBrowser.class
   JD: Core.jar/org/jdownloader/settings/AccountData.class
   JD: Core.jar/org/jdownloader/settings/AccountSettings.class
   JD: Core.jar/org/jdownloader/settings/AutoDownloadStartOption.class
   JD: Core.jar/org/jdownloader/settings/CleanAfterDownloadAction.class
   JD: Core.jar/org/jdownloader/settings/DelayWriteMode.class
   JD: Core.jar/org/jdownloader/settings/FrameStatus$1.class
   JD: Core.jar/org/jdownloader/settings/FrameStatus$2.class
   JD: Core.jar/org/jdownloader/settings/FrameStatus$ExtendedState.class
   JD: Core.jar/org/jdownloader/settings/FrameStatus.class
   JD: Core.jar/org/jdownloader/settings/GeneralSettings$1.class
   JD: Core.jar/org/jdownloader/settings/GeneralSettings$CreateFolderTrigger.class
   JD: Core.jar/org/jdownloader/settings/GeneralSettings$CustomDownloadFolderGetter.class
   JD: Core.jar/org/jdownloader/settings/GeneralSettings$DefaultDownloadFolder.class
   JD: Core.jar/org/jdownloader/settings/GeneralSettings$DeleteContainerAction.class
   JD: Core.jar/org/jdownloader/settings/GeneralSettings$OnSkipDueToAlreadyExistsAction$1.class
   JD: Core.jar/org/jdownloader/settings/GeneralSettings$OnSkipDueToAlreadyExistsAction$2.class
   JD: Core.jar/org/jdownloader/settings/GeneralSettings$OnSkipDueToAlreadyExistsAction$3.class
   JD: Core.jar/org/jdownloader/settings/GeneralSettings$OnSkipDueToAlreadyExistsAction.class
   JD: Core.jar/org/jdownloader/settings/GeneralSettings.class
   JD: Core.jar/org/jdownloader/settings/GraphicalUserInterfaceSettings$1.class
   JD: Core.jar/org/jdownloader/settings/GraphicalUserInterfaceSettings$CLIPBOARD_SKIP_MODE.class
   JD: Core.jar/org/jdownloader/settings/GraphicalUserInterfaceSettings$ConfirmIncompleteArchiveAction$1.class
   JD: Core.jar/org/jdownloader/settings/GraphicalUserInterfaceSettings$ConfirmIncompleteArchiveAction$2.class
   JD: Core.jar/org/jdownloader/settings/GraphicalUserInterfaceSettings$ConfirmIncompleteArchiveAction$3.class
   JD: Core.jar/org/jdownloader/settings/GraphicalUserInterfaceSettings$ConfirmIncompleteArchiveAction$4.class
   JD: Core.jar/org/jdownloader/settings/GraphicalUserInterfaceSettings$ConfirmIncompleteArchiveAction.class
   JD: Core.jar/org/jdownloader/settings/GraphicalUserInterfaceSettings$CustomIsConfigViewVisible.class
   JD: Core.jar/org/jdownloader/settings/GraphicalUserInterfaceSettings$DeleteFileOptions$1.class
   JD: Core.jar/org/jdownloader/settings/GraphicalUserInterfaceSettings$DeleteFileOptions$2.class
   JD: Core.jar/org/jdownloader/settings/GraphicalUserInterfaceSettings$DeleteFileOptions$3.class
   JD: Core.jar/org/jdownloader/settings/GraphicalUserInterfaceSettings$DeleteFileOptions.class
   JD: Core.jar/org/jdownloader/settings/GraphicalUserInterfaceSettings$DockingPosition$1.class
   JD: Core.jar/org/jdownloader/settings/GraphicalUserInterfaceSettings$DockingPosition$2.class
   JD: Core.jar/org/jdownloader/settings/GraphicalUserInterfaceSettings$DockingPosition.class
   JD: Core.jar/org/jdownloader/settings/GraphicalUserInterfaceSettings$DonateButtonState$1.class
   JD: Core.jar/org/jdownloader/settings/GraphicalUserInterfaceSettings$DonateButtonState$2.class
   JD: Core.jar/org/jdownloader/settings/GraphicalUserInterfaceSettings$DonateButtonState$3.class
   JD: Core.jar/org/jdownloader/settings/GraphicalUserInterfaceSettings$DonateButtonState$4.class
   JD: Core.jar/org/jdownloader/settings/GraphicalUserInterfaceSettings$DonateButtonState.class
   JD: Core.jar/org/jdownloader/settings/GraphicalUserInterfaceSettings$DownloadFolderChooserDialogDefaultPath$1.class
   JD: Core.jar/org/jdownloader/settings/GraphicalUserInterfaceSettings$DownloadFolderChooserDialogDefaultPath$2.class
   JD: Core.jar/org/jdownloader/settings/GraphicalUserInterfaceSettings$DownloadFolderChooserDialogDefaultPath$3.class
   JD: Core.jar/org/jdownloader/settings/GraphicalUserInterfaceSettings$DownloadFolderChooserDialogDefaultPath.class
   JD: Core.jar/org/jdownloader/settings/GraphicalUserInterfaceSettings$DownloadFolderChooserDialogSubfolder.class
   JD: Core.jar/org/jdownloader/settings/GraphicalUserInterfaceSettings$LinkDoubleClickAction.class
   JD: Core.jar/org/jdownloader/settings/GraphicalUserInterfaceSettings$LookAndFeelType.class
   JD: Core.jar/org/jdownloader/settings/GraphicalUserInterfaceSettings$MacDockProgressDisplay$1.class
   JD: Core.jar/org/jdownloader/settings/GraphicalUserInterfaceSettings$MacDockProgressDisplay$2.class
   JD: Core.jar/org/jdownloader/settings/GraphicalUserInterfaceSettings$MacDockProgressDisplay.class
   JD: Core.jar/org/jdownloader/settings/GraphicalUserInterfaceSettings$NewLinksInLinkgrabberAction.class
   JD: Core.jar/org/jdownloader/settings/GraphicalUserInterfaceSettings$PackageDoubleClickAction.class
   JD: Core.jar/org/jdownloader/settings/GraphicalUserInterfaceSettings$PremiumStatusBarDisplay.class
   JD: Core.jar/org/jdownloader/settings/GraphicalUserInterfaceSettings$RlyWarnLevel.class
   JD: Core.jar/org/jdownloader/settings/GraphicalUserInterfaceSettings$SIZEUNIT.class
   JD: Core.jar/org/jdownloader/settings/GraphicalUserInterfaceSettings$ShowSpeedInWindowTitleTrigger.class
   JD: Core.jar/org/jdownloader/settings/GraphicalUserInterfaceSettings$StartButtonAction.class
   JD: Core.jar/org/jdownloader/settings/GraphicalUserInterfaceSettings$WindowsTaskBarProgressDisplay$1.class
   JD: Core.jar/org/jdownloader/settings/GraphicalUserInterfaceSettings$WindowsTaskBarProgressDisplay$2.class
   JD: Core.jar/org/jdownloader/settings/GraphicalUserInterfaceSettings$WindowsTaskBarProgressDisplay$3.class
   JD: Core.jar/org/jdownloader/settings/GraphicalUserInterfaceSettings$WindowsTaskBarProgressDisplay.class
   JD: Core.jar/org/jdownloader/settings/GraphicalUserInterfaceSettings.class
   JD: Core.jar/org/jdownloader/settings/IfFileExistsAction$1.class
   JD: Core.jar/org/jdownloader/settings/IfFileExistsAction$2.class
   JD: Core.jar/org/jdownloader/settings/IfFileExistsAction$3.class
   JD: Core.jar/org/jdownloader/settings/IfFileExistsAction$4.class
   JD: Core.jar/org/jdownloader/settings/IfFileExistsAction.class
   JD: Core.jar/org/jdownloader/settings/MirrorDetectionDecision.class
   JD: Core.jar/org/jdownloader/settings/SilentModeSettings$AutoSilentModeTrigger.class
   JD: Core.jar/org/jdownloader/settings/SilentModeSettings$CaptchaDuringSilentModeAction.class
   JD: Core.jar/org/jdownloader/settings/SilentModeSettings$DialogDuringSilentModeAction.class
   JD: Core.jar/org/jdownloader/settings/UrlDisplayType$1.class
   JD: Core.jar/org/jdownloader/settings/UrlDisplayType$2.class
   JD: Core.jar/org/jdownloader/settings/UrlDisplayType$3.class
   JD: Core.jar/org/jdownloader/settings/UrlDisplayType$4.class
   JD: Core.jar/org/jdownloader/settings/UrlDisplayType$5.class
   JD: Core.jar/org/jdownloader/settings/UrlDisplayType.class
   JD: Core.jar/org/jdownloader/settings/WindowState.class
   JD: Core.jar/org/jdownloader/settings/advanced/AdvancedConfigEntry$1.class
   JD: Core.jar/org/jdownloader/settings/advanced/AdvancedConfigEntry$2$1.class
   JD: Core.jar/org/jdownloader/settings/advanced/AdvancedConfigEntry$2.class
   JD: Core.jar/org/jdownloader/settings/advanced/AdvancedConfigEntry.class
   JD: Core.jar/org/jdownloader/settings/advanced/AdvancedConfigEvent$Types.class
   JD: Core.jar/org/jdownloader/settings/advanced/AdvancedConfigEventSender$1.class
   JD: Core.jar/org/jdownloader/settings/advanced/AdvancedConfigEventSender.class
   JD: Core.jar/org/jdownloader/settings/advanced/AdvancedConfigManager.class
   JD: Core.jar/org/jdownloader/settings/staticreferences/CFG_9KWCAPTCHA.class
   JD: Core.jar/org/jdownloader/settings/staticreferences/CFG_ANTICAPTCHA_COM.class
   JD: Core.jar/org/jdownloader/settings/staticreferences/CFG_API.class
   JD: Core.jar/org/jdownloader/settings/staticreferences/CFG_CAPTCHA.class
   JD: Core.jar/org/jdownloader/settings/staticreferences/CFG_CAPTCHA_SOLUTIONS.class
   JD: Core.jar/org/jdownloader/settings/staticreferences/CFG_CHEAP_CAPTCHA.class
   JD: Core.jar/org/jdownloader/settings/staticreferences/CFG_DBC.class
   JD: Core.jar/org/jdownloader/settings/staticreferences/CFG_END_CAPTCHA.class
   JD: Core.jar/org/jdownloader/settings/staticreferences/CFG_GENERAL.class
   JD: Core.jar/org/jdownloader/settings/staticreferences/CFG_GUI.class
   JD: Core.jar/org/jdownloader/settings/staticreferences/CFG_IMAGE_TYPERZ.class
   JD: Core.jar/org/jdownloader/settings/staticreferences/CFG_JAC_CAPTCHA_SOLVER.class
   JD: Core.jar/org/jdownloader/settings/staticreferences/CFG_LINKCOLLECTOR.class
   JD: Core.jar/org/jdownloader/settings/staticreferences/CFG_LINKFILTER.class
   JD: Core.jar/org/jdownloader/settings/staticreferences/CFG_LINKGRABBER.class
   JD: Core.jar/org/jdownloader/settings/staticreferences/CFG_MYJD.class
   JD: Core.jar/org/jdownloader/settings/staticreferences/CFG_PACKAGIZER.class
   JD: Core.jar/org/jdownloader/settings/staticreferences/CFG_RECONNECT.class
   JD: Core.jar/org/jdownloader/settings/staticreferences/CFG_SILENTMODE.class
   JD: Core.jar/org/jdownloader/settings/staticreferences/CFG_SOUND.class
   JD: Core.jar/org/jdownloader/settings/staticreferences/CFG_TWO_CAPTCHA.class
   JD: Core.jar/org/jdownloader/settings/staticreferences/CFG_YOUTUBE.class
   JD: Core.jar/org/jdownloader/startup/Main$1.class
   JD: Core.jar/org/jdownloader/startup/Main$2.class
   JD: Core.jar/org/jdownloader/startup/Main$3$1.class
   JD: Core.jar/org/jdownloader/startup/Main$3.class
   JD: Core.jar/org/jdownloader/startup/Main$4.class
   JD: Core.jar/org/jdownloader/startup/Main.class
   JD: Core.jar/org/jdownloader/startup/ParameterHandler$1.class
   JD: Core.jar/org/jdownloader/startup/ParameterHandler$2.class
   JD: Core.jar/org/jdownloader/startup/ParameterHandler.class
   JD: Core.jar/org/jdownloader/startup/commands/AbstractExtensionStartupCommand$1.class
   JD: Core.jar/org/jdownloader/startup/commands/AbstractExtensionStartupCommand.class
   JD: Core.jar/org/jdownloader/startup/commands/AbstractStartupCommand.class
   JD: Core.jar/org/jdownloader/startup/commands/AddContainerCommand.class
   JD: Core.jar/org/jdownloader/startup/commands/AddLinkCommand$1.class
   JD: Core.jar/org/jdownloader/startup/commands/AddLinkCommand.class
   JD: Core.jar/org/jdownloader/startup/commands/DisableSysErr$1.class
   JD: Core.jar/org/jdownloader/startup/commands/DisableSysErr.class
   JD: Core.jar/org/jdownloader/startup/commands/FileCommand.class
   JD: Core.jar/org/jdownloader/startup/commands/GuiFocusCommand$1$1.class
   JD: Core.jar/org/jdownloader/startup/commands/GuiFocusCommand$1.class
   JD: Core.jar/org/jdownloader/startup/commands/GuiFocusCommand$2$1.class
   JD: Core.jar/org/jdownloader/startup/commands/GuiFocusCommand$2.class
   JD: Core.jar/org/jdownloader/startup/commands/GuiFocusCommand.class
   JD: Core.jar/org/jdownloader/startup/commands/GuiMinimizeCommand$1$1.class
   JD: Core.jar/org/jdownloader/startup/commands/GuiMinimizeCommand$1.class
   JD: Core.jar/org/jdownloader/startup/commands/GuiMinimizeCommand$2$1.class
   JD: Core.jar/org/jdownloader/startup/commands/GuiMinimizeCommand$2.class
   JD: Core.jar/org/jdownloader/startup/commands/GuiMinimizeCommand.class
   JD: Core.jar/org/jdownloader/startup/commands/HelpCommand.class
   JD: Core.jar/org/jdownloader/startup/commands/ReScanPluginsCommand$1.class
   JD: Core.jar/org/jdownloader/startup/commands/ReScanPluginsCommand.class
   JD: Core.jar/org/jdownloader/startup/commands/SetConfigCommand$1$1.class
   JD: Core.jar/org/jdownloader/startup/commands/SetConfigCommand$1$2.class
   JD: Core.jar/org/jdownloader/startup/commands/SetConfigCommand$1.class
   JD: Core.jar/org/jdownloader/startup/commands/SetConfigCommand.class
   JD: Core.jar/org/jdownloader/startup/commands/ThreadDump.class
   JD: Core.jar/org/jdownloader/swf/SWFDecompressor.class
   JD: Core.jar/org/jdownloader/translate/JdownloaderTranslation.class
   JD: Core.jar/org/jdownloader/translate/_JDT.class
   JD: Core.jar/org/jdownloader/utils/JDFileUtils.class
   JD: Core.jar/org/jdownloader/utils/SubtitleConverter.class
   JD: Core.jar/org/jdownloader/webcache/CachedRequest$1.class
   JD: Core.jar/org/jdownloader/webcache/CachedRequest.class
   JD: extensions/AntiShutdown.jar/META-INF/MANIFEST.MF
   JD: extensions/AntiShutdown.jar/org/jdownloader/extensions/antistandby/AntiStandbyExtension$1$1.class
   JD: extensions/AntiShutdown.jar/org/jdownloader/extensions/antistandby/AntiStandbyExtension$1.class
   JD: extensions/AntiShutdown.jar/org/jdownloader/extensions/antistandby/AntiStandbyExtension$2.class
   JD: extensions/AntiShutdown.jar/org/jdownloader/extensions/antistandby/AntiStandbyExtension.class
   JD: extensions/AntiShutdown.jar/org/jdownloader/extensions/antistandby/AntistandbyConfigPanel.class
   JD: extensions/AntiShutdown.jar/org/jdownloader/extensions/antistandby/CFG_ANTISTANDBY.class
   JD: extensions/AntiShutdown.jar/org/jdownloader/extensions/antistandby/JDAntiStandbyLinux.class
   JD: extensions/AntiShutdown.jar/org/jdownloader/extensions/antistandby/MacAntiStandBy.class
   JD: extensions/AntiShutdown.jar/org/jdownloader/extensions/antistandby/Mode.class
   JD: extensions/AntiShutdown.jar/org/jdownloader/extensions/antistandby/WindowsAntiStandby.class
   JD: extensions/AntiShutdown.jar/org/jdownloader/extensions/antistandby/translate/T.class
   JD: extensions/Extraction.jar/META-INF/MANIFEST.MF
   JD: extensions/Extraction.jar/org/jdownloader/extensions/extraction/Archive.class
   JD: extensions/Extraction.jar/org/jdownloader/extensions/extraction/ArchiveController$1.class
   JD: extensions/Extraction.jar/org/jdownloader/extensions/extraction/ArchiveController$2.class
   JD: extensions/Extraction.jar/org/jdownloader/extensions/extraction/ArchiveController$3.class
   JD: extensions/Extraction.jar/org/jdownloader/extensions/extraction/ArchiveController.class
   JD: extensions/Extraction.jar/org/jdownloader/extensions/extraction/ArchiveSettings.class
   JD: extensions/Extraction.jar/org/jdownloader/extensions/extraction/BooleanStatus$1.class
   JD: extensions/Extraction.jar/org/jdownloader/extensions/extraction/BooleanStatus.class
   JD: extensions/Extraction.jar/org/jdownloader/extensions/extraction/CFG_EXTRACTION.class
   JD: extensions/Extraction.jar/org/jdownloader/extensions/extraction/CPUPriority$1.class
   JD: extensions/Extraction.jar/org/jdownloader/extensions/extraction/CPUPriority$2.class
   JD: extensions/Extraction.jar/org/jdownloader/extensions/extraction/CPUPriority$3.class
   JD: extensions/Extraction.jar/org/jdownloader/extensions/extraction/CPUPriority.class
   JD: extensions/Extraction.jar/org/jdownloader/extensions/extraction/DummyArchive.class
   JD: extensions/Extraction.jar/org/jdownloader/extensions/extraction/ExtractLogFileWriter.class
   JD: extensions/Extraction.jar/org/jdownloader/extensions/extraction/ExtractionConfig.class
   JD: extensions/Extraction.jar/org/jdownloader/extensions/extraction/ExtractionController$1.class
   JD: extensions/Extraction.jar/org/jdownloader/extensions/extraction/ExtractionController$2.class
   JD: extensions/Extraction.jar/org/jdownloader/extensions/extraction/ExtractionController$3.class
   JD: extensions/Extraction.jar/org/jdownloader/extensions/extraction/ExtractionController$4.class
   JD: extensions/Extraction.jar/org/jdownloader/extensions/extraction/ExtractionController.class
   JD: extensions/Extraction.jar/org/jdownloader/extensions/extraction/ExtractionEvent$Type.class
   JD: extensions/Extraction.jar/org/jdownloader/extensions/extraction/ExtractionEventSender.class
   JD: extensions/Extraction.jar/org/jdownloader/extensions/extraction/ExtractionExtension$1$1.class
   JD: extensions/Extraction.jar/org/jdownloader/extensions/extraction/ExtractionExtension$1.class
   JD: extensions/Extraction.jar/org/jdownloader/extensions/extraction/ExtractionExtension$2$1.class
   JD: extensions/Extraction.jar/org/jdownloader/extensions/extraction/ExtractionExtension$2.class
   JD: extensions/Extraction.jar/org/jdownloader/extensions/extraction/ExtractionExtension$3.class
   JD: extensions/Extraction.jar/org/jdownloader/extensions/extraction/ExtractionExtension$4$1.class
   JD: extensions/Extraction.jar/org/jdownloader/extensions/extraction/ExtractionExtension$4.class
   JD: extensions/Extraction.jar/org/jdownloader/extensions/extraction/ExtractionExtension$5.class
   JD: extensions/Extraction.jar/org/jdownloader/extensions/extraction/ExtractionExtension$6.class
   JD: extensions/Extraction.jar/org/jdownloader/extensions/extraction/ExtractionExtension.class
   JD: extensions/Extraction.jar/org/jdownloader/extensions/extraction/ExtractionInfo.class
   JD: extensions/Extraction.jar/org/jdownloader/extensions/extraction/ExtractionListenerIcon$1.class
   JD: extensions/Extraction.jar/org/jdownloader/extensions/extraction/ExtractionListenerIcon.class
   JD: extensions/Extraction.jar/org/jdownloader/extensions/extraction/ExtractionListenerList$1.class
   JD: extensions/Extraction.jar/org/jdownloader/extensions/extraction/ExtractionListenerList$ExtractPasswordDialog$1.class
   JD: extensions/Extraction.jar/org/jdownloader/extensions/extraction/ExtractionListenerList$ExtractPasswordDialog$2$1.class
   JD: extensions/Extraction.jar/org/jdownloader/extensions/extraction/ExtractionListenerList$ExtractPasswordDialog$2.class
   JD: extensions/Extraction.jar/org/jdownloader/extensions/extraction/ExtractionListenerList$ExtractPasswordDialog.class
   JD: extensions/Extraction.jar/org/jdownloader/extensions/extraction/ExtractionListenerList.class
   JD: extensions/Extraction.jar/org/jdownloader/extensions/extraction/ExtractionProgress.class
   JD: extensions/Extraction.jar/org/jdownloader/extensions/extraction/ExtractionQueue.class
   JD: extensions/Extraction.jar/org/jdownloader/extensions/extraction/ExtractionStatus.class
   JD: extensions/Extraction.jar/org/jdownloader/extensions/extraction/FLUSH_MODE.class
   JD: extensions/Extraction.jar/org/jdownloader/extensions/extraction/FileSignatures.class
   JD: extensions/Extraction.jar/org/jdownloader/extensions/extraction/IExtraction.class
   JD: extensions/Extraction.jar/org/jdownloader/extensions/extraction/IO_MODE.class
   JD: extensions/Extraction.jar/org/jdownloader/extensions/extraction/Signature.class
   JD: extensions/Extraction.jar/org/jdownloader/extensions/extraction/ValidateArchiveAction$1.class
   JD: extensions/Extraction.jar/org/jdownloader/extensions/extraction/ValidateArchiveAction.class
   JD: extensions/Extraction.jar/org/jdownloader/extensions/extraction/actions/ExtractAction$1$1.class
   JD: extensions/Extraction.jar/org/jdownloader/extensions/extraction/actions/ExtractAction$1$2$1.class
   JD: extensions/Extraction.jar/org/jdownloader/extensions/extraction/actions/ExtractAction$1$2.class
   JD: extensions/Extraction.jar/org/jdownloader/extensions/extraction/actions/ExtractAction$1$3.class
   JD: extensions/Extraction.jar/org/jdownloader/extensions/extraction/actions/ExtractAction$1.class
   JD: extensions/Extraction.jar/org/jdownloader/extensions/extraction/actions/ExtractAction$2.class
   JD: extensions/Extraction.jar/org/jdownloader/extensions/extraction/actions/ExtractAction$ExtractToPathLogic$1.class
   JD: extensions/Extraction.jar/org/jdownloader/extensions/extraction/actions/ExtractAction$ExtractToPathLogic$2.class
   JD: extensions/Extraction.jar/org/jdownloader/extensions/extraction/actions/ExtractAction$ExtractToPathLogic$3.class
   JD: extensions/Extraction.jar/org/jdownloader/extensions/extraction/actions/ExtractAction$ExtractToPathLogic$4.class
   JD: extensions/Extraction.jar/org/jdownloader/extensions/extraction/actions/ExtractAction$ExtractToPathLogic.class
   JD: extensions/Extraction.jar/org/jdownloader/extensions/extraction/actions/ExtractAction.class
   JD: extensions/Extraction.jar/org/jdownloader/extensions/extraction/bindings/crawledlink/CrawledLinkArchiveFile$1.class
   JD: extensions/Extraction.jar/org/jdownloader/extensions/extraction/bindings/crawledlink/CrawledLinkArchiveFile.class
   JD: extensions/Extraction.jar/org/jdownloader/extensions/extraction/bindings/crawledlink/CrawledLinkFactory.class
   JD: extensions/Extraction.jar/org/jdownloader/extensions/extraction/bindings/downloadlink/DownloadLinkArchive.class
   JD: extensions/Extraction.jar/org/jdownloader/extensions/extraction/bindings/downloadlink/DownloadLinkArchiveFactory$1.class
   JD: extensions/Extraction.jar/org/jdownloader/extensions/extraction/bindings/downloadlink/DownloadLinkArchiveFactory.class
   JD: extensions/Extraction.jar/org/jdownloader/extensions/extraction/bindings/downloadlink/DownloadLinkArchiveFile$1.class
   JD: extensions/Extraction.jar/org/jdownloader/extensions/extraction/bindings/downloadlink/DownloadLinkArchiveFile$2.class
   JD: extensions/Extraction.jar/org/jdownloader/extensions/extraction/bindings/downloadlink/DownloadLinkArchiveFile$3.class
   JD: extensions/Extraction.jar/org/jdownloader/extensions/extraction/bindings/downloadlink/DownloadLinkArchiveFile.class
   JD: extensions/Extraction.jar/org/jdownloader/extensions/extraction/bindings/file/FileArchiveFactory$1.class
   JD: extensions/Extraction.jar/org/jdownloader/extensions/extraction/bindings/file/FileArchiveFactory$2.class
   JD: extensions/Extraction.jar/org/jdownloader/extensions/extraction/bindings/file/FileArchiveFactory.class
   JD: extensions/Extraction.jar/org/jdownloader/extensions/extraction/content/ContentView.class
   JD: extensions/Extraction.jar/org/jdownloader/extensions/extraction/content/PackedFile.class
   JD: extensions/Extraction.jar/org/jdownloader/extensions/extraction/contextmenu/ArchivesSubMenu$1$1.class
   JD: extensions/Extraction.jar/org/jdownloader/extensions/extraction/contextmenu/ArchivesSubMenu$1.class
   JD: extensions/Extraction.jar/org/jdownloader/extensions/extraction/contextmenu/ArchivesSubMenu.class
   JD: extensions/Extraction.jar/org/jdownloader/extensions/extraction/contextmenu/downloadlist/AbstractExtractionContextAction$1$1.class
   JD: extensions/Extraction.jar/org/jdownloader/extensions/extraction/contextmenu/downloadlist/AbstractExtractionContextAction$1.class
   JD: extensions/Extraction.jar/org/jdownloader/extensions/extraction/contextmenu/downloadlist/AbstractExtractionContextAction.class
   JD: extensions/Extraction.jar/org/jdownloader/extensions/extraction/contextmenu/downloadlist/ArchiveValidator$1.class
   JD: extensions/Extraction.jar/org/jdownloader/extensions/extraction/contextmenu/downloadlist/ArchiveValidator.class
   JD: extensions/Extraction.jar/org/jdownloader/extensions/extraction/contextmenu/downloadlist/CleanupSubMenu$1$1.class
   JD: extensions/Extraction.jar/org/jdownloader/extensions/extraction/contextmenu/downloadlist/CleanupSubMenu$1.class
   JD: extensions/Extraction.jar/org/jdownloader/extensions/extraction/contextmenu/downloadlist/CleanupSubMenu.class
   JD: extensions/Extraction.jar/org/jdownloader/extensions/extraction/contextmenu/downloadlist/action/AbortExtractionAction$1.class
   JD: extensions/Extraction.jar/org/jdownloader/extensions/extraction/contextmenu/downloadlist/action/AbortExtractionAction.class
   JD: extensions/Extraction.jar/org/jdownloader/extensions/extraction/contextmenu/downloadlist/action/AutoExtractEnabledToggleAction.class
   JD: extensions/Extraction.jar/org/jdownloader/extensions/extraction/contextmenu/downloadlist/action/CleanupAutoDeleteFilesEnabledToggleAction.class
   JD: extensions/Extraction.jar/org/jdownloader/extensions/extraction/contextmenu/downloadlist/action/CleanupAutoDeleteLinksEnabledToggleAction.class
   JD: extensions/Extraction.jar/org/jdownloader/extensions/extraction/contextmenu/downloadlist/action/ExtractArchiveNowAction$1.class
   JD: extensions/Extraction.jar/org/jdownloader/extensions/extraction/contextmenu/downloadlist/action/ExtractArchiveNowAction.class
   JD: extensions/Extraction.jar/org/jdownloader/extensions/extraction/contextmenu/downloadlist/action/SetExtractPasswordAction.class
   JD: extensions/Extraction.jar/org/jdownloader/extensions/extraction/contextmenu/downloadlist/action/SetExtractToAction.class
   JD: extensions/Extraction.jar/org/jdownloader/extensions/extraction/contextmenu/downloadlist/action/ShowExtractionResultAction$1.class
   JD: extensions/Extraction.jar/org/jdownloader/extensions/extraction/contextmenu/downloadlist/action/ShowExtractionResultAction.class
   JD: extensions/Extraction.jar/org/jdownloader/extensions/extraction/contextmenu/downloadlist/action/ValidateArchivesAction$1.class
   JD: extensions/Extraction.jar/org/jdownloader/extensions/extraction/contextmenu/downloadlist/action/ValidateArchivesAction.class
   JD: extensions/Extraction.jar/org/jdownloader/extensions/extraction/gui/DummyArchiveContentsTable$1.class
   JD: extensions/Extraction.jar/org/jdownloader/extensions/extraction/gui/DummyArchiveContentsTable$2.class
   JD: extensions/Extraction.jar/org/jdownloader/extensions/extraction/gui/DummyArchiveContentsTable$3.class
   JD: extensions/Extraction.jar/org/jdownloader/extensions/extraction/gui/DummyArchiveContentsTable.class
   JD: extensions/Extraction.jar/org/jdownloader/extensions/extraction/gui/DummyArchiveContentsTableModel$1.class
   JD: extensions/Extraction.jar/org/jdownloader/extensions/extraction/gui/DummyArchiveContentsTableModel$2.class
   JD: extensions/Extraction.jar/org/jdownloader/extensions/extraction/gui/DummyArchiveContentsTableModel$3.class
   JD: extensions/Extraction.jar/org/jdownloader/extensions/extraction/gui/DummyArchiveContentsTableModel.class
   JD: extensions/Extraction.jar/org/jdownloader/extensions/extraction/gui/DummyArchiveDialog.class
   JD: extensions/Extraction.jar/org/jdownloader/extensions/extraction/gui/ExtractionJobTable$1.class
   JD: extensions/Extraction.jar/org/jdownloader/extensions/extraction/gui/ExtractionJobTable.class
   JD: extensions/Extraction.jar/org/jdownloader/extensions/extraction/gui/ExtractionJobTableModel$1.class
   JD: extensions/Extraction.jar/org/jdownloader/extensions/extraction/gui/ExtractionJobTableModel$2.class
   JD: extensions/Extraction.jar/org/jdownloader/extensions/extraction/gui/ExtractionJobTableModel$3$1.class
   JD: extensions/Extraction.jar/org/jdownloader/extensions/extraction/gui/ExtractionJobTableModel$3$2.class
   JD: extensions/Extraction.jar/org/jdownloader/extensions/extraction/gui/ExtractionJobTableModel$3.class
   JD: extensions/Extraction.jar/org/jdownloader/extensions/extraction/gui/ExtractionJobTableModel$4.class
   JD: extensions/Extraction.jar/org/jdownloader/extensions/extraction/gui/ExtractionJobTableModel.class
   JD: extensions/Extraction.jar/org/jdownloader/extensions/extraction/gui/ExtractorProgress$1$1$1$1.class
   JD: extensions/Extraction.jar/org/jdownloader/extensions/extraction/gui/ExtractorProgress$1$1$1.class
   JD: extensions/Extraction.jar/org/jdownloader/extensions/extraction/gui/ExtractorProgress$1$1.class
   JD: extensions/Extraction.jar/org/jdownloader/extensions/extraction/gui/ExtractorProgress$1.class
   JD: extensions/Extraction.jar/org/jdownloader/extensions/extraction/gui/ExtractorProgress$2.class
   JD: extensions/Extraction.jar/org/jdownloader/extensions/extraction/gui/ExtractorProgress$3.class
   JD: extensions/Extraction.jar/org/jdownloader/extensions/extraction/gui/ExtractorProgress.class
   JD: extensions/Extraction.jar/org/jdownloader/extensions/extraction/gui/ExtractorToolTip$1.class
   JD: extensions/Extraction.jar/org/jdownloader/extensions/extraction/gui/ExtractorToolTip.class
   JD: extensions/Extraction.jar/org/jdownloader/extensions/extraction/gui/bubble/ExtractionBubble$1.class
   JD: extensions/Extraction.jar/org/jdownloader/extensions/extraction/gui/bubble/ExtractionBubble$2.class
   JD: extensions/Extraction.jar/org/jdownloader/extensions/extraction/gui/bubble/ExtractionBubble.class
   JD: extensions/Extraction.jar/org/jdownloader/extensions/extraction/gui/bubble/ExtractionBubbleContent$1.class
   JD: extensions/Extraction.jar/org/jdownloader/extensions/extraction/gui/bubble/ExtractionBubbleContent.class
   JD: extensions/Extraction.jar/org/jdownloader/extensions/extraction/gui/bubble/ExtractionBubbleSupport$1.class
   JD: extensions/Extraction.jar/org/jdownloader/extensions/extraction/gui/bubble/ExtractionBubbleSupport$ExtractionBubbleWrapper.class
   JD: extensions/Extraction.jar/org/jdownloader/extensions/extraction/gui/bubble/ExtractionBubbleSupport.class
   JD: extensions/Extraction.jar/org/jdownloader/extensions/extraction/gui/config/ExtractionConfigPanel$1$1.class
   JD: extensions/Extraction.jar/org/jdownloader/extensions/extraction/gui/config/ExtractionConfigPanel$1$2.class
   JD: extensions/Extraction.jar/org/jdownloader/extensions/extraction/gui/config/ExtractionConfigPanel$1$3.class
   JD: extensions/Extraction.jar/org/jdownloader/extensions/extraction/gui/config/ExtractionConfigPanel$1$4.class
   JD: extensions/Extraction.jar/org/jdownloader/extensions/extraction/gui/config/ExtractionConfigPanel$1$5.class
   JD: extensions/Extraction.jar/org/jdownloader/extensions/extraction/gui/config/ExtractionConfigPanel$1.class
   JD: extensions/Extraction.jar/org/jdownloader/extensions/extraction/gui/config/ExtractionConfigPanel$2.class
   JD: extensions/Extraction.jar/org/jdownloader/extensions/extraction/gui/config/ExtractionConfigPanel$3.class
   JD: extensions/Extraction.jar/org/jdownloader/extensions/extraction/gui/config/ExtractionConfigPanel$4$1.class
   JD: extensions/Extraction.jar/org/jdownloader/extensions/extraction/gui/config/ExtractionConfigPanel$4.class
   JD: extensions/Extraction.jar/org/jdownloader/extensions/extraction/gui/config/ExtractionConfigPanel$5$1.class
   JD: extensions/Extraction.jar/org/jdownloader/extensions/extraction/gui/config/ExtractionConfigPanel$5$2$1.class
   JD: extensions/Extraction.jar/org/jdownloader/extensions/extraction/gui/config/ExtractionConfigPanel$5$2.class
   JD: extensions/Extraction.jar/org/jdownloader/extensions/extraction/gui/config/ExtractionConfigPanel$5$3$1.class
   JD: extensions/Extraction.jar/org/jdownloader/extensions/extraction/gui/config/ExtractionConfigPanel$5$3.class
   JD: extensions/Extraction.jar/org/jdownloader/extensions/extraction/gui/config/ExtractionConfigPanel$5.class
   JD: extensions/Extraction.jar/org/jdownloader/extensions/extraction/gui/config/ExtractionConfigPanel$6.class
   JD: extensions/Extraction.jar/org/jdownloader/extensions/extraction/gui/config/ExtractionConfigPanel.class
   JD: extensions/Extraction.jar/org/jdownloader/extensions/extraction/gui/iffileexistsdialog/IfFileExistsDialog$1.class
   JD: extensions/Extraction.jar/org/jdownloader/extensions/extraction/gui/iffileexistsdialog/IfFileExistsDialog$2.class
   JD: extensions/Extraction.jar/org/jdownloader/extensions/extraction/gui/iffileexistsdialog/IfFileExistsDialog$3.class
   JD: extensions/Extraction.jar/org/jdownloader/extensions/extraction/gui/iffileexistsdialog/IfFileExistsDialog$4.class
   JD: extensions/Extraction.jar/org/jdownloader/extensions/extraction/gui/iffileexistsdialog/IfFileExistsDialog.class
   JD: extensions/Extraction.jar/org/jdownloader/extensions/extraction/mime.type
   JD: extensions/Extraction.jar/org/jdownloader/extensions/extraction/multi/ArchiveType$1.class
   JD: extensions/Extraction.jar/org/jdownloader/extensions/extraction/multi/ArchiveType$10.class
   JD: extensions/Extraction.jar/org/jdownloader/extensions/extraction/multi/ArchiveType$11.class
   JD: extensions/Extraction.jar/org/jdownloader/extensions/extraction/multi/ArchiveType$12.class
   JD: extensions/Extraction.jar/org/jdownloader/extensions/extraction/multi/ArchiveType$13.class
   JD: extensions/Extraction.jar/org/jdownloader/extensions/extraction/multi/ArchiveType$14.class
   JD: extensions/Extraction.jar/org/jdownloader/extensions/extraction/multi/ArchiveType$15.class
   JD: extensions/Extraction.jar/org/jdownloader/extensions/extraction/multi/ArchiveType$16.class
   JD: extensions/Extraction.jar/org/jdownloader/extensions/extraction/multi/ArchiveType$17.class
   JD: extensions/Extraction.jar/org/jdownloader/extensions/extraction/multi/ArchiveType$2.class
   JD: extensions/Extraction.jar/org/jdownloader/extensions/extraction/multi/ArchiveType$3.class
   JD: extensions/Extraction.jar/org/jdownloader/extensions/extraction/multi/ArchiveType$4.class
   JD: extensions/Extraction.jar/org/jdownloader/extensions/extraction/multi/ArchiveType$5.class
   JD: extensions/Extraction.jar/org/jdownloader/extensions/extraction/multi/ArchiveType$6.class
   JD: extensions/Extraction.jar/org/jdownloader/extensions/extraction/multi/ArchiveType$7.class
   JD: extensions/Extraction.jar/org/jdownloader/extensions/extraction/multi/ArchiveType$8.class
   JD: extensions/Extraction.jar/org/jdownloader/extensions/extraction/multi/ArchiveType$9.class
   JD: extensions/Extraction.jar/org/jdownloader/extensions/extraction/multi/ArchiveType.class
   JD: extensions/Extraction.jar/org/jdownloader/extensions/extraction/multi/FilesBytesCacheWriter$1.class
   JD: extensions/Extraction.jar/org/jdownloader/extensions/extraction/multi/FilesBytesCacheWriter.class
   JD: extensions/Extraction.jar/org/jdownloader/extensions/extraction/multi/ModdedVolumedArchiveInStream.class
   JD: extensions/Extraction.jar/org/jdownloader/extensions/extraction/multi/Multi$1.class
   JD: extensions/Extraction.jar/org/jdownloader/extensions/extraction/multi/Multi$2.class
   JD: extensions/Extraction.jar/org/jdownloader/extensions/extraction/multi/Multi$3.class
   JD: extensions/Extraction.jar/org/jdownloader/extensions/extraction/multi/Multi.class
   JD: extensions/Extraction.jar/org/jdownloader/extensions/extraction/multi/MultiCallback$1.class
   JD: extensions/Extraction.jar/org/jdownloader/extensions/extraction/multi/MultiCallback$2.class
   JD: extensions/Extraction.jar/org/jdownloader/extensions/extraction/multi/MultiCallback.class
   JD: extensions/Extraction.jar/org/jdownloader/extensions/extraction/multi/MultiOpener$1.class
   JD: extensions/Extraction.jar/org/jdownloader/extensions/extraction/multi/MultiOpener$2.class
   JD: extensions/Extraction.jar/org/jdownloader/extensions/extraction/multi/MultiOpener$RandomAcessFileStats.class
   JD: extensions/Extraction.jar/org/jdownloader/extensions/extraction/multi/MultiOpener.class
   JD: extensions/Extraction.jar/org/jdownloader/extensions/extraction/multi/RarOpener$1.class
   JD: extensions/Extraction.jar/org/jdownloader/extensions/extraction/multi/RarOpener$2.class
   JD: extensions/Extraction.jar/org/jdownloader/extensions/extraction/multi/RarOpener$RandomAcessFileStats.class
   JD: extensions/Extraction.jar/org/jdownloader/extensions/extraction/multi/RarOpener.class
   JD: extensions/Extraction.jar/org/jdownloader/extensions/extraction/multi/Seven7ExtractCallback$1.class
   JD: extensions/Extraction.jar/org/jdownloader/extensions/extraction/multi/Seven7ExtractCallback$2.class
   JD: extensions/Extraction.jar/org/jdownloader/extensions/extraction/multi/Seven7ExtractCallback$3.class
   JD: extensions/Extraction.jar/org/jdownloader/extensions/extraction/multi/Seven7ExtractCallback$4.class
   JD: extensions/Extraction.jar/org/jdownloader/extensions/extraction/multi/Seven7ExtractCallback$5.class
   JD: extensions/Extraction.jar/org/jdownloader/extensions/extraction/multi/Seven7ExtractCallback.class
   JD: extensions/Extraction.jar/org/jdownloader/extensions/extraction/multi/Seven7PWCallback$1.class
   JD: extensions/Extraction.jar/org/jdownloader/extensions/extraction/multi/Seven7PWCallback.class
   JD: extensions/Extraction.jar/org/jdownloader/extensions/extraction/multi/SignatureCheckingOutStream.class
   JD: extensions/Extraction.jar/org/jdownloader/extensions/extraction/multi/Zip4J$1.class
   JD: extensions/Extraction.jar/org/jdownloader/extensions/extraction/multi/Zip4J$2.class
   JD: extensions/Extraction.jar/org/jdownloader/extensions/extraction/multi/Zip4J.class
   JD: extensions/Extraction.jar/org/jdownloader/extensions/extraction/split/HJSplit.class
   JD: extensions/Extraction.jar/org/jdownloader/extensions/extraction/split/HachaSplit.class
   JD: extensions/Extraction.jar/org/jdownloader/extensions/extraction/split/SplitType$1.class
   JD: extensions/Extraction.jar/org/jdownloader/extensions/extraction/split/SplitType$2.class
   JD: extensions/Extraction.jar/org/jdownloader/extensions/extraction/split/SplitType$3.class
   JD: extensions/Extraction.jar/org/jdownloader/extensions/extraction/split/SplitType$4.class
   JD: extensions/Extraction.jar/org/jdownloader/extensions/extraction/split/SplitType.class
   JD: extensions/Extraction.jar/org/jdownloader/extensions/extraction/split/SplitUtil$1.class
   JD: extensions/Extraction.jar/org/jdownloader/extensions/extraction/split/SplitUtil$2.class
   JD: extensions/Extraction.jar/org/jdownloader/extensions/extraction/split/SplitUtil$3.class
   JD: extensions/Extraction.jar/org/jdownloader/extensions/extraction/split/SplitUtil.class
   JD: extensions/Extraction.jar/org/jdownloader/extensions/extraction/split/UnixSplit.class
   JD: extensions/Extraction.jar/org/jdownloader/extensions/extraction/split/XtreamSplit$1.class
   JD: extensions/Extraction.jar/org/jdownloader/extensions/extraction/split/XtreamSplit$2.class
   JD: extensions/Extraction.jar/org/jdownloader/extensions/extraction/split/XtreamSplit$3.class
   JD: extensions/Extraction.jar/org/jdownloader/extensions/extraction/split/XtreamSplit$4.class
   JD: extensions/Extraction.jar/org/jdownloader/extensions/extraction/split/XtreamSplit.class
   JD: extensions/Extraction.jar/org/jdownloader/extensions/extraction/translate/T.class
   JD: extensions/JDShutdown.jar/META-INF/MANIFEST.MF
   JD: extensions/JDShutdown.jar/org/jdownloader/extensions/shutdown/CFG_SHUTDOWN.class
   JD: extensions/JDShutdown.jar/org/jdownloader/extensions/shutdown/DefaultShutdownInterface$1.class
   JD: extensions/JDShutdown.jar/org/jdownloader/extensions/shutdown/DefaultShutdownInterface.class
   JD: extensions/JDShutdown.jar/org/jdownloader/extensions/shutdown/MacShutdownInterface$1.class
   JD: extensions/JDShutdown.jar/org/jdownloader/extensions/shutdown/MacShutdownInterface.class
   JD: extensions/JDShutdown.jar/org/jdownloader/extensions/shutdown/Mode.class
   JD: extensions/JDShutdown.jar/org/jdownloader/extensions/shutdown/PowrProfDll$BATTERY_REPORTING_SCALE.class
   JD: extensions/JDShutdown.jar/org/jdownloader/extensions/shutdown/PowrProfDll$SYSTEM_POWER_CAPABILITIES.class
   JD: extensions/JDShutdown.jar/org/jdownloader/extensions/shutdown/PowrProfDll.class
   JD: extensions/JDShutdown.jar/org/jdownloader/extensions/shutdown/ShutdownConfigPanel$1.class
   JD: extensions/JDShutdown.jar/org/jdownloader/extensions/shutdown/ShutdownConfigPanel$2.class
   JD: extensions/JDShutdown.jar/org/jdownloader/extensions/shutdown/ShutdownConfigPanel.class
   JD: extensions/JDShutdown.jar/org/jdownloader/extensions/shutdown/ShutdownExtension$1.class
   JD: extensions/JDShutdown.jar/org/jdownloader/extensions/shutdown/ShutdownExtension$2.class
   JD: extensions/JDShutdown.jar/org/jdownloader/extensions/shutdown/ShutdownExtension.class
   JD: extensions/JDShutdown.jar/org/jdownloader/extensions/shutdown/ShutdownThread$1.class
   JD: extensions/JDShutdown.jar/org/jdownloader/extensions/shutdown/ShutdownThread.class
   JD: extensions/JDShutdown.jar/org/jdownloader/extensions/shutdown/UnixShutdownInterface$1.class
   JD: extensions/JDShutdown.jar/org/jdownloader/extensions/shutdown/UnixShutdownInterface$2.class
   JD: extensions/JDShutdown.jar/org/jdownloader/extensions/shutdown/UnixShutdownInterface.class
   JD: extensions/JDShutdown.jar/org/jdownloader/extensions/shutdown/WarningDialog.class
   JD: extensions/JDShutdown.jar/org/jdownloader/extensions/shutdown/WindowsShutdownInterface$1.class
   JD: extensions/JDShutdown.jar/org/jdownloader/extensions/shutdown/WindowsShutdownInterface.class
   JD: extensions/JDShutdown.jar/org/jdownloader/extensions/shutdown/actions/ShutdownToggleAction$1.class
   JD: extensions/JDShutdown.jar/org/jdownloader/extensions/shutdown/actions/ShutdownToggleAction.class
   JD: extensions/JDShutdown.jar/org/jdownloader/extensions/shutdown/translate/T.class
   JD: libs/Dynamics.jar/META-INF/MANIFEST.MF
   JD: libs/JAntiCaptcha.jar/META-INF/MANIFEST.MF
   JD: libs/JAntiCaptcha.jar/jd/captcha/ColorLetterComperator.class
   JD: libs/JAntiCaptcha.jar/jd/captcha/JACController$1.class
   JD: libs/JAntiCaptcha.jar/jd/captcha/JACController$2$1.class
   JD: libs/JAntiCaptcha.jar/jd/captcha/JACController$2.class
   JD: libs/JAntiCaptcha.jar/jd/captcha/JACController.class
   JD: libs/JAntiCaptcha.jar/jd/captcha/JACMethod$1.class
   JD: libs/JAntiCaptcha.jar/jd/captcha/JACMethod.class
   JD: libs/JAntiCaptcha.jar/jd/captcha/JACTest.class
   JD: libs/JAntiCaptcha.jar/jd/captcha/JAntiCaptcha$1.class
   JD: libs/JAntiCaptcha.jar/jd/captcha/JAntiCaptcha$10.class
   JD: libs/JAntiCaptcha.jar/jd/captcha/JAntiCaptcha$11.class
   JD: libs/JAntiCaptcha.jar/jd/captcha/JAntiCaptcha$1MyRunnable.class
   JD: libs/JAntiCaptcha.jar/jd/captcha/JAntiCaptcha$2.class
   JD: libs/JAntiCaptcha.jar/jd/captcha/JAntiCaptcha$3.class
   JD: libs/JAntiCaptcha.jar/jd/captcha/JAntiCaptcha$4.class
   JD: libs/JAntiCaptcha.jar/jd/captcha/JAntiCaptcha$5.class
   JD: libs/JAntiCaptcha.jar/jd/captcha/JAntiCaptcha$6.class
   JD: libs/JAntiCaptcha.jar/jd/captcha/JAntiCaptcha$7.class
   JD: libs/JAntiCaptcha.jar/jd/captcha/JAntiCaptcha$8.class
   JD: libs/JAntiCaptcha.jar/jd/captcha/JAntiCaptcha$9.class
   JD: libs/JAntiCaptcha.jar/jd/captcha/JAntiCaptcha.class
   JD: libs/JAntiCaptcha.jar/jd/captcha/LetterComperator.class
   JD: libs/JAntiCaptcha.jar/jd/captcha/LevenShteinLetterComperator$1.class
   JD: libs/JAntiCaptcha.jar/jd/captcha/LevenShteinLetterComperator.class
   JD: libs/JAntiCaptcha.jar/jd/captcha/configuration/JACScript.class
   JD: libs/JAntiCaptcha.jar/jd/captcha/easy/BackGroundImageDialog$1.class
   JD: libs/JAntiCaptcha.jar/jd/captcha/easy/BackGroundImageDialog$10.class
   JD: libs/JAntiCaptcha.jar/jd/captcha/easy/BackGroundImageDialog$11.class
   JD: libs/JAntiCaptcha.jar/jd/captcha/easy/BackGroundImageDialog$12.class
   JD: libs/JAntiCaptcha.jar/jd/captcha/easy/BackGroundImageDialog$2.class
   JD: libs/JAntiCaptcha.jar/jd/captcha/easy/BackGroundImageDialog$3.class
   JD: libs/JAntiCaptcha.jar/jd/captcha/easy/BackGroundImageDialog$4.class
   JD: libs/JAntiCaptcha.jar/jd/captcha/easy/BackGroundImageDialog$5.class
   JD: libs/JAntiCaptcha.jar/jd/captcha/easy/BackGroundImageDialog$6.class
   JD: libs/JAntiCaptcha.jar/jd/captcha/easy/BackGroundImageDialog$7.class
   JD: libs/JAntiCaptcha.jar/jd/captcha/easy/BackGroundImageDialog$8.class
   JD: libs/JAntiCaptcha.jar/jd/captcha/easy/BackGroundImageDialog$9.class
   JD: libs/JAntiCaptcha.jar/jd/captcha/easy/BackGroundImageDialog.class
   JD: libs/JAntiCaptcha.jar/jd/captcha/easy/BackGroundImageGUIList$1.class
   JD: libs/JAntiCaptcha.jar/jd/captcha/easy/BackGroundImageGUIList$2$1$1.class
   JD: libs/JAntiCaptcha.jar/jd/captcha/easy/BackGroundImageGUIList$2$1.class
   JD: libs/JAntiCaptcha.jar/jd/captcha/easy/BackGroundImageGUIList$2$2$1.class
   JD: libs/JAntiCaptcha.jar/jd/captcha/easy/BackGroundImageGUIList$2$2.class
   JD: libs/JAntiCaptcha.jar/jd/captcha/easy/BackGroundImageGUIList$2.class
   JD: libs/JAntiCaptcha.jar/jd/captcha/easy/BackGroundImageGUIList$3.class
   JD: libs/JAntiCaptcha.jar/jd/captcha/easy/BackGroundImageGUIList$4.class
   JD: libs/JAntiCaptcha.jar/jd/captcha/easy/BackGroundImageGUIList$5.class
   JD: libs/JAntiCaptcha.jar/jd/captcha/easy/BackGroundImageGUIList.class
   JD: libs/JAntiCaptcha.jar/jd/captcha/easy/BackGroundImageManager$1.class
   JD: libs/JAntiCaptcha.jar/jd/captcha/easy/BackGroundImageManager.class
   JD: libs/JAntiCaptcha.jar/jd/captcha/easy/BackgroundFilterCreater$1.class
   JD: libs/JAntiCaptcha.jar/jd/captcha/easy/BackgroundFilterCreater$2.class
   JD: libs/JAntiCaptcha.jar/jd/captcha/easy/BackgroundFilterCreater.class
   JD: libs/JAntiCaptcha.jar/jd/captcha/easy/CPoint.class
   JD: libs/JAntiCaptcha.jar/jd/captcha/easy/ColorMode.class
   JD: libs/JAntiCaptcha.jar/jd/captcha/easy/ColorTrainer.class
   JD: libs/JAntiCaptcha.jar/jd/captcha/easy/ColorTrainerGUI$1.class
   JD: libs/JAntiCaptcha.jar/jd/captcha/easy/ColorTrainerGUI$10.class
   JD: libs/JAntiCaptcha.jar/jd/captcha/easy/ColorTrainerGUI$11$1.class
   JD: libs/JAntiCaptcha.jar/jd/captcha/easy/ColorTrainerGUI$11.class
   JD: libs/JAntiCaptcha.jar/jd/captcha/easy/ColorTrainerGUI$12.class
   JD: libs/JAntiCaptcha.jar/jd/captcha/easy/ColorTrainerGUI$13$1.class
   JD: libs/JAntiCaptcha.jar/jd/captcha/easy/ColorTrainerGUI$13.class
   JD: libs/JAntiCaptcha.jar/jd/captcha/easy/ColorTrainerGUI$14$1.class
   JD: libs/JAntiCaptcha.jar/jd/captcha/easy/ColorTrainerGUI$14.class
   JD: libs/JAntiCaptcha.jar/jd/captcha/easy/ColorTrainerGUI$15.class
   JD: libs/JAntiCaptcha.jar/jd/captcha/easy/ColorTrainerGUI$16$1.class
   JD: libs/JAntiCaptcha.jar/jd/captcha/easy/ColorTrainerGUI$16$2.class
   JD: libs/JAntiCaptcha.jar/jd/captcha/easy/ColorTrainerGUI$16$3.class
   JD: libs/JAntiCaptcha.jar/jd/captcha/easy/ColorTrainerGUI$16.class
   JD: libs/JAntiCaptcha.jar/jd/captcha/easy/ColorTrainerGUI$17.class
   JD: libs/JAntiCaptcha.jar/jd/captcha/easy/ColorTrainerGUI$18.class
   JD: libs/JAntiCaptcha.jar/jd/captcha/easy/ColorTrainerGUI$2.class
   JD: libs/JAntiCaptcha.jar/jd/captcha/easy/ColorTrainerGUI$3.class
   JD: libs/JAntiCaptcha.jar/jd/captcha/easy/ColorTrainerGUI$4.class
   JD: libs/JAntiCaptcha.jar/jd/captcha/easy/ColorTrainerGUI$5.class
   JD: libs/JAntiCaptcha.jar/jd/captcha/easy/ColorTrainerGUI$6.class
   JD: libs/JAntiCaptcha.jar/jd/captcha/easy/ColorTrainerGUI$7$1.class
   JD: libs/JAntiCaptcha.jar/jd/captcha/easy/ColorTrainerGUI$7.class
   JD: libs/JAntiCaptcha.jar/jd/captcha/easy/ColorTrainerGUI$8.class
   JD: libs/JAntiCaptcha.jar/jd/captcha/easy/ColorTrainerGUI$9$1.class
   JD: libs/JAntiCaptcha.jar/jd/captcha/easy/ColorTrainerGUI$9.class
   JD: libs/JAntiCaptcha.jar/jd/captcha/easy/ColorTrainerGUI.class
   JD: libs/JAntiCaptcha.jar/jd/captcha/easy/CopyExampleImageFromCaptchaFolder.class
   JD: libs/JAntiCaptcha.jar/jd/captcha/easy/CreateHoster.class
   JD: libs/JAntiCaptcha.jar/jd/captcha/easy/EasyCaptchaTool$1$1.class
   JD: libs/JAntiCaptcha.jar/jd/captcha/easy/EasyCaptchaTool$1$2.class
   JD: libs/JAntiCaptcha.jar/jd/captcha/easy/EasyCaptchaTool$1.class
   JD: libs/JAntiCaptcha.jar/jd/captcha/easy/EasyCaptchaTool$2$1$1.class
   JD: libs/JAntiCaptcha.jar/jd/captcha/easy/EasyCaptchaTool$2$1.class
   JD: libs/JAntiCaptcha.jar/jd/captcha/easy/EasyCaptchaTool$2$2.class
   JD: libs/JAntiCaptcha.jar/jd/captcha/easy/EasyCaptchaTool$2$3$1$1.class
   JD: libs/JAntiCaptcha.jar/jd/captcha/easy/EasyCaptchaTool$2$3$1$2.class
   JD: libs/JAntiCaptcha.jar/jd/captcha/easy/EasyCaptchaTool$2$3$1.class
   JD: libs/JAntiCaptcha.jar/jd/captcha/easy/EasyCaptchaTool$2$3.class
   JD: libs/JAntiCaptcha.jar/jd/captcha/easy/EasyCaptchaTool$2.class
   JD: libs/JAntiCaptcha.jar/jd/captcha/easy/EasyCaptchaTool$3.class
   JD: libs/JAntiCaptcha.jar/jd/captcha/easy/EasyCaptchaTool$4.class
   JD: libs/JAntiCaptcha.jar/jd/captcha/easy/EasyCaptchaTool$5$1.class
   JD: libs/JAntiCaptcha.jar/jd/captcha/easy/EasyCaptchaTool$5.class
   JD: libs/JAntiCaptcha.jar/jd/captcha/easy/EasyCaptchaTool$6$1.class
   JD: libs/JAntiCaptcha.jar/jd/captcha/easy/EasyCaptchaTool$6.class
   JD: libs/JAntiCaptcha.jar/jd/captcha/easy/EasyCaptchaTool$7$1.class
   JD: libs/JAntiCaptcha.jar/jd/captcha/easy/EasyCaptchaTool$7.class
   JD: libs/JAntiCaptcha.jar/jd/captcha/easy/EasyCaptchaTool$8$1.class
   JD: libs/JAntiCaptcha.jar/jd/captcha/easy/EasyCaptchaTool$8.class
   JD: libs/JAntiCaptcha.jar/jd/captcha/easy/EasyCaptchaTool$9$1.class
   JD: libs/JAntiCaptcha.jar/jd/captcha/easy/EasyCaptchaTool$9.class
   JD: libs/JAntiCaptcha.jar/jd/captcha/easy/EasyCaptchaTool.class
   JD: libs/JAntiCaptcha.jar/jd/captcha/easy/EasyMethodFile$1.class
   JD: libs/JAntiCaptcha.jar/jd/captcha/easy/EasyMethodFile$2.class
   JD: libs/JAntiCaptcha.jar/jd/captcha/easy/EasyMethodFile$3.class
   JD: libs/JAntiCaptcha.jar/jd/captcha/easy/EasyMethodFile$4.class
   JD: libs/JAntiCaptcha.jar/jd/captcha/easy/EasyMethodFile.class
   JD: libs/JAntiCaptcha.jar/jd/captcha/easy/load/LoadCaptchas$1.class
   JD: libs/JAntiCaptcha.jar/jd/captcha/easy/load/LoadCaptchas$10.class
   JD: libs/JAntiCaptcha.jar/jd/captcha/easy/load/LoadCaptchas$11.class
   JD: libs/JAntiCaptcha.jar/jd/captcha/easy/load/LoadCaptchas$12.class
   JD: libs/JAntiCaptcha.jar/jd/captcha/easy/load/LoadCaptchas$13.class
   JD: libs/JAntiCaptcha.jar/jd/captcha/easy/load/LoadCaptchas$14.class
   JD: libs/JAntiCaptcha.jar/jd/captcha/easy/load/LoadCaptchas$15.class
   JD: libs/JAntiCaptcha.jar/jd/captcha/easy/load/LoadCaptchas$16.class
   JD: libs/JAntiCaptcha.jar/jd/captcha/easy/load/LoadCaptchas$17.class
   JD: libs/JAntiCaptcha.jar/jd/captcha/easy/load/LoadCaptchas$18.class
   JD: libs/JAntiCaptcha.jar/jd/captcha/easy/load/LoadCaptchas$19.class
   JD: libs/JAntiCaptcha.jar/jd/captcha/easy/load/LoadCaptchas$2.class
   JD: libs/JAntiCaptcha.jar/jd/captcha/easy/load/LoadCaptchas$20.class
   JD: libs/JAntiCaptcha.jar/jd/captcha/easy/load/LoadCaptchas$21$1.class
   JD: libs/JAntiCaptcha.jar/jd/captcha/easy/load/LoadCaptchas$21.class
   JD: libs/JAntiCaptcha.jar/jd/captcha/easy/load/LoadCaptchas$22$1.class
   JD: libs/JAntiCaptcha.jar/jd/captcha/easy/load/LoadCaptchas$22.class
   JD: libs/JAntiCaptcha.jar/jd/captcha/easy/load/LoadCaptchas$23$1.class
   JD: libs/JAntiCaptcha.jar/jd/captcha/easy/load/LoadCaptchas$23$2.class
   JD: libs/JAntiCaptcha.jar/jd/captcha/easy/load/LoadCaptchas$23.class
   JD: libs/JAntiCaptcha.jar/jd/captcha/easy/load/LoadCaptchas$3.class
   JD: libs/JAntiCaptcha.jar/jd/captcha/easy/load/LoadCaptchas$4.class
   JD: libs/JAntiCaptcha.jar/jd/captcha/easy/load/LoadCaptchas$5.class
   JD: libs/JAntiCaptcha.jar/jd/captcha/easy/load/LoadCaptchas$6.class
   JD: libs/JAntiCaptcha.jar/jd/captcha/easy/load/LoadCaptchas$7.class
   JD: libs/JAntiCaptcha.jar/jd/captcha/easy/load/LoadCaptchas$8.class
   JD: libs/JAntiCaptcha.jar/jd/captcha/easy/load/LoadCaptchas$9.class
   JD: libs/JAntiCaptcha.jar/jd/captcha/easy/load/LoadCaptchas.class
   JD: libs/JAntiCaptcha.jar/jd/captcha/easy/load/LoadImage.class
   JD: libs/JAntiCaptcha.jar/jd/captcha/gui/BasicWindow$1.class
   JD: libs/JAntiCaptcha.jar/jd/captcha/gui/BasicWindow$2.class
   JD: libs/JAntiCaptcha.jar/jd/captcha/gui/BasicWindow.class
   JD: libs/JAntiCaptcha.jar/jd/captcha/gui/ScrollPaneWindow$1.class
   JD: libs/JAntiCaptcha.jar/jd/captcha/gui/ScrollPaneWindow.class
   JD: libs/JAntiCaptcha.jar/jd/captcha/pixelgrid/BinLetters.class
   JD: libs/JAntiCaptcha.jar/jd/captcha/pixelgrid/Captcha.class
   JD: libs/JAntiCaptcha.jar/jd/captcha/pixelgrid/ColoredPixelGrid$1.class
   JD: libs/JAntiCaptcha.jar/jd/captcha/pixelgrid/ColoredPixelGrid$2.class
   JD: libs/JAntiCaptcha.jar/jd/captcha/pixelgrid/ColoredPixelGrid.class
   JD: libs/JAntiCaptcha.jar/jd/captcha/pixelgrid/Letter.class
   JD: libs/JAntiCaptcha.jar/jd/captcha/pixelgrid/PixelGrid$1.class
   JD: libs/JAntiCaptcha.jar/jd/captcha/pixelgrid/PixelGrid$2.class
   JD: libs/JAntiCaptcha.jar/jd/captcha/pixelgrid/PixelGrid.class
   JD: libs/JAntiCaptcha.jar/jd/captcha/pixelobject/PixelObject.class
   JD: libs/JAntiCaptcha.jar/jd/captcha/pixelobject/PixelObjectColor.class
   JD: libs/JAntiCaptcha.jar/jd/captcha/specials/Cbrsharsk.class
   JD: libs/JAntiCaptcha.jar/jd/captcha/specials/Circle$1.class
   JD: libs/JAntiCaptcha.jar/jd/captcha/specials/Circle.class
   JD: libs/JAntiCaptcha.jar/jd/captcha/specials/CllCtRnT.class
   JD: libs/JAntiCaptcha.jar/jd/captcha/specials/ColorObjects$1.class
   JD: libs/JAntiCaptcha.jar/jd/captcha/specials/ColorObjects.class
   JD: libs/JAntiCaptcha.jar/jd/captcha/specials/ColoredObject.class
   JD: libs/JAntiCaptcha.jar/jd/captcha/specials/CrpTm.class
   JD: libs/JAntiCaptcha.jar/jd/captcha/specials/Dlm.class
   JD: libs/JAntiCaptcha.jar/jd/captcha/specials/DtnKlnT.class
   JD: libs/JAntiCaptcha.jar/jd/captcha/specials/EasyCaptcha.class
   JD: libs/JAntiCaptcha.jar/jd/captcha/specials/FlDRR.class
   JD: libs/JAntiCaptcha.jar/jd/captcha/specials/GifBlackCleaner.class
   JD: libs/JAntiCaptcha.jar/jd/captcha/specials/GmdMscCm$1.class
   JD: libs/JAntiCaptcha.jar/jd/captcha/specials/GmdMscCm.class
   JD: libs/JAntiCaptcha.jar/jd/captcha/specials/Hq2x.class
   JD: libs/JAntiCaptcha.jar/jd/captcha/specials/HstjNt.class
   JD: libs/JAntiCaptcha.jar/jd/captcha/specials/LinkbaseBiz.class
   JD: libs/JAntiCaptcha.jar/jd/captcha/specials/Linksave.class
   JD: libs/JAntiCaptcha.jar/jd/captcha/specials/Lnkcrptws$1.class
   JD: libs/JAntiCaptcha.jar/jd/captcha/specials/Lnkcrptws.class
   JD: libs/JAntiCaptcha.jar/jd/captcha/specials/LphlnK.class
   JD: libs/JAntiCaptcha.jar/jd/captcha/specials/Ncrypt.class
   JD: libs/JAntiCaptcha.jar/jd/captcha/specials/NtLdN.class
   JD: libs/JAntiCaptcha.jar/jd/captcha/specials/PpscnRg.class
   JD: libs/JAntiCaptcha.jar/jd/captcha/specials/ProtectItOrg.class
   JD: libs/JAntiCaptcha.jar/jd/captcha/specials/RmFrksNt$1.class
   JD: libs/JAntiCaptcha.jar/jd/captcha/specials/RmFrksNt.class
   JD: libs/JAntiCaptcha.jar/jd/captcha/specials/Scm.class
   JD: libs/JAntiCaptcha.jar/jd/captcha/specials/ShrLnksBz.class.removed
   JD: libs/JAntiCaptcha.jar/jd/captcha/specials/ThreeDlTv.class
   JD: libs/JAntiCaptcha.jar/jd/captcha/specials/WbShRnt$1colorD.class
   JD: libs/JAntiCaptcha.jar/jd/captcha/specials/WbShRnt.class
   JD: libs/JAntiCaptcha.jar/jd/captcha/translate/T.class
   JD: libs/JAntiCaptcha.jar/jd/captcha/utils/GifDecoder.class
   JD: libs/JAntiCaptcha.jar/jd/captcha/utils/LZWEncoder.class
   JD: libs/JAntiCaptcha.jar/jd/captcha/utils/NeuQuant.class
   JD: libs/JAntiCaptcha.jar/jd/captcha/utils/RecaptchaTypeTester$RecaptchaType.class
   JD: libs/JAntiCaptcha.jar/jd/captcha/utils/RecaptchaTypeTester.class
   JD: libs/JAntiCaptcha.jar/jd/captcha/utils/Utilities.class
   JD: libs/JDGUI.jar/META-INF/MANIFEST.MF
   JD: libs/JDGUI.jar/jd/gui/UserIO$1.class
   JD: libs/JDGUI.jar/jd/gui/UserIO$2.class
   JD: libs/JDGUI.jar/jd/gui/UserIO$3.class
   JD: libs/JDGUI.jar/jd/gui/UserIO.class
   JD: libs/JDGUI.jar/jd/gui/swing/AWTMacOSApplicationAdapter$1$1$1$1.class
   JD: libs/JDGUI.jar/jd/gui/swing/AWTMacOSApplicationAdapter$1$1$1$2.class
   JD: libs/JDGUI.jar/jd/gui/swing/AWTMacOSApplicationAdapter$1$1$1.class
   JD: libs/JDGUI.jar/jd/gui/swing/AWTMacOSApplicationAdapter$1$1.class
   JD: libs/JDGUI.jar/jd/gui/swing/AWTMacOSApplicationAdapter$1.class
   JD: libs/JDGUI.jar/jd/gui/swing/AWTMacOSApplicationAdapter$2$1$1.class
   JD: libs/JDGUI.jar/jd/gui/swing/AWTMacOSApplicationAdapter$2$1.class
   JD: libs/JDGUI.jar/jd/gui/swing/AWTMacOSApplicationAdapter$2.class
   JD: libs/JDGUI.jar/jd/gui/swing/AWTMacOSApplicationAdapter$3$1$1.class
   JD: libs/JDGUI.jar/jd/gui/swing/AWTMacOSApplicationAdapter$3$1.class
   JD: libs/JDGUI.jar/jd/gui/swing/AWTMacOSApplicationAdapter$3.class
   JD: libs/JDGUI.jar/jd/gui/swing/AWTMacOSApplicationAdapter$4$1$1.class
   JD: libs/JDGUI.jar/jd/gui/swing/AWTMacOSApplicationAdapter$4$1.class
   JD: libs/JDGUI.jar/jd/gui/swing/AWTMacOSApplicationAdapter$4.class
   JD: libs/JDGUI.jar/jd/gui/swing/AWTMacOSApplicationAdapter$5.class
   JD: libs/JDGUI.jar/jd/gui/swing/AWTMacOSApplicationAdapter$6$1$1.class
   JD: libs/JDGUI.jar/jd/gui/swing/AWTMacOSApplicationAdapter$6$1.class
   JD: libs/JDGUI.jar/jd/gui/swing/AWTMacOSApplicationAdapter$6.class
   JD: libs/JDGUI.jar/jd/gui/swing/AWTMacOSApplicationAdapter.class
   JD: libs/JDGUI.jar/jd/gui/swing/EAWTMacOSApplicationAdapter$1.class
   JD: libs/JDGUI.jar/jd/gui/swing/EAWTMacOSApplicationAdapter$2$1.class
   JD: libs/JDGUI.jar/jd/gui/swing/EAWTMacOSApplicationAdapter$2$2.class
   JD: libs/JDGUI.jar/jd/gui/swing/EAWTMacOSApplicationAdapter$2$3.class
   JD: libs/JDGUI.jar/jd/gui/swing/EAWTMacOSApplicationAdapter$2.class
   JD: libs/JDGUI.jar/jd/gui/swing/EAWTMacOSApplicationAdapter$3$1.class
   JD: libs/JDGUI.jar/jd/gui/swing/EAWTMacOSApplicationAdapter$3$2.class
   JD: libs/JDGUI.jar/jd/gui/swing/EAWTMacOSApplicationAdapter$3$3.class
   JD: libs/JDGUI.jar/jd/gui/swing/EAWTMacOSApplicationAdapter$3.class
   JD: libs/JDGUI.jar/jd/gui/swing/EAWTMacOSApplicationAdapter$4$1.class
   JD: libs/JDGUI.jar/jd/gui/swing/EAWTMacOSApplicationAdapter$4$2.class
   JD: libs/JDGUI.jar/jd/gui/swing/EAWTMacOSApplicationAdapter$4.class
   JD: libs/JDGUI.jar/jd/gui/swing/EAWTMacOSApplicationAdapter$5.class
   JD: libs/JDGUI.jar/jd/gui/swing/EAWTMacOSApplicationAdapter$6.class
   JD: libs/JDGUI.jar/jd/gui/swing/EAWTMacOSApplicationAdapter.class
   JD: libs/JDGUI.jar/jd/gui/swing/Factory.class
   JD: libs/JDGUI.jar/jd/gui/swing/JUndoManager$1.class
   JD: libs/JDGUI.jar/jd/gui/swing/JUndoManager$2.class
   JD: libs/JDGUI.jar/jd/gui/swing/JUndoManager$3.class
   JD: libs/JDGUI.jar/jd/gui/swing/JUndoManager.class
   JD: libs/JDGUI.jar/jd/gui/swing/components/BrowseFile.class
   JD: libs/JDGUI.jar/jd/gui/swing/components/ComboBrowseFile$1.class
   JD: libs/JDGUI.jar/jd/gui/swing/components/ComboBrowseFile$2.class
   JD: libs/JDGUI.jar/jd/gui/swing/components/ComboBrowseFile$3.class
   JD: libs/JDGUI.jar/jd/gui/swing/components/ComboBrowseFile$4.class
   JD: libs/JDGUI.jar/jd/gui/swing/components/ComboBrowseFile$5.class
   JD: libs/JDGUI.jar/jd/gui/swing/components/ComboBrowseFile.class
   JD: libs/JDGUI.jar/jd/gui/swing/components/JDSpinner$1.class
   JD: libs/JDGUI.jar/jd/gui/swing/components/JDSpinner.class
   JD: libs/JDGUI.jar/jd/gui/swing/components/JDTextArea.class
   JD: libs/JDGUI.jar/jd/gui/swing/components/JDTextField.class
   JD: libs/JDGUI.jar/jd/gui/swing/components/JExtCheckBoxMenuItem.class
   JD: libs/JDGUI.jar/jd/gui/swing/components/JWindowTooltip$1.class
   JD: libs/JDGUI.jar/jd/gui/swing/components/JWindowTooltip$2.class
   JD: libs/JDGUI.jar/jd/gui/swing/components/JWindowTooltip$TooltipUpdater.class
   JD: libs/JDGUI.jar/jd/gui/swing/components/JWindowTooltip.class
   JD: libs/JDGUI.jar/jd/gui/swing/components/MouseFollower$1$1.class
   JD: libs/JDGUI.jar/jd/gui/swing/components/MouseFollower$1.class
   JD: libs/JDGUI.jar/jd/gui/swing/components/MouseFollower.class
   JD: libs/JDGUI.jar/jd/gui/swing/components/linkbutton/JLink$1.class
   JD: libs/JDGUI.jar/jd/gui/swing/components/linkbutton/JLink$2.class
   JD: libs/JDGUI.jar/jd/gui/swing/components/linkbutton/JLink$3.class
   JD: libs/JDGUI.jar/jd/gui/swing/components/linkbutton/JLink.class
   JD: libs/JDGUI.jar/jd/gui/swing/dialog/AboutDialog$1$1.class
   JD: libs/JDGUI.jar/jd/gui/swing/dialog/AboutDialog$1.class
   JD: libs/JDGUI.jar/jd/gui/swing/dialog/AboutDialog$2.class
   JD: libs/JDGUI.jar/jd/gui/swing/dialog/AboutDialog$3.class
   JD: libs/JDGUI.jar/jd/gui/swing/dialog/AboutDialog$4$1.class
   JD: libs/JDGUI.jar/jd/gui/swing/dialog/AboutDialog$4.class
   JD: libs/JDGUI.jar/jd/gui/swing/dialog/AboutDialog.class
   JD: libs/JDGUI.jar/jd/gui/swing/dialog/AbstractImageCaptchaDialog$1.class
   JD: libs/JDGUI.jar/jd/gui/swing/dialog/AbstractImageCaptchaDialog$2.class
   JD: libs/JDGUI.jar/jd/gui/swing/dialog/AbstractImageCaptchaDialog.class
   JD: libs/JDGUI.jar/jd/gui/swing/dialog/AddAccountDialog$1.class
   JD: libs/JDGUI.jar/jd/gui/swing/dialog/AddAccountDialog$2.class
   JD: libs/JDGUI.jar/jd/gui/swing/dialog/AddAccountDialog$3.class
   JD: libs/JDGUI.jar/jd/gui/swing/dialog/AddAccountDialog$4.class
   JD: libs/JDGUI.jar/jd/gui/swing/dialog/AddAccountDialog$5.class
   JD: libs/JDGUI.jar/jd/gui/swing/dialog/AddAccountDialog$6$1$1.class
   JD: libs/JDGUI.jar/jd/gui/swing/dialog/AddAccountDialog$6$1.class
   JD: libs/JDGUI.jar/jd/gui/swing/dialog/AddAccountDialog$6.class
   JD: libs/JDGUI.jar/jd/gui/swing/dialog/AddAccountDialog$7.class
   JD: libs/JDGUI.jar/jd/gui/swing/dialog/AddAccountDialog$8.class
   JD: libs/JDGUI.jar/jd/gui/swing/dialog/AddAccountDialog$9.class
   JD: libs/JDGUI.jar/jd/gui/swing/dialog/AddAccountDialog.class
   JD: libs/JDGUI.jar/jd/gui/swing/dialog/CaptchaDialog$1.class
   JD: libs/JDGUI.jar/jd/gui/swing/dialog/CaptchaDialog$2.class
   JD: libs/JDGUI.jar/jd/gui/swing/dialog/CaptchaDialog$3.class
   JD: libs/JDGUI.jar/jd/gui/swing/dialog/CaptchaDialog$4.class
   JD: libs/JDGUI.jar/jd/gui/swing/dialog/CaptchaDialog.class
   JD: libs/JDGUI.jar/jd/gui/swing/dialog/ClickCaptchaDialog$1.class
   JD: libs/JDGUI.jar/jd/gui/swing/dialog/ClickCaptchaDialog.class
   JD: libs/JDGUI.jar/jd/gui/swing/dialog/CreditsDialog.class
   JD: libs/JDGUI.jar/jd/gui/swing/dialog/DialogType.class
   JD: libs/JDGUI.jar/jd/gui/swing/dialog/HosterChooserTable.class
   JD: libs/JDGUI.jar/jd/gui/swing/dialog/HosterChooserTableModel$1.class
   JD: libs/JDGUI.jar/jd/gui/swing/dialog/HosterChooserTableModel$2.class
   JD: libs/JDGUI.jar/jd/gui/swing/dialog/HosterChooserTableModel$3$1.class
   JD: libs/JDGUI.jar/jd/gui/swing/dialog/HosterChooserTableModel$3.class
   JD: libs/JDGUI.jar/jd/gui/swing/dialog/HosterChooserTableModel$4.class
   JD: libs/JDGUI.jar/jd/gui/swing/dialog/HosterChooserTableModel$5.class
   JD: libs/JDGUI.jar/jd/gui/swing/dialog/HosterChooserTableModel.class
   JD: libs/JDGUI.jar/jd/gui/swing/dialog/InputOKButtonAdapter$1.class
   JD: libs/JDGUI.jar/jd/gui/swing/dialog/InputOKButtonAdapter.class
   JD: libs/JDGUI.jar/jd/gui/swing/dialog/MultiClickCaptchaDialog$1.class
   JD: libs/JDGUI.jar/jd/gui/swing/dialog/MultiClickCaptchaDialog.class
   JD: libs/JDGUI.jar/jd/gui/swing/dialog/ProxyDialog$1.class
   JD: libs/JDGUI.jar/jd/gui/swing/dialog/ProxyDialog$2.class
   JD: libs/JDGUI.jar/jd/gui/swing/dialog/ProxyDialog$3$1.class
   JD: libs/JDGUI.jar/jd/gui/swing/dialog/ProxyDialog$3.class
   JD: libs/JDGUI.jar/jd/gui/swing/dialog/ProxyDialog$4$1.class
   JD: libs/JDGUI.jar/jd/gui/swing/dialog/ProxyDialog$4.class
   JD: libs/JDGUI.jar/jd/gui/swing/dialog/ProxyDialog$NetIfSelection.class
   JD: libs/JDGUI.jar/jd/gui/swing/dialog/ProxyDialog.class
   JD: libs/JDGUI.jar/jd/gui/swing/dialog/TwoTextFieldDialog.class
   JD: libs/JDGUI.jar/jd/gui/swing/jdgui/BasicJDTable$1.class
   JD: libs/JDGUI.jar/jd/gui/swing/jdgui/BasicJDTable$2.class
   JD: libs/JDGUI.jar/jd/gui/swing/jdgui/BasicJDTable$3.class
   JD: libs/JDGUI.jar/jd/gui/swing/jdgui/BasicJDTable$4.class
   JD: libs/JDGUI.jar/jd/gui/swing/jdgui/BasicJDTable$5.class
   JD: libs/JDGUI.jar/jd/gui/swing/jdgui/BasicJDTable$6.class
   JD: libs/JDGUI.jar/jd/gui/swing/jdgui/BasicJDTable.class
   JD: libs/JDGUI.jar/jd/gui/swing/jdgui/DonateTabHeader$1.class
   JD: libs/JDGUI.jar/jd/gui/swing/jdgui/DonateTabHeader$2.class
   JD: libs/JDGUI.jar/jd/gui/swing/jdgui/DonateTabHeader$3.class
   JD: libs/JDGUI.jar/jd/gui/swing/jdgui/DonateTabHeader.class
   JD: libs/JDGUI.jar/jd/gui/swing/jdgui/JDGui$1.class
   JD: libs/JDGUI.jar/jd/gui/swing/jdgui/JDGui$10$1$1$1$1.class
   JD: libs/JDGUI.jar/jd/gui/swing/jdgui/JDGui$10$1$1$1.class
   JD: libs/JDGUI.jar/jd/gui/swing/jdgui/JDGui$10$1$1.class
   JD: libs/JDGUI.jar/jd/gui/swing/jdgui/JDGui$10$1.class
   JD: libs/JDGUI.jar/jd/gui/swing/jdgui/JDGui$10$2.class
   JD: libs/JDGUI.jar/jd/gui/swing/jdgui/JDGui$10.class
   JD: libs/JDGUI.jar/jd/gui/swing/jdgui/JDGui$11$1.class
   JD: libs/JDGUI.jar/jd/gui/swing/jdgui/JDGui$11.class
   JD: libs/JDGUI.jar/jd/gui/swing/jdgui/JDGui$12$1.class
   JD: libs/JDGUI.jar/jd/gui/swing/jdgui/JDGui$12.class
   JD: libs/JDGUI.jar/jd/gui/swing/jdgui/JDGui$13.class
   JD: libs/JDGUI.jar/jd/gui/swing/jdgui/JDGui$14.class
   JD: libs/JDGUI.jar/jd/gui/swing/jdgui/JDGui$15.class
   JD: libs/JDGUI.jar/jd/gui/swing/jdgui/JDGui$16$1.class
   JD: libs/JDGUI.jar/jd/gui/swing/jdgui/JDGui$16.class
   JD: libs/JDGUI.jar/jd/gui/swing/jdgui/JDGui$17.class
   JD: libs/JDGUI.jar/jd/gui/swing/jdgui/JDGui$18.class
   JD: libs/JDGUI.jar/jd/gui/swing/jdgui/JDGui$19.class
   JD: libs/JDGUI.jar/jd/gui/swing/jdgui/JDGui$2.class
   JD: libs/JDGUI.jar/jd/gui/swing/jdgui/JDGui$20.class
   JD: libs/JDGUI.jar/jd/gui/swing/jdgui/JDGui$21$1.class
   JD: libs/JDGUI.jar/jd/gui/swing/jdgui/JDGui$21.class
   JD: libs/JDGUI.jar/jd/gui/swing/jdgui/JDGui$22.class
   JD: libs/JDGUI.jar/jd/gui/swing/jdgui/JDGui$23.class
   JD: libs/JDGUI.jar/jd/gui/swing/jdgui/JDGui$24.class
   JD: libs/JDGUI.jar/jd/gui/swing/jdgui/JDGui$25$1.class
   JD: libs/JDGUI.jar/jd/gui/swing/jdgui/JDGui$25.class
   JD: libs/JDGUI.jar/jd/gui/swing/jdgui/JDGui$26$1.class
   JD: libs/JDGUI.jar/jd/gui/swing/jdgui/JDGui$26.class
   JD: libs/JDGUI.jar/jd/gui/swing/jdgui/JDGui$27.class
   JD: libs/JDGUI.jar/jd/gui/swing/jdgui/JDGui$28.class
   JD: libs/JDGUI.jar/jd/gui/swing/jdgui/JDGui$29.class
   JD: libs/JDGUI.jar/jd/gui/swing/jdgui/JDGui$3.class
   JD: libs/JDGUI.jar/jd/gui/swing/jdgui/JDGui$30.class
   JD: libs/JDGUI.jar/jd/gui/swing/jdgui/JDGui$31.class
   JD: libs/JDGUI.jar/jd/gui/swing/jdgui/JDGui$32.class
   JD: libs/JDGUI.jar/jd/gui/swing/jdgui/JDGui$33$1.class
   JD: libs/JDGUI.jar/jd/gui/swing/jdgui/JDGui$33$2.class
   JD: libs/JDGUI.jar/jd/gui/swing/jdgui/JDGui$33.class
   JD: libs/JDGUI.jar/jd/gui/swing/jdgui/JDGui$34$1.class
   JD: libs/JDGUI.jar/jd/gui/swing/jdgui/JDGui$34$2.class
   JD: libs/JDGUI.jar/jd/gui/swing/jdgui/JDGui$34.class
   JD: libs/JDGUI.jar/jd/gui/swing/jdgui/JDGui$35.class
   JD: libs/JDGUI.jar/jd/gui/swing/jdgui/JDGui$36.class
   JD: libs/JDGUI.jar/jd/gui/swing/jdgui/JDGui$37.class
   JD: libs/JDGUI.jar/jd/gui/swing/jdgui/JDGui$4$1.class
   JD: libs/JDGUI.jar/jd/gui/swing/jdgui/JDGui$4.class
   JD: libs/JDGUI.jar/jd/gui/swing/jdgui/JDGui$5$1.class
   JD: libs/JDGUI.jar/jd/gui/swing/jdgui/JDGui$5.class
   JD: libs/JDGUI.jar/jd/gui/swing/jdgui/JDGui$6.class
   JD: libs/JDGUI.jar/jd/gui/swing/jdgui/JDGui$7$1.class
   JD: libs/JDGUI.jar/jd/gui/swing/jdgui/JDGui$7.class
   JD: libs/JDGUI.jar/jd/gui/swing/jdgui/JDGui$8.class
   JD: libs/JDGUI.jar/jd/gui/swing/jdgui/JDGui$9.class
   JD: libs/JDGUI.jar/jd/gui/swing/jdgui/JDGui$Panels.class
   JD: libs/JDGUI.jar/jd/gui/swing/jdgui/JDGui.class
   JD: libs/JDGUI.jar/jd/gui/swing/jdgui/JDownloaderMainFrame$1.class
   JD: libs/JDGUI.jar/jd/gui/swing/jdgui/JDownloaderMainFrame$2.class
   JD: libs/JDGUI.jar/jd/gui/swing/jdgui/JDownloaderMainFrame$3.class
   JD: libs/JDGUI.jar/jd/gui/swing/jdgui/JDownloaderMainFrame$4.class
   JD: libs/JDGUI.jar/jd/gui/swing/jdgui/JDownloaderMainFrame.class
   JD: libs/JDGUI.jar/jd/gui/swing/jdgui/LockAllColumnsAction.class
   JD: libs/JDGUI.jar/jd/gui/swing/jdgui/MainTabbedPane$1.class
   JD: libs/JDGUI.jar/jd/gui/swing/jdgui/MainTabbedPane$2.class
   JD: libs/JDGUI.jar/jd/gui/swing/jdgui/MainTabbedPane$3.class
   JD: libs/JDGUI.jar/jd/gui/swing/jdgui/MainTabbedPane$4$1.class
   JD: libs/JDGUI.jar/jd/gui/swing/jdgui/MainTabbedPane$4.class
   JD: libs/JDGUI.jar/jd/gui/swing/jdgui/MainTabbedPane$5.class
   JD: libs/JDGUI.jar/jd/gui/swing/jdgui/MainTabbedPane$6.class
   JD: libs/JDGUI.jar/jd/gui/swing/jdgui/MainTabbedPane$7.class
   JD: libs/JDGUI.jar/jd/gui/swing/jdgui/MainTabbedPane$8.class
   JD: libs/JDGUI.jar/jd/gui/swing/jdgui/MainTabbedPane$9.class
   JD: libs/JDGUI.jar/jd/gui/swing/jdgui/MainTabbedPane.class
   JD: libs/JDGUI.jar/jd/gui/swing/jdgui/WarnLevel.class
   JD: libs/JDGUI.jar/jd/gui/swing/jdgui/borders/InsideShadowBorder.class
   JD: libs/JDGUI.jar/jd/gui/swing/jdgui/components/CaptchaIndicator$1.class
   JD: libs/JDGUI.jar/jd/gui/swing/jdgui/components/CaptchaIndicator$2.class
   JD: libs/JDGUI.jar/jd/gui/swing/jdgui/components/CaptchaIndicator$3.class
   JD: libs/JDGUI.jar/jd/gui/swing/jdgui/components/CaptchaIndicator$4.class
   JD: libs/JDGUI.jar/jd/gui/swing/jdgui/components/CaptchaIndicator$5.class
   JD: libs/JDGUI.jar/jd/gui/swing/jdgui/components/CaptchaIndicator$6.class
   JD: libs/JDGUI.jar/jd/gui/swing/jdgui/components/CaptchaIndicator$7.class
   JD: libs/JDGUI.jar/jd/gui/swing/jdgui/components/CaptchaIndicator$8.class
   JD: libs/JDGUI.jar/jd/gui/swing/jdgui/components/CaptchaIndicator.class
   JD: libs/JDGUI.jar/jd/gui/swing/jdgui/components/IconedProcessIndicator.class
   JD: libs/JDGUI.jar/jd/gui/swing/jdgui/components/JDProgressBar.class
   JD: libs/JDGUI.jar/jd/gui/swing/jdgui/components/JobLinkCrawlerIndicator$1.class
   JD: libs/JDGUI.jar/jd/gui/swing/jdgui/components/JobLinkCrawlerIndicator$2.class
   JD: libs/JDGUI.jar/jd/gui/swing/jdgui/components/JobLinkCrawlerIndicator$3.class
   JD: libs/JDGUI.jar/jd/gui/swing/jdgui/components/JobLinkCrawlerIndicator.class
   JD: libs/JDGUI.jar/jd/gui/swing/jdgui/components/LinkCheckerIndicator$1.class
   JD: libs/JDGUI.jar/jd/gui/swing/jdgui/components/LinkCheckerIndicator$2.class
   JD: libs/JDGUI.jar/jd/gui/swing/jdgui/components/LinkCheckerIndicator.class
   JD: libs/JDGUI.jar/jd/gui/swing/jdgui/components/ReconnectProgress.class
   JD: libs/JDGUI.jar/jd/gui/swing/jdgui/components/StatusBarImpl$1$1.class
   JD: libs/JDGUI.jar/jd/gui/swing/jdgui/components/StatusBarImpl$1.class
   JD: libs/JDGUI.jar/jd/gui/swing/jdgui/components/StatusBarImpl$2$1.class
   JD: libs/JDGUI.jar/jd/gui/swing/jdgui/components/StatusBarImpl$2$2.class
   JD: libs/JDGUI.jar/jd/gui/swing/jdgui/components/StatusBarImpl$2.class
   JD: libs/JDGUI.jar/jd/gui/swing/jdgui/components/StatusBarImpl$3$1.class
   JD: libs/JDGUI.jar/jd/gui/swing/jdgui/components/StatusBarImpl$3.class
   JD: libs/JDGUI.jar/jd/gui/swing/jdgui/components/StatusBarImpl$4$1.class
   JD: libs/JDGUI.jar/jd/gui/swing/jdgui/components/StatusBarImpl$4.class
   JD: libs/JDGUI.jar/jd/gui/swing/jdgui/components/StatusBarImpl$5$1.class
   JD: libs/JDGUI.jar/jd/gui/swing/jdgui/components/StatusBarImpl$5.class
   JD: libs/JDGUI.jar/jd/gui/swing/jdgui/components/StatusBarImpl$6$1.class
   JD: libs/JDGUI.jar/jd/gui/swing/jdgui/components/StatusBarImpl$6.class
   JD: libs/JDGUI.jar/jd/gui/swing/jdgui/components/StatusBarImpl$7$1.class
   JD: libs/JDGUI.jar/jd/gui/swing/jdgui/components/StatusBarImpl$7.class
   JD: libs/JDGUI.jar/jd/gui/swing/jdgui/components/StatusBarImpl$8.class
   JD: libs/JDGUI.jar/jd/gui/swing/jdgui/components/StatusBarImpl.class
   JD: libs/JDGUI.jar/jd/gui/swing/jdgui/components/premiumbar/AccountListTable$1.class
   JD: libs/JDGUI.jar/jd/gui/swing/jdgui/components/premiumbar/AccountListTable.class
   JD: libs/JDGUI.jar/jd/gui/swing/jdgui/components/premiumbar/AccountListTableModel$1.class
   JD: libs/JDGUI.jar/jd/gui/swing/jdgui/components/premiumbar/AccountListTableModel$10.class
   JD: libs/JDGUI.jar/jd/gui/swing/jdgui/components/premiumbar/AccountListTableModel$11.class
   JD: libs/JDGUI.jar/jd/gui/swing/jdgui/components/premiumbar/AccountListTableModel$12.class
   JD: libs/JDGUI.jar/jd/gui/swing/jdgui/components/premiumbar/AccountListTableModel$2.class
   JD: libs/JDGUI.jar/jd/gui/swing/jdgui/components/premiumbar/AccountListTableModel$3$1.class
   JD: libs/JDGUI.jar/jd/gui/swing/jdgui/components/premiumbar/AccountListTableModel$3.class
   JD: libs/JDGUI.jar/jd/gui/swing/jdgui/components/premiumbar/AccountListTableModel$4.class
   JD: libs/JDGUI.jar/jd/gui/swing/jdgui/components/premiumbar/AccountListTableModel$5.class
   JD: libs/JDGUI.jar/jd/gui/swing/jdgui/components/premiumbar/AccountListTableModel$6.class
   JD: libs/JDGUI.jar/jd/gui/swing/jdgui/components/premiumbar/AccountListTableModel$7.class
   JD: libs/JDGUI.jar/jd/gui/swing/jdgui/components/premiumbar/AccountListTableModel$8$1.class
   JD: libs/JDGUI.jar/jd/gui/swing/jdgui/components/premiumbar/AccountListTableModel$8.class
   JD: libs/JDGUI.jar/jd/gui/swing/jdgui/components/premiumbar/AccountListTableModel$9$1.class
   JD: libs/JDGUI.jar/jd/gui/swing/jdgui/components/premiumbar/AccountListTableModel$9$2.class
   JD: libs/JDGUI.jar/jd/gui/swing/jdgui/components/premiumbar/AccountListTableModel$9.class
   JD: libs/JDGUI.jar/jd/gui/swing/jdgui/components/premiumbar/AccountListTableModel.class
   JD: libs/JDGUI.jar/jd/gui/swing/jdgui/components/premiumbar/AccountServiceCollection.class
   JD: libs/JDGUI.jar/jd/gui/swing/jdgui/components/premiumbar/AccountTooltip$1.class
   JD: libs/JDGUI.jar/jd/gui/swing/jdgui/components/premiumbar/AccountTooltip$2.class
   JD: libs/JDGUI.jar/jd/gui/swing/jdgui/components/premiumbar/AccountTooltip$3.class
   JD: libs/JDGUI.jar/jd/gui/swing/jdgui/components/premiumbar/AccountTooltip$4.class
   JD: libs/JDGUI.jar/jd/gui/swing/jdgui/components/premiumbar/AccountTooltip.class
   JD: libs/JDGUI.jar/jd/gui/swing/jdgui/components/premiumbar/ServiceCollection.class
   JD: libs/JDGUI.jar/jd/gui/swing/jdgui/components/premiumbar/ServicePanel$1.class
   JD: libs/JDGUI.jar/jd/gui/swing/jdgui/components/premiumbar/ServicePanel$2.class
   JD: libs/JDGUI.jar/jd/gui/swing/jdgui/components/premiumbar/ServicePanel$3.class
   JD: libs/JDGUI.jar/jd/gui/swing/jdgui/components/premiumbar/ServicePanel$4$1$1.class
   JD: libs/JDGUI.jar/jd/gui/swing/jdgui/components/premiumbar/ServicePanel$4$1.class
   JD: libs/JDGUI.jar/jd/gui/swing/jdgui/components/premiumbar/ServicePanel$4.class
   JD: libs/JDGUI.jar/jd/gui/swing/jdgui/components/premiumbar/ServicePanel$5$1$1.class
   JD: libs/JDGUI.jar/jd/gui/swing/jdgui/components/premiumbar/ServicePanel$5$1.class
   JD: libs/JDGUI.jar/jd/gui/swing/jdgui/components/premiumbar/ServicePanel$5.class
   JD: libs/JDGUI.jar/jd/gui/swing/jdgui/components/premiumbar/ServicePanel$6.class
   JD: libs/JDGUI.jar/jd/gui/swing/jdgui/components/premiumbar/ServicePanel$7.class
   JD: libs/JDGUI.jar/jd/gui/swing/jdgui/components/premiumbar/ServicePanel.class
   JD: libs/JDGUI.jar/jd/gui/swing/jdgui/components/premiumbar/TinyProgressBar$1.class
   JD: libs/JDGUI.jar/jd/gui/swing/jdgui/components/premiumbar/TinyProgressBar$2.class
   JD: libs/JDGUI.jar/jd/gui/swing/jdgui/components/premiumbar/TinyProgressBar$3.class
   JD: libs/JDGUI.jar/jd/gui/swing/jdgui/components/premiumbar/TinyProgressBar.class
   JD: libs/JDGUI.jar/jd/gui/swing/jdgui/components/speedmeter/SpeedMeterPanel$1.class
   JD: libs/JDGUI.jar/jd/gui/swing/jdgui/components/speedmeter/SpeedMeterPanel$2$1.class
   JD: libs/JDGUI.jar/jd/gui/swing/jdgui/components/speedmeter/SpeedMeterPanel$2.class
   JD: libs/JDGUI.jar/jd/gui/swing/jdgui/components/speedmeter/SpeedMeterPanel$3$1.class
   JD: libs/JDGUI.jar/jd/gui/swing/jdgui/components/speedmeter/SpeedMeterPanel$3.class
   JD: libs/JDGUI.jar/jd/gui/swing/jdgui/components/speedmeter/SpeedMeterPanel.class
   JD: libs/JDGUI.jar/jd/gui/swing/jdgui/components/toolbar/AlwaysOnTopGuiToogleAction.class
   JD: libs/JDGUI.jar/jd/gui/swing/jdgui/components/toolbar/MainToolBar$1$1$1.class
   JD: libs/JDGUI.jar/jd/gui/swing/jdgui/components/toolbar/MainToolBar$1$1.class
   JD: libs/JDGUI.jar/jd/gui/swing/jdgui/components/toolbar/MainToolBar$1.class
   JD: libs/JDGUI.jar/jd/gui/swing/jdgui/components/toolbar/MainToolBar$10.class
   JD: libs/JDGUI.jar/jd/gui/swing/jdgui/components/toolbar/MainToolBar$11.class
   JD: libs/JDGUI.jar/jd/gui/swing/jdgui/components/toolbar/MainToolBar$12$1.class
   JD: libs/JDGUI.jar/jd/gui/swing/jdgui/components/toolbar/MainToolBar$12.class
   JD: libs/JDGUI.jar/jd/gui/swing/jdgui/components/toolbar/MainToolBar$2$1.class
   JD: libs/JDGUI.jar/jd/gui/swing/jdgui/components/toolbar/MainToolBar$2.class
   JD: libs/JDGUI.jar/jd/gui/swing/jdgui/components/toolbar/MainToolBar$3.class
   JD: libs/JDGUI.jar/jd/gui/swing/jdgui/components/toolbar/MainToolBar$4.class
   JD: libs/JDGUI.jar/jd/gui/swing/jdgui/components/toolbar/MainToolBar$5$1$1.class
   JD: libs/JDGUI.jar/jd/gui/swing/jdgui/components/toolbar/MainToolBar$5$1.class
   JD: libs/JDGUI.jar/jd/gui/swing/jdgui/components/toolbar/MainToolBar$5$2.class
   JD: libs/JDGUI.jar/jd/gui/swing/jdgui/components/toolbar/MainToolBar$5.class
   JD: libs/JDGUI.jar/jd/gui/swing/jdgui/components/toolbar/MainToolBar$6$1.class
   JD: libs/JDGUI.jar/jd/gui/swing/jdgui/components/toolbar/MainToolBar$6.class
   JD: libs/JDGUI.jar/jd/gui/swing/jdgui/components/toolbar/MainToolBar$7.class
   JD: libs/JDGUI.jar/jd/gui/swing/jdgui/components/toolbar/MainToolBar$8.class
   JD: libs/JDGUI.jar/jd/gui/swing/jdgui/components/toolbar/MainToolBar$9.class
   JD: libs/JDGUI.jar/jd/gui/swing/jdgui/components/toolbar/MainToolBar.class
   JD: libs/JDGUI.jar/jd/gui/swing/jdgui/components/toolbar/actions/AbstractToolbarAction.class
   JD: libs/JDGUI.jar/jd/gui/swing/jdgui/components/toolbar/actions/AutoReconnectToggleAction$1$1.class
   JD: libs/JDGUI.jar/jd/gui/swing/jdgui/components/toolbar/actions/AutoReconnectToggleAction$1$2.class
   JD: libs/JDGUI.jar/jd/gui/swing/jdgui/components/toolbar/actions/AutoReconnectToggleAction$1.class
   JD: libs/JDGUI.jar/jd/gui/swing/jdgui/components/toolbar/actions/AutoReconnectToggleAction.class
   JD: libs/JDGUI.jar/jd/gui/swing/jdgui/components/toolbar/actions/ClipBoardToggleAction$1.class
   JD: libs/JDGUI.jar/jd/gui/swing/jdgui/components/toolbar/actions/ClipBoardToggleAction.class
   JD: libs/JDGUI.jar/jd/gui/swing/jdgui/components/toolbar/actions/ExitToolbarAction.class
   JD: libs/JDGUI.jar/jd/gui/swing/jdgui/components/toolbar/actions/GlobalPremiumSwitchToggleAction$1.class
   JD: libs/JDGUI.jar/jd/gui/swing/jdgui/components/toolbar/actions/GlobalPremiumSwitchToggleAction.class
   JD: libs/JDGUI.jar/jd/gui/swing/jdgui/components/toolbar/actions/MyJDownloaderStatusAction$1.class
   JD: libs/JDGUI.jar/jd/gui/swing/jdgui/components/toolbar/actions/MyJDownloaderStatusAction$Button$1$1.class
   JD: libs/JDGUI.jar/jd/gui/swing/jdgui/components/toolbar/actions/MyJDownloaderStatusAction$Button$1.class
   JD: libs/JDGUI.jar/jd/gui/swing/jdgui/components/toolbar/actions/MyJDownloaderStatusAction$Button.class
   JD: libs/JDGUI.jar/jd/gui/swing/jdgui/components/toolbar/actions/MyJDownloaderStatusAction.class
   JD: libs/JDGUI.jar/jd/gui/swing/jdgui/components/toolbar/actions/OpenDefaultDownloadFolderAction.class
   JD: libs/JDGUI.jar/jd/gui/swing/jdgui/components/toolbar/actions/PauseDownloadsAction$1.class
   JD: libs/JDGUI.jar/jd/gui/swing/jdgui/components/toolbar/actions/PauseDownloadsAction$2.class
   JD: libs/JDGUI.jar/jd/gui/swing/jdgui/components/toolbar/actions/PauseDownloadsAction$3.class
   JD: libs/JDGUI.jar/jd/gui/swing/jdgui/components/toolbar/actions/PauseDownloadsAction$4.class
   JD: libs/JDGUI.jar/jd/gui/swing/jdgui/components/toolbar/actions/PauseDownloadsAction$5.class
   JD: libs/JDGUI.jar/jd/gui/swing/jdgui/components/toolbar/actions/PauseDownloadsAction.class
   JD: libs/JDGUI.jar/jd/gui/swing/jdgui/components/toolbar/actions/ReconnectAction$1$1.class
   JD: libs/JDGUI.jar/jd/gui/swing/jdgui/components/toolbar/actions/ReconnectAction$1$2.class
   JD: libs/JDGUI.jar/jd/gui/swing/jdgui/components/toolbar/actions/ReconnectAction$1.class
   JD: libs/JDGUI.jar/jd/gui/swing/jdgui/components/toolbar/actions/ReconnectAction.class
   JD: libs/JDGUI.jar/jd/gui/swing/jdgui/components/toolbar/actions/ShowSettingsAction$1.class
   JD: libs/JDGUI.jar/jd/gui/swing/jdgui/components/toolbar/actions/ShowSettingsAction.class
   JD: libs/JDGUI.jar/jd/gui/swing/jdgui/components/toolbar/actions/SilentModeToggleAction.class
   JD: libs/JDGUI.jar/jd/gui/swing/jdgui/components/toolbar/actions/SpeedLimiterToggleAction.class
   JD: libs/JDGUI.jar/jd/gui/swing/jdgui/components/toolbar/actions/StartDownloadsAction$1.class
   JD: libs/JDGUI.jar/jd/gui/swing/jdgui/components/toolbar/actions/StartDownloadsAction$2.class
   JD: libs/JDGUI.jar/jd/gui/swing/jdgui/components/toolbar/actions/StartDownloadsAction$3$1.class
   JD: libs/JDGUI.jar/jd/gui/swing/jdgui/components/toolbar/actions/StartDownloadsAction$3.class
   JD: libs/JDGUI.jar/jd/gui/swing/jdgui/components/toolbar/actions/StartDownloadsAction$4.class
   JD: libs/JDGUI.jar/jd/gui/swing/jdgui/components/toolbar/actions/StartDownloadsAction.class
   JD: libs/JDGUI.jar/jd/gui/swing/jdgui/components/toolbar/actions/StopDownloadsAction$1.class
   JD: libs/JDGUI.jar/jd/gui/swing/jdgui/components/toolbar/actions/StopDownloadsAction$2.class
   JD: libs/JDGUI.jar/jd/gui/swing/jdgui/components/toolbar/actions/StopDownloadsAction$3.class
   JD: libs/JDGUI.jar/jd/gui/swing/jdgui/components/toolbar/actions/StopDownloadsAction$4.class
   JD: libs/JDGUI.jar/jd/gui/swing/jdgui/components/toolbar/actions/StopDownloadsAction$5.class
   JD: libs/JDGUI.jar/jd/gui/swing/jdgui/components/toolbar/actions/StopDownloadsAction.class
   JD: libs/JDGUI.jar/jd/gui/swing/jdgui/components/toolbar/actions/StopDownloadsButFinishRunningOnesAction$1$1.class
   JD: libs/JDGUI.jar/jd/gui/swing/jdgui/components/toolbar/actions/StopDownloadsButFinishRunningOnesAction$1.class
   JD: libs/JDGUI.jar/jd/gui/swing/jdgui/components/toolbar/actions/StopDownloadsButFinishRunningOnesAction$2.class
   JD: libs/JDGUI.jar/jd/gui/swing/jdgui/components/toolbar/actions/StopDownloadsButFinishRunningOnesAction$3.class
   JD: libs/JDGUI.jar/jd/gui/swing/jdgui/components/toolbar/actions/StopDownloadsButFinishRunningOnesAction$4.class
   JD: libs/JDGUI.jar/jd/gui/swing/jdgui/components/toolbar/actions/StopDownloadsButFinishRunningOnesAction$5.class
   JD: libs/JDGUI.jar/jd/gui/swing/jdgui/components/toolbar/actions/StopDownloadsButFinishRunningOnesAction$6.class
   JD: libs/JDGUI.jar/jd/gui/swing/jdgui/components/toolbar/actions/StopDownloadsButFinishRunningOnesAction.class
   JD: libs/JDGUI.jar/jd/gui/swing/jdgui/components/toolbar/actions/UpdateAction$1.class
   JD: libs/JDGUI.jar/jd/gui/swing/jdgui/components/toolbar/actions/UpdateAction$Button$1.class
   JD: libs/JDGUI.jar/jd/gui/swing/jdgui/components/toolbar/actions/UpdateAction$Button$2.class
   JD: libs/JDGUI.jar/jd/gui/swing/jdgui/components/toolbar/actions/UpdateAction$Button.class
   JD: libs/JDGUI.jar/jd/gui/swing/jdgui/components/toolbar/actions/UpdateAction.class
   JD: libs/JDGUI.jar/jd/gui/swing/jdgui/interfaces/SwitchPanel$1.class
   JD: libs/JDGUI.jar/jd/gui/swing/jdgui/interfaces/SwitchPanel.class
   JD: libs/JDGUI.jar/jd/gui/swing/jdgui/interfaces/View.class
   JD: libs/JDGUI.jar/jd/gui/swing/jdgui/maintab/ClosableTabHeader$1.class
   JD: libs/JDGUI.jar/jd/gui/swing/jdgui/maintab/ClosableTabHeader.class
   JD: libs/JDGUI.jar/jd/gui/swing/jdgui/maintab/TabHeader$1.class
   JD: libs/JDGUI.jar/jd/gui/swing/jdgui/maintab/TabHeader.class
   JD: libs/JDGUI.jar/jd/gui/swing/jdgui/menu/ChunksEditor$1$1.class
   JD: libs/JDGUI.jar/jd/gui/swing/jdgui/menu/ChunksEditor$1.class
   JD: libs/JDGUI.jar/jd/gui/swing/jdgui/menu/ChunksEditor.class
   JD: libs/JDGUI.jar/jd/gui/swing/jdgui/menu/JDMenuBar$1$1.class
   JD: libs/JDGUI.jar/jd/gui/swing/jdgui/menu/JDMenuBar$1.class
   JD: libs/JDGUI.jar/jd/gui/swing/jdgui/menu/JDMenuBar$2.class
   JD: libs/JDGUI.jar/jd/gui/swing/jdgui/menu/JDMenuBar$3.class
   JD: libs/JDGUI.jar/jd/gui/swing/jdgui/menu/JDMenuBar.class
   JD: libs/JDGUI.jar/jd/gui/swing/jdgui/menu/MenuEditor.class
   JD: libs/JDGUI.jar/jd/gui/swing/jdgui/menu/ParalellDownloadsEditor$1$1.class
   JD: libs/JDGUI.jar/jd/gui/swing/jdgui/menu/ParalellDownloadsEditor$1.class
   JD: libs/JDGUI.jar/jd/gui/swing/jdgui/menu/ParalellDownloadsEditor.class
   JD: libs/JDGUI.jar/jd/gui/swing/jdgui/menu/ParallelDownloadsPerHostEditor$1$1.class
   JD: libs/JDGUI.jar/jd/gui/swing/jdgui/menu/ParallelDownloadsPerHostEditor$1.class
   JD: libs/JDGUI.jar/jd/gui/swing/jdgui/menu/ParallelDownloadsPerHostEditor.class
   JD: libs/JDGUI.jar/jd/gui/swing/jdgui/menu/SpeedlimitEditor$1.class
   JD: libs/JDGUI.jar/jd/gui/swing/jdgui/menu/SpeedlimitEditor$2.class
   JD: libs/JDGUI.jar/jd/gui/swing/jdgui/menu/SpeedlimitEditor$3$1.class
   JD: libs/JDGUI.jar/jd/gui/swing/jdgui/menu/SpeedlimitEditor$3.class
   JD: libs/JDGUI.jar/jd/gui/swing/jdgui/menu/SpeedlimitEditor$4.class
   JD: libs/JDGUI.jar/jd/gui/swing/jdgui/menu/SpeedlimitEditor$5.class
   JD: libs/JDGUI.jar/jd/gui/swing/jdgui/menu/SpeedlimitEditor$6.class
   JD: libs/JDGUI.jar/jd/gui/swing/jdgui/menu/SpeedlimitEditor$7.class
   JD: libs/JDGUI.jar/jd/gui/swing/jdgui/menu/SpeedlimitEditor$8.class
   JD: libs/JDGUI.jar/jd/gui/swing/jdgui/menu/SpeedlimitEditor.class
   JD: libs/JDGUI.jar/jd/gui/swing/jdgui/menu/actions/AboutAction.class
   JD: libs/JDGUI.jar/jd/gui/swing/jdgui/menu/actions/AddContainerAction.class
   JD: libs/JDGUI.jar/jd/gui/swing/jdgui/menu/actions/ExitAction$1.class
   JD: libs/JDGUI.jar/jd/gui/swing/jdgui/menu/actions/ExitAction.class
   JD: libs/JDGUI.jar/jd/gui/swing/jdgui/menu/actions/KnowledgeAction.class
   JD: libs/JDGUI.jar/jd/gui/swing/jdgui/menu/actions/LatestChangesAction.class
   JD: libs/JDGUI.jar/jd/gui/swing/jdgui/menu/actions/MyJDownloaderTabAction.class
   JD: libs/JDGUI.jar/jd/gui/swing/jdgui/menu/actions/RestartAction.class
   JD: libs/JDGUI.jar/jd/gui/swing/jdgui/menu/actions/SettingsAccountUsageRulesAction.class
   JD: libs/JDGUI.jar/jd/gui/swing/jdgui/menu/actions/SettingsAction.class
   JD: libs/JDGUI.jar/jd/gui/swing/jdgui/menu/actions/sendlogs/LogAction.class
   JD: libs/JDGUI.jar/jd/gui/swing/jdgui/views/ClosableView$1$1.class
   JD: libs/JDGUI.jar/jd/gui/swing/jdgui/views/ClosableView$1.class
   JD: libs/JDGUI.jar/jd/gui/swing/jdgui/views/ClosableView$2.class
   JD: libs/JDGUI.jar/jd/gui/swing/jdgui/views/ClosableView.class
   JD: libs/JDGUI.jar/jd/gui/swing/jdgui/views/InfoPanel.class
   JD: libs/JDGUI.jar/jd/gui/swing/jdgui/views/ViewToolbar.class
   JD: libs/JDGUI.jar/jd/gui/swing/jdgui/views/myjd/MyJDSidebar$1.class
   JD: libs/JDGUI.jar/jd/gui/swing/jdgui/views/myjd/MyJDSidebar$2.class
   JD: libs/JDGUI.jar/jd/gui/swing/jdgui/views/myjd/MyJDSidebar$3.class
   JD: libs/JDGUI.jar/jd/gui/swing/jdgui/views/myjd/MyJDSidebar$4.class
   JD: libs/JDGUI.jar/jd/gui/swing/jdgui/views/myjd/MyJDSidebar$5.class
   JD: libs/JDGUI.jar/jd/gui/swing/jdgui/views/myjd/MyJDSidebar$6.class
   JD: libs/JDGUI.jar/jd/gui/swing/jdgui/views/myjd/MyJDSidebar.class
   JD: libs/JDGUI.jar/jd/gui/swing/jdgui/views/myjd/MyJDownloaderPanel$1.class
   JD: libs/JDGUI.jar/jd/gui/swing/jdgui/views/myjd/MyJDownloaderPanel$2.class
   JD: libs/JDGUI.jar/jd/gui/swing/jdgui/views/myjd/MyJDownloaderPanel$3.class
   JD: libs/JDGUI.jar/jd/gui/swing/jdgui/views/myjd/MyJDownloaderPanel.class
   JD: libs/JDGUI.jar/jd/gui/swing/jdgui/views/myjd/MyJDownloaderView.class
   JD: libs/JDGUI.jar/jd/gui/swing/jdgui/views/myjd/SidebarModel$1$1.class
   JD: libs/JDGUI.jar/jd/gui/swing/jdgui/views/myjd/SidebarModel$1.class
   JD: libs/JDGUI.jar/jd/gui/swing/jdgui/views/myjd/SidebarModel$2$1.class
   JD: libs/JDGUI.jar/jd/gui/swing/jdgui/views/myjd/SidebarModel$2$2.class
   JD: libs/JDGUI.jar/jd/gui/swing/jdgui/views/myjd/SidebarModel$2.class
   JD: libs/JDGUI.jar/jd/gui/swing/jdgui/views/myjd/SidebarModel$3.class
   JD: libs/JDGUI.jar/jd/gui/swing/jdgui/views/myjd/SidebarModel.class
   JD: libs/JDGUI.jar/jd/gui/swing/jdgui/views/myjd/TreeRenderer.class
   JD: libs/JDGUI.jar/jd/gui/swing/jdgui/views/myjd/panels/ConnectedDevicesTableModel$1.class
   JD: libs/JDGUI.jar/jd/gui/swing/jdgui/views/myjd/panels/ConnectedDevicesTableModel$2.class
   JD: libs/JDGUI.jar/jd/gui/swing/jdgui/views/myjd/panels/ConnectedDevicesTableModel$3.class
   JD: libs/JDGUI.jar/jd/gui/swing/jdgui/views/myjd/panels/ConnectedDevicesTableModel$4.class
   JD: libs/JDGUI.jar/jd/gui/swing/jdgui/views/myjd/panels/ConnectedDevicesTableModel$5.class
   JD: libs/JDGUI.jar/jd/gui/swing/jdgui/views/myjd/panels/ConnectedDevicesTableModel$6.class
   JD: libs/JDGUI.jar/jd/gui/swing/jdgui/views/myjd/panels/ConnectedDevicesTableModel$7$1.class
   JD: libs/JDGUI.jar/jd/gui/swing/jdgui/views/myjd/panels/ConnectedDevicesTableModel$7$2.class
   JD: libs/JDGUI.jar/jd/gui/swing/jdgui/views/myjd/panels/ConnectedDevicesTableModel$7$3.class
   JD: libs/JDGUI.jar/jd/gui/swing/jdgui/views/myjd/panels/ConnectedDevicesTableModel$7.class
   JD: libs/JDGUI.jar/jd/gui/swing/jdgui/views/myjd/panels/ConnectedDevicesTableModel.class
   JD: libs/JDGUI.jar/jd/gui/swing/jdgui/views/myjd/panels/MyJDownloaderAccount$1.class
   JD: libs/JDGUI.jar/jd/gui/swing/jdgui/views/myjd/panels/MyJDownloaderAccount$2.class
   JD: libs/JDGUI.jar/jd/gui/swing/jdgui/views/myjd/panels/MyJDownloaderAccount$3.class
   JD: libs/JDGUI.jar/jd/gui/swing/jdgui/views/myjd/panels/MyJDownloaderAccount.class
   JD: libs/JDGUI.jar/jd/gui/swing/jdgui/views/myjd/panels/MyJDownloaderSettingsPanelForTab$1.class
   JD: libs/JDGUI.jar/jd/gui/swing/jdgui/views/myjd/panels/MyJDownloaderSettingsPanelForTab.class
   JD: libs/JDGUI.jar/jd/gui/swing/jdgui/views/myjd/panels/RemoteControlPanel$1.class
   JD: libs/JDGUI.jar/jd/gui/swing/jdgui/views/myjd/panels/RemoteControlPanel.class
   JD: libs/JDGUI.jar/jd/gui/swing/jdgui/views/settings/ConfigPanel$ScrollablePanel.class
   JD: libs/JDGUI.jar/jd/gui/swing/jdgui/views/settings/ConfigPanel.class
   JD: libs/JDGUI.jar/jd/gui/swing/jdgui/views/settings/ConfigurationPanel$1.class
   JD: libs/JDGUI.jar/jd/gui/swing/jdgui/views/settings/ConfigurationPanel$2$1$1.class
   JD: libs/JDGUI.jar/jd/gui/swing/jdgui/views/settings/ConfigurationPanel$2$1.class
   JD: libs/JDGUI.jar/jd/gui/swing/jdgui/views/settings/ConfigurationPanel$2.class
   JD: libs/JDGUI.jar/jd/gui/swing/jdgui/views/settings/ConfigurationPanel$3.class
   JD: libs/JDGUI.jar/jd/gui/swing/jdgui/views/settings/ConfigurationPanel$4.class
   JD: libs/JDGUI.jar/jd/gui/swing/jdgui/views/settings/ConfigurationPanel.class
   JD: libs/JDGUI.jar/jd/gui/swing/jdgui/views/settings/ConfigurationView.class
   JD: libs/JDGUI.jar/jd/gui/swing/jdgui/views/settings/GUIConfigEntry.class
   JD: libs/JDGUI.jar/jd/gui/swing/jdgui/views/settings/components/Checkbox$1.class
   JD: libs/JDGUI.jar/jd/gui/swing/jdgui/views/settings/components/Checkbox$2.class
   JD: libs/JDGUI.jar/jd/gui/swing/jdgui/views/settings/components/Checkbox.class
   JD: libs/JDGUI.jar/jd/gui/swing/jdgui/views/settings/components/ComboBox$1.class
   JD: libs/JDGUI.jar/jd/gui/swing/jdgui/views/settings/components/ComboBox$2.class
   JD: libs/JDGUI.jar/jd/gui/swing/jdgui/views/settings/components/ComboBox.class
   JD: libs/JDGUI.jar/jd/gui/swing/jdgui/views/settings/components/FolderChooser$1.class
   JD: libs/JDGUI.jar/jd/gui/swing/jdgui/views/settings/components/FolderChooser$2.class
   JD: libs/JDGUI.jar/jd/gui/swing/jdgui/views/settings/components/FolderChooser$3.class
   JD: libs/JDGUI.jar/jd/gui/swing/jdgui/views/settings/components/FolderChooser.class
   JD: libs/JDGUI.jar/jd/gui/swing/jdgui/views/settings/components/Label.class
   JD: libs/JDGUI.jar/jd/gui/swing/jdgui/views/settings/components/PasswordInput.class
   JD: libs/JDGUI.jar/jd/gui/swing/jdgui/views/settings/components/ProxyInput$1.class
   JD: libs/JDGUI.jar/jd/gui/swing/jdgui/views/settings/components/ProxyInput$2$1.class
   JD: libs/JDGUI.jar/jd/gui/swing/jdgui/views/settings/components/ProxyInput$2.class
   JD: libs/JDGUI.jar/jd/gui/swing/jdgui/views/settings/components/ProxyInput$3.class
   JD: libs/JDGUI.jar/jd/gui/swing/jdgui/views/settings/components/ProxyInput.class
   JD: libs/JDGUI.jar/jd/gui/swing/jdgui/views/settings/components/Spinner$1.class
   JD: libs/JDGUI.jar/jd/gui/swing/jdgui/views/settings/components/Spinner.class
   JD: libs/JDGUI.jar/jd/gui/swing/jdgui/views/settings/components/StateUpdateEvent$Types.class
   JD: libs/JDGUI.jar/jd/gui/swing/jdgui/views/settings/components/StateUpdateEventSender.class
   JD: libs/JDGUI.jar/jd/gui/swing/jdgui/views/settings/components/TextArea$1.class
   JD: libs/JDGUI.jar/jd/gui/swing/jdgui/views/settings/components/TextArea.class
   JD: libs/JDGUI.jar/jd/gui/swing/jdgui/views/settings/components/TextInput$1.class
   JD: libs/JDGUI.jar/jd/gui/swing/jdgui/views/settings/components/TextInput.class
   JD: libs/JDGUI.jar/jd/gui/swing/jdgui/views/settings/components/TextPane$1.class
   JD: libs/JDGUI.jar/jd/gui/swing/jdgui/views/settings/components/TextPane.class
   JD: libs/JDGUI.jar/jd/gui/swing/jdgui/views/settings/panels/BasicAuthentication$1.class
   JD: libs/JDGUI.jar/jd/gui/swing/jdgui/views/settings/panels/BasicAuthentication.class
   JD: libs/JDGUI.jar/jd/gui/swing/jdgui/views/settings/panels/GUISettings$1$1$1.class
   JD: libs/JDGUI.jar/jd/gui/swing/jdgui/views/settings/panels/GUISettings$1$1.class
   JD: libs/JDGUI.jar/jd/gui/swing/jdgui/views/settings/panels/GUISettings$1$2$1.class
   JD: libs/JDGUI.jar/jd/gui/swing/jdgui/views/settings/panels/GUISettings$1$2.class
   JD: libs/JDGUI.jar/jd/gui/swing/jdgui/views/settings/panels/GUISettings$1.class
   JD: libs/JDGUI.jar/jd/gui/swing/jdgui/views/settings/panels/GUISettings$10$1.class
   JD: libs/JDGUI.jar/jd/gui/swing/jdgui/views/settings/panels/GUISettings$10.class
   JD: libs/JDGUI.jar/jd/gui/swing/jdgui/views/settings/panels/GUISettings$11.class
   JD: libs/JDGUI.jar/jd/gui/swing/jdgui/views/settings/panels/GUISettings$12.class
   JD: libs/JDGUI.jar/jd/gui/swing/jdgui/views/settings/panels/GUISettings$13.class
   JD: libs/JDGUI.jar/jd/gui/swing/jdgui/views/settings/panels/GUISettings$2.class
   JD: libs/JDGUI.jar/jd/gui/swing/jdgui/views/settings/panels/GUISettings$3$1.class
   JD: libs/JDGUI.jar/jd/gui/swing/jdgui/views/settings/panels/GUISettings$3.class
   JD: libs/JDGUI.jar/jd/gui/swing/jdgui/views/settings/panels/GUISettings$4$1.class
   JD: libs/JDGUI.jar/jd/gui/swing/jdgui/views/settings/panels/GUISettings$4.class
   JD: libs/JDGUI.jar/jd/gui/swing/jdgui/views/settings/panels/GUISettings$5$1.class
   JD: libs/JDGUI.jar/jd/gui/swing/jdgui/views/settings/panels/GUISettings$5.class
   JD: libs/JDGUI.jar/jd/gui/swing/jdgui/views/settings/panels/GUISettings$6$1.class
   JD: libs/JDGUI.jar/jd/gui/swing/jdgui/views/settings/panels/GUISettings$6.class
   JD: libs/JDGUI.jar/jd/gui/swing/jdgui/views/settings/panels/GUISettings$7$1.class
   JD: libs/JDGUI.jar/jd/gui/swing/jdgui/views/settings/panels/GUISettings$7.class
   JD: libs/JDGUI.jar/jd/gui/swing/jdgui/views/settings/panels/GUISettings$8$1.class
   JD: libs/JDGUI.jar/jd/gui/swing/jdgui/views/settings/panels/GUISettings$8.class
   JD: libs/JDGUI.jar/jd/gui/swing/jdgui/views/settings/panels/GUISettings$9$1.class
   JD: libs/JDGUI.jar/jd/gui/swing/jdgui/views/settings/panels/GUISettings$9.class
   JD: libs/JDGUI.jar/jd/gui/swing/jdgui/views/settings/panels/GUISettings.class
   JD: libs/JDGUI.jar/jd/gui/swing/jdgui/views/settings/panels/GeneralSettingsConfigPanel.class
   JD: libs/JDGUI.jar/jd/gui/swing/jdgui/views/settings/panels/MyJDownloaderSettingsPanel$1.class
   JD: libs/JDGUI.jar/jd/gui/swing/jdgui/views/settings/panels/MyJDownloaderSettingsPanel$10.class
   JD: libs/JDGUI.jar/jd/gui/swing/jdgui/views/settings/panels/MyJDownloaderSettingsPanel$11.class
   JD: libs/JDGUI.jar/jd/gui/swing/jdgui/views/settings/panels/MyJDownloaderSettingsPanel$2.class
   JD: libs/JDGUI.jar/jd/gui/swing/jdgui/views/settings/panels/MyJDownloaderSettingsPanel$3.class
   JD: libs/JDGUI.jar/jd/gui/swing/jdgui/views/settings/panels/MyJDownloaderSettingsPanel$4$1.class
   JD: libs/JDGUI.jar/jd/gui/swing/jdgui/views/settings/panels/MyJDownloaderSettingsPanel$4.class
   JD: libs/JDGUI.jar/jd/gui/swing/jdgui/views/settings/panels/MyJDownloaderSettingsPanel$5$1.class
   JD: libs/JDGUI.jar/jd/gui/swing/jdgui/views/settings/panels/MyJDownloaderSettingsPanel$5.class
   JD: libs/JDGUI.jar/jd/gui/swing/jdgui/views/settings/panels/MyJDownloaderSettingsPanel$6$1.class
   JD: libs/JDGUI.jar/jd/gui/swing/jdgui/views/settings/panels/MyJDownloaderSettingsPanel$6.class
   JD: libs/JDGUI.jar/jd/gui/swing/jdgui/views/settings/panels/MyJDownloaderSettingsPanel$7.class
   JD: libs/JDGUI.jar/jd/gui/swing/jdgui/views/settings/panels/MyJDownloaderSettingsPanel$8.class
   JD: libs/JDGUI.jar/jd/gui/swing/jdgui/views/settings/panels/MyJDownloaderSettingsPanel$9.class
   JD: libs/JDGUI.jar/jd/gui/swing/jdgui/views/settings/panels/MyJDownloaderSettingsPanel.class
   JD: libs/JDGUI.jar/jd/gui/swing/jdgui/views/settings/panels/ReconnectConfigPanel$1.class
   JD: libs/JDGUI.jar/jd/gui/swing/jdgui/views/settings/panels/ReconnectConfigPanel.class
   JD: libs/JDGUI.jar/jd/gui/swing/jdgui/views/settings/panels/accountmanager/AccountEntry.class
   JD: libs/JDGUI.jar/jd/gui/swing/jdgui/views/settings/panels/accountmanager/AccountListPanel.class
   JD: libs/JDGUI.jar/jd/gui/swing/jdgui/views/settings/panels/accountmanager/AccountManager$1.class
   JD: libs/JDGUI.jar/jd/gui/swing/jdgui/views/settings/panels/accountmanager/AccountManager$2.class
   JD: libs/JDGUI.jar/jd/gui/swing/jdgui/views/settings/panels/accountmanager/AccountManager$3.class
   JD: libs/JDGUI.jar/jd/gui/swing/jdgui/views/settings/panels/accountmanager/AccountManager.class
   JD: libs/JDGUI.jar/jd/gui/swing/jdgui/views/settings/panels/accountmanager/AccountManagerSettings$1.class
   JD: libs/JDGUI.jar/jd/gui/swing/jdgui/views/settings/panels/accountmanager/AccountManagerSettings.class
   JD: libs/JDGUI.jar/jd/gui/swing/jdgui/views/settings/panels/accountmanager/ActionColumn.class
   JD: libs/JDGUI.jar/jd/gui/swing/jdgui/views/settings/panels/accountmanager/BuyAction$1$1$1$1.class
   JD: libs/JDGUI.jar/jd/gui/swing/jdgui/views/settings/panels/accountmanager/BuyAction$1$1$1$2.class
   JD: libs/JDGUI.jar/jd/gui/swing/jdgui/views/settings/panels/accountmanager/BuyAction$1$1$1.class
   JD: libs/JDGUI.jar/jd/gui/swing/jdgui/views/settings/panels/accountmanager/BuyAction$1$1.class
   JD: libs/JDGUI.jar/jd/gui/swing/jdgui/views/settings/panels/accountmanager/BuyAction$1.class
   JD: libs/JDGUI.jar/jd/gui/swing/jdgui/views/settings/panels/accountmanager/BuyAction.class
   JD: libs/JDGUI.jar/jd/gui/swing/jdgui/views/settings/panels/accountmanager/EditAccountDialog$1.class
   JD: libs/JDGUI.jar/jd/gui/swing/jdgui/views/settings/panels/accountmanager/EditAccountDialog$2.class
   JD: libs/JDGUI.jar/jd/gui/swing/jdgui/views/settings/panels/accountmanager/EditAccountDialog.class
   JD: libs/JDGUI.jar/jd/gui/swing/jdgui/views/settings/panels/accountmanager/EditAction.class
   JD: libs/JDGUI.jar/jd/gui/swing/jdgui/views/settings/panels/accountmanager/InfoAction.class
   JD: libs/JDGUI.jar/jd/gui/swing/jdgui/views/settings/panels/accountmanager/PremiumAccountTable$1.class
   JD: libs/JDGUI.jar/jd/gui/swing/jdgui/views/settings/panels/accountmanager/PremiumAccountTable$2.class
   JD: libs/JDGUI.jar/jd/gui/swing/jdgui/views/settings/panels/accountmanager/PremiumAccountTable$3.class
   JD: libs/JDGUI.jar/jd/gui/swing/jdgui/views/settings/panels/accountmanager/PremiumAccountTable.class
   JD: libs/JDGUI.jar/jd/gui/swing/jdgui/views/settings/panels/accountmanager/PremiumAccountTableModel$1.class
   JD: libs/JDGUI.jar/jd/gui/swing/jdgui/views/settings/panels/accountmanager/PremiumAccountTableModel$10.class
   JD: libs/JDGUI.jar/jd/gui/swing/jdgui/views/settings/panels/accountmanager/PremiumAccountTableModel$11.class
   JD: libs/JDGUI.jar/jd/gui/swing/jdgui/views/settings/panels/accountmanager/PremiumAccountTableModel$12.class
   JD: libs/JDGUI.jar/jd/gui/swing/jdgui/views/settings/panels/accountmanager/PremiumAccountTableModel$2.class
   JD: libs/JDGUI.jar/jd/gui/swing/jdgui/views/settings/panels/accountmanager/PremiumAccountTableModel$3$1.class
   JD: libs/JDGUI.jar/jd/gui/swing/jdgui/views/settings/panels/accountmanager/PremiumAccountTableModel$3$2.class
   JD: libs/JDGUI.jar/jd/gui/swing/jdgui/views/settings/panels/accountmanager/PremiumAccountTableModel$3.class
   JD: libs/JDGUI.jar/jd/gui/swing/jdgui/views/settings/panels/accountmanager/PremiumAccountTableModel$4.class
   JD: libs/JDGUI.jar/jd/gui/swing/jdgui/views/settings/panels/accountmanager/PremiumAccountTableModel$5.class
   JD: libs/JDGUI.jar/jd/gui/swing/jdgui/views/settings/panels/accountmanager/PremiumAccountTableModel$6.class
   JD: libs/JDGUI.jar/jd/gui/swing/jdgui/views/settings/panels/accountmanager/PremiumAccountTableModel$7$1.class
   JD: libs/JDGUI.jar/jd/gui/swing/jdgui/views/settings/panels/accountmanager/PremiumAccountTableModel$7.class
   JD: libs/JDGUI.jar/jd/gui/swing/jdgui/views/settings/panels/accountmanager/PremiumAccountTableModel$8$1.class
   JD: libs/JDGUI.jar/jd/gui/swing/jdgui/views/settings/panels/accountmanager/PremiumAccountTableModel$8$2.class
   JD: libs/JDGUI.jar/jd/gui/swing/jdgui/views/settings/panels/accountmanager/PremiumAccountTableModel$8.class
   JD: libs/JDGUI.jar/jd/gui/swing/jdgui/views/settings/panels/accountmanager/PremiumAccountTableModel$9.class
   JD: libs/JDGUI.jar/jd/gui/swing/jdgui/views/settings/panels/accountmanager/PremiumAccountTableModel$ExpireColumn.class
   JD: libs/JDGUI.jar/jd/gui/swing/jdgui/views/settings/panels/accountmanager/PremiumAccountTableModel$TrafficColumn$1.class
   JD: libs/JDGUI.jar/jd/gui/swing/jdgui/views/settings/panels/accountmanager/PremiumAccountTableModel$TrafficColumn$2.class
   JD: libs/JDGUI.jar/jd/gui/swing/jdgui/views/settings/panels/accountmanager/PremiumAccountTableModel$TrafficColumn.class
   JD: libs/JDGUI.jar/jd/gui/swing/jdgui/views/settings/panels/accountmanager/PremiumAccountTableModel.class
   JD: libs/JDGUI.jar/jd/gui/swing/jdgui/views/settings/panels/accountmanager/RefreshAction$1.class
   JD: libs/JDGUI.jar/jd/gui/swing/jdgui/views/settings/panels/accountmanager/RefreshAction.class
   JD: libs/JDGUI.jar/jd/gui/swing/jdgui/views/settings/panels/accountmanager/RemoveAction$1.class
   JD: libs/JDGUI.jar/jd/gui/swing/jdgui/views/settings/panels/accountmanager/RemoveAction.class
   JD: libs/JDGUI.jar/jd/gui/swing/jdgui/views/settings/panels/accountmanager/RenewAction.class
   JD: libs/JDGUI.jar/jd/gui/swing/jdgui/views/settings/panels/accountmanager/orderpanel/AccountWrapper.class
   JD: libs/JDGUI.jar/jd/gui/swing/jdgui/views/settings/panels/accountmanager/orderpanel/ChooseHosterDialog.class
   JD: libs/JDGUI.jar/jd/gui/swing/jdgui/views/settings/panels/accountmanager/orderpanel/GroupWrapper.class
   JD: libs/JDGUI.jar/jd/gui/swing/jdgui/views/settings/panels/accountmanager/orderpanel/HosterOrderPanel$1.class
   JD: libs/JDGUI.jar/jd/gui/swing/jdgui/views/settings/panels/accountmanager/orderpanel/HosterOrderPanel.class
   JD: libs/JDGUI.jar/jd/gui/swing/jdgui/views/settings/panels/accountmanager/orderpanel/HosterRuleTable$1.class
   JD: libs/JDGUI.jar/jd/gui/swing/jdgui/views/settings/panels/accountmanager/orderpanel/HosterRuleTable.class
   JD: libs/JDGUI.jar/jd/gui/swing/jdgui/views/settings/panels/accountmanager/orderpanel/HosterRuleTableModel$1$1.class
   JD: libs/JDGUI.jar/jd/gui/swing/jdgui/views/settings/panels/accountmanager/orderpanel/HosterRuleTableModel$1.class
   JD: libs/JDGUI.jar/jd/gui/swing/jdgui/views/settings/panels/accountmanager/orderpanel/HosterRuleTableModel$2.class
   JD: libs/JDGUI.jar/jd/gui/swing/jdgui/views/settings/panels/accountmanager/orderpanel/HosterRuleTableModel$3$1.class
   JD: libs/JDGUI.jar/jd/gui/swing/jdgui/views/settings/panels/accountmanager/orderpanel/HosterRuleTableModel$3$2.class
   JD: libs/JDGUI.jar/jd/gui/swing/jdgui/views/settings/panels/accountmanager/orderpanel/HosterRuleTableModel$3.class
   JD: libs/JDGUI.jar/jd/gui/swing/jdgui/views/settings/panels/accountmanager/orderpanel/HosterRuleTableModel.class
   JD: libs/JDGUI.jar/jd/gui/swing/jdgui/views/settings/panels/accountmanager/orderpanel/NewRuleAction$1.class
   JD: libs/JDGUI.jar/jd/gui/swing/jdgui/views/settings/panels/accountmanager/orderpanel/NewRuleAction.class
   JD: libs/JDGUI.jar/jd/gui/swing/jdgui/views/settings/panels/accountmanager/orderpanel/RemoveAction$1.class
   JD: libs/JDGUI.jar/jd/gui/swing/jdgui/views/settings/panels/accountmanager/orderpanel/RemoveAction.class
   JD: libs/JDGUI.jar/jd/gui/swing/jdgui/views/settings/panels/accountmanager/orderpanel/dialog/AddGroupAction.class
   JD: libs/JDGUI.jar/jd/gui/swing/jdgui/views/settings/panels/accountmanager/orderpanel/dialog/DeleteGroupAction.class
   JD: libs/JDGUI.jar/jd/gui/swing/jdgui/views/settings/panels/accountmanager/orderpanel/dialog/EditHosterRuleDialog$1.class
   JD: libs/JDGUI.jar/jd/gui/swing/jdgui/views/settings/panels/accountmanager/orderpanel/dialog/EditHosterRuleDialog.class
   JD: libs/JDGUI.jar/jd/gui/swing/jdgui/views/settings/panels/accountmanager/orderpanel/dialog/GroupRuleColumn.class
   JD: libs/JDGUI.jar/jd/gui/swing/jdgui/views/settings/panels/accountmanager/orderpanel/dialog/HosterPriorityTable$1.class
   JD: libs/JDGUI.jar/jd/gui/swing/jdgui/views/settings/panels/accountmanager/orderpanel/dialog/HosterPriorityTable.class
   JD: libs/JDGUI.jar/jd/gui/swing/jdgui/views/settings/panels/accountmanager/orderpanel/dialog/HosterPriorityTableModel$1.class
   JD: libs/JDGUI.jar/jd/gui/swing/jdgui/views/settings/panels/accountmanager/orderpanel/dialog/HosterPriorityTableModel$2.class
   JD: libs/JDGUI.jar/jd/gui/swing/jdgui/views/settings/panels/accountmanager/orderpanel/dialog/HosterPriorityTableModel$3.class
   JD: libs/JDGUI.jar/jd/gui/swing/jdgui/views/settings/panels/accountmanager/orderpanel/dialog/HosterPriorityTableModel.class
   JD: libs/JDGUI.jar/jd/gui/swing/jdgui/views/settings/panels/accountmanager/orderpanel/dialog/HosterPriorityTableTransferHandler.class
   JD: libs/JDGUI.jar/jd/gui/swing/jdgui/views/settings/panels/accountmanager/orderpanel/dialog/PackageColumn.class
   JD: libs/JDGUI.jar/jd/gui/swing/jdgui/views/settings/panels/advanced/AdvancedConfigTableModel$1.class
   JD: libs/JDGUI.jar/jd/gui/swing/jdgui/views/settings/panels/advanced/AdvancedConfigTableModel$2.class
   JD: libs/JDGUI.jar/jd/gui/swing/jdgui/views/settings/panels/advanced/AdvancedConfigTableModel$3.class
   JD: libs/JDGUI.jar/jd/gui/swing/jdgui/views/settings/panels/advanced/AdvancedConfigTableModel.class
   JD: libs/JDGUI.jar/jd/gui/swing/jdgui/views/settings/panels/advanced/AdvancedSettings$1.class
   JD: libs/JDGUI.jar/jd/gui/swing/jdgui/views/settings/panels/advanced/AdvancedSettings$2.class
   JD: libs/JDGUI.jar/jd/gui/swing/jdgui/views/settings/panels/advanced/AdvancedSettings$3$1.class
   JD: libs/JDGUI.jar/jd/gui/swing/jdgui/views/settings/panels/advanced/AdvancedSettings$3.class
   JD: libs/JDGUI.jar/jd/gui/swing/jdgui/views/settings/panels/advanced/AdvancedSettings.class
   JD: libs/JDGUI.jar/jd/gui/swing/jdgui/views/settings/panels/advanced/AdvancedTable$1.class
   JD: libs/JDGUI.jar/jd/gui/swing/jdgui/views/settings/panels/advanced/AdvancedTable$2.class
   JD: libs/JDGUI.jar/jd/gui/swing/jdgui/views/settings/panels/advanced/AdvancedTable.class
   JD: libs/JDGUI.jar/jd/gui/swing/jdgui/views/settings/panels/advanced/AdvancedValueColumn$1.class
   JD: libs/JDGUI.jar/jd/gui/swing/jdgui/views/settings/panels/advanced/AdvancedValueColumn$2.class
   JD: libs/JDGUI.jar/jd/gui/swing/jdgui/views/settings/panels/advanced/AdvancedValueColumn$3$1.class
   JD: libs/JDGUI.jar/jd/gui/swing/jdgui/views/settings/panels/advanced/AdvancedValueColumn$3.class
   JD: libs/JDGUI.jar/jd/gui/swing/jdgui/views/settings/panels/advanced/AdvancedValueColumn$4.class
   JD: libs/JDGUI.jar/jd/gui/swing/jdgui/views/settings/panels/advanced/AdvancedValueColumn$5.class
   JD: libs/JDGUI.jar/jd/gui/swing/jdgui/views/settings/panels/advanced/AdvancedValueColumn$6$1.class
   JD: libs/JDGUI.jar/jd/gui/swing/jdgui/views/settings/panels/advanced/AdvancedValueColumn$6.class
   JD: libs/JDGUI.jar/jd/gui/swing/jdgui/views/settings/panels/advanced/AdvancedValueColumn.class
   JD: libs/JDGUI.jar/jd/gui/swing/jdgui/views/settings/panels/advanced/EditColumn$1.class
   JD: libs/JDGUI.jar/jd/gui/swing/jdgui/views/settings/panels/advanced/EditColumn$InfoAction.class
   JD: libs/JDGUI.jar/jd/gui/swing/jdgui/views/settings/panels/advanced/EditColumn$ResetAction$1.class
   JD: libs/JDGUI.jar/jd/gui/swing/jdgui/views/settings/panels/advanced/EditColumn$ResetAction.class
   JD: libs/JDGUI.jar/jd/gui/swing/jdgui/views/settings/panels/advanced/EditColumn.class
   JD: libs/JDGUI.jar/jd/gui/swing/jdgui/views/settings/panels/anticaptcha/AbstractCaptchaSolverConfigPanel$1.class
   JD: libs/JDGUI.jar/jd/gui/swing/jdgui/views/settings/panels/anticaptcha/AbstractCaptchaSolverConfigPanel$2.class
   JD: libs/JDGUI.jar/jd/gui/swing/jdgui/views/settings/panels/anticaptcha/AbstractCaptchaSolverConfigPanel.class
   JD: libs/JDGUI.jar/jd/gui/swing/jdgui/views/settings/panels/anticaptcha/CaptchaConfigPanel$1.class
   JD: libs/JDGUI.jar/jd/gui/swing/jdgui/views/settings/panels/anticaptcha/CaptchaConfigPanel.class
   JD: libs/JDGUI.jar/jd/gui/swing/jdgui/views/settings/panels/anticaptcha/CaptchaRegexListTextPane.class
   JD: libs/JDGUI.jar/jd/gui/swing/jdgui/views/settings/panels/anticaptcha/SolverOrderTable.class
   JD: libs/JDGUI.jar/jd/gui/swing/jdgui/views/settings/panels/anticaptcha/SolverOrderTableModel$1.class
   JD: libs/JDGUI.jar/jd/gui/swing/jdgui/views/settings/panels/anticaptcha/SolverOrderTableModel$2$1.class
   JD: libs/JDGUI.jar/jd/gui/swing/jdgui/views/settings/panels/anticaptcha/SolverOrderTableModel$2.class
   JD: libs/JDGUI.jar/jd/gui/swing/jdgui/views/settings/panels/anticaptcha/SolverOrderTableModel$3.class
   JD: libs/JDGUI.jar/jd/gui/swing/jdgui/views/settings/panels/anticaptcha/SolverOrderTableModel$4.class
   JD: libs/JDGUI.jar/jd/gui/swing/jdgui/views/settings/panels/anticaptcha/SolverOrderTableModel$5$1.class
   JD: libs/JDGUI.jar/jd/gui/swing/jdgui/views/settings/panels/anticaptcha/SolverOrderTableModel$5$2.class
   JD: libs/JDGUI.jar/jd/gui/swing/jdgui/views/settings/panels/anticaptcha/SolverOrderTableModel$5$3.class
   JD: libs/JDGUI.jar/jd/gui/swing/jdgui/views/settings/panels/anticaptcha/SolverOrderTableModel$5.class
   JD: libs/JDGUI.jar/jd/gui/swing/jdgui/views/settings/panels/anticaptcha/SolverOrderTableModel$6$1.class
   JD: libs/JDGUI.jar/jd/gui/swing/jdgui/views/settings/panels/anticaptcha/SolverOrderTableModel$6$2.class
   JD: libs/JDGUI.jar/jd/gui/swing/jdgui/views/settings/panels/anticaptcha/SolverOrderTableModel$6$3.class
   JD: libs/JDGUI.jar/jd/gui/swing/jdgui/views/settings/panels/anticaptcha/SolverOrderTableModel$6.class
   JD: libs/JDGUI.jar/jd/gui/swing/jdgui/views/settings/panels/anticaptcha/SolverOrderTableModel.class
   JD: libs/JDGUI.jar/jd/gui/swing/jdgui/views/settings/panels/anticaptcha/SolverPropertiesDialog$1.class
   JD: libs/JDGUI.jar/jd/gui/swing/jdgui/views/settings/panels/anticaptcha/SolverPropertiesDialog$ScrollablePanel.class
   JD: libs/JDGUI.jar/jd/gui/swing/jdgui/views/settings/panels/anticaptcha/SolverPropertiesDialog.class
   JD: libs/JDGUI.jar/jd/gui/swing/jdgui/views/settings/panels/anticaptcha/SolverTimingDialog.class
   JD: libs/JDGUI.jar/jd/gui/swing/jdgui/views/settings/panels/anticaptcha/TimingTableModel$1.class
   JD: libs/JDGUI.jar/jd/gui/swing/jdgui/views/settings/panels/anticaptcha/TimingTableModel$2.class
   JD: libs/JDGUI.jar/jd/gui/swing/jdgui/views/settings/panels/anticaptcha/TimingTableModel$3.class
   JD: libs/JDGUI.jar/jd/gui/swing/jdgui/views/settings/panels/anticaptcha/TimingTableModel$4.class
   JD: libs/JDGUI.jar/jd/gui/swing/jdgui/views/settings/panels/anticaptcha/TimingTableModel$5.class
   JD: libs/JDGUI.jar/jd/gui/swing/jdgui/views/settings/panels/anticaptcha/TimingTableModel.class
   JD: libs/JDGUI.jar/jd/gui/swing/jdgui/views/settings/panels/basicauthentication/AuthTable.class
   JD: libs/JDGUI.jar/jd/gui/swing/jdgui/views/settings/panels/basicauthentication/AuthTableModel$1$1.class
   JD: libs/JDGUI.jar/jd/gui/swing/jdgui/views/settings/panels/basicauthentication/AuthTableModel$1.class
   JD: libs/JDGUI.jar/jd/gui/swing/jdgui/views/settings/panels/basicauthentication/AuthTableModel$2.class
   JD: libs/JDGUI.jar/jd/gui/swing/jdgui/views/settings/panels/basicauthentication/AuthTableModel$3.class
   JD: libs/JDGUI.jar/jd/gui/swing/jdgui/views/settings/panels/basicauthentication/AuthTableModel$4.class
   JD: libs/JDGUI.jar/jd/gui/swing/jdgui/views/settings/panels/basicauthentication/AuthTableModel$5.class
   JD: libs/JDGUI.jar/jd/gui/swing/jdgui/views/settings/panels/basicauthentication/AuthTableModel$6.class
   JD: libs/JDGUI.jar/jd/gui/swing/jdgui/views/settings/panels/basicauthentication/AuthTableModel$7$1.class
   JD: libs/JDGUI.jar/jd/gui/swing/jdgui/views/settings/panels/basicauthentication/AuthTableModel$7.class
   JD: libs/JDGUI.jar/jd/gui/swing/jdgui/views/settings/panels/basicauthentication/AuthTableModel$8.class
   JD: libs/JDGUI.jar/jd/gui/swing/jdgui/views/settings/panels/basicauthentication/AuthTableModel.class
   JD: libs/JDGUI.jar/jd/gui/swing/jdgui/views/settings/panels/basicauthentication/BasicAuthenticationPanel.class
   JD: libs/JDGUI.jar/jd/gui/swing/jdgui/views/settings/panels/basicauthentication/NewAction$1.class
   JD: libs/JDGUI.jar/jd/gui/swing/jdgui/views/settings/panels/basicauthentication/NewAction.class
   JD: libs/JDGUI.jar/jd/gui/swing/jdgui/views/settings/panels/basicauthentication/RemoveAction$1.class
   JD: libs/JDGUI.jar/jd/gui/swing/jdgui/views/settings/panels/basicauthentication/RemoveAction.class
   JD: libs/JDGUI.jar/jd/gui/swing/jdgui/views/settings/panels/linkgrabberfilter/DuplicateAction.class
   JD: libs/JDGUI.jar/jd/gui/swing/jdgui/views/settings/panels/linkgrabberfilter/ExceptionsTable.class
   JD: libs/JDGUI.jar/jd/gui/swing/jdgui/views/settings/panels/linkgrabberfilter/ExceptionsTableModel$1$1.class
   JD: libs/JDGUI.jar/jd/gui/swing/jdgui/views/settings/panels/linkgrabberfilter/ExceptionsTableModel$1.class
   JD: libs/JDGUI.jar/jd/gui/swing/jdgui/views/settings/panels/linkgrabberfilter/ExceptionsTableModel$2.class
   JD: libs/JDGUI.jar/jd/gui/swing/jdgui/views/settings/panels/linkgrabberfilter/ExceptionsTableModel$3$1.class
   JD: libs/JDGUI.jar/jd/gui/swing/jdgui/views/settings/panels/linkgrabberfilter/ExceptionsTableModel$3.class
   JD: libs/JDGUI.jar/jd/gui/swing/jdgui/views/settings/panels/linkgrabberfilter/ExceptionsTableModel.class
   JD: libs/JDGUI.jar/jd/gui/swing/jdgui/views/settings/panels/linkgrabberfilter/ExportAction$1.class
   JD: libs/JDGUI.jar/jd/gui/swing/jdgui/views/settings/panels/linkgrabberfilter/ExportAction.class
   JD: libs/JDGUI.jar/jd/gui/swing/jdgui/views/settings/panels/linkgrabberfilter/FilterTableModel$1$1.class
   JD: libs/JDGUI.jar/jd/gui/swing/jdgui/views/settings/panels/linkgrabberfilter/FilterTableModel$1.class
   JD: libs/JDGUI.jar/jd/gui/swing/jdgui/views/settings/panels/linkgrabberfilter/FilterTableModel$2.class
   JD: libs/JDGUI.jar/jd/gui/swing/jdgui/views/settings/panels/linkgrabberfilter/FilterTableModel$3$1.class
   JD: libs/JDGUI.jar/jd/gui/swing/jdgui/views/settings/panels/linkgrabberfilter/FilterTableModel$3.class
   JD: libs/JDGUI.jar/jd/gui/swing/jdgui/views/settings/panels/linkgrabberfilter/FilterTableModel.class
   JD: libs/JDGUI.jar/jd/gui/swing/jdgui/views/settings/panels/linkgrabberfilter/ImportAction$1.class
   JD: libs/JDGUI.jar/jd/gui/swing/jdgui/views/settings/panels/linkgrabberfilter/ImportAction$2.class
   JD: libs/JDGUI.jar/jd/gui/swing/jdgui/views/settings/panels/linkgrabberfilter/ImportAction.class
   JD: libs/JDGUI.jar/jd/gui/swing/jdgui/views/settings/panels/linkgrabberfilter/Linkgrabber$1.class
   JD: libs/JDGUI.jar/jd/gui/swing/jdgui/views/settings/panels/linkgrabberfilter/Linkgrabber.class
   JD: libs/JDGUI.jar/jd/gui/swing/jdgui/views/settings/panels/linkgrabberfilter/LinkgrabberFilter$1.class
   JD: libs/JDGUI.jar/jd/gui/swing/jdgui/views/settings/panels/linkgrabberfilter/LinkgrabberFilter$2.class
   JD: libs/JDGUI.jar/jd/gui/swing/jdgui/views/settings/panels/linkgrabberfilter/LinkgrabberFilter$3.class
   JD: libs/JDGUI.jar/jd/gui/swing/jdgui/views/settings/panels/linkgrabberfilter/LinkgrabberFilter$4.class
   JD: libs/JDGUI.jar/jd/gui/swing/jdgui/views/settings/panels/linkgrabberfilter/LinkgrabberFilter$5.class
   JD: libs/JDGUI.jar/jd/gui/swing/jdgui/views/settings/panels/linkgrabberfilter/LinkgrabberFilter$6.class
   JD: libs/JDGUI.jar/jd/gui/swing/jdgui/views/settings/panels/linkgrabberfilter/LinkgrabberFilter$7.class
   JD: libs/JDGUI.jar/jd/gui/swing/jdgui/views/settings/panels/linkgrabberfilter/LinkgrabberFilter.class
   JD: libs/JDGUI.jar/jd/gui/swing/jdgui/views/settings/panels/linkgrabberfilter/NewAction$1.class
   JD: libs/JDGUI.jar/jd/gui/swing/jdgui/views/settings/panels/linkgrabberfilter/NewAction.class
   JD: libs/JDGUI.jar/jd/gui/swing/jdgui/views/settings/panels/linkgrabberfilter/RemoveAction$1.class
   JD: libs/JDGUI.jar/jd/gui/swing/jdgui/views/settings/panels/linkgrabberfilter/RemoveAction.class
   JD: libs/JDGUI.jar/jd/gui/swing/jdgui/views/settings/panels/linkgrabberfilter/SettingsFilterTable.class
   JD: libs/JDGUI.jar/jd/gui/swing/jdgui/views/settings/panels/linkgrabberfilter/editdialog/ConditionDialog$1.class
   JD: libs/JDGUI.jar/jd/gui/swing/jdgui/views/settings/panels/linkgrabberfilter/editdialog/ConditionDialog$10.class
   JD: libs/JDGUI.jar/jd/gui/swing/jdgui/views/settings/panels/linkgrabberfilter/editdialog/ConditionDialog$11.class
   JD: libs/JDGUI.jar/jd/gui/swing/jdgui/views/settings/panels/linkgrabberfilter/editdialog/ConditionDialog$12.class
   JD: libs/JDGUI.jar/jd/gui/swing/jdgui/views/settings/panels/linkgrabberfilter/editdialog/ConditionDialog$13.class
   JD: libs/JDGUI.jar/jd/gui/swing/jdgui/views/settings/panels/linkgrabberfilter/editdialog/ConditionDialog$14.class
   JD: libs/JDGUI.jar/jd/gui/swing/jdgui/views/settings/panels/linkgrabberfilter/editdialog/ConditionDialog$15.class
   JD: libs/JDGUI.jar/jd/gui/swing/jdgui/views/settings/panels/linkgrabberfilter/editdialog/ConditionDialog$16.class
   JD: libs/JDGUI.jar/jd/gui/swing/jdgui/views/settings/panels/linkgrabberfilter/editdialog/ConditionDialog$17.class
   JD: libs/JDGUI.jar/jd/gui/swing/jdgui/views/settings/panels/linkgrabberfilter/editdialog/ConditionDialog$18.class
   JD: libs/JDGUI.jar/jd/gui/swing/jdgui/views/settings/panels/linkgrabberfilter/editdialog/ConditionDialog$19.class
   JD: libs/JDGUI.jar/jd/gui/swing/jdgui/views/settings/panels/linkgrabberfilter/editdialog/ConditionDialog$2.class
   JD: libs/JDGUI.jar/jd/gui/swing/jdgui/views/settings/panels/linkgrabberfilter/editdialog/ConditionDialog$20.class
   JD: libs/JDGUI.jar/jd/gui/swing/jdgui/views/settings/panels/linkgrabberfilter/editdialog/ConditionDialog$21.class
   JD: libs/JDGUI.jar/jd/gui/swing/jdgui/views/settings/panels/linkgrabberfilter/editdialog/ConditionDialog$22.class
   JD: libs/JDGUI.jar/jd/gui/swing/jdgui/views/settings/panels/linkgrabberfilter/editdialog/ConditionDialog$23.class
   JD: libs/JDGUI.jar/jd/gui/swing/jdgui/views/settings/panels/linkgrabberfilter/editdialog/ConditionDialog$24.class
   JD: libs/JDGUI.jar/jd/gui/swing/jdgui/views/settings/panels/linkgrabberfilter/editdialog/ConditionDialog$25.class
   JD: libs/JDGUI.jar/jd/gui/swing/jdgui/views/settings/panels/linkgrabberfilter/editdialog/ConditionDialog$26.class
   JD: libs/JDGUI.jar/jd/gui/swing/jdgui/views/settings/panels/linkgrabberfilter/editdialog/ConditionDialog$27.class
   JD: libs/JDGUI.jar/jd/gui/swing/jdgui/views/settings/panels/linkgrabberfilter/editdialog/ConditionDialog$28.class
   JD: libs/JDGUI.jar/jd/gui/swing/jdgui/views/settings/panels/linkgrabberfilter/editdialog/ConditionDialog$29.class
   JD: libs/JDGUI.jar/jd/gui/swing/jdgui/views/settings/panels/linkgrabberfilter/editdialog/ConditionDialog$3$1.class
   JD: libs/JDGUI.jar/jd/gui/swing/jdgui/views/settings/panels/linkgrabberfilter/editdialog/ConditionDialog$3$2.class
   JD: libs/JDGUI.jar/jd/gui/swing/jdgui/views/settings/panels/linkgrabberfilter/editdialog/ConditionDialog$3$3.class
   JD: libs/JDGUI.jar/jd/gui/swing/jdgui/views/settings/panels/linkgrabberfilter/editdialog/ConditionDialog$3.class
   JD: libs/JDGUI.jar/jd/gui/swing/jdgui/views/settings/panels/linkgrabberfilter/editdialog/ConditionDialog$30.class
   JD: libs/JDGUI.jar/jd/gui/swing/jdgui/views/settings/panels/linkgrabberfilter/editdialog/ConditionDialog$31.class
   JD: libs/JDGUI.jar/jd/gui/swing/jdgui/views/settings/panels/linkgrabberfilter/editdialog/ConditionDialog$32.class
   JD: libs/JDGUI.jar/jd/gui/swing/jdgui/views/settings/panels/linkgrabberfilter/editdialog/ConditionDialog$33.class
   JD: libs/JDGUI.jar/jd/gui/swing/jdgui/views/settings/panels/linkgrabberfilter/editdialog/ConditionDialog$34.class
   JD: libs/JDGUI.jar/jd/gui/swing/jdgui/views/settings/panels/linkgrabberfilter/editdialog/ConditionDialog$35.class
   JD: libs/JDGUI.jar/jd/gui/swing/jdgui/views/settings/panels/linkgrabberfilter/editdialog/ConditionDialog$4.class
   JD: libs/JDGUI.jar/jd/gui/swing/jdgui/views/settings/panels/linkgrabberfilter/editdialog/ConditionDialog$5.class
   JD: libs/JDGUI.jar/jd/gui/swing/jdgui/views/settings/panels/linkgrabberfilter/editdialog/ConditionDialog$6.class
   JD: libs/JDGUI.jar/jd/gui/swing/jdgui/views/settings/panels/linkgrabberfilter/editdialog/ConditionDialog$7.class
   JD: libs/JDGUI.jar/jd/gui/swing/jdgui/views/settings/panels/linkgrabberfilter/editdialog/ConditionDialog$8.class
   JD: libs/JDGUI.jar/jd/gui/swing/jdgui/views/settings/panels/linkgrabberfilter/editdialog/ConditionDialog$9.class
   JD: libs/JDGUI.jar/jd/gui/swing/jdgui/views/settings/panels/linkgrabberfilter/editdialog/ConditionDialog.class
   JD: libs/JDGUI.jar/jd/gui/swing/jdgui/views/settings/panels/linkgrabberfilter/editdialog/ConditionFilter$1.class
   JD: libs/JDGUI.jar/jd/gui/swing/jdgui/views/settings/panels/linkgrabberfilter/editdialog/ConditionFilter$Matchtype.class
   JD: libs/JDGUI.jar/jd/gui/swing/jdgui/views/settings/panels/linkgrabberfilter/editdialog/ConditionFilter.class
   JD: libs/JDGUI.jar/jd/gui/swing/jdgui/views/settings/panels/linkgrabberfilter/editdialog/ExceptionsRuleDialog$1.class
   JD: libs/JDGUI.jar/jd/gui/swing/jdgui/views/settings/panels/linkgrabberfilter/editdialog/ExceptionsRuleDialog.class
   JD: libs/JDGUI.jar/jd/gui/swing/jdgui/views/settings/panels/linkgrabberfilter/editdialog/FileType$1.class
   JD: libs/JDGUI.jar/jd/gui/swing/jdgui/views/settings/panels/linkgrabberfilter/editdialog/FileType.class
   JD: libs/JDGUI.jar/jd/gui/swing/jdgui/views/settings/panels/linkgrabberfilter/editdialog/FilterPanel.class
   JD: libs/JDGUI.jar/jd/gui/swing/jdgui/views/settings/panels/linkgrabberfilter/editdialog/FilterRuleDialog$1.class
   JD: libs/JDGUI.jar/jd/gui/swing/jdgui/views/settings/panels/linkgrabberfilter/editdialog/FilterRuleDialog.class
   JD: libs/JDGUI.jar/jd/gui/swing/jdgui/views/settings/panels/linkgrabberfilter/editdialog/OnlineStatusFilter$1.class
   JD: libs/JDGUI.jar/jd/gui/swing/jdgui/views/settings/panels/linkgrabberfilter/editdialog/OnlineStatusFilter$OnlineStatus.class
   JD: libs/JDGUI.jar/jd/gui/swing/jdgui/views/settings/panels/linkgrabberfilter/editdialog/OnlineStatusFilter$OnlineStatusMatchtype.class
   JD: libs/JDGUI.jar/jd/gui/swing/jdgui/views/settings/panels/linkgrabberfilter/editdialog/OnlineStatusFilter.class
   JD: libs/JDGUI.jar/jd/gui/swing/jdgui/views/settings/panels/linkgrabberfilter/editdialog/OriginFilter$1.class
   JD: libs/JDGUI.jar/jd/gui/swing/jdgui/views/settings/panels/linkgrabberfilter/editdialog/OriginFilter$Matchtype.class
   JD: libs/JDGUI.jar/jd/gui/swing/jdgui/views/settings/panels/linkgrabberfilter/editdialog/OriginFilter.class
   JD: libs/JDGUI.jar/jd/gui/swing/jdgui/views/settings/panels/linkgrabberfilter/editdialog/PluginStatusFilter$1.class
   JD: libs/JDGUI.jar/jd/gui/swing/jdgui/views/settings/panels/linkgrabberfilter/editdialog/PluginStatusFilter$PluginStatus.class
   JD: libs/JDGUI.jar/jd/gui/swing/jdgui/views/settings/panels/linkgrabberfilter/editdialog/PluginStatusFilter$PluginStatusMatchtype.class
   JD: libs/JDGUI.jar/jd/gui/swing/jdgui/views/settings/panels/linkgrabberfilter/editdialog/PluginStatusFilter.class
   JD: libs/JDGUI.jar/jd/gui/swing/jdgui/views/settings/panels/linkgrabberfilter/editdialog/TestAction$1.class
   JD: libs/JDGUI.jar/jd/gui/swing/jdgui/views/settings/panels/linkgrabberfilter/editdialog/TestAction.class
   JD: libs/JDGUI.jar/jd/gui/swing/jdgui/views/settings/panels/linkgrabberfilter/test/ResultTable.class
   JD: libs/JDGUI.jar/jd/gui/swing/jdgui/views/settings/panels/linkgrabberfilter/test/ResultTableModel$1.class
   JD: libs/JDGUI.jar/jd/gui/swing/jdgui/views/settings/panels/linkgrabberfilter/test/ResultTableModel$10.class
   JD: libs/JDGUI.jar/jd/gui/swing/jdgui/views/settings/panels/linkgrabberfilter/test/ResultTableModel$11.class
   JD: libs/JDGUI.jar/jd/gui/swing/jdgui/views/settings/panels/linkgrabberfilter/test/ResultTableModel$2.class
   JD: libs/JDGUI.jar/jd/gui/swing/jdgui/views/settings/panels/linkgrabberfilter/test/ResultTableModel$3.class
   JD: libs/JDGUI.jar/jd/gui/swing/jdgui/views/settings/panels/linkgrabberfilter/test/ResultTableModel$4.class
   JD: libs/JDGUI.jar/jd/gui/swing/jdgui/views/settings/panels/linkgrabberfilter/test/ResultTableModel$5.class
   JD: libs/JDGUI.jar/jd/gui/swing/jdgui/views/settings/panels/linkgrabberfilter/test/ResultTableModel$6.class
   JD: libs/JDGUI.jar/jd/gui/swing/jdgui/views/settings/panels/linkgrabberfilter/test/ResultTableModel$7.class
   JD: libs/JDGUI.jar/jd/gui/swing/jdgui/views/settings/panels/linkgrabberfilter/test/ResultTableModel$8.class
   JD: libs/JDGUI.jar/jd/gui/swing/jdgui/views/settings/panels/linkgrabberfilter/test/ResultTableModel$9.class
   JD: libs/JDGUI.jar/jd/gui/swing/jdgui/views/settings/panels/linkgrabberfilter/test/ResultTableModel.class
   JD: libs/JDGUI.jar/jd/gui/swing/jdgui/views/settings/panels/linkgrabberfilter/test/SingleFilterResultTableModel$1.class
   JD: libs/JDGUI.jar/jd/gui/swing/jdgui/views/settings/panels/linkgrabberfilter/test/SingleFilterResultTableModel$2.class
   JD: libs/JDGUI.jar/jd/gui/swing/jdgui/views/settings/panels/linkgrabberfilter/test/SingleFilterResultTableModel$3.class
   JD: libs/JDGUI.jar/jd/gui/swing/jdgui/views/settings/panels/linkgrabberfilter/test/SingleFilterResultTableModel$4.class
   JD: libs/JDGUI.jar/jd/gui/swing/jdgui/views/settings/panels/linkgrabberfilter/test/SingleFilterResultTableModel$5.class
   JD: libs/JDGUI.jar/jd/gui/swing/jdgui/views/settings/panels/linkgrabberfilter/test/SingleFilterResultTableModel$6.class
   JD: libs/JDGUI.jar/jd/gui/swing/jdgui/views/settings/panels/linkgrabberfilter/test/SingleFilterResultTableModel$7.class
   JD: libs/JDGUI.jar/jd/gui/swing/jdgui/views/settings/panels/linkgrabberfilter/test/SingleFilterResultTableModel$8.class
   JD: libs/JDGUI.jar/jd/gui/swing/jdgui/views/settings/panels/linkgrabberfilter/test/SingleFilterResultTableModel$9.class
   JD: libs/JDGUI.jar/jd/gui/swing/jdgui/views/settings/panels/linkgrabberfilter/test/SingleFilterResultTableModel.class
   JD: libs/JDGUI.jar/jd/gui/swing/jdgui/views/settings/panels/linkgrabberfilter/test/TestWaitDialog$1.class
   JD: libs/JDGUI.jar/jd/gui/swing/jdgui/views/settings/panels/linkgrabberfilter/test/TestWaitDialog$2.class
   JD: libs/JDGUI.jar/jd/gui/swing/jdgui/views/settings/panels/linkgrabberfilter/test/TestWaitDialog$3.class
   JD: libs/JDGUI.jar/jd/gui/swing/jdgui/views/settings/panels/linkgrabberfilter/test/TestWaitDialog$4.class
   JD: libs/JDGUI.jar/jd/gui/swing/jdgui/views/settings/panels/linkgrabberfilter/test/TestWaitDialog$5$1.class
   JD: libs/JDGUI.jar/jd/gui/swing/jdgui/views/settings/panels/linkgrabberfilter/test/TestWaitDialog$5$2.class
   JD: libs/JDGUI.jar/jd/gui/swing/jdgui/views/settings/panels/linkgrabberfilter/test/TestWaitDialog$5.class
   JD: libs/JDGUI.jar/jd/gui/swing/jdgui/views/settings/panels/linkgrabberfilter/test/TestWaitDialog.class
   JD: libs/JDGUI.jar/jd/gui/swing/jdgui/views/settings/panels/linkgrabberfilter/test/ViewTestResultTableModel$1.class
   JD: libs/JDGUI.jar/jd/gui/swing/jdgui/views/settings/panels/linkgrabberfilter/test/ViewTestResultTableModel$2.class
   JD: libs/JDGUI.jar/jd/gui/swing/jdgui/views/settings/panels/linkgrabberfilter/test/ViewTestResultTableModel$3.class
   JD: libs/JDGUI.jar/jd/gui/swing/jdgui/views/settings/panels/linkgrabberfilter/test/ViewTestResultTableModel$4.class
   JD: libs/JDGUI.jar/jd/gui/swing/jdgui/views/settings/panels/linkgrabberfilter/test/ViewTestResultTableModel$5.class
   JD: libs/JDGUI.jar/jd/gui/swing/jdgui/views/settings/panels/linkgrabberfilter/test/ViewTestResultTableModel$6.class
   JD: libs/JDGUI.jar/jd/gui/swing/jdgui/views/settings/panels/linkgrabberfilter/test/ViewTestResultTableModel$7.class
   JD: libs/JDGUI.jar/jd/gui/swing/jdgui/views/settings/panels/linkgrabberfilter/test/ViewTestResultTableModel$8.class
   JD: libs/JDGUI.jar/jd/gui/swing/jdgui/views/settings/panels/linkgrabberfilter/test/ViewTestResultTableModel$9.class
   JD: libs/JDGUI.jar/jd/gui/swing/jdgui/views/settings/panels/linkgrabberfilter/test/ViewTestResultTableModel.class
   JD: libs/JDGUI.jar/jd/gui/swing/jdgui/views/settings/panels/packagizer/DuplicateAction.class
   JD: libs/JDGUI.jar/jd/gui/swing/jdgui/views/settings/panels/packagizer/ExportAction$1.class
   JD: libs/JDGUI.jar/jd/gui/swing/jdgui/views/settings/panels/packagizer/ExportAction.class
   JD: libs/JDGUI.jar/jd/gui/swing/jdgui/views/settings/panels/packagizer/FilterTableModel$1.class
   JD: libs/JDGUI.jar/jd/gui/swing/jdgui/views/settings/panels/packagizer/FilterTableModel$2$1.class
   JD: libs/JDGUI.jar/jd/gui/swing/jdgui/views/settings/panels/packagizer/FilterTableModel$2.class
   JD: libs/JDGUI.jar/jd/gui/swing/jdgui/views/settings/panels/packagizer/FilterTableModel$3.class
   JD: libs/JDGUI.jar/jd/gui/swing/jdgui/views/settings/panels/packagizer/FilterTableModel$4.class
   JD: libs/JDGUI.jar/jd/gui/swing/jdgui/views/settings/panels/packagizer/FilterTableModel.class
   JD: libs/JDGUI.jar/jd/gui/swing/jdgui/views/settings/panels/packagizer/ImportAction$1.class
   JD: libs/JDGUI.jar/jd/gui/swing/jdgui/views/settings/panels/packagizer/ImportAction$2.class
   JD: libs/JDGUI.jar/jd/gui/swing/jdgui/views/settings/panels/packagizer/ImportAction.class
   JD: libs/JDGUI.jar/jd/gui/swing/jdgui/views/settings/panels/packagizer/NewAction$1$1.class
   JD: libs/JDGUI.jar/jd/gui/swing/jdgui/views/settings/panels/packagizer/NewAction$1.class
   JD: libs/JDGUI.jar/jd/gui/swing/jdgui/views/settings/panels/packagizer/NewAction.class
   JD: libs/JDGUI.jar/jd/gui/swing/jdgui/views/settings/panels/packagizer/OrderColumn$1.class
   JD: libs/JDGUI.jar/jd/gui/swing/jdgui/views/settings/panels/packagizer/OrderColumn$2.class
   JD: libs/JDGUI.jar/jd/gui/swing/jdgui/views/settings/panels/packagizer/OrderColumn.class
   JD: libs/JDGUI.jar/jd/gui/swing/jdgui/views/settings/panels/packagizer/Packagizer$1.class
   JD: libs/JDGUI.jar/jd/gui/swing/jdgui/views/settings/panels/packagizer/Packagizer.class
   JD: libs/JDGUI.jar/jd/gui/swing/jdgui/views/settings/panels/packagizer/PackagizerFilter$1.class
   JD: libs/JDGUI.jar/jd/gui/swing/jdgui/views/settings/panels/packagizer/PackagizerFilter$2.class
   JD: libs/JDGUI.jar/jd/gui/swing/jdgui/views/settings/panels/packagizer/PackagizerFilter.class
   JD: libs/JDGUI.jar/jd/gui/swing/jdgui/views/settings/panels/packagizer/PackagizerFilterRuleDialog$1.class
   JD: libs/JDGUI.jar/jd/gui/swing/jdgui/views/settings/panels/packagizer/PackagizerFilterRuleDialog$10.class
   JD: libs/JDGUI.jar/jd/gui/swing/jdgui/views/settings/panels/packagizer/PackagizerFilterRuleDialog$11.class
   JD: libs/JDGUI.jar/jd/gui/swing/jdgui/views/settings/panels/packagizer/PackagizerFilterRuleDialog$12.class
   JD: libs/JDGUI.jar/jd/gui/swing/jdgui/views/settings/panels/packagizer/PackagizerFilterRuleDialog$13.class
   JD: libs/JDGUI.jar/jd/gui/swing/jdgui/views/settings/panels/packagizer/PackagizerFilterRuleDialog$14.class
   JD: libs/JDGUI.jar/jd/gui/swing/jdgui/views/settings/panels/packagizer/PackagizerFilterRuleDialog$15.class
   JD: libs/JDGUI.jar/jd/gui/swing/jdgui/views/settings/panels/packagizer/PackagizerFilterRuleDialog$2.class
   JD: libs/JDGUI.jar/jd/gui/swing/jdgui/views/settings/panels/packagizer/PackagizerFilterRuleDialog$3.class
   JD: libs/JDGUI.jar/jd/gui/swing/jdgui/views/settings/panels/packagizer/PackagizerFilterRuleDialog$4.class
   JD: libs/JDGUI.jar/jd/gui/swing/jdgui/views/settings/panels/packagizer/PackagizerFilterRuleDialog$5.class
   JD: libs/JDGUI.jar/jd/gui/swing/jdgui/views/settings/panels/packagizer/PackagizerFilterRuleDialog$6.class
   JD: libs/JDGUI.jar/jd/gui/swing/jdgui/views/settings/panels/packagizer/PackagizerFilterRuleDialog$7.class
   JD: libs/JDGUI.jar/jd/gui/swing/jdgui/views/settings/panels/packagizer/PackagizerFilterRuleDialog$8.class
   JD: libs/JDGUI.jar/jd/gui/swing/jdgui/views/settings/panels/packagizer/PackagizerFilterRuleDialog$9.class
   JD: libs/JDGUI.jar/jd/gui/swing/jdgui/views/settings/panels/packagizer/PackagizerFilterRuleDialog.class
   JD: libs/JDGUI.jar/jd/gui/swing/jdgui/views/settings/panels/packagizer/PackagizerFilterTable$1$1.class
   JD: libs/JDGUI.jar/jd/gui/swing/jdgui/views/settings/panels/packagizer/PackagizerFilterTable$1.class
   JD: libs/JDGUI.jar/jd/gui/swing/jdgui/views/settings/panels/packagizer/PackagizerFilterTable.class
   JD: libs/JDGUI.jar/jd/gui/swing/jdgui/views/settings/panels/packagizer/RemoveAction$1.class
   JD: libs/JDGUI.jar/jd/gui/swing/jdgui/views/settings/panels/packagizer/RemoveAction.class
   JD: libs/JDGUI.jar/jd/gui/swing/jdgui/views/settings/panels/packagizer/test/PackagizerSingleTestTableModel$1.class
   JD: libs/JDGUI.jar/jd/gui/swing/jdgui/views/settings/panels/packagizer/test/PackagizerSingleTestTableModel$10.class
   JD: libs/JDGUI.jar/jd/gui/swing/jdgui/views/settings/panels/packagizer/test/PackagizerSingleTestTableModel$11.class
   JD: libs/JDGUI.jar/jd/gui/swing/jdgui/views/settings/panels/packagizer/test/PackagizerSingleTestTableModel$12.class
   JD: libs/JDGUI.jar/jd/gui/swing/jdgui/views/settings/panels/packagizer/test/PackagizerSingleTestTableModel$13.class
   JD: libs/JDGUI.jar/jd/gui/swing/jdgui/views/settings/panels/packagizer/test/PackagizerSingleTestTableModel$2.class
   JD: libs/JDGUI.jar/jd/gui/swing/jdgui/views/settings/panels/packagizer/test/PackagizerSingleTestTableModel$3.class
   JD: libs/JDGUI.jar/jd/gui/swing/jdgui/views/settings/panels/packagizer/test/PackagizerSingleTestTableModel$4.class
   JD: libs/JDGUI.jar/jd/gui/swing/jdgui/views/settings/panels/packagizer/test/PackagizerSingleTestTableModel$5.class
   JD: libs/JDGUI.jar/jd/gui/swing/jdgui/views/settings/panels/packagizer/test/PackagizerSingleTestTableModel$6.class
   JD: libs/JDGUI.jar/jd/gui/swing/jdgui/views/settings/panels/packagizer/test/PackagizerSingleTestTableModel$7.class
   JD: libs/JDGUI.jar/jd/gui/swing/jdgui/views/settings/panels/packagizer/test/PackagizerSingleTestTableModel$8.class
   JD: libs/JDGUI.jar/jd/gui/swing/jdgui/views/settings/panels/packagizer/test/PackagizerSingleTestTableModel$9.class
   JD: libs/JDGUI.jar/jd/gui/swing/jdgui/views/settings/panels/packagizer/test/PackagizerSingleTestTableModel.class
   JD: libs/JDGUI.jar/jd/gui/swing/jdgui/views/settings/panels/pluginsettings/PluginConfigPanel$1.class
   JD: libs/JDGUI.jar/jd/gui/swing/jdgui/views/settings/panels/pluginsettings/PluginConfigPanel.class
   JD: libs/JDGUI.jar/jd/gui/swing/jdgui/views/settings/panels/pluginsettings/PluginSettings.class
   JD: libs/JDGUI.jar/jd/gui/swing/jdgui/views/settings/panels/pluginsettings/PluginSettingsPanel$1$1.class
   JD: libs/JDGUI.jar/jd/gui/swing/jdgui/views/settings/panels/pluginsettings/PluginSettingsPanel$1.class
   JD: libs/JDGUI.jar/jd/gui/swing/jdgui/views/settings/panels/pluginsettings/PluginSettingsPanel$2.class
   JD: libs/JDGUI.jar/jd/gui/swing/jdgui/views/settings/panels/pluginsettings/PluginSettingsPanel$3$1.class
   JD: libs/JDGUI.jar/jd/gui/swing/jdgui/views/settings/panels/pluginsettings/PluginSettingsPanel$3.class
   JD: libs/JDGUI.jar/jd/gui/swing/jdgui/views/settings/panels/pluginsettings/PluginSettingsPanel$4.class
   JD: libs/JDGUI.jar/jd/gui/swing/jdgui/views/settings/panels/pluginsettings/PluginSettingsPanel$5.class
   JD: libs/JDGUI.jar/jd/gui/swing/jdgui/views/settings/panels/pluginsettings/PluginSettingsPanel$6.class
   JD: libs/JDGUI.jar/jd/gui/swing/jdgui/views/settings/panels/pluginsettings/PluginSettingsPanel$7.class
   JD: libs/JDGUI.jar/jd/gui/swing/jdgui/views/settings/panels/pluginsettings/PluginSettingsPanel$8$1.class
   JD: libs/JDGUI.jar/jd/gui/swing/jdgui/views/settings/panels/pluginsettings/PluginSettingsPanel$8.class
   JD: libs/JDGUI.jar/jd/gui/swing/jdgui/views/settings/panels/pluginsettings/PluginSettingsPanel$9.class
   JD: libs/JDGUI.jar/jd/gui/swing/jdgui/views/settings/panels/pluginsettings/PluginSettingsPanel$Scroll.class
   JD: libs/JDGUI.jar/jd/gui/swing/jdgui/views/settings/panels/pluginsettings/PluginSettingsPanel.class
   JD: libs/JDGUI.jar/jd/gui/swing/jdgui/views/settings/panels/proxy/ExportPlainTextAction.class
   JD: libs/JDGUI.jar/jd/gui/swing/jdgui/views/settings/panels/proxy/ExportPopupAction.class
   JD: libs/JDGUI.jar/jd/gui/swing/jdgui/views/settings/panels/proxy/HostColumn$ConnectionTooltip$1$1.class
   JD: libs/JDGUI.jar/jd/gui/swing/jdgui/views/settings/panels/proxy/HostColumn$ConnectionTooltip$1$2.class
   JD: libs/JDGUI.jar/jd/gui/swing/jdgui/views/settings/panels/proxy/HostColumn$ConnectionTooltip$1.class
   JD: libs/JDGUI.jar/jd/gui/swing/jdgui/views/settings/panels/proxy/HostColumn$ConnectionTooltip.class
   JD: libs/JDGUI.jar/jd/gui/swing/jdgui/views/settings/panels/proxy/HostColumn.class
   JD: libs/JDGUI.jar/jd/gui/swing/jdgui/views/settings/panels/proxy/ImportPlainTextAction$1.class
   JD: libs/JDGUI.jar/jd/gui/swing/jdgui/views/settings/panels/proxy/ImportPlainTextAction.class
   JD: libs/JDGUI.jar/jd/gui/swing/jdgui/views/settings/panels/proxy/ImportPopupAction.class
   JD: libs/JDGUI.jar/jd/gui/swing/jdgui/views/settings/panels/proxy/LoadProxyProfileAction$1.class
   JD: libs/JDGUI.jar/jd/gui/swing/jdgui/views/settings/panels/proxy/LoadProxyProfileAction.class
   JD: libs/JDGUI.jar/jd/gui/swing/jdgui/views/settings/panels/proxy/OrderColumn$1.class
   JD: libs/JDGUI.jar/jd/gui/swing/jdgui/views/settings/panels/proxy/OrderColumn$2.class
   JD: libs/JDGUI.jar/jd/gui/swing/jdgui/views/settings/panels/proxy/OrderColumn.class
   JD: libs/JDGUI.jar/jd/gui/swing/jdgui/views/settings/panels/proxy/ProxyAddAction$1.class
   JD: libs/JDGUI.jar/jd/gui/swing/jdgui/views/settings/panels/proxy/ProxyAddAction.class
   JD: libs/JDGUI.jar/jd/gui/swing/jdgui/views/settings/panels/proxy/ProxyAutoAction$1$1.class
   JD: libs/JDGUI.jar/jd/gui/swing/jdgui/views/settings/panels/proxy/ProxyAutoAction$1.class
   JD: libs/JDGUI.jar/jd/gui/swing/jdgui/views/settings/panels/proxy/ProxyAutoAction$2.class
   JD: libs/JDGUI.jar/jd/gui/swing/jdgui/views/settings/panels/proxy/ProxyAutoAction.class
   JD: libs/JDGUI.jar/jd/gui/swing/jdgui/views/settings/panels/proxy/ProxyConfig$1.class
   JD: libs/JDGUI.jar/jd/gui/swing/jdgui/views/settings/panels/proxy/ProxyConfig$2.class
   JD: libs/JDGUI.jar/jd/gui/swing/jdgui/views/settings/panels/proxy/ProxyConfig$3.class
   JD: libs/JDGUI.jar/jd/gui/swing/jdgui/views/settings/panels/proxy/ProxyConfig$4.class
   JD: libs/JDGUI.jar/jd/gui/swing/jdgui/views/settings/panels/proxy/ProxyConfig.class
   JD: libs/JDGUI.jar/jd/gui/swing/jdgui/views/settings/panels/proxy/ProxyDeleteAction$1.class
   JD: libs/JDGUI.jar/jd/gui/swing/jdgui/views/settings/panels/proxy/ProxyDeleteAction$2.class
   JD: libs/JDGUI.jar/jd/gui/swing/jdgui/views/settings/panels/proxy/ProxyDeleteAction.class
   JD: libs/JDGUI.jar/jd/gui/swing/jdgui/views/settings/panels/proxy/ProxyDetailsDialog$1.class
   JD: libs/JDGUI.jar/jd/gui/swing/jdgui/views/settings/panels/proxy/ProxyDetailsDialog$2.class
   JD: libs/JDGUI.jar/jd/gui/swing/jdgui/views/settings/panels/proxy/ProxyDetailsDialog.class
   JD: libs/JDGUI.jar/jd/gui/swing/jdgui/views/settings/panels/proxy/ProxyTable.class
   JD: libs/JDGUI.jar/jd/gui/swing/jdgui/views/settings/panels/proxy/ProxyTableModel$1$1.class
   JD: libs/JDGUI.jar/jd/gui/swing/jdgui/views/settings/panels/proxy/ProxyTableModel$1.class
   JD: libs/JDGUI.jar/jd/gui/swing/jdgui/views/settings/panels/proxy/ProxyTableModel$2.class
   JD: libs/JDGUI.jar/jd/gui/swing/jdgui/views/settings/panels/proxy/ProxyTableModel$3.class
   JD: libs/JDGUI.jar/jd/gui/swing/jdgui/views/settings/panels/proxy/ProxyTableModel$4.class
   JD: libs/JDGUI.jar/jd/gui/swing/jdgui/views/settings/panels/proxy/ProxyTableModel$5.class
   JD: libs/JDGUI.jar/jd/gui/swing/jdgui/views/settings/panels/proxy/ProxyTableModel$6.class
   JD: libs/JDGUI.jar/jd/gui/swing/jdgui/views/settings/panels/proxy/ProxyTableModel$7$1.class
   JD: libs/JDGUI.jar/jd/gui/swing/jdgui/views/settings/panels/proxy/ProxyTableModel$7$2.class
   JD: libs/JDGUI.jar/jd/gui/swing/jdgui/views/settings/panels/proxy/ProxyTableModel$7.class
   JD: libs/JDGUI.jar/jd/gui/swing/jdgui/views/settings/panels/proxy/ProxyTableModel$8$1$1.class
   JD: libs/JDGUI.jar/jd/gui/swing/jdgui/views/settings/panels/proxy/ProxyTableModel$8$1.class
   JD: libs/JDGUI.jar/jd/gui/swing/jdgui/views/settings/panels/proxy/ProxyTableModel$8$2.class
   JD: libs/JDGUI.jar/jd/gui/swing/jdgui/views/settings/panels/proxy/ProxyTableModel$8.class
   JD: libs/JDGUI.jar/jd/gui/swing/jdgui/views/settings/panels/proxy/ProxyTableModel$9.class
   JD: libs/JDGUI.jar/jd/gui/swing/jdgui/views/settings/panels/proxy/ProxyTableModel.class
   JD: libs/JDGUI.jar/jd/gui/swing/jdgui/views/settings/panels/proxy/SaveAsProxyProfileAction$1.class
   JD: libs/JDGUI.jar/jd/gui/swing/jdgui/views/settings/panels/proxy/SaveAsProxyProfileAction.class
   JD: libs/JDGUI.jar/jd/gui/swing/jdgui/views/settings/panels/reconnect/AutoSetupAction$1.class
   JD: libs/JDGUI.jar/jd/gui/swing/jdgui/views/settings/panels/reconnect/AutoSetupAction$2$1.class
   JD: libs/JDGUI.jar/jd/gui/swing/jdgui/views/settings/panels/reconnect/AutoSetupAction$2.class
   JD: libs/JDGUI.jar/jd/gui/swing/jdgui/views/settings/panels/reconnect/AutoSetupAction.class
   JD: libs/JDGUI.jar/jd/gui/swing/jdgui/views/settings/panels/reconnect/ReconnectDialog$1$1.class
   JD: libs/JDGUI.jar/jd/gui/swing/jdgui/views/settings/panels/reconnect/ReconnectDialog$1$2.class
   JD: libs/JDGUI.jar/jd/gui/swing/jdgui/views/settings/panels/reconnect/ReconnectDialog$1$3.class
   JD: libs/JDGUI.jar/jd/gui/swing/jdgui/views/settings/panels/reconnect/ReconnectDialog$1$4.class
   JD: libs/JDGUI.jar/jd/gui/swing/jdgui/views/settings/panels/reconnect/ReconnectDialog$1$5.class
   JD: libs/JDGUI.jar/jd/gui/swing/jdgui/views/settings/panels/reconnect/ReconnectDialog$1.class
   JD: libs/JDGUI.jar/jd/gui/swing/jdgui/views/settings/panels/reconnect/ReconnectDialog$2.class
   JD: libs/JDGUI.jar/jd/gui/swing/jdgui/views/settings/panels/reconnect/ReconnectDialog$3.class
   JD: libs/JDGUI.jar/jd/gui/swing/jdgui/views/settings/panels/reconnect/ReconnectDialog$4.class
   JD: libs/JDGUI.jar/jd/gui/swing/jdgui/views/settings/panels/reconnect/ReconnectDialog$5.class
   JD: libs/JDGUI.jar/jd/gui/swing/jdgui/views/settings/panels/reconnect/ReconnectDialog$6.class
   JD: libs/JDGUI.jar/jd/gui/swing/jdgui/views/settings/panels/reconnect/ReconnectDialog$7$1.class
   JD: libs/JDGUI.jar/jd/gui/swing/jdgui/views/settings/panels/reconnect/ReconnectDialog$7.class
   JD: libs/JDGUI.jar/jd/gui/swing/jdgui/views/settings/panels/reconnect/ReconnectDialog$8.class
   JD: libs/JDGUI.jar/jd/gui/swing/jdgui/views/settings/panels/reconnect/ReconnectDialog$9$1.class
   JD: libs/JDGUI.jar/jd/gui/swing/jdgui/views/settings/panels/reconnect/ReconnectDialog$9.class
   JD: libs/JDGUI.jar/jd/gui/swing/jdgui/views/settings/panels/reconnect/ReconnectDialog.class
   JD: libs/JDGUI.jar/jd/gui/swing/jdgui/views/settings/panels/reconnect/ReconnectManager$1.class
   JD: libs/JDGUI.jar/jd/gui/swing/jdgui/views/settings/panels/reconnect/ReconnectManager$2.class
   JD: libs/JDGUI.jar/jd/gui/swing/jdgui/views/settings/panels/reconnect/ReconnectManager$3.class
   JD: libs/JDGUI.jar/jd/gui/swing/jdgui/views/settings/panels/reconnect/ReconnectManager.class
   JD: libs/JDGUI.jar/jd/gui/swing/jdgui/views/settings/panels/reconnect/ReconnectTestAction.class
   JD: libs/JDGUI.jar/jd/gui/swing/jdgui/views/settings/panels/reconnect/ReconnectTester$1$1.class
   JD: libs/JDGUI.jar/jd/gui/swing/jdgui/views/settings/panels/reconnect/ReconnectTester$1$2$1.class
   JD: libs/JDGUI.jar/jd/gui/swing/jdgui/views/settings/panels/reconnect/ReconnectTester$1$2.class
   JD: libs/JDGUI.jar/jd/gui/swing/jdgui/views/settings/panels/reconnect/ReconnectTester$1$3.class
   JD: libs/JDGUI.jar/jd/gui/swing/jdgui/views/settings/panels/reconnect/ReconnectTester$1$4.class
   JD: libs/JDGUI.jar/jd/gui/swing/jdgui/views/settings/panels/reconnect/ReconnectTester$1$5.class
   JD: libs/JDGUI.jar/jd/gui/swing/jdgui/views/settings/panels/reconnect/ReconnectTester$1.class
   JD: libs/JDGUI.jar/jd/gui/swing/jdgui/views/settings/panels/reconnect/ReconnectTester$2.class
   JD: libs/JDGUI.jar/jd/gui/swing/jdgui/views/settings/panels/reconnect/ReconnectTester.class
   JD: libs/JDGUI.jar/jd/gui/swing/jdgui/views/settings/panels/urlordertable/UrlOrderTableModel$1.class
   JD: libs/JDGUI.jar/jd/gui/swing/jdgui/views/settings/panels/urlordertable/UrlOrderTableModel$2$1.class
   JD: libs/JDGUI.jar/jd/gui/swing/jdgui/views/settings/panels/urlordertable/UrlOrderTableModel$2.class
   JD: libs/JDGUI.jar/jd/gui/swing/jdgui/views/settings/panels/urlordertable/UrlOrderTableModel$3.class
   JD: libs/JDGUI.jar/jd/gui/swing/jdgui/views/settings/panels/urlordertable/UrlOrderTableModel$4.class
   JD: libs/JDGUI.jar/jd/gui/swing/jdgui/views/settings/panels/urlordertable/UrlOrderTableModel.class
   JD: libs/JDGUI.jar/jd/gui/swing/jdgui/views/settings/sidebar/AddonConfig$1.class
   JD: libs/JDGUI.jar/jd/gui/swing/jdgui/views/settings/sidebar/AddonConfig.class
   JD: libs/JDGUI.jar/jd/gui/swing/jdgui/views/settings/sidebar/ConfigSidebar$1.class
   JD: libs/JDGUI.jar/jd/gui/swing/jdgui/views/settings/sidebar/ConfigSidebar$2.class
   JD: libs/JDGUI.jar/jd/gui/swing/jdgui/views/settings/sidebar/ConfigSidebar$3.class
   JD: libs/JDGUI.jar/jd/gui/swing/jdgui/views/settings/sidebar/ConfigSidebar$4.class
   JD: libs/JDGUI.jar/jd/gui/swing/jdgui/views/settings/sidebar/ConfigSidebar$5.class
   JD: libs/JDGUI.jar/jd/gui/swing/jdgui/views/settings/sidebar/ConfigSidebar.class
   JD: libs/JDGUI.jar/jd/gui/swing/jdgui/views/settings/sidebar/ExtensionHeader.class
   JD: libs/JDGUI.jar/jd/gui/swing/jdgui/views/settings/sidebar/ExtensionPanelListRenderer.class
   JD: libs/JDGUI.jar/jd/gui/swing/jdgui/views/settings/sidebar/SettingsSidebarModel$1$1.class
   JD: libs/JDGUI.jar/jd/gui/swing/jdgui/views/settings/sidebar/SettingsSidebarModel$1.class
   JD: libs/JDGUI.jar/jd/gui/swing/jdgui/views/settings/sidebar/SettingsSidebarModel$10.class
   JD: libs/JDGUI.jar/jd/gui/swing/jdgui/views/settings/sidebar/SettingsSidebarModel$11.class
   JD: libs/JDGUI.jar/jd/gui/swing/jdgui/views/settings/sidebar/SettingsSidebarModel$12.class
   JD: libs/JDGUI.jar/jd/gui/swing/jdgui/views/settings/sidebar/SettingsSidebarModel$13.class
   JD: libs/JDGUI.jar/jd/gui/swing/jdgui/views/settings/sidebar/SettingsSidebarModel$14.class
   JD: libs/JDGUI.jar/jd/gui/swing/jdgui/views/settings/sidebar/SettingsSidebarModel$15.class
   JD: libs/JDGUI.jar/jd/gui/swing/jdgui/views/settings/sidebar/SettingsSidebarModel$16.class
   JD: libs/JDGUI.jar/jd/gui/swing/jdgui/views/settings/sidebar/SettingsSidebarModel$17.class
   JD: libs/JDGUI.jar/jd/gui/swing/jdgui/views/settings/sidebar/SettingsSidebarModel$18.class
   JD: libs/JDGUI.jar/jd/gui/swing/jdgui/views/settings/sidebar/SettingsSidebarModel$19$1.class
   JD: libs/JDGUI.jar/jd/gui/swing/jdgui/views/settings/sidebar/SettingsSidebarModel$19$2.class
   JD: libs/JDGUI.jar/jd/gui/swing/jdgui/views/settings/sidebar/SettingsSidebarModel$19$3.class
   JD: libs/JDGUI.jar/jd/gui/swing/jdgui/views/settings/sidebar/SettingsSidebarModel$19$4.class
   JD: libs/JDGUI.jar/jd/gui/swing/jdgui/views/settings/sidebar/SettingsSidebarModel$19$5.class
   JD: libs/JDGUI.jar/jd/gui/swing/jdgui/views/settings/sidebar/SettingsSidebarModel$19.class
   JD: libs/JDGUI.jar/jd/gui/swing/jdgui/views/settings/sidebar/SettingsSidebarModel$2.class
   JD: libs/JDGUI.jar/jd/gui/swing/jdgui/views/settings/sidebar/SettingsSidebarModel$20.class
   JD: libs/JDGUI.jar/jd/gui/swing/jdgui/views/settings/sidebar/SettingsSidebarModel$3.class
   JD: libs/JDGUI.jar/jd/gui/swing/jdgui/views/settings/sidebar/SettingsSidebarModel$4.class
   JD: libs/JDGUI.jar/jd/gui/swing/jdgui/views/settings/sidebar/SettingsSidebarModel$5.class
   JD: libs/JDGUI.jar/jd/gui/swing/jdgui/views/settings/sidebar/SettingsSidebarModel$6.class
   JD: libs/JDGUI.jar/jd/gui/swing/jdgui/views/settings/sidebar/SettingsSidebarModel$7.class
   JD: libs/JDGUI.jar/jd/gui/swing/jdgui/views/settings/sidebar/SettingsSidebarModel$8.class
   JD: libs/JDGUI.jar/jd/gui/swing/jdgui/views/settings/sidebar/SettingsSidebarModel$9.class
   JD: libs/JDGUI.jar/jd/gui/swing/jdgui/views/settings/sidebar/SettingsSidebarModel.class
   JD: libs/JDGUI.jar/jd/gui/swing/jdgui/views/settings/sidebar/TreeRenderer.class
   JD: libs/JDGUI.jar/jd/gui/swing/jdgui/views/settings/sidebar/UninstalledExtensionHeader.class
   JD: libs/JDGUI.jar/jd/gui/swing/laf/LookAndFeelController$1$1.class
   JD: libs/JDGUI.jar/jd/gui/swing/laf/LookAndFeelController$1.class
   JD: libs/JDGUI.jar/jd/gui/swing/laf/LookAndFeelController$2.class
   JD: libs/JDGUI.jar/jd/gui/swing/laf/LookAndFeelController$3$1.class
   JD: libs/JDGUI.jar/jd/gui/swing/laf/LookAndFeelController$3.class
   JD: libs/JDGUI.jar/jd/gui/swing/laf/LookAndFeelController$4.class
   JD: libs/JDGUI.jar/jd/gui/swing/laf/LookAndFeelController$5.class
   JD: libs/JDGUI.jar/jd/gui/swing/laf/LookAndFeelController$6.class
   JD: libs/JDGUI.jar/jd/gui/swing/laf/LookAndFeelController.class
   JD: libs/JDGUI.jar/jd/gui/userio/DummyFrame.class
   JD: libs/JDHttp.jar/META-INF/MANIFEST.MF
   JD: libs/JDHttp.jar/jd/http/AbstractAuthenticationFactory.class
   JD: libs/JDHttp.jar/jd/http/BasicAuthentication.class
   JD: libs/JDHttp.jar/jd/http/Browser$1.class
   JD: libs/JDHttp.jar/jd/http/Browser$2.class
   JD: libs/JDHttp.jar/jd/http/Browser$BrowserException.class
   JD: libs/JDHttp.jar/jd/http/Browser.class
   JD: libs/JDHttp.jar/jd/http/Cookies.class
   JD: libs/JDHttp.jar/jd/http/DefaultAuthenticanFactory.class
   JD: libs/JDHttp.jar/jd/http/DigestAuthentication.class
   JD: libs/JDHttp.jar/jd/http/HTTPConnectionFactory$1.class
   JD: libs/JDHttp.jar/jd/http/HTTPConnectionFactory.class
   JD: libs/JDHttp.jar/jd/http/RandomUserAgent.class
   JD: libs/JDHttp.jar/jd/http/Request$1.class
   JD: libs/JDHttp.jar/jd/http/Request.class
   JD: libs/JDHttp.jar/jd/http/RequestHeader.class
   JD: libs/JDHttp.jar/jd/http/SocketConnectionFactory$1.class
   JD: libs/JDHttp.jar/jd/http/SocketConnectionFactory.class
   JD: libs/JDHttp.jar/jd/http/URLConnectionAdapter.class
   JD: libs/JDHttp.jar/jd/http/URLConnectionAdapterDirectImpl.class
   JD: libs/JDHttp.jar/jd/http/URLConnectionAdapterHTTPProxyImpl.class
   JD: libs/JDHttp.jar/jd/http/URLConnectionAdapterNative.class
   JD: libs/JDHttp.jar/jd/http/URLConnectionAdapterSocks4Impl.class
   JD: libs/JDHttp.jar/jd/http/URLConnectionAdapterSocks5Impl.class
   JD: libs/JDHttp.jar/jd/http/requests/FormData$Type.class
   JD: libs/JDHttp.jar/jd/http/requests/FormData.class
   JD: libs/JDHttp.jar/jd/http/requests/GetRequest.class
   JD: libs/JDHttp.jar/jd/http/requests/HeadRequest.class
   JD: libs/JDHttp.jar/jd/http/requests/PostFormDataRequest$1.class
   JD: libs/JDHttp.jar/jd/http/requests/PostFormDataRequest.class
   JD: libs/JDHttp.jar/jd/http/requests/PostRequest$1.class
   JD: libs/JDHttp.jar/jd/http/requests/PostRequest$SEND.class
   JD: libs/JDHttp.jar/jd/http/requests/PostRequest.class
   JD: libs/JDUtils.jar/META-INF/MANIFEST.MF
   JD: libs/JDUtils.jar/jd/nutils/ColorSpaceConverter.class
   JD: libs/JDUtils.jar/jd/nutils/DiffMatchPatch$1.class
   JD: libs/JDUtils.jar/jd/nutils/DiffMatchPatch$Operation.class
   JD: libs/JDUtils.jar/jd/nutils/DiffMatchPatch$Patch.class
   JD: libs/JDUtils.jar/jd/nutils/DiffMatchPatch.class
   JD: libs/JDUtils.jar/jd/nutils/DynByteBuffer$1.class
   JD: libs/JDUtils.jar/jd/nutils/DynByteBuffer$2.class
   JD: libs/JDUtils.jar/jd/nutils/DynByteBuffer.class
   JD: libs/JDUtils.jar/jd/nutils/Executer$1.class
   JD: libs/JDUtils.jar/jd/nutils/Executer$StreamObserver.class
   JD: libs/JDUtils.jar/jd/nutils/Executer.class
   JD: libs/JDUtils.jar/jd/nutils/JDHash.class
   JD: libs/JDUtils.jar/jd/nutils/NaturalOrderComparator.class
   JD: libs/JDUtils.jar/jd/nutils/OutdatedParser$1.class
   JD: libs/JDUtils.jar/jd/nutils/OutdatedParser$2.class
   JD: libs/JDUtils.jar/jd/nutils/OutdatedParser.class
   JD: libs/JDUtils.jar/jd/nutils/Screen$1.class
   JD: libs/JDUtils.jar/jd/nutils/Screen.class
   JD: libs/JDUtils.jar/jd/nutils/SimpleFTP$1.class
   JD: libs/JDUtils.jar/jd/nutils/SimpleFTP$2.class
   JD: libs/JDUtils.jar/jd/nutils/SimpleFTP$3.class
   JD: libs/JDUtils.jar/jd/nutils/SimpleFTP$ENCODING$1.class
   JD: libs/JDUtils.jar/jd/nutils/SimpleFTP$ENCODING$2.class
   JD: libs/JDUtils.jar/jd/nutils/SimpleFTP$ENCODING.class
   JD: libs/JDUtils.jar/jd/nutils/SimpleFTP$FEATURE.class
   JD: libs/JDUtils.jar/jd/nutils/SimpleFTP$STATE.class
   JD: libs/JDUtils.jar/jd/nutils/SimpleFTP$SimpleFTPListEntry.class
   JD: libs/JDUtils.jar/jd/nutils/SimpleFTP$TLS_MODE.class
   JD: libs/JDUtils.jar/jd/nutils/SimpleFTP$TYPE.class
   JD: libs/JDUtils.jar/jd/nutils/SimpleFTP.class
   JD: libs/JDUtils.jar/jd/nutils/encoding/Encoding.class
   JD: libs/JDUtils.jar/jd/nutils/encoding/HTMLEntities.class
   JD: libs/JDUtils.jar/jd/nutils/io/JDFileFilter.class
   JD: libs/JDUtils.jar/jd/nutils/io/JDIO$1.class
   JD: libs/JDUtils.jar/jd/nutils/io/JDIO.class
   JD: libs/JDUtils.jar/jd/nutils/svn/DeprecatedSubversion$1.class
   JD: libs/JDUtils.jar/jd/nutils/svn/DeprecatedSubversion$2.class
   JD: libs/JDUtils.jar/jd/nutils/svn/DeprecatedSubversion$3.class
   JD: libs/JDUtils.jar/jd/nutils/svn/DeprecatedSubversion.class
   JD: libs/JDUtils.jar/jd/nutils/svn/StatusEventHandler.class
   JD: libs/JDUtils.jar/jd/nutils/zip/SharedMemoryState$1.class
   JD: libs/JDUtils.jar/jd/nutils/zip/SharedMemoryState$2.class
   JD: libs/JDUtils.jar/jd/nutils/zip/SharedMemoryState.class
   JD: libs/JDUtils.jar/jd/nutils/zip/Zip.class
   JD: libs/JDUtils.jar/jd/nutils/zip/ZipFill.class
   JD: libs/bcprov-jdk15on.jar/META-INF/
   JD: libs/bcprov-jdk15on.jar/META-INF/BC1024KE.DSA
   JD: libs/bcprov-jdk15on.jar/META-INF/BC1024KE.SF
   JD: libs/bcprov-jdk15on.jar/META-INF/BC2048KE.DSA
   JD: libs/bcprov-jdk15on.jar/META-INF/BC2048KE.SF
   JD: libs/bcprov-jdk15on.jar/META-INF/MANIFEST.MF
   JD: libs/bcprov-jdk15on.jar/META-INF/versions/9/
   JD: libs/bcprov-jdk15on.jar/META-INF/versions/9/module-info.class
   JD: libs/bcprov-jdk15on.jar/module-info.class.removed
   JD: libs/bcprov-jdk15on.jar/org/bouncycastle/asn1/ASN1ApplicationSpecific.class
   JD: libs/bcprov-jdk15on.jar/org/bouncycastle/asn1/ASN1BitString.class
   JD: libs/bcprov-jdk15on.jar/org/bouncycastle/asn1/ASN1Boolean.class
   JD: libs/bcprov-jdk15on.jar/org/bouncycastle/asn1/ASN1EncodableVector.class
   JD: libs/bcprov-jdk15on.jar/org/bouncycastle/asn1/ASN1Enumerated.class
   JD: libs/bcprov-jdk15on.jar/org/bouncycastle/asn1/ASN1External.class
   JD: libs/bcprov-jdk15on.jar/org/bouncycastle/asn1/ASN1GeneralizedTime.class
   JD: libs/bcprov-jdk15on.jar/org/bouncycastle/asn1/ASN1InputStream.class
   JD: libs/bcprov-jdk15on.jar/org/bouncycastle/asn1/ASN1Integer.class
   JD: libs/bcprov-jdk15on.jar/org/bouncycastle/asn1/ASN1Null.class
   JD: libs/bcprov-jdk15on.jar/org/bouncycastle/asn1/ASN1Object.class
   JD: libs/bcprov-jdk15on.jar/org/bouncycastle/asn1/ASN1ObjectIdentifier.class
   JD: libs/bcprov-jdk15on.jar/org/bouncycastle/asn1/ASN1OctetString.class
   JD: libs/bcprov-jdk15on.jar/org/bouncycastle/asn1/ASN1OutputStream$ImplicitOutputStream.class.removed
   JD: libs/bcprov-jdk15on.jar/org/bouncycastle/asn1/ASN1OutputStream.class
   JD: libs/bcprov-jdk15on.jar/org/bouncycastle/asn1/ASN1Primitive.class
   JD: libs/bcprov-jdk15on.jar/org/bouncycastle/asn1/ASN1Sequence$1.class
   JD: libs/bcprov-jdk15on.jar/org/bouncycastle/asn1/ASN1Sequence$2.class
   JD: libs/bcprov-jdk15on.jar/org/bouncycastle/asn1/ASN1Sequence.class
   JD: libs/bcprov-jdk15on.jar/org/bouncycastle/asn1/ASN1Set$1.class
   JD: libs/bcprov-jdk15on.jar/org/bouncycastle/asn1/ASN1Set$2.class
   JD: libs/bcprov-jdk15on.jar/org/bouncycastle/asn1/ASN1Set.class
   JD: libs/bcprov-jdk15on.jar/org/bouncycastle/asn1/ASN1StreamParser.class
   JD: libs/bcprov-jdk15on.jar/org/bouncycastle/asn1/ASN1TaggedObject.class
   JD: libs/bcprov-jdk15on.jar/org/bouncycastle/asn1/ASN1UTCTime.class
   JD: libs/bcprov-jdk15on.jar/org/bouncycastle/asn1/BERApplicationSpecific.class
   JD: libs/bcprov-jdk15on.jar/org/bouncycastle/asn1/BERFactory.class
   JD: libs/bcprov-jdk15on.jar/org/bouncycastle/asn1/BEROctetString.class
   JD: libs/bcprov-jdk15on.jar/org/bouncycastle/asn1/BEROctetStringGenerator$BufferedBEROctetStream.class
   JD: libs/bcprov-jdk15on.jar/org/bouncycastle/asn1/BEROutputStream.class
   JD: libs/bcprov-jdk15on.jar/org/bouncycastle/asn1/BERSequence.class
   JD: libs/bcprov-jdk15on.jar/org/bouncycastle/asn1/BERSequenceGenerator.class
   JD: libs/bcprov-jdk15on.jar/org/bouncycastle/asn1/BERSet.class
   JD: libs/bcprov-jdk15on.jar/org/bouncycastle/asn1/BERTaggedObject.class
   JD: libs/bcprov-jdk15on.jar/org/bouncycastle/asn1/ConstructedOctetStream.class
   JD: libs/bcprov-jdk15on.jar/org/bouncycastle/asn1/DERApplicationSpecific.class
   JD: libs/bcprov-jdk15on.jar/org/bouncycastle/asn1/DERBMPString.class
   JD: libs/bcprov-jdk15on.jar/org/bouncycastle/asn1/DERBitString.class
   JD: libs/bcprov-jdk15on.jar/org/bouncycastle/asn1/DERBoolean.class.removed
   JD: libs/bcprov-jdk15on.jar/org/bouncycastle/asn1/DERExternal.class
   JD: libs/bcprov-jdk15on.jar/org/bouncycastle/asn1/DERFactory.class
   JD: libs/bcprov-jdk15on.jar/org/bouncycastle/asn1/DERGeneralString.class
   JD: libs/bcprov-jdk15on.jar/org/bouncycastle/asn1/DERGeneralizedTime.class
   JD: libs/bcprov-jdk15on.jar/org/bouncycastle/asn1/DERGraphicString.class
   JD: libs/bcprov-jdk15on.jar/org/bouncycastle/asn1/DERIA5String.class
   JD: libs/bcprov-jdk15on.jar/org/bouncycastle/asn1/DERNull.class
   JD: libs/bcprov-jdk15on.jar/org/bouncycastle/asn1/DERNumericString.class
   JD: libs/bcprov-jdk15on.jar/org/bouncycastle/asn1/DEROctetString.class
   JD: libs/bcprov-jdk15on.jar/org/bouncycastle/asn1/DEROutputStream.class
   JD: libs/bcprov-jdk15on.jar/org/bouncycastle/asn1/DERPrintableString.class
   JD: libs/bcprov-jdk15on.jar/org/bouncycastle/asn1/DERSequence.class
   JD: libs/bcprov-jdk15on.jar/org/bouncycastle/asn1/DERSequenceGenerator.class
   JD: libs/bcprov-jdk15on.jar/org/bouncycastle/asn1/DERSequenceParser.class
   JD: libs/bcprov-jdk15on.jar/org/bouncycastle/asn1/DERSet.class
   JD: libs/bcprov-jdk15on.jar/org/bouncycastle/asn1/DERSetParser.class
   JD: libs/bcprov-jdk15on.jar/org/bouncycastle/asn1/DERT61String.class
   JD: libs/bcprov-jdk15on.jar/org/bouncycastle/asn1/DERT61UTF8String.class
   JD: libs/bcprov-jdk15on.jar/org/bouncycastle/asn1/DERTaggedObject.class
   JD: libs/bcprov-jdk15on.jar/org/bouncycastle/asn1/DERUTF8String.class
   JD: libs/bcprov-jdk15on.jar/org/bouncycastle/asn1/DERUniversalString.class
   JD: libs/bcprov-jdk15on.jar/org/bouncycastle/asn1/DERVideotexString.class
   JD: libs/bcprov-jdk15on.jar/org/bouncycastle/asn1/DERVisibleString.class
   JD: libs/bcprov-jdk15on.jar/org/bouncycastle/asn1/DLApplicationSpecific.class
   JD: libs/bcprov-jdk15on.jar/org/bouncycastle/asn1/DLBitString.class
   JD: libs/bcprov-jdk15on.jar/org/bouncycastle/asn1/DLExternal.class
   JD: libs/bcprov-jdk15on.jar/org/bouncycastle/asn1/DLFactory.class
   JD: libs/bcprov-jdk15on.jar/org/bouncycastle/asn1/DLOutputStream.class
   JD: libs/bcprov-jdk15on.jar/org/bouncycastle/asn1/DLSequence.class
   JD: libs/bcprov-jdk15on.jar/org/bouncycastle/asn1/DLSequenceParser.class
   JD: libs/bcprov-jdk15on.jar/org/bouncycastle/asn1/DLSet.class
   JD: libs/bcprov-jdk15on.jar/org/bouncycastle/asn1/DLSetParser.class
   JD: libs/bcprov-jdk15on.jar/org/bouncycastle/asn1/DLTaggedObject.class
   JD: libs/bcprov-jdk15on.jar/org/bouncycastle/asn1/DefiniteLengthInputStream.class
   JD: libs/bcprov-jdk15on.jar/org/bouncycastle/asn1/IndefiniteLengthInputStream.class
   JD: libs/bcprov-jdk15on.jar/org/bouncycastle/asn1/LazyEncodedSequence.class
   JD: libs/bcprov-jdk15on.jar/org/bouncycastle/asn1/LimitedInputStream.class
   JD: libs/bcprov-jdk15on.jar/org/bouncycastle/asn1/StreamUtil.class
   JD: libs/bcprov-jdk15on.jar/org/bouncycastle/asn1/anssi/ANSSINamedCurves$1.class
   JD: libs/bcprov-jdk15on.jar/org/bouncycastle/asn1/anssi/ANSSINamedCurves.class
   JD: libs/bcprov-jdk15on.jar/org/bouncycastle/asn1/bc/BCObjectIdentifiers.class
   JD: libs/bcprov-jdk15on.jar/org/bouncycastle/asn1/bc/EncryptedObjectStoreData.class
   JD: libs/bcprov-jdk15on.jar/org/bouncycastle/asn1/bc/EncryptedPrivateKeyData.class
   JD: libs/bcprov-jdk15on.jar/org/bouncycastle/asn1/bc/EncryptedSecretKeyData.class
   JD: libs/bcprov-jdk15on.jar/org/bouncycastle/asn1/bc/LinkedCertificate.class
   JD: libs/bcprov-jdk15on.jar/org/bouncycastle/asn1/bc/ObjectData.class
   JD: libs/bcprov-jdk15on.jar/org/bouncycastle/asn1/bc/ObjectDataSequence.class
   JD: libs/bcprov-jdk15on.jar/org/bouncycastle/asn1/bc/ObjectStore.class
   JD: libs/bcprov-jdk15on.jar/org/bouncycastle/asn1/bc/ObjectStoreData.class
   JD: libs/bcprov-jdk15on.jar/org/bouncycastle/asn1/bc/PbkdMacIntegrityCheck.class
   JD: libs/bcprov-jdk15on.jar/org/bouncycastle/asn1/bc/SecretKeyData.class
   JD: libs/bcprov-jdk15on.jar/org/bouncycastle/asn1/bc/SignatureCheck.class
   JD: libs/bcprov-jdk15on.jar/org/bouncycastle/asn1/cmc/CMCPublicationInfo.class
   JD: libs/bcprov-jdk15on.jar/org/bouncycastle/asn1/cmc/CMCStatusInfo.class
   JD: libs/bcprov-jdk15on.jar/org/bouncycastle/asn1/cmc/CMCStatusInfoV2.class
   JD: libs/bcprov-jdk15on.jar/org/bouncycastle/asn1/cmc/CMCUnsignedData.class
   JD: libs/bcprov-jdk15on.jar/org/bouncycastle/asn1/cmc/CertificationRequest$CertificationRequestInfo.class
   JD: libs/bcprov-jdk15on.jar/org/bouncycastle/asn1/cmc/CertificationRequest.class
   JD: libs/bcprov-jdk15on.jar/org/bouncycastle/asn1/cmc/DecryptedPOP.class
   JD: libs/bcprov-jdk15on.jar/org/bouncycastle/asn1/cmc/EncryptedPOP.class
   JD: libs/bcprov-jdk15on.jar/org/bouncycastle/asn1/cmc/GetCRL.class
   JD: libs/bcprov-jdk15on.jar/org/bouncycastle/asn1/cmc/GetCert.class
   JD: libs/bcprov-jdk15on.jar/org/bouncycastle/asn1/cmc/IdentityProofV2.class
   JD: libs/bcprov-jdk15on.jar/org/bouncycastle/asn1/cmc/LraPopWitness.class
   JD: libs/bcprov-jdk15on.jar/org/bouncycastle/asn1/cmc/ModCertTemplate.class
   JD: libs/bcprov-jdk15on.jar/org/bouncycastle/asn1/cmc/OtherMsg.class
   JD: libs/bcprov-jdk15on.jar/org/bouncycastle/asn1/cmc/PKIResponse.class
   JD: libs/bcprov-jdk15on.jar/org/bouncycastle/asn1/cmc/PendInfo.class
   JD: libs/bcprov-jdk15on.jar/org/bouncycastle/asn1/cmc/PopLinkWitnessV2.class
   JD: libs/bcprov-jdk15on.jar/org/bouncycastle/asn1/cmc/PublishTrustAnchors.class
   JD: libs/bcprov-jdk15on.jar/org/bouncycastle/asn1/cmc/RevokeRequest.class
   JD: libs/bcprov-jdk15on.jar/org/bouncycastle/asn1/cmc/TaggedCertificationRequest.class
   JD: libs/bcprov-jdk15on.jar/org/bouncycastle/asn1/cmc/TaggedContentInfo.class
   JD: libs/bcprov-jdk15on.jar/org/bouncycastle/asn1/cmp/CAKeyUpdAnnContent.class
   JD: libs/bcprov-jdk15on.jar/org/bouncycastle/asn1/cmp/CertRepMessage.class
   JD: libs/bcprov-jdk15on.jar/org/bouncycastle/asn1/cmp/CertResponse.class
   JD: libs/bcprov-jdk15on.jar/org/bouncycastle/asn1/cmp/CertStatus.class
   JD: libs/bcprov-jdk15on.jar/org/bouncycastle/asn1/cmp/CertifiedKeyPair.class
   JD: libs/bcprov-jdk15on.jar/org/bouncycastle/asn1/cmp/Challenge.class
   JD: libs/bcprov-jdk15on.jar/org/bouncycastle/asn1/cmp/ErrorMsgContent.class
   JD: libs/bcprov-jdk15on.jar/org/bouncycastle/asn1/cmp/GenMsgContent.class
   JD: libs/bcprov-jdk15on.jar/org/bouncycastle/asn1/cmp/GenRepContent.class
   JD: libs/bcprov-jdk15on.jar/org/bouncycastle/asn1/cmp/InfoTypeAndValue.class
   JD: libs/bcprov-jdk15on.jar/org/bouncycastle/asn1/cmp/KeyRecRepContent.class
   JD: libs/bcprov-jdk15on.jar/org/bouncycastle/asn1/cmp/OOBCertHash.class
   JD: libs/bcprov-jdk15on.jar/org/bouncycastle/asn1/cmp/PBMParameter.class
   JD: libs/bcprov-jdk15on.jar/org/bouncycastle/asn1/cmp/PKIFreeText.class
   JD: libs/bcprov-jdk15on.jar/org/bouncycastle/asn1/cmp/PKIHeader.class
   JD: libs/bcprov-jdk15on.jar/org/bouncycastle/asn1/cmp/PKIHeaderBuilder.class
   JD: libs/bcprov-jdk15on.jar/org/bouncycastle/asn1/cmp/PKIMessage.class
   JD: libs/bcprov-jdk15on.jar/org/bouncycastle/asn1/cmp/PKIMessages.class
   JD: libs/bcprov-jdk15on.jar/org/bouncycastle/asn1/cmp/PKIStatusInfo.class
   JD: libs/bcprov-jdk15on.jar/org/bouncycastle/asn1/cmp/PollRepContent.class
   JD: libs/bcprov-jdk15on.jar/org/bouncycastle/asn1/cmp/ProtectedPart.class
   JD: libs/bcprov-jdk15on.jar/org/bouncycastle/asn1/cmp/RevAnnContent.class
   JD: libs/bcprov-jdk15on.jar/org/bouncycastle/asn1/cmp/RevDetails.class
   JD: libs/bcprov-jdk15on.jar/org/bouncycastle/asn1/cmp/RevRepContent.class
   JD: libs/bcprov-jdk15on.jar/org/bouncycastle/asn1/cmp/RevRepContentBuilder.class
   JD: libs/bcprov-jdk15on.jar/org/bouncycastle/asn1/cmp/RevReqContent.class
   JD: libs/bcprov-jdk15on.jar/org/bouncycastle/asn1/cms/Attribute.class
   JD: libs/bcprov-jdk15on.jar/org/bouncycastle/asn1/cms/AuthEnvelopedData.class
   JD: libs/bcprov-jdk15on.jar/org/bouncycastle/asn1/cms/AuthEnvelopedDataParser.class
   JD: libs/bcprov-jdk15on.jar/org/bouncycastle/asn1/cms/AuthenticatedData.class
   JD: libs/bcprov-jdk15on.jar/org/bouncycastle/asn1/cms/CCMParameters.class
   JD: libs/bcprov-jdk15on.jar/org/bouncycastle/asn1/cms/CMSAlgorithmProtection.class
   JD: libs/bcprov-jdk15on.jar/org/bouncycastle/asn1/cms/CompressedData.class
   JD: libs/bcprov-jdk15on.jar/org/bouncycastle/asn1/cms/ContentInfo.class
   JD: libs/bcprov-jdk15on.jar/org/bouncycastle/asn1/cms/DigestedData.class
   JD: libs/bcprov-jdk15on.jar/org/bouncycastle/asn1/cms/EncryptedContentInfo.class
   JD: libs/bcprov-jdk15on.jar/org/bouncycastle/asn1/cms/EncryptedData.class
   JD: libs/bcprov-jdk15on.jar/org/bouncycastle/asn1/cms/EnvelopedData.class
   JD: libs/bcprov-jdk15on.jar/org/bouncycastle/asn1/cms/Evidence.class
   JD: libs/bcprov-jdk15on.jar/org/bouncycastle/asn1/cms/GCMParameters.class
   JD: libs/bcprov-jdk15on.jar/org/bouncycastle/asn1/cms/GenericHybridParameters.class
   JD: libs/bcprov-jdk15on.jar/org/bouncycastle/asn1/cms/IssuerAndSerialNumber.class
   JD: libs/bcprov-jdk15on.jar/org/bouncycastle/asn1/cms/KEKIdentifier.class
   JD: libs/bcprov-jdk15on.jar/org/bouncycastle/asn1/cms/KEKRecipientInfo.class
   JD: libs/bcprov-jdk15on.jar/org/bouncycastle/asn1/cms/KeyAgreeRecipientInfo.class
   JD: libs/bcprov-jdk15on.jar/org/bouncycastle/asn1/cms/KeyTransRecipientInfo.class
   JD: libs/bcprov-jdk15on.jar/org/bouncycastle/asn1/cms/MetaData.class
   JD: libs/bcprov-jdk15on.jar/org/bouncycastle/asn1/cms/OriginatorInfo.class
   JD: libs/bcprov-jdk15on.jar/org/bouncycastle/asn1/cms/OriginatorPublicKey.class
   JD: libs/bcprov-jdk15on.jar/org/bouncycastle/asn1/cms/OtherKeyAttribute.class
   JD: libs/bcprov-jdk15on.jar/org/bouncycastle/asn1/cms/OtherRecipientInfo.class
   JD: libs/bcprov-jdk15on.jar/org/bouncycastle/asn1/cms/OtherRevocationInfoFormat.class
   JD: libs/bcprov-jdk15on.jar/org/bouncycastle/asn1/cms/PasswordRecipientInfo.class
   JD: libs/bcprov-jdk15on.jar/org/bouncycastle/asn1/cms/RecipientEncryptedKey.class
   JD: libs/bcprov-jdk15on.jar/org/bouncycastle/asn1/cms/RecipientKeyIdentifier.class
   JD: libs/bcprov-jdk15on.jar/org/bouncycastle/asn1/cms/RsaKemParameters.class
   JD: libs/bcprov-jdk15on.jar/org/bouncycastle/asn1/cms/SCVPReqRes.class
   JD: libs/bcprov-jdk15on.jar/org/bouncycastle/asn1/cms/SignedData.class
   JD: libs/bcprov-jdk15on.jar/org/bouncycastle/asn1/cms/SignerInfo.class
   JD: libs/bcprov-jdk15on.jar/org/bouncycastle/asn1/cms/TimeStampAndCRL.class
   JD: libs/bcprov-jdk15on.jar/org/bouncycastle/asn1/cms/TimeStampTokenEvidence.class
   JD: libs/bcprov-jdk15on.jar/org/bouncycastle/asn1/cms/TimeStampedData.class
   JD: libs/bcprov-jdk15on.jar/org/bouncycastle/asn1/cms/ecc/ECCCMSSharedInfo.class
   JD: libs/bcprov-jdk15on.jar/org/bouncycastle/asn1/cms/ecc/MQVuserKeyingMaterial.class
   JD: libs/bcprov-jdk15on.jar/org/bouncycastle/asn1/crmf/AttributeTypeAndValue.class
   JD: libs/bcprov-jdk15on.jar/org/bouncycastle/asn1/crmf/CertId.class
   JD: libs/bcprov-jdk15on.jar/org/bouncycastle/asn1/crmf/CertReqMessages.class
   JD: libs/bcprov-jdk15on.jar/org/bouncycastle/asn1/crmf/CertReqMsg.class
   JD: libs/bcprov-jdk15on.jar/org/bouncycastle/asn1/crmf/CertRequest.class
   JD: libs/bcprov-jdk15on.jar/org/bouncycastle/asn1/crmf/CertTemplate.class
   JD: libs/bcprov-jdk15on.jar/org/bouncycastle/asn1/crmf/CertTemplateBuilder.class
   JD: libs/bcprov-jdk15on.jar/org/bouncycastle/asn1/crmf/Controls.class
   JD: libs/bcprov-jdk15on.jar/org/bouncycastle/asn1/crmf/DhSigStatic.class
   JD: libs/bcprov-jdk15on.jar/org/bouncycastle/asn1/crmf/EncKeyWithID.class
   JD: libs/bcprov-jdk15on.jar/org/bouncycastle/asn1/crmf/EncryptedValue.class
   JD: libs/bcprov-jdk15on.jar/org/bouncycastle/asn1/crmf/OptionalValidity.class
   JD: libs/bcprov-jdk15on.jar/org/bouncycastle/asn1/crmf/PKIPublicationInfo.class
   JD: libs/bcprov-jdk15on.jar/org/bouncycastle/asn1/crmf/PKMACValue.class
   JD: libs/bcprov-jdk15on.jar/org/bouncycastle/asn1/crmf/POPOPrivKey.class
   JD: libs/bcprov-jdk15on.jar/org/bouncycastle/asn1/crmf/POPOSigningKey.class
   JD: libs/bcprov-jdk15on.jar/org/bouncycastle/asn1/crmf/POPOSigningKeyInput.class
   JD: libs/bcprov-jdk15on.jar/org/bouncycastle/asn1/crmf/SinglePubInfo.class
   JD: libs/bcprov-jdk15on.jar/org/bouncycastle/asn1/cryptopro/ECGOST3410NamedCurves.class
   JD: libs/bcprov-jdk15on.jar/org/bouncycastle/asn1/cryptopro/ECGOST3410ParamSetParameters.class
   JD: libs/bcprov-jdk15on.jar/org/bouncycastle/asn1/cryptopro/GOST28147Parameters.class
   JD: libs/bcprov-jdk15on.jar/org/bouncycastle/asn1/cryptopro/GOST3410ParamSetParameters.class
   JD: libs/bcprov-jdk15on.jar/org/bouncycastle/asn1/cryptopro/GOST3410PublicKeyAlgParameters.class
   JD: libs/bcprov-jdk15on.jar/org/bouncycastle/asn1/cryptopro/Gost2814789EncryptedKey.class
   JD: libs/bcprov-jdk15on.jar/org/bouncycastle/asn1/cryptopro/Gost2814789KeyWrapParameters.class
   JD: libs/bcprov-jdk15on.jar/org/bouncycastle/asn1/cryptopro/GostR3410KeyTransport.class
   JD: libs/bcprov-jdk15on.jar/org/bouncycastle/asn1/cryptopro/GostR3410TransportParameters.class
   JD: libs/bcprov-jdk15on.jar/org/bouncycastle/asn1/dvcs/DVCSCertInfo.class
   JD: libs/bcprov-jdk15on.jar/org/bouncycastle/asn1/dvcs/DVCSCertInfoBuilder.class
   JD: libs/bcprov-jdk15on.jar/org/bouncycastle/asn1/dvcs/DVCSErrorNotice.class
   JD: libs/bcprov-jdk15on.jar/org/bouncycastle/asn1/dvcs/DVCSRequest.class
   JD: libs/bcprov-jdk15on.jar/org/bouncycastle/asn1/dvcs/DVCSRequestInformation.class
   JD: libs/bcprov-jdk15on.jar/org/bouncycastle/asn1/dvcs/DVCSRequestInformationBuilder.class
   JD: libs/bcprov-jdk15on.jar/org/bouncycastle/asn1/dvcs/PathProcInput.class
   JD: libs/bcprov-jdk15on.jar/org/bouncycastle/asn1/dvcs/ServiceType.class
   JD: libs/bcprov-jdk15on.jar/org/bouncycastle/asn1/dvcs/TargetEtcChain.class
   JD: libs/bcprov-jdk15on.jar/org/bouncycastle/asn1/eac/CVCertificate.class
   JD: libs/bcprov-jdk15on.jar/org/bouncycastle/asn1/eac/CVCertificateRequest.class
   JD: libs/bcprov-jdk15on.jar/org/bouncycastle/asn1/eac/CertificateBody.class
   JD: libs/bcprov-jdk15on.jar/org/bouncycastle/asn1/eac/CertificateHolderAuthorization.class
   JD: libs/bcprov-jdk15on.jar/org/bouncycastle/asn1/eac/ECDSAPublicKey.class
   JD: libs/bcprov-jdk15on.jar/org/bouncycastle/asn1/eac/RSAPublicKey.class
   JD: libs/bcprov-jdk15on.jar/org/bouncycastle/asn1/esf/CommitmentTypeIndication.class
   JD: libs/bcprov-jdk15on.jar/org/bouncycastle/asn1/esf/CommitmentTypeQualifier.class
   JD: libs/bcprov-jdk15on.jar/org/bouncycastle/asn1/esf/CrlIdentifier.class
   JD: libs/bcprov-jdk15on.jar/org/bouncycastle/asn1/esf/CrlOcspRef.class
   JD: libs/bcprov-jdk15on.jar/org/bouncycastle/asn1/esf/CrlValidatedID.class
   JD: libs/bcprov-jdk15on.jar/org/bouncycastle/asn1/esf/OcspIdentifier.class
   JD: libs/bcprov-jdk15on.jar/org/bouncycastle/asn1/esf/OcspResponsesID.class
   JD: libs/bcprov-jdk15on.jar/org/bouncycastle/asn1/esf/OtherHashAlgAndValue.class
   JD: libs/bcprov-jdk15on.jar/org/bouncycastle/asn1/esf/OtherRevRefs.class
   JD: libs/bcprov-jdk15on.jar/org/bouncycastle/asn1/esf/OtherRevVals.class
   JD: libs/bcprov-jdk15on.jar/org/bouncycastle/asn1/esf/RevocationValues.class
   JD: libs/bcprov-jdk15on.jar/org/bouncycastle/asn1/esf/SPUserNotice.class
   JD: libs/bcprov-jdk15on.jar/org/bouncycastle/asn1/esf/SigPolicyQualifierInfo.class
   JD: libs/bcprov-jdk15on.jar/org/bouncycastle/asn1/esf/SigPolicyQualifiers.class
   JD: libs/bcprov-jdk15on.jar/org/bouncycastle/asn1/esf/SignaturePolicyId.class
   JD: libs/bcprov-jdk15on.jar/org/bouncycastle/asn1/esf/SignerAttribute.class
   JD: libs/bcprov-jdk15on.jar/org/bouncycastle/asn1/esf/SignerLocation.class
   JD: libs/bcprov-jdk15on.jar/org/bouncycastle/asn1/ess/ContentHints.class
   JD: libs/bcprov-jdk15on.jar/org/bouncycastle/asn1/ess/ESSCertID.class
   JD: libs/bcprov-jdk15on.jar/org/bouncycastle/asn1/ess/ESSCertIDv2.class
   JD: libs/bcprov-jdk15on.jar/org/bouncycastle/asn1/ess/OtherCertID.class
   JD: libs/bcprov-jdk15on.jar/org/bouncycastle/asn1/ess/OtherSigningCertificate.class
   JD: libs/bcprov-jdk15on.jar/org/bouncycastle/asn1/ess/SigningCertificate.class
   JD: libs/bcprov-jdk15on.jar/org/bouncycastle/asn1/ess/SigningCertificateV2.class
   JD: libs/bcprov-jdk15on.jar/org/bouncycastle/asn1/gm/GMNamedCurves$1.class
   JD: libs/bcprov-jdk15on.jar/org/bouncycastle/asn1/gm/GMNamedCurves$2.class
   JD: libs/bcprov-jdk15on.jar/org/bouncycastle/asn1/gm/GMNamedCurves.class
   JD: libs/bcprov-jdk15on.jar/org/bouncycastle/asn1/icao/CscaMasterList.class
   JD: libs/bcprov-jdk15on.jar/org/bouncycastle/asn1/icao/DataGroupHash.class
   JD: libs/bcprov-jdk15on.jar/org/bouncycastle/asn1/icao/LDSSecurityObject.class
   JD: libs/bcprov-jdk15on.jar/org/bouncycastle/asn1/icao/LDSVersionInfo.class
   JD: libs/bcprov-jdk15on.jar/org/bouncycastle/asn1/isismtt/ocsp/CertHash.class
   JD: libs/bcprov-jdk15on.jar/org/bouncycastle/asn1/isismtt/x509/AdmissionSyntax.class
   JD: libs/bcprov-jdk15on.jar/org/bouncycastle/asn1/isismtt/x509/Admissions.class
   JD: libs/bcprov-jdk15on.jar/org/bouncycastle/asn1/isismtt/x509/DeclarationOfMajority.class
   JD: libs/bcprov-jdk15on.jar/org/bouncycastle/asn1/isismtt/x509/MonetaryLimit.class
   JD: libs/bcprov-jdk15on.jar/org/bouncycastle/asn1/isismtt/x509/NamingAuthority.class
   JD: libs/bcprov-jdk15on.jar/org/bouncycastle/asn1/isismtt/x509/ProcurationSyntax.class
   JD: libs/bcprov-jdk15on.jar/org/bouncycastle/asn1/isismtt/x509/ProfessionInfo.class
   JD: libs/bcprov-jdk15on.jar/org/bouncycastle/asn1/misc/CAST5CBCParameters.class
   JD: libs/bcprov-jdk15on.jar/org/bouncycastle/asn1/misc/IDEACBCPar.class
   JD: libs/bcprov-jdk15on.jar/org/bouncycastle/asn1/misc/ScryptParams.class
   JD: libs/bcprov-jdk15on.jar/org/bouncycastle/asn1/ocsp/BasicOCSPResponse.class
   JD: libs/bcprov-jdk15on.jar/org/bouncycastle/asn1/ocsp/CertID.class
   JD: libs/bcprov-jdk15on.jar/org/bouncycastle/asn1/ocsp/CrlID.class
   JD: libs/bcprov-jdk15on.jar/org/bouncycastle/asn1/ocsp/OCSPRequest.class
   JD: libs/bcprov-jdk15on.jar/org/bouncycastle/asn1/ocsp/OCSPResponse.class
   JD: libs/bcprov-jdk15on.jar/org/bouncycastle/asn1/ocsp/Request.class
   JD: libs/bcprov-jdk15on.jar/org/bouncycastle/asn1/ocsp/ResponseBytes.class
   JD: libs/bcprov-jdk15on.jar/org/bouncycastle/asn1/ocsp/ResponseData.class
   JD: libs/bcprov-jdk15on.jar/org/bouncycastle/asn1/ocsp/RevokedInfo.class
   JD: libs/bcprov-jdk15on.jar/org/bouncycastle/asn1/ocsp/ServiceLocator.class
   JD: libs/bcprov-jdk15on.jar/org/bouncycastle/asn1/ocsp/Signature.class
   JD: libs/bcprov-jdk15on.jar/org/bouncycastle/asn1/ocsp/SingleResponse.class
   JD: libs/bcprov-jdk15on.jar/org/bouncycastle/asn1/ocsp/TBSRequest.class
   JD: libs/bcprov-jdk15on.jar/org/bouncycastle/asn1/oiw/ElGamalParameter.class
   JD: libs/bcprov-jdk15on.jar/org/bouncycastle/asn1/pkcs/Attribute.class
   JD: libs/bcprov-jdk15on.jar/org/bouncycastle/asn1/pkcs/AuthenticatedSafe.class
   JD: libs/bcprov-jdk15on.jar/org/bouncycastle/asn1/pkcs/CRLBag.class
   JD: libs/bcprov-jdk15on.jar/org/bouncycastle/asn1/pkcs/CertBag.class
   JD: libs/bcprov-jdk15on.jar/org/bouncycastle/asn1/pkcs/CertificationRequest.class
   JD: libs/bcprov-jdk15on.jar/org/bouncycastle/asn1/pkcs/CertificationRequestInfo.class
   JD: libs/bcprov-jdk15on.jar/org/bouncycastle/asn1/pkcs/ContentInfo.class
   JD: libs/bcprov-jdk15on.jar/org/bouncycastle/asn1/pkcs/DHParameter.class
   JD: libs/bcprov-jdk15on.jar/org/bouncycastle/asn1/pkcs/EncryptedData.class
   JD: libs/bcprov-jdk15on.jar/org/bouncycastle/asn1/pkcs/EncryptedPrivateKeyInfo.class
   JD: libs/bcprov-jdk15on.jar/org/bouncycastle/asn1/pkcs/IssuerAndSerialNumber.class
   JD: libs/bcprov-jdk15on.jar/org/bouncycastle/asn1/pkcs/MacData.class
   JD: libs/bcprov-jdk15on.jar/org/bouncycastle/asn1/pkcs/PBEParameter.class
   JD: libs/bcprov-jdk15on.jar/org/bouncycastle/asn1/pkcs/PBES2Parameters.class
   JD: libs/bcprov-jdk15on.jar/org/bouncycastle/asn1/pkcs/PBKDF2Params.class
   JD: libs/bcprov-jdk15on.jar/org/bouncycastle/asn1/pkcs/PKCS12PBEParams.class
   JD: libs/bcprov-jdk15on.jar/org/bouncycastle/asn1/pkcs/PKCSObjectIdentifiers.class
   JD: libs/bcprov-jdk15on.jar/org/bouncycastle/asn1/pkcs/Pfx.class
   JD: libs/bcprov-jdk15on.jar/org/bouncycastle/asn1/pkcs/PrivateKeyInfo.class
   JD: libs/bcprov-jdk15on.jar/org/bouncycastle/asn1/pkcs/RC2CBCParameter.class
   JD: libs/bcprov-jdk15on.jar/org/bouncycastle/asn1/pkcs/RSAESOAEPparams.class
   JD: libs/bcprov-jdk15on.jar/org/bouncycastle/asn1/pkcs/RSAPrivateKey.class
   JD: libs/bcprov-jdk15on.jar/org/bouncycastle/asn1/pkcs/RSAPrivateKeyStructure.class
   JD: libs/bcprov-jdk15on.jar/org/bouncycastle/asn1/pkcs/RSAPublicKey.class
   JD: libs/bcprov-jdk15on.jar/org/bouncycastle/asn1/pkcs/RSASSAPSSparams.class
   JD: libs/bcprov-jdk15on.jar/org/bouncycastle/asn1/pkcs/SafeBag.class
   JD: libs/bcprov-jdk15on.jar/org/bouncycastle/asn1/pkcs/SignedData.class
   JD: libs/bcprov-jdk15on.jar/org/bouncycastle/asn1/pkcs/SignerInfo.class
   JD: libs/bcprov-jdk15on.jar/org/bouncycastle/asn1/sec/ECPrivateKey.class
   JD: libs/bcprov-jdk15on.jar/org/bouncycastle/asn1/sec/ECPrivateKeyStructure.class
   JD: libs/bcprov-jdk15on.jar/org/bouncycastle/asn1/sec/SECNamedCurves$1.class
   JD: libs/bcprov-jdk15on.jar/org/bouncycastle/asn1/sec/SECNamedCurves$10.class
   JD: libs/bcprov-jdk15on.jar/org/bouncycastle/asn1/sec/SECNamedCurves$11.class
   JD: libs/bcprov-jdk15on.jar/org/bouncycastle/asn1/sec/SECNamedCurves$12.class
   JD: libs/bcprov-jdk15on.jar/org/bouncycastle/asn1/sec/SECNamedCurves$13.class
   JD: libs/bcprov-jdk15on.jar/org/bouncycastle/asn1/sec/SECNamedCurves$14.class
   JD: libs/bcprov-jdk15on.jar/org/bouncycastle/asn1/sec/SECNamedCurves$15.class
   JD: libs/bcprov-jdk15on.jar/org/bouncycastle/asn1/sec/SECNamedCurves$16.class
   JD: libs/bcprov-jdk15on.jar/org/bouncycastle/asn1/sec/SECNamedCurves$17.class
   JD: libs/bcprov-jdk15on.jar/org/bouncycastle/asn1/sec/SECNamedCurves$18.class
   JD: libs/bcprov-jdk15on.jar/org/bouncycastle/asn1/sec/SECNamedCurves$19.class
   JD: libs/bcprov-jdk15on.jar/org/bouncycastle/asn1/sec/SECNamedCurves$2.class
   JD: libs/bcprov-jdk15on.jar/org/bouncycastle/asn1/sec/SECNamedCurves$20.class
   JD: libs/bcprov-jdk15on.jar/org/bouncycastle/asn1/sec/SECNamedCurves$21.class
   JD: libs/bcprov-jdk15on.jar/org/bouncycastle/asn1/sec/SECNamedCurves$22.class
   JD: libs/bcprov-jdk15on.jar/org/bouncycastle/asn1/sec/SECNamedCurves$23.class
   JD: libs/bcprov-jdk15on.jar/org/bouncycastle/asn1/sec/SECNamedCurves$24.class
   JD: libs/bcprov-jdk15on.jar/org/bouncycastle/asn1/sec/SECNamedCurves$25.class
   JD: libs/bcprov-jdk15on.jar/org/bouncycastle/asn1/sec/SECNamedCurves$26.class
   JD: libs/bcprov-jdk15on.jar/org/bouncycastle/asn1/sec/SECNamedCurves$27.class
   JD: libs/bcprov-jdk15on.jar/org/bouncycastle/asn1/sec/SECNamedCurves$28.class
   JD: libs/bcprov-jdk15on.jar/org/bouncycastle/asn1/sec/SECNamedCurves$29.class
   JD: libs/bcprov-jdk15on.jar/org/bouncycastle/asn1/sec/SECNamedCurves$3.class
   JD: libs/bcprov-jdk15on.jar/org/bouncycastle/asn1/sec/SECNamedCurves$30.class
   JD: libs/bcprov-jdk15on.jar/org/bouncycastle/asn1/sec/SECNamedCurves$31.class
   JD: libs/bcprov-jdk15on.jar/org/bouncycastle/asn1/sec/SECNamedCurves$32.class
   JD: libs/bcprov-jdk15on.jar/org/bouncycastle/asn1/sec/SECNamedCurves$33.class
   JD: libs/bcprov-jdk15on.jar/org/bouncycastle/asn1/sec/SECNamedCurves$4.class
   JD: libs/bcprov-jdk15on.jar/org/bouncycastle/asn1/sec/SECNamedCurves$5.class
   JD: libs/bcprov-jdk15on.jar/org/bouncycastle/asn1/sec/SECNamedCurves$6.class
   JD: libs/bcprov-jdk15on.jar/org/bouncycastle/asn1/sec/SECNamedCurves$7.class
   JD: libs/bcprov-jdk15on.jar/org/bouncycastle/asn1/sec/SECNamedCurves$8.class
   JD: libs/bcprov-jdk15on.jar/org/bouncycastle/asn1/sec/SECNamedCurves$9.class
   JD: libs/bcprov-jdk15on.jar/org/bouncycastle/asn1/sec/SECNamedCurves.class
   JD: libs/bcprov-jdk15on.jar/org/bouncycastle/asn1/smime/SMIMECapabilities.class
   JD: libs/bcprov-jdk15on.jar/org/bouncycastle/asn1/smime/SMIMECapability.class
   JD: libs/bcprov-jdk15on.jar/org/bouncycastle/asn1/smime/SMIMECapabilityVector.class
   JD: libs/bcprov-jdk15on.jar/org/bouncycastle/asn1/teletrust/TeleTrusTNamedCurves$1.class
   JD: libs/bcprov-jdk15on.jar/org/bouncycastle/asn1/teletrust/TeleTrusTNamedCurves$10.class
   JD: libs/bcprov-jdk15on.jar/org/bouncycastle/asn1/teletrust/TeleTrusTNamedCurves$11.class
   JD: libs/bcprov-jdk15on.jar/org/bouncycastle/asn1/teletrust/TeleTrusTNamedCurves$12.class
   JD: libs/bcprov-jdk15on.jar/org/bouncycastle/asn1/teletrust/TeleTrusTNamedCurves$13.class
   JD: libs/bcprov-jdk15on.jar/org/bouncycastle/asn1/teletrust/TeleTrusTNamedCurves$14.class
   JD: libs/bcprov-jdk15on.jar/org/bouncycastle/asn1/teletrust/TeleTrusTNamedCurves$2.class
   JD: libs/bcprov-jdk15on.jar/org/bouncycastle/asn1/teletrust/TeleTrusTNamedCurves$3.class
   JD: libs/bcprov-jdk15on.jar/org/bouncycastle/asn1/teletrust/TeleTrusTNamedCurves$4.class
   JD: libs/bcprov-jdk15on.jar/org/bouncycastle/asn1/teletrust/TeleTrusTNamedCurves$5.class
   JD: libs/bcprov-jdk15on.jar/org/bouncycastle/asn1/teletrust/TeleTrusTNamedCurves$6.class
   JD: libs/bcprov-jdk15on.jar/org/bouncycastle/asn1/teletrust/TeleTrusTNamedCurves$7.class
   JD: libs/bcprov-jdk15on.jar/org/bouncycastle/asn1/teletrust/TeleTrusTNamedCurves$8.class
   JD: libs/bcprov-jdk15on.jar/org/bouncycastle/asn1/teletrust/TeleTrusTNamedCurves$9.class
   JD: libs/bcprov-jdk15on.jar/org/bouncycastle/asn1/teletrust/TeleTrusTNamedCurves.class
   JD: libs/bcprov-jdk15on.jar/org/bouncycastle/asn1/tsp/Accuracy.class
   JD: libs/bcprov-jdk15on.jar/org/bouncycastle/asn1/tsp/ArchiveTimeStamp.class
   JD: libs/bcprov-jdk15on.jar/org/bouncycastle/asn1/tsp/ArchiveTimeStampChain.class
   JD: libs/bcprov-jdk15on.jar/org/bouncycastle/asn1/tsp/ArchiveTimeStampSequence.class
   JD: libs/bcprov-jdk15on.jar/org/bouncycastle/asn1/tsp/EncryptionInfo.class
   JD: libs/bcprov-jdk15on.jar/org/bouncycastle/asn1/tsp/EvidenceRecord.class
   JD: libs/bcprov-jdk15on.jar/org/bouncycastle/asn1/tsp/MessageImprint.class
   JD: libs/bcprov-jdk15on.jar/org/bouncycastle/asn1/tsp/PartialHashtree.class
   JD: libs/bcprov-jdk15on.jar/org/bouncycastle/asn1/tsp/TSTInfo.class
   JD: libs/bcprov-jdk15on.jar/org/bouncycastle/asn1/tsp/TimeStampReq.class
   JD: libs/bcprov-jdk15on.jar/org/bouncycastle/asn1/tsp/TimeStampResp.class
   JD: libs/bcprov-jdk15on.jar/org/bouncycastle/asn1/ua/DSTU4145BinaryField.class
   JD: libs/bcprov-jdk15on.jar/org/bouncycastle/asn1/ua/DSTU4145ECBinary.class
   JD: libs/bcprov-jdk15on.jar/org/bouncycastle/asn1/ua/DSTU4145Params.class
   JD: libs/bcprov-jdk15on.jar/org/bouncycastle/asn1/util/ASN1Dump.class
   JD: libs/bcprov-jdk15on.jar/org/bouncycastle/asn1/x500/AttributeTypeAndValue.class
   JD: libs/bcprov-jdk15on.jar/org/bouncycastle/asn1/x500/RDN.class
   JD: libs/bcprov-jdk15on.jar/org/bouncycastle/asn1/x500/X500Name.class
   JD: libs/bcprov-jdk15on.jar/org/bouncycastle/asn1/x500/style/AbstractX500NameStyle.class
   JD: libs/bcprov-jdk15on.jar/org/bouncycastle/asn1/x500/style/BCStyle.class
   JD: libs/bcprov-jdk15on.jar/org/bouncycastle/asn1/x500/style/IETFUtils.class
   JD: libs/bcprov-jdk15on.jar/org/bouncycastle/asn1/x500/style/RFC4519Style.class
   JD: libs/bcprov-jdk15on.jar/org/bouncycastle/asn1/x509/AccessDescription.class
   JD: libs/bcprov-jdk15on.jar/org/bouncycastle/asn1/x509/AlgorithmIdentifier.class
   JD: libs/bcprov-jdk15on.jar/org/bouncycastle/asn1/x509/AttCertValidityPeriod.class
   JD: libs/bcprov-jdk15on.jar/org/bouncycastle/asn1/x509/Attribute.class
   JD: libs/bcprov-jdk15on.jar/org/bouncycastle/asn1/x509/AttributeCertificate.class
   JD: libs/bcprov-jdk15on.jar/org/bouncycastle/asn1/x509/AttributeCertificateInfo.class
   JD: libs/bcprov-jdk15on.jar/org/bouncycastle/asn1/x509/AuthorityInformationAccess.class
   JD: libs/bcprov-jdk15on.jar/org/bouncycastle/asn1/x509/AuthorityKeyIdentifier.class
   JD: libs/bcprov-jdk15on.jar/org/bouncycastle/asn1/x509/BasicConstraints.class
   JD: libs/bcprov-jdk15on.jar/org/bouncycastle/asn1/x509/CRLDistPoint.class
   JD: libs/bcprov-jdk15on.jar/org/bouncycastle/asn1/x509/CRLReason.class
   JD: libs/bcprov-jdk15on.jar/org/bouncycastle/asn1/x509/CertificateList.class
   JD: libs/bcprov-jdk15on.jar/org/bouncycastle/asn1/x509/CertificatePair.class
   JD: libs/bcprov-jdk15on.jar/org/bouncycastle/asn1/x509/CertificatePolicies.class
   JD: libs/bcprov-jdk15on.jar/org/bouncycastle/asn1/x509/DSAParameter.class
   JD: libs/bcprov-jdk15on.jar/org/bouncycastle/asn1/x509/DigestInfo.class
   JD: libs/bcprov-jdk15on.jar/org/bouncycastle/asn1/x509/DistributionPoint.class
   JD: libs/bcprov-jdk15on.jar/org/bouncycastle/asn1/x509/ExtendedKeyUsage.class
   JD: libs/bcprov-jdk15on.jar/org/bouncycastle/asn1/x509/Extension.class
   JD: libs/bcprov-jdk15on.jar/org/bouncycastle/asn1/x509/Extensions.class
   JD: libs/bcprov-jdk15on.jar/org/bouncycastle/asn1/x509/ExtensionsGenerator.class
   JD: libs/bcprov-jdk15on.jar/org/bouncycastle/asn1/x509/GeneralName.class
   JD: libs/bcprov-jdk15on.jar/org/bouncycastle/asn1/x509/GeneralNames.class
   JD: libs/bcprov-jdk15on.jar/org/bouncycastle/asn1/x509/GeneralSubtree.class
   JD: libs/bcprov-jdk15on.jar/org/bouncycastle/asn1/x509/Holder.class
   JD: libs/bcprov-jdk15on.jar/org/bouncycastle/asn1/x509/IetfAttrSyntax.class
   JD: libs/bcprov-jdk15on.jar/org/bouncycastle/asn1/x509/IssuerSerial.class
   JD: libs/bcprov-jdk15on.jar/org/bouncycastle/asn1/x509/IssuingDistributionPoint.class
   JD: libs/bcprov-jdk15on.jar/org/bouncycastle/asn1/x509/NameConstraints.class
   JD: libs/bcprov-jdk15on.jar/org/bouncycastle/asn1/x509/NoticeReference.class
   JD: libs/bcprov-jdk15on.jar/org/bouncycastle/asn1/x509/ObjectDigestInfo.class
   JD: libs/bcprov-jdk15on.jar/org/bouncycastle/asn1/x509/OtherName.class
   JD: libs/bcprov-jdk15on.jar/org/bouncycastle/asn1/x509/PKIXNameConstraintValidator.class
   JD: libs/bcprov-jdk15on.jar/org/bouncycastle/asn1/x509/PolicyConstraints.class
   JD: libs/bcprov-jdk15on.jar/org/bouncycastle/asn1/x509/PolicyInformation.class
   JD: libs/bcprov-jdk15on.jar/org/bouncycastle/asn1/x509/PolicyMappings.class
   JD: libs/bcprov-jdk15on.jar/org/bouncycastle/asn1/x509/PolicyQualifierInfo.class
   JD: libs/bcprov-jdk15on.jar/org/bouncycastle/asn1/x509/PrivateKeyUsagePeriod.class
   JD: libs/bcprov-jdk15on.jar/org/bouncycastle/asn1/x509/RSAPublicKeyStructure.class
   JD: libs/bcprov-jdk15on.jar/org/bouncycastle/asn1/x509/RoleSyntax.class
   JD: libs/bcprov-jdk15on.jar/org/bouncycastle/asn1/x509/SubjectDirectoryAttributes.class
   JD: libs/bcprov-jdk15on.jar/org/bouncycastle/asn1/x509/SubjectPublicKeyInfo.class
   JD: libs/bcprov-jdk15on.jar/org/bouncycastle/asn1/x509/TBSCertList.class
   JD: libs/bcprov-jdk15on.jar/org/bouncycastle/asn1/x509/TBSCertificate.class
   JD: libs/bcprov-jdk15on.jar/org/bouncycastle/asn1/x509/TBSCertificateStructure.class
   JD: libs/bcprov-jdk15on.jar/org/bouncycastle/asn1/x509/UserNotice.class
   JD: libs/bcprov-jdk15on.jar/org/bouncycastle/asn1/x509/V1TBSCertificateGenerator.class
   JD: libs/bcprov-jdk15on.jar/org/bouncycastle/asn1/x509/V2AttributeCertificateInfoGenerator.class
   JD: libs/bcprov-jdk15on.jar/org/bouncycastle/asn1/x509/V2Form.class
   JD: libs/bcprov-jdk15on.jar/org/bouncycastle/asn1/x509/V2TBSCertListGenerator.class
   JD: libs/bcprov-jdk15on.jar/org/bouncycastle/asn1/x509/V3TBSCertificateGenerator.class
   JD: libs/bcprov-jdk15on.jar/org/bouncycastle/asn1/x509/X509DefaultEntryConverter.class
   JD: libs/bcprov-jdk15on.jar/org/bouncycastle/asn1/x509/X509Extension.class
   JD: libs/bcprov-jdk15on.jar/org/bouncycastle/asn1/x509/X509Extensions.class
   JD: libs/bcprov-jdk15on.jar/org/bouncycastle/asn1/x509/X509Name.class
   JD: libs/bcprov-jdk15on.jar/org/bouncycastle/asn1/x509/X509NameEntryConverter.class
   JD: libs/bcprov-jdk15on.jar/org/bouncycastle/asn1/x509/qualified/BiometricData.class
   JD: libs/bcprov-jdk15on.jar/org/bouncycastle/asn1/x509/qualified/Iso4217CurrencyCode.class
   JD: libs/bcprov-jdk15on.jar/org/bouncycastle/asn1/x509/qualified/MonetaryValue.class
   JD: libs/bcprov-jdk15on.jar/org/bouncycastle/asn1/x509/qualified/QCStatement.class
   JD: libs/bcprov-jdk15on.jar/org/bouncycastle/asn1/x509/qualified/SemanticsInformation.class
   JD: libs/bcprov-jdk15on.jar/org/bouncycastle/asn1/x509/qualified/TypeOfBiometricData.class
   JD: libs/bcprov-jdk15on.jar/org/bouncycastle/asn1/x509/sigi/NameOrPseudonym.class
   JD: libs/bcprov-jdk15on.jar/org/bouncycastle/asn1/x509/sigi/PersonalData.class
   JD: libs/bcprov-jdk15on.jar/org/bouncycastle/asn1/x9/DHDomainParameters.class
   JD: libs/bcprov-jdk15on.jar/org/bouncycastle/asn1/x9/DHValidationParms.class
   JD: libs/bcprov-jdk15on.jar/org/bouncycastle/asn1/x9/DomainParameters.class
   JD: libs/bcprov-jdk15on.jar/org/bouncycastle/asn1/x9/ECNamedCurveTable.class
   JD: libs/bcprov-jdk15on.jar/org/bouncycastle/asn1/x9/KeySpecificInfo.class
   JD: libs/bcprov-jdk15on.jar/org/bouncycastle/asn1/x9/OtherInfo.class
   JD: libs/bcprov-jdk15on.jar/org/bouncycastle/asn1/x9/ValidationParams.class
   JD: libs/bcprov-jdk15on.jar/org/bouncycastle/asn1/x9/X962NamedCurves$1.class
   JD: libs/bcprov-jdk15on.jar/org/bouncycastle/asn1/x9/X962NamedCurves$10.class
   JD: libs/bcprov-jdk15on.jar/org/bouncycastle/asn1/x9/X962NamedCurves$11.class
   JD: libs/bcprov-jdk15on.jar/org/bouncycastle/asn1/x9/X962NamedCurves$12.class
   JD: libs/bcprov-jdk15on.jar/org/bouncycastle/asn1/x9/X962NamedCurves$13.class
   JD: libs/bcprov-jdk15on.jar/org/bouncycastle/asn1/x9/X962NamedCurves$14.class
   JD: libs/bcprov-jdk15on.jar/org/bouncycastle/asn1/x9/X962NamedCurves$15.class
   JD: libs/bcprov-jdk15on.jar/org/bouncycastle/asn1/x9/X962NamedCurves$16.class
   JD: libs/bcprov-jdk15on.jar/org/bouncycastle/asn1/x9/X962NamedCurves$17.class
   JD: libs/bcprov-jdk15on.jar/org/bouncycastle/asn1/x9/X962NamedCurves$18.class
   JD: libs/bcprov-jdk15on.jar/org/bouncycastle/asn1/x9/X962NamedCurves$19.class
   JD: libs/bcprov-jdk15on.jar/org/bouncycastle/asn1/x9/X962NamedCurves$2.class
   JD: libs/bcprov-jdk15on.jar/org/bouncycastle/asn1/x9/X962NamedCurves$20.class
   JD: libs/bcprov-jdk15on.jar/org/bouncycastle/asn1/x9/X962NamedCurves$21.class
   JD: libs/bcprov-jdk15on.jar/org/bouncycastle/asn1/x9/X962NamedCurves$22.class
   JD: libs/bcprov-jdk15on.jar/org/bouncycastle/asn1/x9/X962NamedCurves$23.class
   JD: libs/bcprov-jdk15on.jar/org/bouncycastle/asn1/x9/X962NamedCurves$3.class
   JD: libs/bcprov-jdk15on.jar/org/bouncycastle/asn1/x9/X962NamedCurves$4.class
   JD: libs/bcprov-jdk15on.jar/org/bouncycastle/asn1/x9/X962NamedCurves$5.class
   JD: libs/bcprov-jdk15on.jar/org/bouncycastle/asn1/x9/X962NamedCurves$6.class
   JD: libs/bcprov-jdk15on.jar/org/bouncycastle/asn1/x9/X962NamedCurves$7.class
   JD: libs/bcprov-jdk15on.jar/org/bouncycastle/asn1/x9/X962NamedCurves$8.class
   JD: libs/bcprov-jdk15on.jar/org/bouncycastle/asn1/x9/X962NamedCurves$9.class
   JD: libs/bcprov-jdk15on.jar/org/bouncycastle/asn1/x9/X962NamedCurves.class
   JD: libs/bcprov-jdk15on.jar/org/bouncycastle/asn1/x9/X962Parameters.class
   JD: libs/bcprov-jdk15on.jar/org/bouncycastle/asn1/x9/X9Curve.class
   JD: libs/bcprov-jdk15on.jar/org/bouncycastle/asn1/x9/X9ECParameters.class
   JD: libs/bcprov-jdk15on.jar/org/bouncycastle/asn1/x9/X9ECPoint.class
   JD: libs/bcprov-jdk15on.jar/org/bouncycastle/asn1/x9/X9FieldID.class
   JD: libs/bcprov-jdk15on.jar/org/bouncycastle/crypto/CryptoServicesRegistrar.class
   JD: libs/bcprov-jdk15on.jar/org/bouncycastle/crypto/agreement/DHStandardGroups.class
   JD: libs/bcprov-jdk15on.jar/org/bouncycastle/crypto/agreement/jpake/JPAKERound1Payload.class
   JD: libs/bcprov-jdk15on.jar/org/bouncycastle/crypto/agreement/jpake/JPAKERound2Payload.class
   JD: libs/bcprov-jdk15on.jar/org/bouncycastle/crypto/agreement/srp/SRP6StandardGroups.class
   JD: libs/bcprov-jdk15on.jar/org/bouncycastle/crypto/digests/Blake2sDigest.class
   JD: libs/bcprov-jdk15on.jar/org/bouncycastle/crypto/digests/Blake2xsDigest.class
   JD: libs/bcprov-jdk15on.jar/org/bouncycastle/crypto/digests/Haraka256Digest.class
   JD: libs/bcprov-jdk15on.jar/org/bouncycastle/crypto/digests/Haraka512Digest.class
   JD: libs/bcprov-jdk15on.jar/org/bouncycastle/crypto/digests/HarakaBase.class
   JD: libs/bcprov-jdk15on.jar/org/bouncycastle/crypto/digests/SHA256Digest.class
   JD: libs/bcprov-jdk15on.jar/org/bouncycastle/crypto/ec/CustomNamedCurves$1.class
   JD: libs/bcprov-jdk15on.jar/org/bouncycastle/crypto/ec/CustomNamedCurves$10.class
   JD: libs/bcprov-jdk15on.jar/org/bouncycastle/crypto/ec/CustomNamedCurves$11.class
   JD: libs/bcprov-jdk15on.jar/org/bouncycastle/crypto/ec/CustomNamedCurves$12.class
   JD: libs/bcprov-jdk15on.jar/org/bouncycastle/crypto/ec/CustomNamedCurves$13.class
   JD: libs/bcprov-jdk15on.jar/org/bouncycastle/crypto/ec/CustomNamedCurves$14.class
   JD: libs/bcprov-jdk15on.jar/org/bouncycastle/crypto/ec/CustomNamedCurves$15.class
   JD: libs/bcprov-jdk15on.jar/org/bouncycastle/crypto/ec/CustomNamedCurves$16.class
   JD: libs/bcprov-jdk15on.jar/org/bouncycastle/crypto/ec/CustomNamedCurves$17.class
   JD: libs/bcprov-jdk15on.jar/org/bouncycastle/crypto/ec/CustomNamedCurves$18.class
   JD: libs/bcprov-jdk15on.jar/org/bouncycastle/crypto/ec/CustomNamedCurves$19.class
   JD: libs/bcprov-jdk15on.jar/org/bouncycastle/crypto/ec/CustomNamedCurves$2.class
   JD: libs/bcprov-jdk15on.jar/org/bouncycastle/crypto/ec/CustomNamedCurves$20.class
   JD: libs/bcprov-jdk15on.jar/org/bouncycastle/crypto/ec/CustomNamedCurves$21.class
   JD: libs/bcprov-jdk15on.jar/org/bouncycastle/crypto/ec/CustomNamedCurves$22.class
   JD: libs/bcprov-jdk15on.jar/org/bouncycastle/crypto/ec/CustomNamedCurves$23.class
   JD: libs/bcprov-jdk15on.jar/org/bouncycastle/crypto/ec/CustomNamedCurves$24.class
   JD: libs/bcprov-jdk15on.jar/org/bouncycastle/crypto/ec/CustomNamedCurves$25.class
   JD: libs/bcprov-jdk15on.jar/org/bouncycastle/crypto/ec/CustomNamedCurves$26.class
   JD: libs/bcprov-jdk15on.jar/org/bouncycastle/crypto/ec/CustomNamedCurves$27.class
   JD: libs/bcprov-jdk15on.jar/org/bouncycastle/crypto/ec/CustomNamedCurves$28.class
   JD: libs/bcprov-jdk15on.jar/org/bouncycastle/crypto/ec/CustomNamedCurves$29.class
   JD: libs/bcprov-jdk15on.jar/org/bouncycastle/crypto/ec/CustomNamedCurves$3.class
   JD: libs/bcprov-jdk15on.jar/org/bouncycastle/crypto/ec/CustomNamedCurves$30.class
   JD: libs/bcprov-jdk15on.jar/org/bouncycastle/crypto/ec/CustomNamedCurves$31.class
   JD: libs/bcprov-jdk15on.jar/org/bouncycastle/crypto/ec/CustomNamedCurves$32.class
   JD: libs/bcprov-jdk15on.jar/org/bouncycastle/crypto/ec/CustomNamedCurves$4.class
   JD: libs/bcprov-jdk15on.jar/org/bouncycastle/crypto/ec/CustomNamedCurves$5.class
   JD: libs/bcprov-jdk15on.jar/org/bouncycastle/crypto/ec/CustomNamedCurves$6.class
   JD: libs/bcprov-jdk15on.jar/org/bouncycastle/crypto/ec/CustomNamedCurves$7.class
   JD: libs/bcprov-jdk15on.jar/org/bouncycastle/crypto/ec/CustomNamedCurves$8.class
   JD: libs/bcprov-jdk15on.jar/org/bouncycastle/crypto/ec/CustomNamedCurves$9.class
   JD: libs/bcprov-jdk15on.jar/org/bouncycastle/crypto/ec/CustomNamedCurves.class
   JD: libs/bcprov-jdk15on.jar/org/bouncycastle/crypto/engines/ARIAEngine.class
   JD: libs/bcprov-jdk15on.jar/org/bouncycastle/crypto/engines/ChaCha7539Engine.class
   JD: libs/bcprov-jdk15on.jar/org/bouncycastle/crypto/engines/EthereumIESEngine$HandshakeKDFFunction.class
   JD: libs/bcprov-jdk15on.jar/org/bouncycastle/crypto/engines/EthereumIESEngine.class
   JD: libs/bcprov-jdk15on.jar/org/bouncycastle/crypto/engines/GOST28147WrapEngine.class
   JD: libs/bcprov-jdk15on.jar/org/bouncycastle/crypto/engines/RSABlindedEngine.class
   JD: libs/bcprov-jdk15on.jar/org/bouncycastle/crypto/engines/SM2Engine$1.class
   JD: libs/bcprov-jdk15on.jar/org/bouncycastle/crypto/engines/SM2Engine$Mode.class
   JD: libs/bcprov-jdk15on.jar/org/bouncycastle/crypto/engines/SM2Engine.class
   JD: libs/bcprov-jdk15on.jar/org/bouncycastle/crypto/engines/Zuc128CoreEngine.class
   JD: libs/bcprov-jdk15on.jar/org/bouncycastle/crypto/engines/Zuc128Engine.class
   JD: libs/bcprov-jdk15on.jar/org/bouncycastle/crypto/engines/Zuc256CoreEngine.class
   JD: libs/bcprov-jdk15on.jar/org/bouncycastle/crypto/engines/Zuc256Engine.class
   JD: libs/bcprov-jdk15on.jar/org/bouncycastle/crypto/generators/Argon2BytesGenerator$Block.class
   JD: libs/bcprov-jdk15on.jar/org/bouncycastle/crypto/generators/Argon2BytesGenerator$FillBlock.class
   JD: libs/bcprov-jdk15on.jar/org/bouncycastle/crypto/generators/Argon2BytesGenerator$Position.class
   JD: libs/bcprov-jdk15on.jar/org/bouncycastle/crypto/generators/Argon2BytesGenerator.class
   JD: libs/bcprov-jdk15on.jar/org/bouncycastle/crypto/generators/DSAParametersGenerator.class
   JD: libs/bcprov-jdk15on.jar/org/bouncycastle/crypto/generators/ECKeyPairGenerator.class
   JD: libs/bcprov-jdk15on.jar/org/bouncycastle/crypto/generators/PKCS5S2ParametersGenerator.class
   JD: libs/bcprov-jdk15on.jar/org/bouncycastle/crypto/generators/SCrypt.class
   JD: libs/bcprov-jdk15on.jar/org/bouncycastle/crypto/macs/DSTU7564Mac.class
   JD: libs/bcprov-jdk15on.jar/org/bouncycastle/crypto/macs/DSTU7624Mac.class
   JD: libs/bcprov-jdk15on.jar/org/bouncycastle/crypto/macs/GOST28147Mac.class
   JD: libs/bcprov-jdk15on.jar/org/bouncycastle/crypto/macs/Zuc128Mac$1.class
   JD: libs/bcprov-jdk15on.jar/org/bouncycastle/crypto/macs/Zuc128Mac$InternalZuc128Engine.class
   JD: libs/bcprov-jdk15on.jar/org/bouncycastle/crypto/macs/Zuc128Mac.class
   JD: libs/bcprov-jdk15on.jar/org/bouncycastle/crypto/macs/Zuc256Mac$InternalZuc256Engine.class
   JD: libs/bcprov-jdk15on.jar/org/bouncycastle/crypto/macs/Zuc256Mac.class
   JD: libs/bcprov-jdk15on.jar/org/bouncycastle/crypto/modes/AEADBlockCipher.class
   JD: libs/bcprov-jdk15on.jar/org/bouncycastle/crypto/modes/AEADCipher.class
   JD: libs/bcprov-jdk15on.jar/org/bouncycastle/crypto/modes/CCMBlockCipher.class
   JD: libs/bcprov-jdk15on.jar/org/bouncycastle/crypto/modes/ChaCha20Poly1305$State.class
   JD: libs/bcprov-jdk15on.jar/org/bouncycastle/crypto/modes/ChaCha20Poly1305.class
   JD: libs/bcprov-jdk15on.jar/org/bouncycastle/crypto/params/DHParameters.class
   JD: libs/bcprov-jdk15on.jar/org/bouncycastle/crypto/params/ECDHUPrivateParameters.class
   JD: libs/bcprov-jdk15on.jar/org/bouncycastle/crypto/params/ECDomainParameters.class
   JD: libs/bcprov-jdk15on.jar/org/bouncycastle/crypto/params/ECGOST3410Parameters.class
   JD: libs/bcprov-jdk15on.jar/org/bouncycastle/crypto/params/ECKeyParameters.class
   JD: libs/bcprov-jdk15on.jar/org/bouncycastle/crypto/params/ECPrivateKeyParameters.class
   JD: libs/bcprov-jdk15on.jar/org/bouncycastle/crypto/params/ECPublicKeyParameters.class
   JD: libs/bcprov-jdk15on.jar/org/bouncycastle/crypto/params/MQVPrivateParameters.class
   JD: libs/bcprov-jdk15on.jar/org/bouncycastle/crypto/params/RSAKeyParameters.class
   JD: libs/bcprov-jdk15on.jar/org/bouncycastle/crypto/params/SM2KeyExchangePrivateParameters.class
   JD: libs/bcprov-jdk15on.jar/org/bouncycastle/crypto/prng/drbg/CTRSP800DRBG.class
   JD: libs/bcprov-jdk15on.jar/org/bouncycastle/crypto/signers/ECGOST3410Signer.class
   JD: libs/bcprov-jdk15on.jar/org/bouncycastle/crypto/signers/ECGOST3410_2012Signer.class
   JD: libs/bcprov-jdk15on.jar/org/bouncycastle/crypto/signers/ECNRSigner.class
   JD: libs/bcprov-jdk15on.jar/org/bouncycastle/crypto/signers/Ed25519Signer$Buffer.class
   JD: libs/bcprov-jdk15on.jar/org/bouncycastle/crypto/signers/Ed25519ctxSigner$Buffer.class
   JD: libs/bcprov-jdk15on.jar/org/bouncycastle/crypto/signers/Ed25519phSigner.class
   JD: libs/bcprov-jdk15on.jar/org/bouncycastle/crypto/signers/Ed448Signer$Buffer.class
   JD: libs/bcprov-jdk15on.jar/org/bouncycastle/crypto/signers/Ed448phSigner.class
   JD: libs/bcprov-jdk15on.jar/org/bouncycastle/crypto/signers/GOST3410Signer.class
   JD: libs/bcprov-jdk15on.jar/org/bouncycastle/crypto/signers/PSSSigner.class
   JD: libs/bcprov-jdk15on.jar/org/bouncycastle/crypto/signers/RSADigestSigner.class
   JD: libs/bcprov-jdk15on.jar/org/bouncycastle/crypto/signers/SM2Signer.class
   JD: libs/bcprov-jdk15on.jar/org/bouncycastle/crypto/tls/AbstractTlsAgreementCredentials.class
   JD: libs/bcprov-jdk15on.jar/org/bouncycastle/crypto/tls/AbstractTlsCipherFactory.class
   JD: libs/bcprov-jdk15on.jar/org/bouncycastle/crypto/tls/AbstractTlsClient.class
   JD: libs/bcprov-jdk15on.jar/org/bouncycastle/crypto/tls/AbstractTlsCredentials.class
   JD: libs/bcprov-jdk15on.jar/org/bouncycastle/crypto/tls/AbstractTlsEncryptionCredentials.class
   JD: libs/bcprov-jdk15on.jar/org/bouncycastle/crypto/tls/AbstractTlsKeyExchange.class
   JD: libs/bcprov-jdk15on.jar/org/bouncycastle/crypto/tls/AbstractTlsPeer.class
   JD: libs/bcprov-jdk15on.jar/org/bouncycastle/crypto/tls/AbstractTlsServer.class
   JD: libs/bcprov-jdk15on.jar/org/bouncycastle/crypto/tls/AbstractTlsSigner.class
   JD: libs/bcprov-jdk15on.jar/org/bouncycastle/crypto/tls/AbstractTlsSignerCredentials.class
   JD: libs/bcprov-jdk15on.jar/org/bouncycastle/crypto/tls/AlertDescription.class
   JD: libs/bcprov-jdk15on.jar/org/bouncycastle/crypto/tls/AlertLevel.class
   JD: libs/bcprov-jdk15on.jar/org/bouncycastle/crypto/tls/BasicTlsPSKIdentity.class
   JD: libs/bcprov-jdk15on.jar/org/bouncycastle/crypto/tls/BulkCipherAlgorithm.class
   JD: libs/bcprov-jdk15on.jar/org/bouncycastle/crypto/tls/ByteQueue.class
   JD: libs/bcprov-jdk15on.jar/org/bouncycastle/crypto/tls/ByteQueueInputStream.class
   JD: libs/bcprov-jdk15on.jar/org/bouncycastle/crypto/tls/ByteQueueOutputStream.class
   JD: libs/bcprov-jdk15on.jar/org/bouncycastle/crypto/tls/Certificate.class
   JD: libs/bcprov-jdk15on.jar/org/bouncycastle/crypto/tls/CertificateRequest.class
   JD: libs/bcprov-jdk15on.jar/org/bouncycastle/crypto/tls/CertificateStatus.class
   JD: libs/bcprov-jdk15on.jar/org/bouncycastle/crypto/tls/CertificateStatusRequest.class
   JD: libs/bcprov-jdk15on.jar/org/bouncycastle/crypto/tls/CertificateStatusType.class
   JD: libs/bcprov-jdk15on.jar/org/bouncycastle/crypto/tls/CertificateType.class
   JD: libs/bcprov-jdk15on.jar/org/bouncycastle/crypto/tls/Chacha20Poly1305.class
   JD: libs/bcprov-jdk15on.jar/org/bouncycastle/crypto/tls/ChangeCipherSpec.class
   JD: libs/bcprov-jdk15on.jar/org/bouncycastle/crypto/tls/CipherSuite.class
   JD: libs/bcprov-jdk15on.jar/org/bouncycastle/crypto/tls/CipherType.class
   JD: libs/bcprov-jdk15on.jar/org/bouncycastle/crypto/tls/ClientAuthenticationType.class
   JD: libs/bcprov-jdk15on.jar/org/bouncycastle/crypto/tls/ClientCertificateType.class
   JD: libs/bcprov-jdk15on.jar/org/bouncycastle/crypto/tls/CompressionMethod.class
   JD: libs/bcprov-jdk15on.jar/org/bouncycastle/crypto/tls/ConnectionEnd.class
   JD: libs/bcprov-jdk15on.jar/org/bouncycastle/crypto/tls/ContentType.class
   JD: libs/bcprov-jdk15on.jar/org/bouncycastle/crypto/tls/DTLSClientProtocol.class
   JD: libs/bcprov-jdk15on.jar/org/bouncycastle/crypto/tls/DTLSEpoch.class
   JD: libs/bcprov-jdk15on.jar/org/bouncycastle/crypto/tls/DTLSProtocol.class
   JD: libs/bcprov-jdk15on.jar/org/bouncycastle/crypto/tls/DTLSRecordLayer.class
   JD: libs/bcprov-jdk15on.jar/org/bouncycastle/crypto/tls/DTLSReliableHandshake.class
   JD: libs/bcprov-jdk15on.jar/org/bouncycastle/crypto/tls/DTLSServerProtocol.class
   JD: libs/bcprov-jdk15on.jar/org/bouncycastle/crypto/tls/DTLSTransport.class
   JD: libs/bcprov-jdk15on.jar/org/bouncycastle/crypto/tls/DatagramTransport.class
   JD: libs/bcprov-jdk15on.jar/org/bouncycastle/crypto/tls/DefaultTlsAgreementCredentials.class
   JD: libs/bcprov-jdk15on.jar/org/bouncycastle/crypto/tls/DefaultTlsCipherFactory.class
   JD: libs/bcprov-jdk15on.jar/org/bouncycastle/crypto/tls/DefaultTlsClient.class
   JD: libs/bcprov-jdk15on.jar/org/bouncycastle/crypto/tls/DefaultTlsDHVerifier.class
   JD: libs/bcprov-jdk15on.jar/org/bouncycastle/crypto/tls/DefaultTlsEncryptionCredentials.class
   JD: libs/bcprov-jdk15on.jar/org/bouncycastle/crypto/tls/DefaultTlsSRPGroupVerifier.class
   JD: libs/bcprov-jdk15on.jar/org/bouncycastle/crypto/tls/DefaultTlsServer.class
   JD: libs/bcprov-jdk15on.jar/org/bouncycastle/crypto/tls/DefaultTlsSignerCredentials.class
   JD: libs/bcprov-jdk15on.jar/org/bouncycastle/crypto/tls/DigitallySigned.class
   JD: libs/bcprov-jdk15on.jar/org/bouncycastle/crypto/tls/ECBasisType.class
   JD: libs/bcprov-jdk15on.jar/org/bouncycastle/crypto/tls/ECCurveType.class
   JD: libs/bcprov-jdk15on.jar/org/bouncycastle/crypto/tls/ECPointFormat.class
   JD: libs/bcprov-jdk15on.jar/org/bouncycastle/crypto/tls/EncryptionAlgorithm.class
   JD: libs/bcprov-jdk15on.jar/org/bouncycastle/crypto/tls/ExporterLabel.class
   JD: libs/bcprov-jdk15on.jar/org/bouncycastle/crypto/tls/ExtensionType.class
   JD: libs/bcprov-jdk15on.jar/org/bouncycastle/crypto/tls/HandshakeType.class
   JD: libs/bcprov-jdk15on.jar/org/bouncycastle/crypto/tls/HashAlgorithm.class
   JD: libs/bcprov-jdk15on.jar/org/bouncycastle/crypto/tls/HeartbeatExtension.class
   JD: libs/bcprov-jdk15on.jar/org/bouncycastle/crypto/tls/HeartbeatMessage.class
   JD: libs/bcprov-jdk15on.jar/org/bouncycastle/crypto/tls/KeyExchangeAlgorithm.class
   JD: libs/bcprov-jdk15on.jar/org/bouncycastle/crypto/tls/MACAlgorithm.class
   JD: libs/bcprov-jdk15on.jar/org/bouncycastle/crypto/tls/MaxFragmentLength.class
   JD: libs/bcprov-jdk15on.jar/org/bouncycastle/crypto/tls/NameType.class
   JD: libs/bcprov-jdk15on.jar/org/bouncycastle/crypto/tls/NamedCurve.class
   JD: libs/bcprov-jdk15on.jar/org/bouncycastle/crypto/tls/NewSessionTicket.class
   JD: libs/bcprov-jdk15on.jar/org/bouncycastle/crypto/tls/OCSPStatusRequest.class
   JD: libs/bcprov-jdk15on.jar/org/bouncycastle/crypto/tls/PRFAlgorithm.class
   JD: libs/bcprov-jdk15on.jar/org/bouncycastle/crypto/tls/PSKTlsClient.class
   JD: libs/bcprov-jdk15on.jar/org/bouncycastle/crypto/tls/PSKTlsServer.class
   JD: libs/bcprov-jdk15on.jar/org/bouncycastle/crypto/tls/ProtocolVersion.class
   JD: libs/bcprov-jdk15on.jar/org/bouncycastle/crypto/tls/SRPTlsClient.class
   JD: libs/bcprov-jdk15on.jar/org/bouncycastle/crypto/tls/SRPTlsServer.class
   JD: libs/bcprov-jdk15on.jar/org/bouncycastle/crypto/tls/SRTPProtectionProfile.class
   JD: libs/bcprov-jdk15on.jar/org/bouncycastle/crypto/tls/SSL3Mac.class
   JD: libs/bcprov-jdk15on.jar/org/bouncycastle/crypto/tls/SecurityParameters.class
   JD: libs/bcprov-jdk15on.jar/org/bouncycastle/crypto/tls/ServerName.class
   JD: libs/bcprov-jdk15on.jar/org/bouncycastle/crypto/tls/ServerNameList.class
   JD: libs/bcprov-jdk15on.jar/org/bouncycastle/crypto/tls/ServerOnlyTlsAuthentication.class
   JD: libs/bcprov-jdk15on.jar/org/bouncycastle/crypto/tls/ServerSRPParams.class
   JD: libs/bcprov-jdk15on.jar/org/bouncycastle/crypto/tls/SessionParameters.class
   JD: libs/bcprov-jdk15on.jar/org/bouncycastle/crypto/tls/SignatureAlgorithm.class
   JD: libs/bcprov-jdk15on.jar/org/bouncycastle/crypto/tls/SignatureAndHashAlgorithm.class
   JD: libs/bcprov-jdk15on.jar/org/bouncycastle/crypto/tls/SimulatedTlsSRPIdentityManager.class
   JD: libs/bcprov-jdk15on.jar/org/bouncycastle/crypto/tls/SupplementalDataEntry.class
   JD: libs/bcprov-jdk15on.jar/org/bouncycastle/crypto/tls/SupplementalDataType.class
   JD: libs/bcprov-jdk15on.jar/org/bouncycastle/crypto/tls/TlsAEADCipher.class
   JD: libs/bcprov-jdk15on.jar/org/bouncycastle/crypto/tls/TlsAgreementCredentials.class
   JD: libs/bcprov-jdk15on.jar/org/bouncycastle/crypto/tls/TlsAuthentication.class
   JD: libs/bcprov-jdk15on.jar/org/bouncycastle/crypto/tls/TlsBlockCipher.class
   JD: libs/bcprov-jdk15on.jar/org/bouncycastle/crypto/tls/TlsCipher.class
   JD: libs/bcprov-jdk15on.jar/org/bouncycastle/crypto/tls/TlsCipherFactory.class
   JD: libs/bcprov-jdk15on.jar/org/bouncycastle/crypto/tls/TlsClient.class
   JD: libs/bcprov-jdk15on.jar/org/bouncycastle/crypto/tls/TlsClientContext.class
   JD: libs/bcprov-jdk15on.jar/org/bouncycastle/crypto/tls/TlsClientProtocol.class
   JD: libs/bcprov-jdk15on.jar/org/bouncycastle/crypto/tls/TlsCloseable.class
   JD: libs/bcprov-jdk15on.jar/org/bouncycastle/crypto/tls/TlsCompression.class
   JD: libs/bcprov-jdk15on.jar/org/bouncycastle/crypto/tls/TlsContext.class
   JD: libs/bcprov-jdk15on.jar/org/bouncycastle/crypto/tls/TlsCredentials.class
   JD: libs/bcprov-jdk15on.jar/org/bouncycastle/crypto/tls/TlsDHEKeyExchange.class
   JD: libs/bcprov-jdk15on.jar/org/bouncycastle/crypto/tls/TlsDHKeyExchange.class
   JD: libs/bcprov-jdk15on.jar/org/bouncycastle/crypto/tls/TlsDHUtils.class
   JD: libs/bcprov-jdk15on.jar/org/bouncycastle/crypto/tls/TlsDHVerifier.class
   JD: libs/bcprov-jdk15on.jar/org/bouncycastle/crypto/tls/TlsDSASigner.class
   JD: libs/bcprov-jdk15on.jar/org/bouncycastle/crypto/tls/TlsDSSSigner.class
   JD: libs/bcprov-jdk15on.jar/org/bouncycastle/crypto/tls/TlsECCUtils.class
   JD: libs/bcprov-jdk15on.jar/org/bouncycastle/crypto/tls/TlsECDHEKeyExchange.class
   JD: libs/bcprov-jdk15on.jar/org/bouncycastle/crypto/tls/TlsECDHKeyExchange.class
   JD: libs/bcprov-jdk15on.jar/org/bouncycastle/crypto/tls/TlsECDSASigner.class
   JD: libs/bcprov-jdk15on.jar/org/bouncycastle/crypto/tls/TlsEncryptionCredentials.class
   JD: libs/bcprov-jdk15on.jar/org/bouncycastle/crypto/tls/TlsException.class
   JD: libs/bcprov-jdk15on.jar/org/bouncycastle/crypto/tls/TlsExtensionsUtils.class
   JD: libs/bcprov-jdk15on.jar/org/bouncycastle/crypto/tls/TlsFatalAlert.class
   JD: libs/bcprov-jdk15on.jar/org/bouncycastle/crypto/tls/TlsFatalAlertReceived.class
   JD: libs/bcprov-jdk15on.jar/org/bouncycastle/crypto/tls/TlsHandshakeHash.class
   JD: libs/bcprov-jdk15on.jar/org/bouncycastle/crypto/tls/TlsKeyExchange.class
   JD: libs/bcprov-jdk15on.jar/org/bouncycastle/crypto/tls/TlsMac.class
   JD: libs/bcprov-jdk15on.jar/org/bouncycastle/crypto/tls/TlsNoCloseNotifyException.class
   JD: libs/bcprov-jdk15on.jar/org/bouncycastle/crypto/tls/TlsNullCipher.class
   JD: libs/bcprov-jdk15on.jar/org/bouncycastle/crypto/tls/TlsNullCompression.class
   JD: libs/bcprov-jdk15on.jar/org/bouncycastle/crypto/tls/TlsPSKIdentity.class
   JD: libs/bcprov-jdk15on.jar/org/bouncycastle/crypto/tls/TlsPSKIdentityManager.class
   JD: libs/bcprov-jdk15on.jar/org/bouncycastle/crypto/tls/TlsPSKKeyExchange.class
   JD: libs/bcprov-jdk15on.jar/org/bouncycastle/crypto/tls/TlsPeer.class
   JD: libs/bcprov-jdk15on.jar/org/bouncycastle/crypto/tls/TlsProtocol.class
   JD: libs/bcprov-jdk15on.jar/org/bouncycastle/crypto/tls/TlsRSAKeyExchange.class
   JD: libs/bcprov-jdk15on.jar/org/bouncycastle/crypto/tls/TlsRSASigner.class
   JD: libs/bcprov-jdk15on.jar/org/bouncycastle/crypto/tls/TlsRSAUtils.class
   JD: libs/bcprov-jdk15on.jar/org/bouncycastle/crypto/tls/TlsSRPGroupVerifier.class
   JD: libs/bcprov-jdk15on.jar/org/bouncycastle/crypto/tls/TlsSRPIdentityManager.class
   JD: libs/bcprov-jdk15on.jar/org/bouncycastle/crypto/tls/TlsSRPKeyExchange.class
   JD: libs/bcprov-jdk15on.jar/org/bouncycastle/crypto/tls/TlsSRPLoginParameters.class
   JD: libs/bcprov-jdk15on.jar/org/bouncycastle/crypto/tls/TlsSRPUtils.class
   JD: libs/bcprov-jdk15on.jar/org/bouncycastle/crypto/tls/TlsSRTPUtils.class
   JD: libs/bcprov-jdk15on.jar/org/bouncycastle/crypto/tls/TlsServer.class
   JD: libs/bcprov-jdk15on.jar/org/bouncycastle/crypto/tls/TlsServerContext.class
   JD: libs/bcprov-jdk15on.jar/org/bouncycastle/crypto/tls/TlsServerProtocol.class
   JD: libs/bcprov-jdk15on.jar/org/bouncycastle/crypto/tls/TlsSession.class
   JD: libs/bcprov-jdk15on.jar/org/bouncycastle/crypto/tls/TlsSigner.class
   JD: libs/bcprov-jdk15on.jar/org/bouncycastle/crypto/tls/TlsSignerCredentials.class
   JD: libs/bcprov-jdk15on.jar/org/bouncycastle/crypto/tls/TlsStreamCipher.class
   JD: libs/bcprov-jdk15on.jar/org/bouncycastle/crypto/tls/TlsUtils.class
   JD: libs/bcprov-jdk15on.jar/org/bouncycastle/crypto/tls/UDPTransport.class
   JD: libs/bcprov-jdk15on.jar/org/bouncycastle/crypto/tls/URLAndHash.class
   JD: libs/bcprov-jdk15on.jar/org/bouncycastle/crypto/tls/UseSRTPData.class
   JD: libs/bcprov-jdk15on.jar/org/bouncycastle/crypto/tls/UserMappingType.class
   JD: libs/bcprov-jdk15on.jar/org/bouncycastle/crypto/util/AlgorithmIdentifierFactory.class
   JD: libs/bcprov-jdk15on.jar/org/bouncycastle/crypto/util/CipherFactory.class
   JD: libs/bcprov-jdk15on.jar/org/bouncycastle/crypto/util/CipherKeyGeneratorFactory.class
   JD: libs/bcprov-jdk15on.jar/org/bouncycastle/crypto/util/JournaledAlgorithm.class
   JD: libs/bcprov-jdk15on.jar/org/bouncycastle/crypto/util/JournalingSecureRandom.class
   JD: libs/bcprov-jdk15on.jar/org/bouncycastle/crypto/util/OpenSSHPrivateKeyUtil.class
   JD: libs/bcprov-jdk15on.jar/org/bouncycastle/crypto/util/OpenSSHPublicKeyUtil.class
   JD: libs/bcprov-jdk15on.jar/org/bouncycastle/crypto/util/PrivateKeyFactory.class
   JD: libs/bcprov-jdk15on.jar/org/bouncycastle/crypto/util/PrivateKeyInfoFactory.class
   JD: libs/bcprov-jdk15on.jar/org/bouncycastle/crypto/util/PublicKeyFactory$DSTUConverter.class
   JD: libs/bcprov-jdk15on.jar/org/bouncycastle/crypto/util/PublicKeyFactory$GOST3410_2001Converter.class
   JD: libs/bcprov-jdk15on.jar/org/bouncycastle/crypto/util/PublicKeyFactory$GOST3410_2012Converter.class
   JD: libs/bcprov-jdk15on.jar/org/bouncycastle/crypto/util/PublicKeyFactory.class
   JD: libs/bcprov-jdk15on.jar/org/bouncycastle/crypto/util/SSHBuffer.class
   JD: libs/bcprov-jdk15on.jar/org/bouncycastle/crypto/util/SSHBuilder.class
   JD: libs/bcprov-jdk15on.jar/org/bouncycastle/crypto/util/SubjectPublicKeyInfoFactory.class
   JD: libs/bcprov-jdk15on.jar/org/bouncycastle/jcajce/BCFKSLoadStoreParameter$Builder.class
   JD: libs/bcprov-jdk15on.jar/org/bouncycastle/jcajce/BCFKSLoadStoreParameter.class
   JD: libs/bcprov-jdk15on.jar/org/bouncycastle/jcajce/BCFKSStoreParameter.class
   JD: libs/bcprov-jdk15on.jar/org/bouncycastle/jcajce/BCLoadStoreParameter.class
   JD: libs/bcprov-jdk15on.jar/org/bouncycastle/jcajce/PKCS12StoreParameter.class
   JD: libs/bcprov-jdk15on.jar/org/bouncycastle/jcajce/interfaces/BCX509Certificate.class
   JD: libs/bcprov-jdk15on.jar/org/bouncycastle/jcajce/io/CipherInputStream.class
   JD: libs/bcprov-jdk15on.jar/org/bouncycastle/jcajce/provider/asymmetric/GM$Mappings.class
   JD: libs/bcprov-jdk15on.jar/org/bouncycastle/jcajce/provider/asymmetric/dh/BCDHPrivateKey.class
   JD: libs/bcprov-jdk15on.jar/org/bouncycastle/jcajce/provider/asymmetric/dh/BCDHPublicKey.class
   JD: libs/bcprov-jdk15on.jar/org/bouncycastle/jcajce/provider/asymmetric/dh/KeyFactorySpi.class
   JD: libs/bcprov-jdk15on.jar/org/bouncycastle/jcajce/provider/asymmetric/dsa/BCDSAPublicKey.class
   JD: libs/bcprov-jdk15on.jar/org/bouncycastle/jcajce/provider/asymmetric/dsa/DSAUtil.class
   JD: libs/bcprov-jdk15on.jar/org/bouncycastle/jcajce/provider/asymmetric/dsa/KeyFactorySpi.class
   JD: libs/bcprov-jdk15on.jar/org/bouncycastle/jcajce/provider/asymmetric/dstu/BCDSTU4145PrivateKey.class
   JD: libs/bcprov-jdk15on.jar/org/bouncycastle/jcajce/provider/asymmetric/dstu/BCDSTU4145PublicKey.class
   JD: libs/bcprov-jdk15on.jar/org/bouncycastle/jcajce/provider/asymmetric/dstu/KeyFactorySpi.class
   JD: libs/bcprov-jdk15on.jar/org/bouncycastle/jcajce/provider/asymmetric/dstu/KeyPairGeneratorSpi.class
   JD: libs/bcprov-jdk15on.jar/org/bouncycastle/jcajce/provider/asymmetric/ec/AlgorithmParametersSpi.class
   JD: libs/bcprov-jdk15on.jar/org/bouncycastle/jcajce/provider/asymmetric/ec/BCECPrivateKey.class
   JD: libs/bcprov-jdk15on.jar/org/bouncycastle/jcajce/provider/asymmetric/ec/BCECPublicKey.class
   JD: libs/bcprov-jdk15on.jar/org/bouncycastle/jcajce/provider/asymmetric/ec/ECUtils.class
   JD: libs/bcprov-jdk15on.jar/org/bouncycastle/jcajce/provider/asymmetric/ec/GMSignatureSpi$sha256WithSM2.class
   JD: libs/bcprov-jdk15on.jar/org/bouncycastle/jcajce/provider/asymmetric/ec/GMSignatureSpi.class
   JD: libs/bcprov-jdk15on.jar/org/bouncycastle/jcajce/provider/asymmetric/ec/KeyFactorySpi.class
   JD: libs/bcprov-jdk15on.jar/org/bouncycastle/jcajce/provider/asymmetric/ec/KeyPairGeneratorSpi$EC.class
   JD: libs/bcprov-jdk15on.jar/org/bouncycastle/jcajce/provider/asymmetric/ecgost/BCECGOST3410PrivateKey.class
   JD: libs/bcprov-jdk15on.jar/org/bouncycastle/jcajce/provider/asymmetric/ecgost/BCECGOST3410PublicKey.class
   JD: libs/bcprov-jdk15on.jar/org/bouncycastle/jcajce/provider/asymmetric/ecgost/KeyFactorySpi.class
   JD: libs/bcprov-jdk15on.jar/org/bouncycastle/jcajce/provider/asymmetric/ecgost/KeyPairGeneratorSpi.class
   JD: libs/bcprov-jdk15on.jar/org/bouncycastle/jcajce/provider/asymmetric/ecgost12/BCECGOST3410_2012PrivateKey.class
   JD: libs/bcprov-jdk15on.jar/org/bouncycastle/jcajce/provider/asymmetric/ecgost12/BCECGOST3410_2012PublicKey.class
   JD: libs/bcprov-jdk15on.jar/org/bouncycastle/jcajce/provider/asymmetric/ecgost12/KeyAgreementSpi$ECVKO512.class
   JD: libs/bcprov-jdk15on.jar/org/bouncycastle/jcajce/provider/asymmetric/ecgost12/KeyFactorySpi.class
   JD: libs/bcprov-jdk15on.jar/org/bouncycastle/jcajce/provider/asymmetric/ecgost12/KeyPairGeneratorSpi.class
   JD: libs/bcprov-jdk15on.jar/org/bouncycastle/jcajce/provider/asymmetric/edec/BCEdDSAPrivateKey.class
   JD: libs/bcprov-jdk15on.jar/org/bouncycastle/jcajce/provider/asymmetric/edec/BCEdDSAPublicKey.class
   JD: libs/bcprov-jdk15on.jar/org/bouncycastle/jcajce/provider/asymmetric/edec/BCXDHPrivateKey.class
   JD: libs/bcprov-jdk15on.jar/org/bouncycastle/jcajce/provider/asymmetric/edec/BCXDHPublicKey.class
   JD: libs/bcprov-jdk15on.jar/org/bouncycastle/jcajce/provider/asymmetric/edec/KeyFactorySpi.class
   JD: libs/bcprov-jdk15on.jar/org/bouncycastle/jcajce/provider/asymmetric/edec/KeyPairGeneratorSpi.class
   JD: libs/bcprov-jdk15on.jar/org/bouncycastle/jcajce/provider/asymmetric/edec/SignatureSpi.class
   JD: libs/bcprov-jdk15on.jar/org/bouncycastle/jcajce/provider/asymmetric/elgamal/KeyFactorySpi.class
   JD: libs/bcprov-jdk15on.jar/org/bouncycastle/jcajce/provider/asymmetric/gost/AlgorithmParametersSpi.class
   JD: libs/bcprov-jdk15on.jar/org/bouncycastle/jcajce/provider/asymmetric/gost/KeyFactorySpi.class
   JD: libs/bcprov-jdk15on.jar/org/bouncycastle/jcajce/provider/asymmetric/ies/AlgorithmParametersSpi.class
   JD: libs/bcprov-jdk15on.jar/org/bouncycastle/jcajce/provider/asymmetric/rsa/AlgorithmParametersSpi$OAEP.class
   JD: libs/bcprov-jdk15on.jar/org/bouncycastle/jcajce/provider/asymmetric/rsa/AlgorithmParametersSpi$PSS.class
   JD: libs/bcprov-jdk15on.jar/org/bouncycastle/jcajce/provider/asymmetric/rsa/BCRSAPrivateCrtKey.class
   JD: libs/bcprov-jdk15on.jar/org/bouncycastle/jcajce/provider/asymmetric/rsa/BCRSAPrivateKey.class
   JD: libs/bcprov-jdk15on.jar/org/bouncycastle/jcajce/provider/asymmetric/rsa/BCRSAPublicKey.class
   JD: libs/bcprov-jdk15on.jar/org/bouncycastle/jcajce/provider/asymmetric/rsa/KeyFactorySpi.class
   JD: libs/bcprov-jdk15on.jar/org/bouncycastle/jcajce/provider/asymmetric/rsa/RSAUtil.class
   JD: libs/bcprov-jdk15on.jar/org/bouncycastle/jcajce/provider/asymmetric/util/EC5Util.class
   JD: libs/bcprov-jdk15on.jar/org/bouncycastle/jcajce/provider/asymmetric/util/ECUtil$1.class
   JD: libs/bcprov-jdk15on.jar/org/bouncycastle/jcajce/provider/asymmetric/util/ECUtil.class
   JD: libs/bcprov-jdk15on.jar/org/bouncycastle/jcajce/provider/asymmetric/util/PKCS12BagAttributeCarrierImpl.class
   JD: libs/bcprov-jdk15on.jar/org/bouncycastle/jcajce/provider/asymmetric/x509/PEMUtil$1.class
   JD: libs/bcprov-jdk15on.jar/org/bouncycastle/jcajce/provider/asymmetric/x509/PEMUtil$Boundaries.class
   JD: libs/bcprov-jdk15on.jar/org/bouncycastle/jcajce/provider/asymmetric/x509/PEMUtil.class
   JD: libs/bcprov-jdk15on.jar/org/bouncycastle/jcajce/provider/asymmetric/x509/X509CRLEntryObject.class
   JD: libs/bcprov-jdk15on.jar/org/bouncycastle/jcajce/provider/asymmetric/x509/X509CRLImpl.class
   JD: libs/bcprov-jdk15on.jar/org/bouncycastle/jcajce/provider/asymmetric/x509/X509CRLInternal.class
   JD: libs/bcprov-jdk15on.jar/org/bouncycastle/jcajce/provider/asymmetric/x509/X509CRLObject.class
   JD: libs/bcprov-jdk15on.jar/org/bouncycastle/jcajce/provider/asymmetric/x509/X509CertificateImpl.class
   JD: libs/bcprov-jdk15on.jar/org/bouncycastle/jcajce/provider/asymmetric/x509/X509CertificateInternal.class
   JD: libs/bcprov-jdk15on.jar/org/bouncycastle/jcajce/provider/asymmetric/x509/X509CertificateObject.class
   JD: libs/bcprov-jdk15on.jar/org/bouncycastle/jcajce/provider/asymmetric/x509/X509SignatureUtil.class
   JD: libs/bcprov-jdk15on.jar/org/bouncycastle/jcajce/provider/config/PKCS12StoreParameter.class
   JD: libs/bcprov-jdk15on.jar/org/bouncycastle/jcajce/provider/digest/Haraka$Digest256.class
   JD: libs/bcprov-jdk15on.jar/org/bouncycastle/jcajce/provider/digest/Haraka$Digest512.class
   JD: libs/bcprov-jdk15on.jar/org/bouncycastle/jcajce/provider/digest/Haraka$Mappings.class
   JD: libs/bcprov-jdk15on.jar/org/bouncycastle/jcajce/provider/digest/Haraka.class
   JD: libs/bcprov-jdk15on.jar/org/bouncycastle/jcajce/provider/drbg/DRBG$2.class
   JD: libs/bcprov-jdk15on.jar/org/bouncycastle/jcajce/provider/drbg/DRBG$CoreSecureRandom.class
   JD: libs/bcprov-jdk15on.jar/org/bouncycastle/jcajce/provider/drbg/DRBG$Default.class
   JD: libs/bcprov-jdk15on.jar/org/bouncycastle/jcajce/provider/drbg/DRBG$HybridSecureRandom$SignallingEntropySource$EntropyGatherer.class
   JD: libs/bcprov-jdk15on.jar/org/bouncycastle/jcajce/provider/drbg/DRBG$HybridSecureRandom$SignallingEntropySource.class
   JD: libs/bcprov-jdk15on.jar/org/bouncycastle/jcajce/provider/drbg/DRBG$HybridSecureRandom.class
   JD: libs/bcprov-jdk15on.jar/org/bouncycastle/jcajce/provider/drbg/DRBG$Mappings.class
   JD: libs/bcprov-jdk15on.jar/org/bouncycastle/jcajce/provider/drbg/DRBG$NonceAndIV.class
   JD: libs/bcprov-jdk15on.jar/org/bouncycastle/jcajce/provider/drbg/DRBG$URLSeededSecureRandom$2.class
   JD: libs/bcprov-jdk15on.jar/org/bouncycastle/jcajce/provider/drbg/DRBG$URLSeededSecureRandom.class
   JD: libs/bcprov-jdk15on.jar/org/bouncycastle/jcajce/provider/drbg/DRBG.class
   JD: libs/bcprov-jdk15on.jar/org/bouncycastle/jcajce/provider/keystore/bc/BcKeyStoreSpi$BouncyCastleStore.class
   JD: libs/bcprov-jdk15on.jar/org/bouncycastle/jcajce/provider/keystore/bc/BcKeyStoreSpi$StoreEntry.class
   JD: libs/bcprov-jdk15on.jar/org/bouncycastle/jcajce/provider/keystore/bcfks/BcFKSKeyStoreSpi$Def.class
   JD: libs/bcprov-jdk15on.jar/org/bouncycastle/jcajce/provider/keystore/bcfks/BcFKSKeyStoreSpi$DefShared.class
   JD: libs/bcprov-jdk15on.jar/org/bouncycastle/jcajce/provider/keystore/bcfks/BcFKSKeyStoreSpi$Std.class
   JD: libs/bcprov-jdk15on.jar/org/bouncycastle/jcajce/provider/keystore/bcfks/BcFKSKeyStoreSpi$StdShared.class
   JD: libs/bcprov-jdk15on.jar/org/bouncycastle/jcajce/provider/keystore/bcfks/BcFKSKeyStoreSpi.class
   JD: libs/bcprov-jdk15on.jar/org/bouncycastle/jcajce/provider/keystore/pkcs12/PKCS12KeyStoreSpi$IgnoresCaseHashtable.class
   JD: libs/bcprov-jdk15on.jar/org/bouncycastle/jcajce/provider/keystore/pkcs12/PKCS12KeyStoreSpi.class
   JD: libs/bcprov-jdk15on.jar/org/bouncycastle/jcajce/provider/symmetric/AES$AlgParamGen.class
   JD: libs/bcprov-jdk15on.jar/org/bouncycastle/jcajce/provider/symmetric/AES$CCM.class
   JD: libs/bcprov-jdk15on.jar/org/bouncycastle/jcajce/provider/symmetric/ChaCha$AlgParamsCC1305.class
   JD: libs/bcprov-jdk15on.jar/org/bouncycastle/jcajce/provider/symmetric/ChaCha$BaseCC20P1305.class
   JD: libs/bcprov-jdk15on.jar/org/bouncycastle/jcajce/provider/symmetric/ChaCha$Mappings.class
   JD: libs/bcprov-jdk15on.jar/org/bouncycastle/jcajce/provider/symmetric/ChaCha.class
   JD: libs/bcprov-jdk15on.jar/org/bouncycastle/jcajce/provider/symmetric/GOST28147$BaseAlgParams.class
   JD: libs/bcprov-jdk15on.jar/org/bouncycastle/jcajce/provider/symmetric/GOST28147.class
   JD: libs/bcprov-jdk15on.jar/org/bouncycastle/jcajce/provider/symmetric/GOST3412_2015$CTR.class
   JD: libs/bcprov-jdk15on.jar/org/bouncycastle/jcajce/provider/symmetric/PBEPBKDF2$Mappings.class
   JD: libs/bcprov-jdk15on.jar/org/bouncycastle/jcajce/provider/symmetric/PBEPBKDF2$PBKDF2withSM3.class
   JD: libs/bcprov-jdk15on.jar/org/bouncycastle/jcajce/provider/symmetric/PBEPBKDF2.class
   JD: libs/bcprov-jdk15on.jar/org/bouncycastle/jcajce/provider/symmetric/Zuc$AlgParams.class
   JD: libs/bcprov-jdk15on.jar/org/bouncycastle/jcajce/provider/symmetric/Zuc$KeyGen128.class
   JD: libs/bcprov-jdk15on.jar/org/bouncycastle/jcajce/provider/symmetric/Zuc$KeyGen256.class
   JD: libs/bcprov-jdk15on.jar/org/bouncycastle/jcajce/provider/symmetric/Zuc$Mappings.class
   JD: libs/bcprov-jdk15on.jar/org/bouncycastle/jcajce/provider/symmetric/Zuc$Zuc128.class
   JD: libs/bcprov-jdk15on.jar/org/bouncycastle/jcajce/provider/symmetric/Zuc$Zuc256.class
   JD: libs/bcprov-jdk15on.jar/org/bouncycastle/jcajce/provider/symmetric/Zuc$ZucMac128.class
   JD: libs/bcprov-jdk15on.jar/org/bouncycastle/jcajce/provider/symmetric/Zuc$ZucMac256.class
   JD: libs/bcprov-jdk15on.jar/org/bouncycastle/jcajce/provider/symmetric/Zuc$ZucMac256_32.class
   JD: libs/bcprov-jdk15on.jar/org/bouncycastle/jcajce/provider/symmetric/Zuc$ZucMac256_64.class
   JD: libs/bcprov-jdk15on.jar/org/bouncycastle/jcajce/provider/symmetric/Zuc.class
   JD: libs/bcprov-jdk15on.jar/org/bouncycastle/jcajce/provider/symmetric/util/BaseBlockCipher$AEADGenericBlockCipher.class
   JD: libs/bcprov-jdk15on.jar/org/bouncycastle/jcajce/provider/symmetric/util/BaseBlockCipher.class
   JD: libs/bcprov-jdk15on.jar/org/bouncycastle/jcajce/provider/symmetric/util/BaseStreamCipher.class
   JD: libs/bcprov-jdk15on.jar/org/bouncycastle/jcajce/provider/symmetric/util/BaseWrapCipher.class
   JD: libs/bcprov-jdk15on.jar/org/bouncycastle/jcajce/provider/symmetric/util/PBE$Util.class
   JD: libs/bcprov-jdk15on.jar/org/bouncycastle/jcajce/provider/symmetric/util/PBE.class
   JD: libs/bcprov-jdk15on.jar/org/bouncycastle/jcajce/spec/OpenSSHPrivateKeySpec.class
   JD: libs/bcprov-jdk15on.jar/org/bouncycastle/jcajce/spec/OpenSSHPublicKeySpec.class
   JD: libs/bcprov-jdk15on.jar/org/bouncycastle/jcajce/util/AnnotatedPrivateKey.class
   JD: libs/bcprov-jdk15on.jar/org/bouncycastle/jcajce/util/DefaultJcaJceHelper.class
   JD: libs/bcprov-jdk15on.jar/org/bouncycastle/jcajce/util/JcaJceHelper.class
   JD: libs/bcprov-jdk15on.jar/org/bouncycastle/jcajce/util/JcaJceUtils.class
   JD: libs/bcprov-jdk15on.jar/org/bouncycastle/jcajce/util/NamedJcaJceHelper.class
   JD: libs/bcprov-jdk15on.jar/org/bouncycastle/jcajce/util/PrivateKeyAnnotator.class
   JD: libs/bcprov-jdk15on.jar/org/bouncycastle/jcajce/util/ProviderJcaJceHelper.class
   JD: libs/bcprov-jdk15on.jar/org/bouncycastle/jce/ECKeyUtil.class
   JD: libs/bcprov-jdk15on.jar/org/bouncycastle/jce/PKCS10CertificationRequest.class
   JD: libs/bcprov-jdk15on.jar/org/bouncycastle/jce/PKCS12Util.class
   JD: libs/bcprov-jdk15on.jar/org/bouncycastle/jce/provider/BouncyCastleProvider.class
   JD: libs/bcprov-jdk15on.jar/org/bouncycastle/jce/provider/BouncyCastleProviderConfiguration.class
   JD: libs/bcprov-jdk15on.jar/org/bouncycastle/jce/provider/CertPathValidatorUtilities.class
   JD: libs/bcprov-jdk15on.jar/org/bouncycastle/jce/provider/JCEDHPrivateKey.class
   JD: libs/bcprov-jdk15on.jar/org/bouncycastle/jce/provider/JCEDHPublicKey.class
   JD: libs/bcprov-jdk15on.jar/org/bouncycastle/jce/provider/JCEECPrivateKey.class
   JD: libs/bcprov-jdk15on.jar/org/bouncycastle/jce/provider/JCEECPublicKey.class
   JD: libs/bcprov-jdk15on.jar/org/bouncycastle/jce/provider/JDKDSAPublicKey.class
   JD: libs/bcprov-jdk15on.jar/org/bouncycastle/jce/provider/JDKPKCS12StoreParameter.class
   JD: libs/bcprov-jdk15on.jar/org/bouncycastle/jce/provider/PKIXCertPathBuilderSpi.class
   JD: libs/bcprov-jdk15on.jar/org/bouncycastle/jce/provider/PKIXCertPathValidatorSpi.class
   JD: libs/bcprov-jdk15on.jar/org/bouncycastle/jce/provider/PKIXNameConstraintValidator.class
   JD: libs/bcprov-jdk15on.jar/org/bouncycastle/jce/provider/PKIXNameConstraintValidatorException.class
   JD: libs/bcprov-jdk15on.jar/org/bouncycastle/jce/provider/PrincipalUtils.class
   JD: libs/bcprov-jdk15on.jar/org/bouncycastle/jce/provider/RFC3280CertPathUtilities.class
   JD: libs/bcprov-jdk15on.jar/org/bouncycastle/jce/provider/X509AttrCertParser.class
   JD: libs/bcprov-jdk15on.jar/org/bouncycastle/jce/provider/X509CRLEntryObject.class
   JD: libs/bcprov-jdk15on.jar/org/bouncycastle/jce/provider/X509CRLObject.class
   JD: libs/bcprov-jdk15on.jar/org/bouncycastle/jce/provider/X509CertificateObject.class
   JD: libs/bcprov-jdk15on.jar/org/bouncycastle/jce/provider/X509SignatureUtil.class
   JD: libs/bcprov-jdk15on.jar/org/bouncycastle/jce/spec/OpenSSHPrivateKeySpec.class
   JD: libs/bcprov-jdk15on.jar/org/bouncycastle/jce/spec/OpenSSHPublicKeySpec.class
   JD: libs/bcprov-jdk15on.jar/org/bouncycastle/math/ec/AbstractECLookupTable.class
   JD: libs/bcprov-jdk15on.jar/org/bouncycastle/math/ec/ECAlgorithms.class
   JD: libs/bcprov-jdk15on.jar/org/bouncycastle/math/ec/ECCurve$1.class
   JD: libs/bcprov-jdk15on.jar/org/bouncycastle/math/ec/ECCurve$AbstractF2m.class
   JD: libs/bcprov-jdk15on.jar/org/bouncycastle/math/ec/ECCurve$AbstractFp.class
   JD: libs/bcprov-jdk15on.jar/org/bouncycastle/math/ec/ECCurve$F2m$1.class
   JD: libs/bcprov-jdk15on.jar/org/bouncycastle/math/ec/ECCurve$F2m.class
   JD: libs/bcprov-jdk15on.jar/org/bouncycastle/math/ec/ECCurve$Fp.class
   JD: libs/bcprov-jdk15on.jar/org/bouncycastle/math/ec/ECCurve.class
   JD: libs/bcprov-jdk15on.jar/org/bouncycastle/math/ec/ECFieldElement$AbstractF2m.class
   JD: libs/bcprov-jdk15on.jar/org/bouncycastle/math/ec/ECFieldElement$F2m.class
   JD: libs/bcprov-jdk15on.jar/org/bouncycastle/math/ec/ECLookupTable.class
   JD: libs/bcprov-jdk15on.jar/org/bouncycastle/math/ec/ECPoint$AbstractF2m.class
   JD: libs/bcprov-jdk15on.jar/org/bouncycastle/math/ec/ECPoint$F2m.class
   JD: libs/bcprov-jdk15on.jar/org/bouncycastle/math/ec/ECPoint$Fp.class
   JD: libs/bcprov-jdk15on.jar/org/bouncycastle/math/ec/ECPoint.class
   JD: libs/bcprov-jdk15on.jar/org/bouncycastle/math/ec/GLVMultiplier.class
   JD: libs/bcprov-jdk15on.jar/org/bouncycastle/math/ec/ScaleXNegateYPointMap.class
   JD: libs/bcprov-jdk15on.jar/org/bouncycastle/math/ec/ScaleYNegateXPointMap.class
   JD: libs/bcprov-jdk15on.jar/org/bouncycastle/math/ec/SimpleLookupTable.class
   JD: libs/bcprov-jdk15on.jar/org/bouncycastle/math/ec/WNafL2RMultiplier.class
   JD: libs/bcprov-jdk15on.jar/org/bouncycastle/math/ec/WNafPreCompInfo.class
   JD: libs/bcprov-jdk15on.jar/org/bouncycastle/math/ec/WNafUtil$1.class
   JD: libs/bcprov-jdk15on.jar/org/bouncycastle/math/ec/WNafUtil$2.class
   JD: libs/bcprov-jdk15on.jar/org/bouncycastle/math/ec/WNafUtil$3.class
   JD: libs/bcprov-jdk15on.jar/org/bouncycastle/math/ec/WNafUtil$4.class
   JD: libs/bcprov-jdk15on.jar/org/bouncycastle/math/ec/WNafUtil.class
   JD: libs/bcprov-jdk15on.jar/org/bouncycastle/math/ec/custom/djb/Curve25519$1.class
   JD: libs/bcprov-jdk15on.jar/org/bouncycastle/math/ec/custom/djb/Curve25519.class
   JD: libs/bcprov-jdk15on.jar/org/bouncycastle/math/ec/custom/djb/Curve25519FieldElement.class
   JD: libs/bcprov-jdk15on.jar/org/bouncycastle/math/ec/custom/djb/Curve25519Point.class
   JD: libs/bcprov-jdk15on.jar/org/bouncycastle/math/ec/custom/gm/SM2P256V1Curve$1.class
   JD: libs/bcprov-jdk15on.jar/org/bouncycastle/math/ec/custom/gm/SM2P256V1Curve.class
   JD: libs/bcprov-jdk15on.jar/org/bouncycastle/math/ec/custom/gm/SM2P256V1FieldElement.class
   JD: libs/bcprov-jdk15on.jar/org/bouncycastle/math/ec/custom/gm/SM2P256V1Point.class
   JD: libs/bcprov-jdk15on.jar/org/bouncycastle/math/ec/custom/sec/SecP128R1Curve$1.class
   JD: libs/bcprov-jdk15on.jar/org/bouncycastle/math/ec/custom/sec/SecP128R1Curve.class
   JD: libs/bcprov-jdk15on.jar/org/bouncycastle/math/ec/custom/sec/SecP128R1Field.class
   JD: libs/bcprov-jdk15on.jar/org/bouncycastle/math/ec/custom/sec/SecP128R1FieldElement.class
   JD: libs/bcprov-jdk15on.jar/org/bouncycastle/math/ec/custom/sec/SecP128R1Point.class
   JD: libs/bcprov-jdk15on.jar/org/bouncycastle/math/ec/custom/sec/SecP160K1Curve$1.class
   JD: libs/bcprov-jdk15on.jar/org/bouncycastle/math/ec/custom/sec/SecP160K1Curve.class
   JD: libs/bcprov-jdk15on.jar/org/bouncycastle/math/ec/custom/sec/SecP160K1Point.class
   JD: libs/bcprov-jdk15on.jar/org/bouncycastle/math/ec/custom/sec/SecP160R1Curve$1.class
   JD: libs/bcprov-jdk15on.jar/org/bouncycastle/math/ec/custom/sec/SecP160R1Curve.class
   JD: libs/bcprov-jdk15on.jar/org/bouncycastle/math/ec/custom/sec/SecP160R1FieldElement.class
   JD: libs/bcprov-jdk15on.jar/org/bouncycastle/math/ec/custom/sec/SecP160R1Point.class
   JD: libs/bcprov-jdk15on.jar/org/bouncycastle/math/ec/custom/sec/SecP160R2Curve$1.class
   JD: libs/bcprov-jdk15on.jar/org/bouncycastle/math/ec/custom/sec/SecP160R2Curve.class
   JD: libs/bcprov-jdk15on.jar/org/bouncycastle/math/ec/custom/sec/SecP160R2FieldElement.class
   JD: libs/bcprov-jdk15on.jar/org/bouncycastle/math/ec/custom/sec/SecP160R2Point.class
   JD: libs/bcprov-jdk15on.jar/org/bouncycastle/math/ec/custom/sec/SecP192K1Curve$1.class
   JD: libs/bcprov-jdk15on.jar/org/bouncycastle/math/ec/custom/sec/SecP192K1Curve.class
   JD: libs/bcprov-jdk15on.jar/org/bouncycastle/math/ec/custom/sec/SecP192K1FieldElement.class
   JD: libs/bcprov-jdk15on.jar/org/bouncycastle/math/ec/custom/sec/SecP192K1Point.class
   JD: libs/bcprov-jdk15on.jar/org/bouncycastle/math/ec/custom/sec/SecP192R1Curve$1.class
   JD: libs/bcprov-jdk15on.jar/org/bouncycastle/math/ec/custom/sec/SecP192R1Curve.class
   JD: libs/bcprov-jdk15on.jar/org/bouncycastle/math/ec/custom/sec/SecP192R1FieldElement.class
   JD: libs/bcprov-jdk15on.jar/org/bouncycastle/math/ec/custom/sec/SecP192R1Point.class
   JD: libs/bcprov-jdk15on.jar/org/bouncycastle/math/ec/custom/sec/SecP224K1Curve$1.class
   JD: libs/bcprov-jdk15on.jar/org/bouncycastle/math/ec/custom/sec/SecP224K1Curve.class
   JD: libs/bcprov-jdk15on.jar/org/bouncycastle/math/ec/custom/sec/SecP224K1FieldElement.class
   JD: libs/bcprov-jdk15on.jar/org/bouncycastle/math/ec/custom/sec/SecP224K1Point.class
   JD: libs/bcprov-jdk15on.jar/org/bouncycastle/math/ec/custom/sec/SecP224R1Curve$1.class
   JD: libs/bcprov-jdk15on.jar/org/bouncycastle/math/ec/custom/sec/SecP224R1Curve.class
   JD: libs/bcprov-jdk15on.jar/org/bouncycastle/math/ec/custom/sec/SecP224R1FieldElement.class
   JD: libs/bcprov-jdk15on.jar/org/bouncycastle/math/ec/custom/sec/SecP224R1Point.class
   JD: libs/bcprov-jdk15on.jar/org/bouncycastle/math/ec/custom/sec/SecP256K1Curve$1.class
   JD: libs/bcprov-jdk15on.jar/org/bouncycastle/math/ec/custom/sec/SecP256K1Curve.class
   JD: libs/bcprov-jdk15on.jar/org/bouncycastle/math/ec/custom/sec/SecP256K1FieldElement.class
   JD: libs/bcprov-jdk15on.jar/org/bouncycastle/math/ec/custom/sec/SecP256K1Point.class
   JD: libs/bcprov-jdk15on.jar/org/bouncycastle/math/ec/custom/sec/SecP256R1Curve$1.class
   JD: libs/bcprov-jdk15on.jar/org/bouncycastle/math/ec/custom/sec/SecP256R1Curve.class
   JD: libs/bcprov-jdk15on.jar/org/bouncycastle/math/ec/custom/sec/SecP256R1FieldElement.class
   JD: libs/bcprov-jdk15on.jar/org/bouncycastle/math/ec/custom/sec/SecP256R1Point.class
   JD: libs/bcprov-jdk15on.jar/org/bouncycastle/math/ec/custom/sec/SecP384R1Curve$1.class
   JD: libs/bcprov-jdk15on.jar/org/bouncycastle/math/ec/custom/sec/SecP384R1Curve.class
   JD: libs/bcprov-jdk15on.jar/org/bouncycastle/math/ec/custom/sec/SecP384R1FieldElement.class
   JD: libs/bcprov-jdk15on.jar/org/bouncycastle/math/ec/custom/sec/SecP384R1Point.class
   JD: libs/bcprov-jdk15on.jar/org/bouncycastle/math/ec/custom/sec/SecP521R1Curve$1.class
   JD: libs/bcprov-jdk15on.jar/org/bouncycastle/math/ec/custom/sec/SecP521R1Curve.class
   JD: libs/bcprov-jdk15on.jar/org/bouncycastle/math/ec/custom/sec/SecP521R1FieldElement.class
   JD: libs/bcprov-jdk15on.jar/org/bouncycastle/math/ec/custom/sec/SecP521R1Point.class
   JD: libs/bcprov-jdk15on.jar/org/bouncycastle/math/ec/custom/sec/SecT113Field.class
   JD: libs/bcprov-jdk15on.jar/org/bouncycastle/math/ec/custom/sec/SecT113FieldElement.class
   JD: libs/bcprov-jdk15on.jar/org/bouncycastle/math/ec/custom/sec/SecT113R1Curve$1.class
   JD: libs/bcprov-jdk15on.jar/org/bouncycastle/math/ec/custom/sec/SecT113R1Curve.class
   JD: libs/bcprov-jdk15on.jar/org/bouncycastle/math/ec/custom/sec/SecT113R1Point.class
   JD: libs/bcprov-jdk15on.jar/org/bouncycastle/math/ec/custom/sec/SecT113R2Curve$1.class
   JD: libs/bcprov-jdk15on.jar/org/bouncycastle/math/ec/custom/sec/SecT113R2Curve.class
   JD: libs/bcprov-jdk15on.jar/org/bouncycastle/math/ec/custom/sec/SecT113R2Point.class
   JD: libs/bcprov-jdk15on.jar/org/bouncycastle/math/ec/custom/sec/SecT131Field.class
   JD: libs/bcprov-jdk15on.jar/org/bouncycastle/math/ec/custom/sec/SecT131FieldElement.class
   JD: libs/bcprov-jdk15on.jar/org/bouncycastle/math/ec/custom/sec/SecT131R1Curve$1.class
   JD: libs/bcprov-jdk15on.jar/org/bouncycastle/math/ec/custom/sec/SecT131R1Curve.class
   JD: libs/bcprov-jdk15on.jar/org/bouncycastle/math/ec/custom/sec/SecT131R1Point.class
   JD: libs/bcprov-jdk15on.jar/org/bouncycastle/math/ec/custom/sec/SecT131R2Curve$1.class
   JD: libs/bcprov-jdk15on.jar/org/bouncycastle/math/ec/custom/sec/SecT131R2Curve.class
   JD: libs/bcprov-jdk15on.jar/org/bouncycastle/math/ec/custom/sec/SecT131R2Point.class
   JD: libs/bcprov-jdk15on.jar/org/bouncycastle/math/ec/custom/sec/SecT163Field.class
   JD: libs/bcprov-jdk15on.jar/org/bouncycastle/math/ec/custom/sec/SecT163FieldElement.class
   JD: libs/bcprov-jdk15on.jar/org/bouncycastle/math/ec/custom/sec/SecT163K1Curve$1.class
   JD: libs/bcprov-jdk15on.jar/org/bouncycastle/math/ec/custom/sec/SecT163K1Curve.class
   JD: libs/bcprov-jdk15on.jar/org/bouncycastle/math/ec/custom/sec/SecT163K1Point.class
   JD: libs/bcprov-jdk15on.jar/org/bouncycastle/math/ec/custom/sec/SecT163R1Curve$1.class
   JD: libs/bcprov-jdk15on.jar/org/bouncycastle/math/ec/custom/sec/SecT163R1Curve.class
   JD: libs/bcprov-jdk15on.jar/org/bouncycastle/math/ec/custom/sec/SecT163R1Point.class
   JD: libs/bcprov-jdk15on.jar/org/bouncycastle/math/ec/custom/sec/SecT163R2Curve$1.class
   JD: libs/bcprov-jdk15on.jar/org/bouncycastle/math/ec/custom/sec/SecT163R2Curve.class
   JD: libs/bcprov-jdk15on.jar/org/bouncycastle/math/ec/custom/sec/SecT163R2Point.class
   JD: libs/bcprov-jdk15on.jar/org/bouncycastle/math/ec/custom/sec/SecT193Field.class
   JD: libs/bcprov-jdk15on.jar/org/bouncycastle/math/ec/custom/sec/SecT193FieldElement.class
   JD: libs/bcprov-jdk15on.jar/org/bouncycastle/math/ec/custom/sec/SecT193R1Curve$1.class
   JD: libs/bcprov-jdk15on.jar/org/bouncycastle/math/ec/custom/sec/SecT193R1Curve.class
   JD: libs/bcprov-jdk15on.jar/org/bouncycastle/math/ec/custom/sec/SecT193R1Point.class
   JD: libs/bcprov-jdk15on.jar/org/bouncycastle/math/ec/custom/sec/SecT193R2Curve$1.class
   JD: libs/bcprov-jdk15on.jar/org/bouncycastle/math/ec/custom/sec/SecT193R2Curve.class
   JD: libs/bcprov-jdk15on.jar/org/bouncycastle/math/ec/custom/sec/SecT193R2Point.class
   JD: libs/bcprov-jdk15on.jar/org/bouncycastle/math/ec/custom/sec/SecT233Field.class
   JD: libs/bcprov-jdk15on.jar/org/bouncycastle/math/ec/custom/sec/SecT233FieldElement.class
   JD: libs/bcprov-jdk15on.jar/org/bouncycastle/math/ec/custom/sec/SecT233K1Curve$1.class
   JD: libs/bcprov-jdk15on.jar/org/bouncycastle/math/ec/custom/sec/SecT233K1Curve.class
   JD: libs/bcprov-jdk15on.jar/org/bouncycastle/math/ec/custom/sec/SecT233K1Point.class
   JD: libs/bcprov-jdk15on.jar/org/bouncycastle/math/ec/custom/sec/SecT233R1Curve$1.class
   JD: libs/bcprov-jdk15on.jar/org/bouncycastle/math/ec/custom/sec/SecT233R1Curve.class
   JD: libs/bcprov-jdk15on.jar/org/bouncycastle/math/ec/custom/sec/SecT233R1Point.class
   JD: libs/bcprov-jdk15on.jar/org/bouncycastle/math/ec/custom/sec/SecT239Field.class
   JD: libs/bcprov-jdk15on.jar/org/bouncycastle/math/ec/custom/sec/SecT239FieldElement.class
   JD: libs/bcprov-jdk15on.jar/org/bouncycastle/math/ec/custom/sec/SecT239K1Curve$1.class
   JD: libs/bcprov-jdk15on.jar/org/bouncycastle/math/ec/custom/sec/SecT239K1Curve.class
   JD: libs/bcprov-jdk15on.jar/org/bouncycastle/math/ec/custom/sec/SecT239K1Point.class
   JD: libs/bcprov-jdk15on.jar/org/bouncycastle/math/ec/custom/sec/SecT283Field.class
   JD: libs/bcprov-jdk15on.jar/org/bouncycastle/math/ec/custom/sec/SecT283FieldElement.class
   JD: libs/bcprov-jdk15on.jar/org/bouncycastle/math/ec/custom/sec/SecT283K1Curve$1.class
   JD: libs/bcprov-jdk15on.jar/org/bouncycastle/math/ec/custom/sec/SecT283K1Curve.class
   JD: libs/bcprov-jdk15on.jar/org/bouncycastle/math/ec/custom/sec/SecT283K1Point.class
   JD: libs/bcprov-jdk15on.jar/org/bouncycastle/math/ec/custom/sec/SecT283R1Curve$1.class
   JD: libs/bcprov-jdk15on.jar/org/bouncycastle/math/ec/custom/sec/SecT283R1Curve.class
   JD: libs/bcprov-jdk15on.jar/org/bouncycastle/math/ec/custom/sec/SecT283R1Point.class
   JD: libs/bcprov-jdk15on.jar/org/bouncycastle/math/ec/custom/sec/SecT409Field.class
   JD: libs/bcprov-jdk15on.jar/org/bouncycastle/math/ec/custom/sec/SecT409FieldElement.class
   JD: libs/bcprov-jdk15on.jar/org/bouncycastle/math/ec/custom/sec/SecT409K1Curve$1.class
   JD: libs/bcprov-jdk15on.jar/org/bouncycastle/math/ec/custom/sec/SecT409K1Curve.class
   JD: libs/bcprov-jdk15on.jar/org/bouncycastle/math/ec/custom/sec/SecT409K1Point.class
   JD: libs/bcprov-jdk15on.jar/org/bouncycastle/math/ec/custom/sec/SecT409R1Curve$1.class
   JD: libs/bcprov-jdk15on.jar/org/bouncycastle/math/ec/custom/sec/SecT409R1Curve.class
   JD: libs/bcprov-jdk15on.jar/org/bouncycastle/math/ec/custom/sec/SecT409R1Point.class
   JD: libs/bcprov-jdk15on.jar/org/bouncycastle/math/ec/custom/sec/SecT571Field.class
   JD: libs/bcprov-jdk15on.jar/org/bouncycastle/math/ec/custom/sec/SecT571FieldElement.class
   JD: libs/bcprov-jdk15on.jar/org/bouncycastle/math/ec/custom/sec/SecT571K1Curve$1.class
   JD: libs/bcprov-jdk15on.jar/org/bouncycastle/math/ec/custom/sec/SecT571K1Curve.class
   JD: libs/bcprov-jdk15on.jar/org/bouncycastle/math/ec/custom/sec/SecT571K1Point.class
   JD: libs/bcprov-jdk15on.jar/org/bouncycastle/math/ec/custom/sec/SecT571R1Curve$1.class
   JD: libs/bcprov-jdk15on.jar/org/bouncycastle/math/ec/custom/sec/SecT571R1Curve.class
   JD: libs/bcprov-jdk15on.jar/org/bouncycastle/math/ec/custom/sec/SecT571R1Point.class
   JD: libs/bcprov-jdk15on.jar/org/bouncycastle/math/ec/endo/EndoPreCompInfo.class
   JD: libs/bcprov-jdk15on.jar/org/bouncycastle/math/ec/endo/EndoUtil$1.class
   JD: libs/bcprov-jdk15on.jar/org/bouncycastle/math/ec/endo/EndoUtil.class
   JD: libs/bcprov-jdk15on.jar/org/bouncycastle/math/ec/endo/GLVTypeAEndomorphism.class
   JD: libs/bcprov-jdk15on.jar/org/bouncycastle/math/ec/endo/GLVTypeAParameters.class
   JD: libs/bcprov-jdk15on.jar/org/bouncycastle/math/ec/endo/GLVTypeBEndomorphism.class
   JD: libs/bcprov-jdk15on.jar/org/bouncycastle/math/ec/endo/GLVTypeBParameters.class
   JD: libs/bcprov-jdk15on.jar/org/bouncycastle/math/ec/endo/ScalarSplitParameters.class
   JD: libs/bcprov-jdk15on.jar/org/bouncycastle/math/ec/rfc7748/X25519Field.class
   JD: libs/bcprov-jdk15on.jar/org/bouncycastle/math/ec/rfc7748/X448Field.class
   JD: libs/bcprov-jdk15on.jar/org/bouncycastle/math/ec/rfc8032/Ed25519$PointAffine.class
   JD: libs/bcprov-jdk15on.jar/org/bouncycastle/math/ec/rfc8032/Ed25519.class
   JD: libs/bcprov-jdk15on.jar/org/bouncycastle/math/ec/rfc8032/Ed448.class
   JD: libs/bcprov-jdk15on.jar/org/bouncycastle/math/ec/tools/DiscoverEndomorphisms.class
   JD: libs/bcprov-jdk15on.jar/org/bouncycastle/math/ec/tools/TraceOptimizer.class
   JD: libs/bcprov-jdk15on.jar/org/bouncycastle/math/raw/Nat.class
   JD: libs/bcprov-jdk15on.jar/org/bouncycastle/math/raw/Nat128.class
   JD: libs/bcprov-jdk15on.jar/org/bouncycastle/math/raw/Nat160.class
   JD: libs/bcprov-jdk15on.jar/org/bouncycastle/math/raw/Nat192.class
   JD: libs/bcprov-jdk15on.jar/org/bouncycastle/math/raw/Nat224.class
   JD: libs/bcprov-jdk15on.jar/org/bouncycastle/math/raw/Nat256.class
   JD: libs/bcprov-jdk15on.jar/org/bouncycastle/pqc/asn1/GMSSPrivateKey.class
   JD: libs/bcprov-jdk15on.jar/org/bouncycastle/pqc/asn1/McElieceCCA2PrivateKey.class
   JD: libs/bcprov-jdk15on.jar/org/bouncycastle/pqc/asn1/McElieceCCA2PublicKey.class
   JD: libs/bcprov-jdk15on.jar/org/bouncycastle/pqc/asn1/McEliecePrivateKey.class
   JD: libs/bcprov-jdk15on.jar/org/bouncycastle/pqc/asn1/McEliecePublicKey.class
   JD: libs/bcprov-jdk15on.jar/org/bouncycastle/pqc/asn1/PQCObjectIdentifiers.class
   JD: libs/bcprov-jdk15on.jar/org/bouncycastle/pqc/asn1/ParSet.class
   JD: libs/bcprov-jdk15on.jar/org/bouncycastle/pqc/asn1/RainbowPublicKey.class
   JD: libs/bcprov-jdk15on.jar/org/bouncycastle/pqc/asn1/XMSSKeyParams.class
   JD: libs/bcprov-jdk15on.jar/org/bouncycastle/pqc/asn1/XMSSMTKeyParams.class
   JD: libs/bcprov-jdk15on.jar/org/bouncycastle/pqc/asn1/XMSSMTPrivateKey.class
   JD: libs/bcprov-jdk15on.jar/org/bouncycastle/pqc/asn1/XMSSMTPublicKey.class
   JD: libs/bcprov-jdk15on.jar/org/bouncycastle/pqc/asn1/XMSSPrivateKey.class
   JD: libs/bcprov-jdk15on.jar/org/bouncycastle/pqc/asn1/XMSSPublicKey.class
   JD: libs/bcprov-jdk15on.jar/org/bouncycastle/pqc/crypto/qtesla/CommonFunction.class.removed
   JD: libs/bcprov-jdk15on.jar/org/bouncycastle/pqc/crypto/qtesla/Const.class.removed
   JD: libs/bcprov-jdk15on.jar/org/bouncycastle/pqc/crypto/qtesla/HashUtils.class
   JD: libs/bcprov-jdk15on.jar/org/bouncycastle/pqc/crypto/qtesla/IntSlicer.class
   JD: libs/bcprov-jdk15on.jar/org/bouncycastle/pqc/crypto/qtesla/Pack.class.removed
   JD: libs/bcprov-jdk15on.jar/org/bouncycastle/pqc/crypto/qtesla/Parameter.class.removed
   JD: libs/bcprov-jdk15on.jar/org/bouncycastle/pqc/crypto/qtesla/Polynomial.class.removed
   JD: libs/bcprov-jdk15on.jar/org/bouncycastle/pqc/crypto/qtesla/PolynomialHeuristic.class.removed
   JD: libs/bcprov-jdk15on.jar/org/bouncycastle/pqc/crypto/qtesla/PolynomialProvablySecure.class.removed
   JD: libs/bcprov-jdk15on.jar/org/bouncycastle/pqc/crypto/qtesla/QTESLA.class.removed
   JD: libs/bcprov-jdk15on.jar/org/bouncycastle/pqc/crypto/qtesla/QTESLAKeyPairGenerator.class
   JD: libs/bcprov-jdk15on.jar/org/bouncycastle/pqc/crypto/qtesla/QTESLASecurityCategory.class
   JD: libs/bcprov-jdk15on.jar/org/bouncycastle/pqc/crypto/qtesla/QTESLASigner.class
   JD: libs/bcprov-jdk15on.jar/org/bouncycastle/pqc/crypto/qtesla/QTesla1p$Gaussian.class
   JD: libs/bcprov-jdk15on.jar/org/bouncycastle/pqc/crypto/qtesla/QTesla1p$QTesla1PPolynomial.class
   JD: libs/bcprov-jdk15on.jar/org/bouncycastle/pqc/crypto/qtesla/QTesla1p.class
   JD: libs/bcprov-jdk15on.jar/org/bouncycastle/pqc/crypto/qtesla/QTesla3p$Gaussian.class
   JD: libs/bcprov-jdk15on.jar/org/bouncycastle/pqc/crypto/qtesla/QTesla3p$QTesla3PPolynomial.class
   JD: libs/bcprov-jdk15on.jar/org/bouncycastle/pqc/crypto/qtesla/QTesla3p.class
   JD: libs/bcprov-jdk15on.jar/org/bouncycastle/pqc/crypto/qtesla/QTeslaKeyEncodingTests.class
   JD: libs/bcprov-jdk15on.jar/org/bouncycastle/pqc/crypto/qtesla/Sample.class.removed
   JD: libs/bcprov-jdk15on.jar/org/bouncycastle/pqc/crypto/qteslarnd1/
   JD: libs/bcprov-jdk15on.jar/org/bouncycastle/pqc/crypto/qteslarnd1/CommonFunction.class
   JD: libs/bcprov-jdk15on.jar/org/bouncycastle/pqc/crypto/qteslarnd1/Const.class
   JD: libs/bcprov-jdk15on.jar/org/bouncycastle/pqc/crypto/qteslarnd1/HashUtils.class
   JD: libs/bcprov-jdk15on.jar/org/bouncycastle/pqc/crypto/qteslarnd1/Pack.class
   JD: libs/bcprov-jdk15on.jar/org/bouncycastle/pqc/crypto/qteslarnd1/Parameter.class
   JD: libs/bcprov-jdk15on.jar/org/bouncycastle/pqc/crypto/qteslarnd1/Polynomial.class
   JD: libs/bcprov-jdk15on.jar/org/bouncycastle/pqc/crypto/qteslarnd1/PolynomialHeuristic.class
   JD: libs/bcprov-jdk15on.jar/org/bouncycastle/pqc/crypto/qteslarnd1/PolynomialProvablySecure.class
   JD: libs/bcprov-jdk15on.jar/org/bouncycastle/pqc/crypto/qteslarnd1/QTESLA.class
   JD: libs/bcprov-jdk15on.jar/org/bouncycastle/pqc/crypto/qteslarnd1/QTESLAKeyGenerationParameters.class
   JD: libs/bcprov-jdk15on.jar/org/bouncycastle/pqc/crypto/qteslarnd1/QTESLAKeyPairGenerator.class
   JD: libs/bcprov-jdk15on.jar/org/bouncycastle/pqc/crypto/qteslarnd1/QTESLAPrivateKeyParameters.class
   JD: libs/bcprov-jdk15on.jar/org/bouncycastle/pqc/crypto/qteslarnd1/QTESLAPublicKeyParameters.class
   JD: libs/bcprov-jdk15on.jar/org/bouncycastle/pqc/crypto/qteslarnd1/QTESLASecurityCategory.class
   JD: libs/bcprov-jdk15on.jar/org/bouncycastle/pqc/crypto/qteslarnd1/QTESLASigner.class
   JD: libs/bcprov-jdk15on.jar/org/bouncycastle/pqc/crypto/qteslarnd1/Sample.class
   JD: libs/bcprov-jdk15on.jar/org/bouncycastle/pqc/crypto/util/PrivateKeyFactory.class
   JD: libs/bcprov-jdk15on.jar/org/bouncycastle/pqc/crypto/util/PrivateKeyInfoFactory.class
   JD: libs/bcprov-jdk15on.jar/org/bouncycastle/pqc/crypto/util/PublicKeyFactory.class
   JD: libs/bcprov-jdk15on.jar/org/bouncycastle/pqc/crypto/util/Utils.class
   JD: libs/bcprov-jdk15on.jar/org/bouncycastle/pqc/crypto/xmss/BDS.class
   JD: libs/bcprov-jdk15on.jar/org/bouncycastle/pqc/crypto/xmss/BDSStateMap.class
   JD: libs/bcprov-jdk15on.jar/org/bouncycastle/pqc/crypto/xmss/BDSTreeHash.class
   JD: libs/bcprov-jdk15on.jar/org/bouncycastle/pqc/crypto/xmss/DefaultXMSSMTOid.class
   JD: libs/bcprov-jdk15on.jar/org/bouncycastle/pqc/crypto/xmss/DefaultXMSSOid.class
   JD: libs/bcprov-jdk15on.jar/org/bouncycastle/pqc/crypto/xmss/DigestUtil.class
   JD: libs/bcprov-jdk15on.jar/org/bouncycastle/pqc/crypto/xmss/KeyedHashFunctions.class
   JD: libs/bcprov-jdk15on.jar/org/bouncycastle/pqc/crypto/xmss/WOTSPlus.class
   JD: libs/bcprov-jdk15on.jar/org/bouncycastle/pqc/crypto/xmss/WOTSPlusParameters.class
   JD: libs/bcprov-jdk15on.jar/org/bouncycastle/pqc/crypto/xmss/WOTSPlusPrivateKeyParameters.class
   JD: libs/bcprov-jdk15on.jar/org/bouncycastle/pqc/crypto/xmss/WOTSPlusPublicKeyParameters.class
   JD: libs/bcprov-jdk15on.jar/org/bouncycastle/pqc/crypto/xmss/WOTSPlusSignature.class
   JD: libs/bcprov-jdk15on.jar/org/bouncycastle/pqc/crypto/xmss/XMSS.class
   JD: libs/bcprov-jdk15on.jar/org/bouncycastle/pqc/crypto/xmss/XMSSKeyPairGenerator.class
   JD: libs/bcprov-jdk15on.jar/org/bouncycastle/pqc/crypto/xmss/XMSSMT.class
   JD: libs/bcprov-jdk15on.jar/org/bouncycastle/pqc/crypto/xmss/XMSSMTKeyPairGenerator.class
   JD: libs/bcprov-jdk15on.jar/org/bouncycastle/pqc/crypto/xmss/XMSSMTParameters.class
   JD: libs/bcprov-jdk15on.jar/org/bouncycastle/pqc/crypto/xmss/XMSSMTPrivateKeyParameters$Builder.class
   JD: libs/bcprov-jdk15on.jar/org/bouncycastle/pqc/crypto/xmss/XMSSMTPrivateKeyParameters.class
   JD: libs/bcprov-jdk15on.jar/org/bouncycastle/pqc/crypto/xmss/XMSSMTPublicKeyParameters.class
   JD: libs/bcprov-jdk15on.jar/org/bouncycastle/pqc/crypto/xmss/XMSSMTSignature.class
   JD: libs/bcprov-jdk15on.jar/org/bouncycastle/pqc/crypto/xmss/XMSSMTSigner.class
   JD: libs/bcprov-jdk15on.jar/org/bouncycastle/pqc/crypto/xmss/XMSSNode.class
   JD: libs/bcprov-jdk15on.jar/org/bouncycastle/pqc/crypto/xmss/XMSSNodeUtil.class
   JD: libs/bcprov-jdk15on.jar/org/bouncycastle/pqc/crypto/xmss/XMSSParameters.class
   JD: libs/bcprov-jdk15on.jar/org/bouncycastle/pqc/crypto/xmss/XMSSPrivateKeyParameters$Builder.class
   JD: libs/bcprov-jdk15on.jar/org/bouncycastle/pqc/crypto/xmss/XMSSPrivateKeyParameters.class
   JD: libs/bcprov-jdk15on.jar/org/bouncycastle/pqc/crypto/xmss/XMSSPublicKeyParameters.class
   JD: libs/bcprov-jdk15on.jar/org/bouncycastle/pqc/crypto/xmss/XMSSReducedSignature.class
   JD: libs/bcprov-jdk15on.jar/org/bouncycastle/pqc/crypto/xmss/XMSSSignature$Builder.class
   JD: libs/bcprov-jdk15on.jar/org/bouncycastle/pqc/crypto/xmss/XMSSSignature.class
   JD: libs/bcprov-jdk15on.jar/org/bouncycastle/pqc/crypto/xmss/XMSSSigner.class
   JD: libs/bcprov-jdk15on.jar/org/bouncycastle/pqc/crypto/xmss/XMSSStoreableObjectInterface.class
   JD: libs/bcprov-jdk15on.jar/org/bouncycastle/pqc/crypto/xmss/XMSSVerifierUtil.class
   JD: libs/bcprov-jdk15on.jar/org/bouncycastle/pqc/jcajce/interfaces/StateAwareSignature.class
   JD: libs/bcprov-jdk15on.jar/org/bouncycastle/pqc/jcajce/interfaces/XMSSMTPrivateKey.class
   JD: libs/bcprov-jdk15on.jar/org/bouncycastle/pqc/jcajce/interfaces/XMSSPrivateKey.class
   JD: libs/bcprov-jdk15on.jar/org/bouncycastle/pqc/jcajce/provider/BouncyCastlePQCProvider.class
   JD: libs/bcprov-jdk15on.jar/org/bouncycastle/pqc/jcajce/provider/QTESLA$Mappings.class
   JD: libs/bcprov-jdk15on.jar/org/bouncycastle/pqc/jcajce/provider/mceliece/McElieceCCA2KeyFactorySpi.class
   JD: libs/bcprov-jdk15on.jar/org/bouncycastle/pqc/jcajce/provider/mceliece/McElieceKeyFactorySpi.class
   JD: libs/bcprov-jdk15on.jar/org/bouncycastle/pqc/jcajce/provider/mceliece/Utils.class
   JD: libs/bcprov-jdk15on.jar/org/bouncycastle/pqc/jcajce/provider/qtesla/DigestUtil.class
   JD: libs/bcprov-jdk15on.jar/org/bouncycastle/pqc/jcajce/provider/qtesla/KeyPairGeneratorSpi.class
   JD: libs/bcprov-jdk15on.jar/org/bouncycastle/pqc/jcajce/provider/qtesla/SignatureSpi$HeuristicI.class.removed
   JD: libs/bcprov-jdk15on.jar/org/bouncycastle/pqc/jcajce/provider/qtesla/SignatureSpi$HeuristicIIISize.class.removed
   JD: libs/bcprov-jdk15on.jar/org/bouncycastle/pqc/jcajce/provider/qtesla/SignatureSpi$HeuristicIIISpeed.class.removed
   JD: libs/bcprov-jdk15on.jar/org/bouncycastle/pqc/jcajce/provider/qtesla/SignatureSpi$PI.class
   JD: libs/bcprov-jdk15on.jar/org/bouncycastle/pqc/jcajce/provider/qtesla/SignatureSpi$PIII.class
   JD: libs/bcprov-jdk15on.jar/org/bouncycastle/pqc/jcajce/provider/qtesla/SignatureSpi$ProvablySecureI.class.removed
   JD: libs/bcprov-jdk15on.jar/org/bouncycastle/pqc/jcajce/provider/qtesla/SignatureSpi$ProvablySecureIII.class.removed
   JD: libs/bcprov-jdk15on.jar/org/bouncycastle/pqc/jcajce/provider/qtesla/SignatureSpi.class
   JD: libs/bcprov-jdk15on.jar/org/bouncycastle/pqc/jcajce/provider/sphincs/BCSphincs256PrivateKey.class
   JD: libs/bcprov-jdk15on.jar/org/bouncycastle/pqc/jcajce/provider/sphincs/BCSphincs256PublicKey.class
   JD: libs/bcprov-jdk15on.jar/org/bouncycastle/pqc/jcajce/provider/sphincs/SignatureSpi.class
   JD: libs/bcprov-jdk15on.jar/org/bouncycastle/pqc/jcajce/provider/xmss/BCXMSSMTPrivateKey.class
   JD: libs/bcprov-jdk15on.jar/org/bouncycastle/pqc/jcajce/provider/xmss/BCXMSSMTPublicKey.class
   JD: libs/bcprov-jdk15on.jar/org/bouncycastle/pqc/jcajce/provider/xmss/BCXMSSPrivateKey.class
   JD: libs/bcprov-jdk15on.jar/org/bouncycastle/pqc/jcajce/provider/xmss/BCXMSSPublicKey.class
   JD: libs/bcprov-jdk15on.jar/org/bouncycastle/pqc/jcajce/provider/xmss/DigestUtil.class
   JD: libs/bcprov-jdk15on.jar/org/bouncycastle/pqc/jcajce/provider/xmss/XMSSMTSignatureSpi.class
   JD: libs/bcprov-jdk15on.jar/org/bouncycastle/pqc/jcajce/provider/xmss/XMSSSignatureSpi.class
   JD: libs/bcprov-jdk15on.jar/org/bouncycastle/pqc/jcajce/spec/QTESLAParameterSpec.class
   JD: libs/bcprov-jdk15on.jar/org/bouncycastle/util/Arrays.class
   JD: libs/bcprov-jdk15on.jar/org/bouncycastle/util/BigIntegers.class
   JD: libs/bcprov-jdk15on.jar/org/bouncycastle/util/Integers.class
   JD: libs/bcprov-jdk15on.jar/org/bouncycastle/util/Longs.class
   JD: libs/bcprov-jdk15on.jar/org/bouncycastle/util/Objects.class
   JD: libs/bcprov-jdk15on.jar/org/bouncycastle/util/Properties$1.class
   JD: libs/bcprov-jdk15on.jar/org/bouncycastle/util/Properties.class
   JD: libs/bcprov-jdk15on.jar/org/bouncycastle/util/encoders/Hex.class
   JD: libs/bcprov-jdk15on.jar/org/bouncycastle/util/encoders/HexEncoder.class
   JD: libs/bcprov-jdk15on.jar/org/bouncycastle/util/io/pem/PemReader.class
   JD: libs/bcprov-jdk15on.jar/org/bouncycastle/util/test/SimpleTest.class
   JD: libs/bcprov-jdk15on.jar/org/bouncycastle/x509/AttributeCertificateHolder.class
   JD: libs/bcprov-jdk15on.jar/org/bouncycastle/x509/AttributeCertificateIssuer.class
   JD: libs/bcprov-jdk15on.jar/org/bouncycastle/x509/CertPathValidatorUtilities.class
   JD: libs/bcprov-jdk15on.jar/org/bouncycastle/x509/PKIXCertPathReviewer.class
   JD: libs/bcprov-jdk15on.jar/org/bouncycastle/x509/X509V2AttributeCertificate.class
   JD: libs/cons.jar/META-INF/MANIFEST.MF
   JD: libs/cons.jar/org/jdownloader/container/AMZ.class
   JD: libs/cons.jar/org/jdownloader/container/C.class
   JD: libs/cons.jar/org/jdownloader/container/Config$1$1.class
   JD: libs/cons.jar/org/jdownloader/container/Config$1.class
   JD: libs/cons.jar/org/jdownloader/container/Config.class
   JD: libs/cons.jar/org/jdownloader/container/D.class
   JD: libs/cons.jar/org/jdownloader/container/JD1Import$1.class.removed
   JD: libs/cons.jar/org/jdownloader/container/JD1Import.class.removed
   JD: libs/cons.jar/org/jdownloader/container/JD2AccountsImport$1.class
   JD: libs/cons.jar/org/jdownloader/container/JD2AccountsImport.class
   JD: libs/cons.jar/org/jdownloader/container/JD2Import$1.class
   JD: libs/cons.jar/org/jdownloader/container/JD2Import$2.class
   JD: libs/cons.jar/org/jdownloader/container/JD2Import$3.class
   JD: libs/cons.jar/org/jdownloader/container/JD2Import$4.class
   JD: libs/cons.jar/org/jdownloader/container/JD2Import$5.class
   JD: libs/cons.jar/org/jdownloader/container/JD2Import.class
   JD: libs/cons.jar/org/jdownloader/container/MetaLink.class
   JD: libs/cons.jar/org/jdownloader/container/NZB.class
   JD: libs/cons.jar/org/jdownloader/container/R.class
   JD: libs/cons.jar/org/jdownloader/container/SFT.class
   JD: libs/cons.jar/org/jdownloader/container/sft/DelphiFormBinLoader.class
   JD: libs/cons.jar/org/jdownloader/container/sft/DelphiFormEntry.class
   JD: libs/cons.jar/org/jdownloader/container/sft/DelphiFormEntrySet.class
   JD: libs/cons.jar/org/jdownloader/container/sft/FileInfoDialog$1.class
   JD: libs/cons.jar/org/jdownloader/container/sft/FileInfoDialog$2.class
   JD: libs/cons.jar/org/jdownloader/container/sft/FileInfoDialog$3.class
   JD: libs/cons.jar/org/jdownloader/container/sft/FileInfoDialog.class
   JD: libs/cons.jar/org/jdownloader/container/sft/sftBinary.class
   JD: libs/laf/syntheticaJDCustom.jar/META-INF/MANIFEST.MF
   JD: libs/laf/syntheticaJDCustom.jar/org/jdownloader/gui/laf/jddefault/CustomProgressbarPainter$1.class
   JD: libs/laf/syntheticaJDCustom.jar/org/jdownloader/gui/laf/jddefault/CustomProgressbarPainter.class
   JD: libs/laf/syntheticaJDCustom.jar/org/jdownloader/gui/laf/jddefault/JDDefaultLookAndFeel.class
   jd/captcha/methods/bmbmp3cm.removed
   jd/captcha/methods/crflcm.removed
   jd/captcha/methods/flshren.removed
   jd/captcha/methods/lnkfl.removed
   jd/captcha/methods/lxn.removed
   jd/captcha/methods/mgshrs2.removed
   jd/captcha/methods/mvwrldnt.removed
   jd/captcha/methods/ntldn.removed
   jd/captcha/methods/pldcm.removed
   jd/captcha/methods/rpdgcm.removed
   jd/captcha/methods/rpdlbrr.removed
   jd/captcha/methods/spldnt.removed
   libs/Dynamics.jar
   libs/JAntiCaptcha.jar
   libs/JDGUI.jar
   libs/JDHttp.jar
   libs/JDUtils.jar
   libs/bcprov-jdk15on.jar
   libs/cons.jar
   libs/laf/syntheticaJDCustom.jar
   licenses/bcprov-jdk15on.jar.info
   licenses/sqljet.jar.info
   licenses/svnkit.jar.info
   themes/standard/org/jdownloader/images/beer.png
   themes/standard/org/jdownloader/images/beer.png.license
