Sat Aug 01 22:54:06 CST 2020
Package: package_1596293633851.awf
Install
Write Revision: 14100
----------------Plugins----------------
   jd/plugins/decrypter/AdfLy.class
   jd/plugins/decrypter/AhMeComGallery.class
   jd/plugins/decrypter/AkatsukiSubsNet.class.removed
   jd/plugins/decrypter/AmateurDumperCom.class
   jd/plugins/decrypter/AparatCom.class
   jd/plugins/decrypter/ArchiveOrg.class
   jd/plugins/decrypter/Ardmediathek.class
   jd/plugins/decrypter/ArdmediathekEmbed.class
   jd/plugins/decrypter/ArtistArtstationCom.class
   jd/plugins/decrypter/ArtstationCom.class
   jd/plugins/decrypter/BadJoJoComDecrypter.class
   jd/plugins/decrypter/BandCampComDecrypter.class
   jd/plugins/decrypter/BlogJav4YouCom.class
   jd/plugins/decrypter/BonBonmeCom.class.removed
   jd/plugins/decrypter/CouchTuner.class
   jd/plugins/decrypter/DdownloadComCrawler.class
   jd/plugins/decrypter/DecrypterForRedirectServicesWithoutDirectRedirects.class
   jd/plugins/decrypter/DegooCom.class
   jd/plugins/decrypter/DeluxemusicTvPlaylist.class
   jd/plugins/decrypter/DonkPartyCom.class
   jd/plugins/decrypter/DreamAmateursCom.class
   jd/plugins/decrypter/EmoHottiesComDecrypter.class.removed
   jd/plugins/decrypter/EroTikCom.class.removed
   jd/plugins/decrypter/FcLc$1.class
   jd/plugins/decrypter/FcLc$2.class
   jd/plugins/decrypter/FcLc$CaptchaType.class
   jd/plugins/decrypter/FcLc.class
   jd/plugins/decrypter/FileAlFolder.class
   jd/plugins/decrypter/FilesFmFolder.class
   jd/plugins/decrypter/FilesMonsterDecrypter.class
   jd/plugins/decrypter/FrVwMvCm.class.removed
   jd/plugins/decrypter/FreeViewMoviesComCrawler.class
   jd/plugins/decrypter/GeneralMultiuploadDecrypter$1.class
   jd/plugins/decrypter/GeneralMultiuploadDecrypter.class
   jd/plugins/decrypter/GenericBase64Decrypter.class
   jd/plugins/decrypter/GenericRedirectors.class
   jd/plugins/decrypter/GenericYetiShareFolder.class
   jd/plugins/decrypter/GldSlTo.class
   jd/plugins/decrypter/GoogleDriveDirectoryIndex.class
   jd/plugins/decrypter/HighpornNet.class
   jd/plugins/decrypter/HomemadeVoyeurCom.class
   jd/plugins/decrypter/ImageVenueComGallery.class
   jd/plugins/decrypter/ImgurComGallery.class
   jd/plugins/decrypter/InstaGramComDecrypter.class
   jd/plugins/decrypter/JavCL.class
   jd/plugins/decrypter/KamababaComCrawler.class
   jd/plugins/decrypter/Keep2ShareCcDecrypter.class
   jd/plugins/decrypter/MagentaMusik360.class
   jd/plugins/decrypter/MightyScriptAdLinkFly$1.class
   jd/plugins/decrypter/MightyScriptAdLinkFly$CaptchaType.class
   jd/plugins/decrypter/MightyScriptAdLinkFly.class
   jd/plugins/decrypter/MirroredTo.class
   jd/plugins/decrypter/NaughtyBlgOrg$1.class
   jd/plugins/decrypter/NaughtyBlgOrg.class
   jd/plugins/decrypter/NaughtyamericaCom.class
   jd/plugins/decrypter/NhentaiNet.class
   jd/plugins/decrypter/ORFMediathekDecrypter.class
   jd/plugins/decrypter/PCloudComFolder.class
   jd/plugins/decrypter/PornEmbedParser.class
   jd/plugins/decrypter/PornHubCom.class
   jd/plugins/decrypter/PornRabbitComDecrypter.class
   jd/plugins/decrypter/PornportalComCrawler.class
   jd/plugins/decrypter/PotlockerRe.class.removed
   jd/plugins/decrypter/PremiumizeMeZeveraFolder$1.class
   jd/plugins/decrypter/PremiumizeMeZeveraFolder$2.class
   jd/plugins/decrypter/PremiumizeMeZeveraFolder.class
   jd/plugins/decrypter/PruteklyncsXyz.class
   jd/plugins/decrypter/RedditCom.class
   jd/plugins/decrypter/ScribdCom.class
   jd/plugins/decrypter/SeedrCc.class
   jd/plugins/decrypter/SerienStreamTo$1.class
   jd/plugins/decrypter/SerienStreamTo.class
   jd/plugins/decrypter/ShorteSt.class
   jd/plugins/decrypter/SlrMvCm.class.removed
   jd/plugins/decrypter/SourceForgeNet.class
   jd/plugins/decrypter/SpankBangCom.class
   jd/plugins/decrypter/SrnfnsOrg.class
   jd/plugins/decrypter/TbCmV2$1.class
   jd/plugins/decrypter/TbCmV2$2.class
   jd/plugins/decrypter/TbCmV2$3.class
   jd/plugins/decrypter/TbCmV2$4.class
   jd/plugins/decrypter/TbCmV2$5.class
   jd/plugins/decrypter/TbCmV2$6.class
   jd/plugins/decrypter/TbCmV2$7.class
   jd/plugins/decrypter/TbCmV2$8.class
   jd/plugins/decrypter/TbCmV2.class
   jd/plugins/decrypter/TrLink.class
   jd/plugins/decrypter/TurboBitNetFolder.class
   jd/plugins/decrypter/TwitterCom.class
   jd/plugins/decrypter/UdemyComDecrypter.class
   jd/plugins/decrypter/VKontakteRu.class
   jd/plugins/decrypter/Viet69Net.class
   jd/plugins/decrypter/VimeoComDecrypter$1.class
   jd/plugins/decrypter/VimeoComDecrypter.class
   jd/plugins/decrypter/XvideosComProfile.class
   jd/plugins/hoster/AbcvideoCc.class
   jd/plugins/hoster/AkatsukiSubsNet.class.removed
   jd/plugins/hoster/AkwamOrg.class
   jd/plugins/hoster/AlfafileNet.class
   jd/plugins/hoster/AllDebridCom$4.class
   jd/plugins/hoster/AllDebridCom$AlldebridComConfig$TRANSLATION.class
   jd/plugins/hoster/AllDebridCom$AlldebridComConfig.class
   jd/plugins/hoster/AllDebridCom.class
   jd/plugins/hoster/AlotpornCom.class
   jd/plugins/hoster/AnalacrobatsCom.class
   jd/plugins/hoster/AndroidFileHostCom.class
   jd/plugins/hoster/AniStreamCom.class
   jd/plugins/hoster/AnonFilesCom.class
   jd/plugins/hoster/AparatCam.class
   jd/plugins/hoster/BayFilesCom.class
   jd/plugins/hoster/BbcCom.class
   jd/plugins/hoster/BdsmstreakCom.class
   jd/plugins/hoster/BeamPro.class.removed
   jd/plugins/hoster/BeegCom.class
   jd/plugins/hoster/BefuckCom.class.removed
   jd/plugins/hoster/BezsmsOrg.class
   jd/plugins/hoster/BoyzTubeCom.class
   jd/plugins/hoster/BrfilesCom.class
   jd/plugins/hoster/CamvideosOrg.class.removed
   jd/plugins/hoster/CamwhoresTv.class
   jd/plugins/hoster/CamwhoresbayCom.class
   jd/plugins/hoster/CboxeraCom.class
   jd/plugins/hoster/ChoMikujPl$1.class
   jd/plugins/hoster/ChoMikujPl.class
   jd/plugins/hoster/ClicknuploadOrg.class
   jd/plugins/hoster/CloudMailRu.class
   jd/plugins/hoster/Come2StoreCom.class.removed
   jd/plugins/hoster/CoubCom.class
   jd/plugins/hoster/DataDump$1.class
   jd/plugins/hoster/DataDump$2.class
   jd/plugins/hoster/DataDump.class
   jd/plugins/hoster/DdlTo.class.removed
   jd/plugins/hoster/DdownloadCom.class
   jd/plugins/hoster/DefineBabeCom.class
   jd/plugins/hoster/DegooCom.class
   jd/plugins/hoster/DirectHTTP.class
   jd/plugins/hoster/DlFreeFr.class
   jd/plugins/hoster/DorauploadCom.class
   jd/plugins/hoster/DownsterNet$Hoster.class
   jd/plugins/hoster/DownsterNet.class
   jd/plugins/hoster/DropCanVasCom.class.removed
   jd/plugins/hoster/DropmefilesCom.class
   jd/plugins/hoster/DropmefilesComUa.class
   jd/plugins/hoster/EHentaiOrg.class
   jd/plugins/hoster/Earn4filesCom.class.removed
   jd/plugins/hoster/EasyloadIo.class
   jd/plugins/hoster/EmoHottiesCom.class.removed
   jd/plugins/hoster/EvilAngelCom$1.class
   jd/plugins/hoster/EvilAngelCom$2.class
   jd/plugins/hoster/EvilAngelCom.class
   jd/plugins/hoster/FaceBookComVideos.class
   jd/plugins/hoster/FantasymassageCom.class
   jd/plugins/hoster/FastShareorg.class.removed
   jd/plugins/hoster/File4SafeCom.class
   jd/plugins/hoster/FileFlyerCom.class.removed
   jd/plugins/hoster/FileRioCom.class.removed
   jd/plugins/hoster/FileRioIn.class
   jd/plugins/hoster/FilesMonsterCom.class
   jd/plugins/hoster/FireloadCom.class
   jd/plugins/hoster/FourSharedCom.class
   jd/plugins/hoster/FourfileNet.class
   jd/plugins/hoster/FreeBeatDe.class.removed
   jd/plugins/hoster/FreeViewMoviesCom.class
   jd/plugins/hoster/FuxCom.class
   jd/plugins/hoster/GfyCatCom$1.class
   jd/plugins/hoster/GfyCatCom.class
   jd/plugins/hoster/GigaDownCom.class
   jd/plugins/hoster/GoogleDrive.class
   jd/plugins/hoster/GoogleDriveDirectoryIndex.class
   jd/plugins/hoster/GooglePremium.class
   jd/plugins/hoster/HdvidTv.class
   jd/plugins/hoster/HearthisAt.class
   jd/plugins/hoster/HellUploadCom.class.removed
   jd/plugins/hoster/HitFileNet.class
   jd/plugins/hoster/HomerjDe.class.removed
   jd/plugins/hoster/HxfileCo.class
   jd/plugins/hoster/IcedriveNet.class
   jd/plugins/hoster/IcerBoxCom.class
   jd/plugins/hoster/ImageNetzDe.class
   jd/plugins/hoster/ImageVenueCom.class
   jd/plugins/hoster/ImgDinoCom.class.removed
   jd/plugins/hoster/ImgTigerCom.class.removed
   jd/plugins/hoster/ImgclickNet.class
   jd/plugins/hoster/ImgflareCom.class
   jd/plugins/hoster/ImgurComHoster$1.class
   jd/plugins/hoster/ImgurComHoster$2.class
   jd/plugins/hoster/ImgurComHoster$3.class
   jd/plugins/hoster/ImgurComHoster$4.class
   jd/plugins/hoster/ImgurComHoster.class
   jd/plugins/hoster/ImgvipNet.class.removed
   jd/plugins/hoster/InmyblackCom.class.removed
   jd/plugins/hoster/InstaGramCom.class
   jd/plugins/hoster/JoinPeerTubeOrg.class
   jd/plugins/hoster/K2SApi.class
   jd/plugins/hoster/KamababaCom.class
   jd/plugins/hoster/KernelVideoSharingCom.class
   jd/plugins/hoster/KikuploadXyz.class
   jd/plugins/hoster/LetsuploadCo.class
   jd/plugins/hoster/LikeeVideo.class
   jd/plugins/hoster/LinkSnappyCom.class
   jd/plugins/hoster/LoadstarClub.class
   jd/plugins/hoster/MediaOneFileCom$1.class.removed
   jd/plugins/hoster/MediaOneFileCom.class
   jd/plugins/hoster/MediafilesCc.class
   jd/plugins/hoster/MediafireCom.class
   jd/plugins/hoster/MegagamesCom.class
   jd/plugins/hoster/MegauploadIs.class.removed
   jd/plugins/hoster/MyfileIs.class.removed
   jd/plugins/hoster/MyzcloudMe.class
   jd/plugins/hoster/NaughtyamericaCom.class
   jd/plugins/hoster/NicoVideoJp.class
   jd/plugins/hoster/NitroFlareCom.class
   jd/plugins/hoster/OffCloudCom$HighWayMeConfigInterface.class
   jd/plugins/hoster/OffCloudCom$OffCloudComPluginConfigInterface$Translation.class
   jd/plugins/hoster/OffCloudCom$OffCloudComPluginConfigInterface.class
   jd/plugins/hoster/OffCloudCom.class
   jd/plugins/hoster/Offline.class
   jd/plugins/hoster/OneloadXyz.class.removed
   jd/plugins/hoster/OpenSubtitlesOrg.class
   jd/plugins/hoster/OzoFilesCom.class
   jd/plugins/hoster/PCloudCom.class
   jd/plugins/hoster/PeredaykaCom.class.removed
   jd/plugins/hoster/PervcityCom.class
   jd/plugins/hoster/PicbaronCom.class
   jd/plugins/hoster/PimpRollHostedTube.class
   jd/plugins/hoster/PixivNet$1.class
   jd/plugins/hoster/PixivNet$2.class
   jd/plugins/hoster/PixivNet$3.class
   jd/plugins/hoster/PixivNet$4.class
   jd/plugins/hoster/PixivNet.class
   jd/plugins/hoster/PlaytubeWs.class
   jd/plugins/hoster/PluralsightCom$QUALITY.class
   jd/plugins/hoster/PluralsightCom.class
   jd/plugins/hoster/PornRabbitCom.class
   jd/plugins/hoster/PornSharingCom.class.removed
   jd/plugins/hoster/PorndoeCom.class
   jd/plugins/hoster/PornfunCom.class.removed
   jd/plugins/hoster/PornktubeCom.class.removed
   jd/plugins/hoster/PornoneCom$1.class
   jd/plugins/hoster/PornoneCom.class
   jd/plugins/hoster/PornportalCom$1.class
   jd/plugins/hoster/PornportalCom.class
   jd/plugins/hoster/PremiumTo.class
   jd/plugins/hoster/PremiumizeMe$1.class
   jd/plugins/hoster/PremiumizeMe$PremiumizeAccountFactory$1.class
   jd/plugins/hoster/PremiumizeMe$PremiumizeAccountFactory.class
   jd/plugins/hoster/PremiumizeMe$PremiumizeMeConfigInterface$Translation.class
   jd/plugins/hoster/PremiumizeMe$PremiumizeMeConfigInterface.class
   jd/plugins/hoster/PremiumizeMe.class
   jd/plugins/hoster/ProLeechLink$1.class
   jd/plugins/hoster/ProLeechLink$2.class
   jd/plugins/hoster/ProLeechLink.class
   jd/plugins/hoster/RGhostFun.class.removed
   jd/plugins/hoster/RapidGatorNet.class
   jd/plugins/hoster/RapidekPl$1.class
   jd/plugins/hoster/RapidekPl.class
   jd/plugins/hoster/RapidrarCom.class
   jd/plugins/hoster/RapidshareNu.class.removed
   jd/plugins/hoster/RedTubeCom.class
   jd/plugins/hoster/RedditCom$1.class
   jd/plugins/hoster/RedditCom$2.class
   jd/plugins/hoster/RedditCom.class
   jd/plugins/hoster/RtveEs.class
   jd/plugins/hoster/SaveTv.class
   jd/plugins/hoster/ScribdCom.class
   jd/plugins/hoster/SeedrCc$1.class
   jd/plugins/hoster/SeedrCc.class
   jd/plugins/hoster/SegavidCom.class
   jd/plugins/hoster/SendMyWayCom.class
   jd/plugins/hoster/ServusCom.class
   jd/plugins/hoster/SexuCom.class
   jd/plugins/hoster/SexvclCom.class.removed
   jd/plugins/hoster/SexvclPw.class
   jd/plugins/hoster/SexwebvideoCom.class.removed
   jd/plugins/hoster/ShareOnlineTo.class
   jd/plugins/hoster/SharecashOrg.class.removed
   jd/plugins/hoster/SharelinkLi.class.removed
   jd/plugins/hoster/SharingWtf.class
   jd/plugins/hoster/SimplyPremiumCom.class
   jd/plugins/hoster/SourceForgeNet.class
   jd/plugins/hoster/SpankBangCom.class
   jd/plugins/hoster/SpeedVideoNet.class
   jd/plugins/hoster/SrfCh.class
   jd/plugins/hoster/SubyShareCom.class
   jd/plugins/hoster/SundryfilesCom.class
   jd/plugins/hoster/ThefileslockerCom.class
   jd/plugins/hoster/ThevideosGa.class
   jd/plugins/hoster/ThisvidCom.class
   jd/plugins/hoster/TiktokCom.class
   jd/plugins/hoster/TnaFlixCom.class
   jd/plugins/hoster/ToplexilCom.class.removed
   jd/plugins/hoster/ToutDebridEu.class.removed
   jd/plugins/hoster/TurboBitNet$1.class
   jd/plugins/hoster/TurboBitNet.class
   jd/plugins/hoster/TwitterCom$1.class
   jd/plugins/hoster/TwitterCom$TwitterConfigInterface$TRANSLATION.class
   jd/plugins/hoster/TwitterCom$TwitterConfigInterface.class
   jd/plugins/hoster/TwitterCom.class
   jd/plugins/hoster/UdemyCom.class
   jd/plugins/hoster/UfileIo.class
   jd/plugins/hoster/UltimboxCom.class
   jd/plugins/hoster/UpFileCom.class
   jd/plugins/hoster/UpToBoxCom$1.class
   jd/plugins/hoster/UpToBoxCom$UptoboxAccountFactory$1.class
   jd/plugins/hoster/UpToBoxCom$UptoboxAccountFactory.class
   jd/plugins/hoster/UpToBoxCom.class
   jd/plugins/hoster/Upload42Com.class
   jd/plugins/hoster/Uploadedto$1.class.removed
   jd/plugins/hoster/Uploadedto$2.class.removed
   jd/plugins/hoster/Uploadedto$Sec.class
   jd/plugins/hoster/Uploadedto.class
   jd/plugins/hoster/UploadgigCom.class
   jd/plugins/hoster/UplovdCom.class
   jd/plugins/hoster/UsersdriveCom.class
   jd/plugins/hoster/VideoGoogle.class
   jd/plugins/hoster/VidtodoCom.class
   jd/plugins/hoster/VikiCom$1.class
   jd/plugins/hoster/VikiCom.class
   jd/plugins/hoster/VimeoCom$1.class
   jd/plugins/hoster/VimeoCom$VIMEO_URL_TYPE.class
   jd/plugins/hoster/VimeoCom$WrongRefererException.class
   jd/plugins/hoster/VimeoCom.class
   jd/plugins/hoster/WayuploadCom.class.removed
   jd/plugins/hoster/WdhoRu.class
   jd/plugins/hoster/WebShareCz.class
   jd/plugins/hoster/WstreamVideo.class
   jd/plugins/hoster/XHamsterCom$1.class
   jd/plugins/hoster/XHamsterCom.class
   jd/plugins/hoster/XshareClub.class.removed
   jd/plugins/hoster/XunNiuCom.class
   jd/plugins/hoster/XvideosCom$1.class
   jd/plugins/hoster/XvideosCom.class
   jd/plugins/hoster/YouJizzCom$1.class
   jd/plugins/hoster/YouJizzCom.class
   jd/plugins/hoster/YouPornCom$1.class
   jd/plugins/hoster/YouPornCom.class
   jd/plugins/hoster/YoutubeDashV2$1.class
   jd/plugins/hoster/YoutubeDashV2$10.class
   jd/plugins/hoster/YoutubeDashV2$11.class
   jd/plugins/hoster/YoutubeDashV2$12.class
   jd/plugins/hoster/YoutubeDashV2$13$1.class
   jd/plugins/hoster/YoutubeDashV2$13.class
   jd/plugins/hoster/YoutubeDashV2$14.class
   jd/plugins/hoster/YoutubeDashV2$2.class
   jd/plugins/hoster/YoutubeDashV2$3.class
   jd/plugins/hoster/YoutubeDashV2$4$1.class
   jd/plugins/hoster/YoutubeDashV2$4.class
   jd/plugins/hoster/YoutubeDashV2$5.class
   jd/plugins/hoster/YoutubeDashV2$6.class
   jd/plugins/hoster/YoutubeDashV2$7.class
   jd/plugins/hoster/YoutubeDashV2$8.class
   jd/plugins/hoster/YoutubeDashV2$9.class
   jd/plugins/hoster/YoutubeDashV2$DashDownloadPluginProgress.class
   jd/plugins/hoster/YoutubeDashV2.class
   jd/plugins/hoster/ZeveraCom$ZeveraAccountFactory$1.class
   jd/plugins/hoster/ZeveraCom$ZeveraAccountFactory.class
   jd/plugins/hoster/ZeveraCom.class
   jd/plugins/hoster/ZeveraCore$1.class
   jd/plugins/hoster/ZeveraCore$2.class
   jd/plugins/hoster/ZeveraCore$3.class
   jd/plugins/hoster/ZeveraCore.class
----------------Extensions----------------
----------------Direct Files----------------
   build.json
   translations/org/appwork/utils/locale/AWUTranslation.tr.lng
   translations/org/jdownloader/gui/translate/GuiTranslation.bs.lng
   translations/org/jdownloader/gui/translate/GuiTranslation.pl.lng
   translations/org/jdownloader/gui/translate/GuiTranslation.pt_BR.lng
   translations/org/jdownloader/gui/translate/GuiTranslation.tr.lng
----------------Core Files----------------
   Core.jar
   JD: Core.jar/jd/controlling/faviconcontroller/FavIcons.class
   JD: Core.jar/jd/parser/html/HTMLParser$HexHtmlParserCharSequence.class
   JD: Core.jar/jd/parser/html/HTMLParser.class
   JD: Core.jar/jd/plugins/Account$1.class
   JD: Core.jar/jd/plugins/Account$2.class.removed
   JD: Core.jar/jd/plugins/Account$AccountError.class
   JD: Core.jar/jd/plugins/Account$AccountType$1.class
   JD: Core.jar/jd/plugins/Account$AccountType$2.class
   JD: Core.jar/jd/plugins/Account$AccountType$3.class
   JD: Core.jar/jd/plugins/Account$AccountType$4.class
   JD: Core.jar/jd/plugins/Account$AccountType.class
   JD: Core.jar/jd/plugins/Account.class
   JD: Core.jar/jd/plugins/CookiesStorable.class.removed
   JD: Core.jar/jd/plugins/DownloadLink.class
   JD: Core.jar/jd/plugins/components/SiteType$SiteTemplate.class
   JD: Core.jar/org/jdownloader/captcha/v2/challenge/antibotsystem/AntiBotSystem.class
   JD: Core.jar/org/jdownloader/captcha/v2/challenge/recaptcha/v2/AbstractRecaptchaV2$1.class
   JD: Core.jar/org/jdownloader/captcha/v2/challenge/recaptcha/v2/AbstractRecaptchaV2$TYPE.class
   JD: Core.jar/org/jdownloader/captcha/v2/challenge/recaptcha/v2/AbstractRecaptchaV2.class
   JD: Core.jar/org/jdownloader/captcha/v2/challenge/recaptcha/v2/RecaptchaV2Challenge$1.class
   JD: Core.jar/org/jdownloader/captcha/v2/challenge/recaptcha/v2/RecaptchaV2Challenge$2.class
   JD: Core.jar/org/jdownloader/captcha/v2/challenge/recaptcha/v2/RecaptchaV2Challenge$3.class
   JD: Core.jar/org/jdownloader/captcha/v2/challenge/recaptcha/v2/RecaptchaV2Challenge$4.class
   JD: Core.jar/org/jdownloader/captcha/v2/challenge/recaptcha/v2/RecaptchaV2Challenge$5.class
   JD: Core.jar/org/jdownloader/captcha/v2/challenge/recaptcha/v2/RecaptchaV2Challenge$6.class
   JD: Core.jar/org/jdownloader/captcha/v2/challenge/recaptcha/v2/RecaptchaV2Challenge$7.class
   JD: Core.jar/org/jdownloader/captcha/v2/challenge/recaptcha/v2/RecaptchaV2Challenge$8.class
   JD: Core.jar/org/jdownloader/captcha/v2/challenge/recaptcha/v2/RecaptchaV2Challenge$9.class
   JD: Core.jar/org/jdownloader/captcha/v2/challenge/recaptcha/v2/RecaptchaV2Challenge.class
   JD: Core.jar/org/jdownloader/gui/translate/GuiTranslation.class
   JD: Core.jar/org/jdownloader/gui/views/linkgrabber/actions/AddLinksAction$1.class
   JD: Core.jar/org/jdownloader/gui/views/linkgrabber/actions/AddLinksAction$EnableDisableUnchanged$1.class
   JD: Core.jar/org/jdownloader/gui/views/linkgrabber/actions/AddLinksAction$EnableDisableUnchanged$2.class
   JD: Core.jar/org/jdownloader/gui/views/linkgrabber/actions/AddLinksAction$EnableDisableUnchanged$3.class
   JD: Core.jar/org/jdownloader/gui/views/linkgrabber/actions/AddLinksAction$EnableDisableUnchanged.class
   JD: Core.jar/org/jdownloader/gui/views/linkgrabber/actions/AddLinksAction.class
   JD: Core.jar/org/jdownloader/gui/views/linkgrabber/addlinksdialog/AddLinksDialog$1.class
   JD: Core.jar/org/jdownloader/gui/views/linkgrabber/addlinksdialog/AddLinksDialog$10.class
   JD: Core.jar/org/jdownloader/gui/views/linkgrabber/addlinksdialog/AddLinksDialog$11.class
   JD: Core.jar/org/jdownloader/gui/views/linkgrabber/addlinksdialog/AddLinksDialog$12.class
   JD: Core.jar/org/jdownloader/gui/views/linkgrabber/addlinksdialog/AddLinksDialog$13.class
   JD: Core.jar/org/jdownloader/gui/views/linkgrabber/addlinksdialog/AddLinksDialog$14$1$1.class.removed
   JD: Core.jar/org/jdownloader/gui/views/linkgrabber/addlinksdialog/AddLinksDialog$14$1.class.removed
   JD: Core.jar/org/jdownloader/gui/views/linkgrabber/addlinksdialog/AddLinksDialog$14.class
   JD: Core.jar/org/jdownloader/gui/views/linkgrabber/addlinksdialog/AddLinksDialog$15.class
   JD: Core.jar/org/jdownloader/gui/views/linkgrabber/addlinksdialog/AddLinksDialog$16$1$1.class
   JD: Core.jar/org/jdownloader/gui/views/linkgrabber/addlinksdialog/AddLinksDialog$16$1.class
   JD: Core.jar/org/jdownloader/gui/views/linkgrabber/addlinksdialog/AddLinksDialog$16.class
   JD: Core.jar/org/jdownloader/gui/views/linkgrabber/addlinksdialog/AddLinksDialog$17.class
   JD: Core.jar/org/jdownloader/gui/views/linkgrabber/addlinksdialog/AddLinksDialog$18.class
   JD: Core.jar/org/jdownloader/gui/views/linkgrabber/addlinksdialog/AddLinksDialog$19.class
   JD: Core.jar/org/jdownloader/gui/views/linkgrabber/addlinksdialog/AddLinksDialog$2.class
   JD: Core.jar/org/jdownloader/gui/views/linkgrabber/addlinksdialog/AddLinksDialog$20$1.class.removed
   JD: Core.jar/org/jdownloader/gui/views/linkgrabber/addlinksdialog/AddLinksDialog$20.class
   JD: Core.jar/org/jdownloader/gui/views/linkgrabber/addlinksdialog/AddLinksDialog$21$1.class.removed
   JD: Core.jar/org/jdownloader/gui/views/linkgrabber/addlinksdialog/AddLinksDialog$21$2.class.removed
   JD: Core.jar/org/jdownloader/gui/views/linkgrabber/addlinksdialog/AddLinksDialog$21$3.class.removed
   JD: Core.jar/org/jdownloader/gui/views/linkgrabber/addlinksdialog/AddLinksDialog$21$4.class.removed
   JD: Core.jar/org/jdownloader/gui/views/linkgrabber/addlinksdialog/AddLinksDialog$21$5.class.removed
   JD: Core.jar/org/jdownloader/gui/views/linkgrabber/addlinksdialog/AddLinksDialog$21.class
   JD: Core.jar/org/jdownloader/gui/views/linkgrabber/addlinksdialog/AddLinksDialog$22$1.class
   JD: Core.jar/org/jdownloader/gui/views/linkgrabber/addlinksdialog/AddLinksDialog$22.class
   JD: Core.jar/org/jdownloader/gui/views/linkgrabber/addlinksdialog/AddLinksDialog$23$1.class
   JD: Core.jar/org/jdownloader/gui/views/linkgrabber/addlinksdialog/AddLinksDialog$23$2.class
   JD: Core.jar/org/jdownloader/gui/views/linkgrabber/addlinksdialog/AddLinksDialog$23$3.class
   JD: Core.jar/org/jdownloader/gui/views/linkgrabber/addlinksdialog/AddLinksDialog$23$4.class
   JD: Core.jar/org/jdownloader/gui/views/linkgrabber/addlinksdialog/AddLinksDialog$23$5.class
   JD: Core.jar/org/jdownloader/gui/views/linkgrabber/addlinksdialog/AddLinksDialog$23.class
   JD: Core.jar/org/jdownloader/gui/views/linkgrabber/addlinksdialog/AddLinksDialog$3.class
   JD: Core.jar/org/jdownloader/gui/views/linkgrabber/addlinksdialog/AddLinksDialog$4.class
   JD: Core.jar/org/jdownloader/gui/views/linkgrabber/addlinksdialog/AddLinksDialog$5.class
   JD: Core.jar/org/jdownloader/gui/views/linkgrabber/addlinksdialog/AddLinksDialog$6.class
   JD: Core.jar/org/jdownloader/gui/views/linkgrabber/addlinksdialog/AddLinksDialog$7.class
   JD: Core.jar/org/jdownloader/gui/views/linkgrabber/addlinksdialog/AddLinksDialog$8.class
   JD: Core.jar/org/jdownloader/gui/views/linkgrabber/addlinksdialog/AddLinksDialog$9.class
   JD: Core.jar/org/jdownloader/gui/views/linkgrabber/addlinksdialog/AddLinksDialog.class
   JD: Core.jar/org/jdownloader/plugins/components/TurbobitCore$1.class
   JD: Core.jar/org/jdownloader/plugins/components/TurbobitCore$DownloadType.class
   JD: Core.jar/org/jdownloader/plugins/components/TurbobitCore.class
   JD: Core.jar/org/jdownloader/plugins/components/XFileSharingProBasic$1.class
   JD: Core.jar/org/jdownloader/plugins/components/XFileSharingProBasic$XFSApiAccountFactory$1.class
   JD: Core.jar/org/jdownloader/plugins/components/XFileSharingProBasic$XFSApiAccountFactory.class
   JD: Core.jar/org/jdownloader/plugins/components/XFileSharingProBasic.class
   JD: Core.jar/org/jdownloader/plugins/components/YetiShareCore.class
   JD: Core.jar/org/jdownloader/plugins/components/abstractSafeLinking.class
   JD: Core.jar/org/jdownloader/plugins/components/antiDDoSForHost$1.class
   JD: Core.jar/org/jdownloader/plugins/components/antiDDoSForHost.class
   JD: Core.jar/org/jdownloader/plugins/components/config/FacebookConfig.class
   JD: Core.jar/org/jdownloader/plugins/components/config/GfycatConfig$1.class
   JD: Core.jar/org/jdownloader/plugins/components/config/GfycatConfig$PreferredFormat$1.class
   JD: Core.jar/org/jdownloader/plugins/components/config/GfycatConfig$PreferredFormat$2.class
   JD: Core.jar/org/jdownloader/plugins/components/config/GfycatConfig$PreferredFormat$3.class
   JD: Core.jar/org/jdownloader/plugins/components/config/GfycatConfig$PreferredFormat.class
   JD: Core.jar/org/jdownloader/plugins/components/config/GfycatConfig.class
   JD: Core.jar/org/jdownloader/plugins/components/config/NitroflareConfig.class
   JD: Core.jar/org/jdownloader/plugins/components/config/PornoneComConfig$1.class
   JD: Core.jar/org/jdownloader/plugins/components/config/PornoneComConfig$PreferredStreamQuality$1.class
   JD: Core.jar/org/jdownloader/plugins/components/config/PornoneComConfig$PreferredStreamQuality$2.class
   JD: Core.jar/org/jdownloader/plugins/components/config/PornoneComConfig$PreferredStreamQuality$3.class
   JD: Core.jar/org/jdownloader/plugins/components/config/PornoneComConfig$PreferredStreamQuality$4.class
   JD: Core.jar/org/jdownloader/plugins/components/config/PornoneComConfig$PreferredStreamQuality$5.class
   JD: Core.jar/org/jdownloader/plugins/components/config/PornoneComConfig$PreferredStreamQuality$6.class
   JD: Core.jar/org/jdownloader/plugins/components/config/PornoneComConfig$PreferredStreamQuality$7.class
   JD: Core.jar/org/jdownloader/plugins/components/config/PornoneComConfig$PreferredStreamQuality.class
   JD: Core.jar/org/jdownloader/plugins/components/config/PornoneComConfig.class
   JD: Core.jar/org/jdownloader/plugins/components/config/RapidGatorConfig.class
   JD: Core.jar/org/jdownloader/plugins/components/config/TurbobitConfig$1.class.removed
   JD: Core.jar/org/jdownloader/plugins/components/config/TurbobitConfig$PreferredDomain$1.class.removed
   JD: Core.jar/org/jdownloader/plugins/components/config/TurbobitConfig$PreferredDomain$2.class.removed
   JD: Core.jar/org/jdownloader/plugins/components/config/TurbobitConfig$PreferredDomain.class.removed
   JD: Core.jar/org/jdownloader/plugins/components/config/TurbobitConfig.class.removed
   JD: Core.jar/org/jdownloader/plugins/components/config/TurbobitCoreConfig.class
   JD: Core.jar/org/jdownloader/plugins/components/config/TurbobitCoreConfigHitfileNet.class
   JD: Core.jar/org/jdownloader/plugins/components/config/TurbobitCoreConfigTurbobitNet$1.class
   JD: Core.jar/org/jdownloader/plugins/components/config/TurbobitCoreConfigTurbobitNet$PreferredDomain$1.class
   JD: Core.jar/org/jdownloader/plugins/components/config/TurbobitCoreConfigTurbobitNet$PreferredDomain$2.class
   JD: Core.jar/org/jdownloader/plugins/components/config/TurbobitCoreConfigTurbobitNet$PreferredDomain.class
   JD: Core.jar/org/jdownloader/plugins/components/config/TurbobitCoreConfigTurbobitNet.class
   JD: Core.jar/org/jdownloader/plugins/components/config/UploadedNetConfig.class
   JD: Core.jar/org/jdownloader/plugins/components/config/XFSConfigVideoAparatCom.class
   JD: Core.jar/org/jdownloader/plugins/components/config/XvideosComConfig$1.class
   JD: Core.jar/org/jdownloader/plugins/components/config/XvideosComConfig$PreferredHLSQuality$1.class
   JD: Core.jar/org/jdownloader/plugins/components/config/XvideosComConfig$PreferredHLSQuality$2.class
   JD: Core.jar/org/jdownloader/plugins/components/config/XvideosComConfig$PreferredHLSQuality$3.class
   JD: Core.jar/org/jdownloader/plugins/components/config/XvideosComConfig$PreferredHLSQuality$4.class
   JD: Core.jar/org/jdownloader/plugins/components/config/XvideosComConfig$PreferredHLSQuality$5.class
   JD: Core.jar/org/jdownloader/plugins/components/config/XvideosComConfig$PreferredHLSQuality$6.class
   JD: Core.jar/org/jdownloader/plugins/components/config/XvideosComConfig$PreferredHLSQuality.class
   JD: Core.jar/org/jdownloader/plugins/components/config/XvideosComConfig$PreferredHTTPQuality$1.class
   JD: Core.jar/org/jdownloader/plugins/components/config/XvideosComConfig$PreferredHTTPQuality$2.class
   JD: Core.jar/org/jdownloader/plugins/components/config/XvideosComConfig$PreferredHTTPQuality.class
   JD: Core.jar/org/jdownloader/plugins/components/config/XvideosComConfig.class
   JD: Core.jar/org/jdownloader/plugins/components/config/YouJizzComConfig$1.class
   JD: Core.jar/org/jdownloader/plugins/components/config/YouJizzComConfig$PreferredStreamQuality$1.class
   JD: Core.jar/org/jdownloader/plugins/components/config/YouJizzComConfig$PreferredStreamQuality$2.class
   JD: Core.jar/org/jdownloader/plugins/components/config/YouJizzComConfig$PreferredStreamQuality$3.class
   JD: Core.jar/org/jdownloader/plugins/components/config/YouJizzComConfig$PreferredStreamQuality$4.class
   JD: Core.jar/org/jdownloader/plugins/components/config/YouJizzComConfig$PreferredStreamQuality$5.class
   JD: Core.jar/org/jdownloader/plugins/components/config/YouJizzComConfig$PreferredStreamQuality$6.class
   JD: Core.jar/org/jdownloader/plugins/components/config/YouJizzComConfig$PreferredStreamQuality$7.class
   JD: Core.jar/org/jdownloader/plugins/components/config/YouJizzComConfig$PreferredStreamQuality.class
   JD: Core.jar/org/jdownloader/plugins/components/config/YouJizzComConfig.class
   JD: Core.jar/org/jdownloader/plugins/components/config/YoupornConfig$1.class
   JD: Core.jar/org/jdownloader/plugins/components/config/YoupornConfig$PreferredStreamQuality$1.class
   JD: Core.jar/org/jdownloader/plugins/components/config/YoupornConfig$PreferredStreamQuality$2.class
   JD: Core.jar/org/jdownloader/plugins/components/config/YoupornConfig$PreferredStreamQuality$3.class
   JD: Core.jar/org/jdownloader/plugins/components/config/YoupornConfig$PreferredStreamQuality$4.class
   JD: Core.jar/org/jdownloader/plugins/components/config/YoupornConfig$PreferredStreamQuality$5.class
   JD: Core.jar/org/jdownloader/plugins/components/config/YoupornConfig$PreferredStreamQuality$6.class
   JD: Core.jar/org/jdownloader/plugins/components/config/YoupornConfig$PreferredStreamQuality$7.class
   JD: Core.jar/org/jdownloader/plugins/components/config/YoupornConfig$PreferredStreamQuality.class
   JD: Core.jar/org/jdownloader/plugins/components/config/YoupornConfig.class
   JD: Core.jar/org/jdownloader/plugins/components/google/GoogleHelper$1.class
   JD: Core.jar/org/jdownloader/plugins/components/google/GoogleHelper$2$1.class.removed
   JD: Core.jar/org/jdownloader/plugins/components/google/GoogleHelper$2.class
   JD: Core.jar/org/jdownloader/plugins/components/google/GoogleHelper$3$1.class
   JD: Core.jar/org/jdownloader/plugins/components/google/GoogleHelper$3.class
   JD: Core.jar/org/jdownloader/plugins/components/google/GoogleHelper$4$1.class
   JD: Core.jar/org/jdownloader/plugins/components/google/GoogleHelper$4.class
   JD: Core.jar/org/jdownloader/plugins/components/google/GoogleHelper.class
   JD: Core.jar/org/jdownloader/plugins/components/instagram/
   JD: Core.jar/org/jdownloader/plugins/components/instagram/Qdb.class
   JD: Core.jar/org/jdownloader/plugins/components/youtube/YoutubeClipData.class
   JD: Core.jar/org/jdownloader/plugins/components/youtube/YoutubeHelper$1.class
   JD: Core.jar/org/jdownloader/plugins/components/youtube/YoutubeHelper$10.class
   JD: Core.jar/org/jdownloader/plugins/components/youtube/YoutubeHelper$11.class
   JD: Core.jar/org/jdownloader/plugins/components/youtube/YoutubeHelper$12.class
   JD: Core.jar/org/jdownloader/plugins/components/youtube/YoutubeHelper$13.class
   JD: Core.jar/org/jdownloader/plugins/components/youtube/YoutubeHelper$14.class
   JD: Core.jar/org/jdownloader/plugins/components/youtube/YoutubeHelper$15.class
   JD: Core.jar/org/jdownloader/plugins/components/youtube/YoutubeHelper$16.class
   JD: Core.jar/org/jdownloader/plugins/components/youtube/YoutubeHelper$17.class
   JD: Core.jar/org/jdownloader/plugins/components/youtube/YoutubeHelper$18.class
   JD: Core.jar/org/jdownloader/plugins/components/youtube/YoutubeHelper$19.class
   JD: Core.jar/org/jdownloader/plugins/components/youtube/YoutubeHelper$2.class
   JD: Core.jar/org/jdownloader/plugins/components/youtube/YoutubeHelper$20.class
   JD: Core.jar/org/jdownloader/plugins/components/youtube/YoutubeHelper$21.class
   JD: Core.jar/org/jdownloader/plugins/components/youtube/YoutubeHelper$22.class
   JD: Core.jar/org/jdownloader/plugins/components/youtube/YoutubeHelper$23.class
   JD: Core.jar/org/jdownloader/plugins/components/youtube/YoutubeHelper$24.class
   JD: Core.jar/org/jdownloader/plugins/components/youtube/YoutubeHelper$25.class
   JD: Core.jar/org/jdownloader/plugins/components/youtube/YoutubeHelper$26.class
   JD: Core.jar/org/jdownloader/plugins/components/youtube/YoutubeHelper$27.class
   JD: Core.jar/org/jdownloader/plugins/components/youtube/YoutubeHelper$28.class
   JD: Core.jar/org/jdownloader/plugins/components/youtube/YoutubeHelper$29.class
   JD: Core.jar/org/jdownloader/plugins/components/youtube/YoutubeHelper$3.class
   JD: Core.jar/org/jdownloader/plugins/components/youtube/YoutubeHelper$30.class
   JD: Core.jar/org/jdownloader/plugins/components/youtube/YoutubeHelper$31.class
   JD: Core.jar/org/jdownloader/plugins/components/youtube/YoutubeHelper$32.class
   JD: Core.jar/org/jdownloader/plugins/components/youtube/YoutubeHelper$33.class
   JD: Core.jar/org/jdownloader/plugins/components/youtube/YoutubeHelper$34.class
   JD: Core.jar/org/jdownloader/plugins/components/youtube/YoutubeHelper$35.class
   JD: Core.jar/org/jdownloader/plugins/components/youtube/YoutubeHelper$36.class
   JD: Core.jar/org/jdownloader/plugins/components/youtube/YoutubeHelper$37.class
   JD: Core.jar/org/jdownloader/plugins/components/youtube/YoutubeHelper$38.class
   JD: Core.jar/org/jdownloader/plugins/components/youtube/YoutubeHelper$39.class
   JD: Core.jar/org/jdownloader/plugins/components/youtube/YoutubeHelper$4.class
   JD: Core.jar/org/jdownloader/plugins/components/youtube/YoutubeHelper$40.class
   JD: Core.jar/org/jdownloader/plugins/components/youtube/YoutubeHelper$41.class
   JD: Core.jar/org/jdownloader/plugins/components/youtube/YoutubeHelper$5.class
   JD: Core.jar/org/jdownloader/plugins/components/youtube/YoutubeHelper$6.class
   JD: Core.jar/org/jdownloader/plugins/components/youtube/YoutubeHelper$7.class
   JD: Core.jar/org/jdownloader/plugins/components/youtube/YoutubeHelper$8.class
   JD: Core.jar/org/jdownloader/plugins/components/youtube/YoutubeHelper$9.class
   JD: Core.jar/org/jdownloader/plugins/components/youtube/YoutubeHelper$StreamMap.class
   JD: Core.jar/org/jdownloader/plugins/components/youtube/YoutubeHelper.class
   JD: Core.jar/org/jdownloader/plugins/components/youtube/configpanel/CollectionsTable$2.class
   JD: Core.jar/org/jdownloader/plugins/components/youtube/configpanel/CollectionsTable$3$1.class
   JD: Core.jar/org/jdownloader/plugins/components/youtube/configpanel/CollectionsTable$3.class
   JD: Core.jar/org/jdownloader/plugins/components/youtube/configpanel/CollectionsTable.class
   JD: Core.jar/org/jdownloader/plugins/components/youtube/configpanel/YoutubeDashConfigPanel$1.class
   JD: Core.jar/org/jdownloader/plugins/components/youtube/configpanel/YoutubeDashConfigPanel$10.class
   JD: Core.jar/org/jdownloader/plugins/components/youtube/configpanel/YoutubeDashConfigPanel$11.class
   JD: Core.jar/org/jdownloader/plugins/components/youtube/configpanel/YoutubeDashConfigPanel$12.class
   JD: Core.jar/org/jdownloader/plugins/components/youtube/configpanel/YoutubeDashConfigPanel$2.class
   JD: Core.jar/org/jdownloader/plugins/components/youtube/configpanel/YoutubeDashConfigPanel$3.class
   JD: Core.jar/org/jdownloader/plugins/components/youtube/configpanel/YoutubeDashConfigPanel$4.class
   JD: Core.jar/org/jdownloader/plugins/components/youtube/configpanel/YoutubeDashConfigPanel$5.class
   JD: Core.jar/org/jdownloader/plugins/components/youtube/configpanel/YoutubeDashConfigPanel$6.class
   JD: Core.jar/org/jdownloader/plugins/components/youtube/configpanel/YoutubeDashConfigPanel$7.class
   JD: Core.jar/org/jdownloader/plugins/components/youtube/configpanel/YoutubeDashConfigPanel$8.class
   JD: Core.jar/org/jdownloader/plugins/components/youtube/configpanel/YoutubeDashConfigPanel$9.class
   JD: Core.jar/org/jdownloader/plugins/components/youtube/configpanel/YoutubeDashConfigPanel$MultiVariantBox.class
   JD: Core.jar/org/jdownloader/plugins/components/youtube/configpanel/YoutubeDashConfigPanel.class
   JD: Core.jar/org/jdownloader/plugins/controller/PluginScannerFiles.class
   JD: Core.jar/org/jdownloader/plugins/controller/PluginScannerNIO.class
   JD: Core.jar/org/jdownloader/plugins/controller/crawler/CrawlerPluginController$1.class
   JD: Core.jar/org/jdownloader/plugins/controller/crawler/CrawlerPluginController.class
   JD: Core.jar/org/jdownloader/plugins/controller/host/HostPluginController$3.class
   JD: Core.jar/org/jdownloader/plugins/controller/host/HostPluginController$4.class
   JD: Core.jar/org/jdownloader/plugins/controller/host/HostPluginController$5$1.class
   JD: Core.jar/org/jdownloader/plugins/controller/host/HostPluginController$5.class
   JD: Core.jar/org/jdownloader/plugins/controller/host/HostPluginController.class
   JD: libs/JDGUI.jar/jd/gui/swing/dialog/AboutDialog$1$1.class
   JD: libs/JDGUI.jar/jd/gui/swing/dialog/AboutDialog$1.class
   JD: libs/JDGUI.jar/jd/gui/swing/dialog/AboutDialog$2.class
   JD: libs/JDGUI.jar/jd/gui/swing/dialog/AboutDialog$3.class
   JD: libs/JDGUI.jar/jd/gui/swing/dialog/AboutDialog$4$1.class
   JD: libs/JDGUI.jar/jd/gui/swing/dialog/AboutDialog$4.class
   JD: libs/JDGUI.jar/jd/gui/swing/dialog/AboutDialog.class
   JD: libs/JDGUI.jar/jd/gui/swing/jdgui/views/settings/panels/accountmanager/orderpanel/HosterRuleTableModel$1$1.class
   JD: libs/JDGUI.jar/jd/gui/swing/jdgui/views/settings/panels/accountmanager/orderpanel/HosterRuleTableModel$1.class
   JD: libs/JDGUI.jar/jd/gui/swing/jdgui/views/settings/panels/accountmanager/orderpanel/HosterRuleTableModel$2.class
   JD: libs/JDGUI.jar/jd/gui/swing/jdgui/views/settings/panels/accountmanager/orderpanel/HosterRuleTableModel$3$1.class
   JD: libs/JDGUI.jar/jd/gui/swing/jdgui/views/settings/panels/accountmanager/orderpanel/HosterRuleTableModel$3$2.class
   JD: libs/JDGUI.jar/jd/gui/swing/jdgui/views/settings/panels/accountmanager/orderpanel/HosterRuleTableModel$3.class
   JD: libs/JDGUI.jar/jd/gui/swing/jdgui/views/settings/panels/accountmanager/orderpanel/HosterRuleTableModel.class
   JD: libs/JDHttp.jar/jd/http/Cookies.class
   JD: libs/JDHttp.jar/jd/http/requests/GetRequest.class
   JD: libs/JDHttp.jar/jd/http/requests/HeadRequest.class
   JD: libs/bcpkix-jdk15on.jar/META-INF/BC1024KE.DSA
   JD: libs/bcpkix-jdk15on.jar/META-INF/BC1024KE.SF
   JD: libs/bcpkix-jdk15on.jar/META-INF/BC2048KE.DSA
   JD: libs/bcpkix-jdk15on.jar/META-INF/BC2048KE.SF
   JD: libs/bcpkix-jdk15on.jar/META-INF/MANIFEST.MF
   JD: libs/bcpkix-jdk15on.jar/org/bouncycastle/cert/crmf/bc/BcCRMFEncryptorBuilder$CRMFOutputEncryptor.class
   JD: libs/bcpkix-jdk15on.jar/org/bouncycastle/cert/jcajce/JcaX500NameUtil.class
   JD: libs/bcpkix-jdk15on.jar/org/bouncycastle/cert/ocsp/jcajce/JcaBasicOCSPRespBuilder.class
   JD: libs/bcpkix-jdk15on.jar/org/bouncycastle/cms/SignerInfoGenerator.class
   JD: libs/bcpkix-jdk15on.jar/org/bouncycastle/cms/jcajce/JceCMSContentEncryptorBuilder$CMSOutputEncryptor.class
   JD: libs/bcpkix-jdk15on.jar/org/bouncycastle/est/jcajce/SSLSocketFactoryCreatorBuilder.class
   JD: libs/bcpkix-jdk15on.jar/org/bouncycastle/mime/encoding/Base64InputStream.class
   JD: libs/bcpkix-jdk15on.jar/org/bouncycastle/mime/encoding/Base64OutputStream.class
   JD: libs/bcpkix-jdk15on.jar/org/bouncycastle/mime/smime/SMIMEEnvelopedWriter$Builder.class
   JD: libs/bcpkix-jdk15on.jar/org/bouncycastle/mime/smime/SMIMEEnvelopedWriter$ContentOutputStream.class
   JD: libs/bcpkix-jdk15on.jar/org/bouncycastle/mime/smime/SMIMEEnvelopedWriter.class
   JD: libs/bcpkix-jdk15on.jar/org/bouncycastle/mime/smime/SMIMESignedWriter$Builder.class
   JD: libs/bcpkix-jdk15on.jar/org/bouncycastle/mime/smime/SMIMESignedWriter$ContentOutputStream.class
   JD: libs/bcpkix-jdk15on.jar/org/bouncycastle/mime/smime/SMimeParserProvider.class
   JD: libs/bcpkix-jdk15on.jar/org/bouncycastle/mime/smime/SMimeUtils$1.class
   JD: libs/bcpkix-jdk15on.jar/org/bouncycastle/mime/smime/SMimeUtils.class
   JD: libs/bcpkix-jdk15on.jar/org/bouncycastle/openssl/MiscPEMGenerator.class
   JD: libs/bcpkix-jdk15on.jar/org/bouncycastle/operator/jcajce/JceAsymmetricKeyWrapper.class
   JD: libs/bcpkix-jdk15on.jar/org/bouncycastle/pkix/jcajce/RFC3280CertPathUtilities.class
   JD: libs/bcprov-jdk15on.jar/META-INF/BC1024KE.DSA
   JD: libs/bcprov-jdk15on.jar/META-INF/BC1024KE.SF
   JD: libs/bcprov-jdk15on.jar/META-INF/BC2048KE.DSA
   JD: libs/bcprov-jdk15on.jar/META-INF/BC2048KE.SF
   JD: libs/bcprov-jdk15on.jar/META-INF/MANIFEST.MF
   JD: libs/bcprov-jdk15on.jar/META-INF/versions/11/org/bouncycastle/jcajce/provider/asymmetric/edec/BC11XDHPublicKey.class
   JD: libs/bcprov-jdk15on.jar/META-INF/versions/11/org/bouncycastle/jcajce/provider/asymmetric/edec/KeyPairGeneratorSpi$Ed25519.class
   JD: libs/bcprov-jdk15on.jar/META-INF/versions/11/org/bouncycastle/jcajce/provider/asymmetric/edec/KeyPairGeneratorSpi$Ed448.class
   JD: libs/bcprov-jdk15on.jar/META-INF/versions/11/org/bouncycastle/jcajce/provider/asymmetric/edec/KeyPairGeneratorSpi$EdDSA.class
   JD: libs/bcprov-jdk15on.jar/META-INF/versions/11/org/bouncycastle/jcajce/provider/asymmetric/edec/KeyPairGeneratorSpi$X25519.class
   JD: libs/bcprov-jdk15on.jar/META-INF/versions/11/org/bouncycastle/jcajce/provider/asymmetric/edec/KeyPairGeneratorSpi$X448.class
   JD: libs/bcprov-jdk15on.jar/META-INF/versions/11/org/bouncycastle/jcajce/provider/asymmetric/edec/KeyPairGeneratorSpi$XDH.class
   JD: libs/bcprov-jdk15on.jar/META-INF/versions/11/org/bouncycastle/jcajce/provider/asymmetric/edec/KeyPairGeneratorSpi.class
   JD: libs/bcprov-jdk15on.jar/META-INF/versions/15/
   JD: libs/bcprov-jdk15on.jar/META-INF/versions/15/org/
   JD: libs/bcprov-jdk15on.jar/META-INF/versions/15/org/bouncycastle/
   JD: libs/bcprov-jdk15on.jar/META-INF/versions/15/org/bouncycastle/jcajce/
   JD: libs/bcprov-jdk15on.jar/META-INF/versions/15/org/bouncycastle/jcajce/provider/
   JD: libs/bcprov-jdk15on.jar/META-INF/versions/15/org/bouncycastle/jcajce/provider/asymmetric/
   JD: libs/bcprov-jdk15on.jar/META-INF/versions/15/org/bouncycastle/jcajce/provider/asymmetric/edec/
   JD: libs/bcprov-jdk15on.jar/META-INF/versions/15/org/bouncycastle/jcajce/provider/asymmetric/edec/BC11XDHPrivateKey.class
   JD: libs/bcprov-jdk15on.jar/META-INF/versions/15/org/bouncycastle/jcajce/provider/asymmetric/edec/BC11XDHPublicKey.class
   JD: libs/bcprov-jdk15on.jar/META-INF/versions/15/org/bouncycastle/jcajce/provider/asymmetric/edec/BC15EdDSAPrivateKey.class
   JD: libs/bcprov-jdk15on.jar/META-INF/versions/15/org/bouncycastle/jcajce/provider/asymmetric/edec/BC15EdDSAPublicKey.class
   JD: libs/bcprov-jdk15on.jar/META-INF/versions/15/org/bouncycastle/jcajce/provider/asymmetric/edec/KeyFactorySpi$Ed25519.class
   JD: libs/bcprov-jdk15on.jar/META-INF/versions/15/org/bouncycastle/jcajce/provider/asymmetric/edec/KeyFactorySpi$Ed448.class
   JD: libs/bcprov-jdk15on.jar/META-INF/versions/15/org/bouncycastle/jcajce/provider/asymmetric/edec/KeyFactorySpi$EdDSA.class
   JD: libs/bcprov-jdk15on.jar/META-INF/versions/15/org/bouncycastle/jcajce/provider/asymmetric/edec/KeyFactorySpi$X25519.class
   JD: libs/bcprov-jdk15on.jar/META-INF/versions/15/org/bouncycastle/jcajce/provider/asymmetric/edec/KeyFactorySpi$X448.class
   JD: libs/bcprov-jdk15on.jar/META-INF/versions/15/org/bouncycastle/jcajce/provider/asymmetric/edec/KeyFactorySpi$XDH.class
   JD: libs/bcprov-jdk15on.jar/META-INF/versions/15/org/bouncycastle/jcajce/provider/asymmetric/edec/KeyFactorySpi.class
   JD: libs/bcprov-jdk15on.jar/META-INF/versions/15/org/bouncycastle/jcajce/provider/asymmetric/edec/KeyPairGeneratorSpi$Ed25519.class
   JD: libs/bcprov-jdk15on.jar/META-INF/versions/15/org/bouncycastle/jcajce/provider/asymmetric/edec/KeyPairGeneratorSpi$Ed448.class
   JD: libs/bcprov-jdk15on.jar/META-INF/versions/15/org/bouncycastle/jcajce/provider/asymmetric/edec/KeyPairGeneratorSpi$EdDSA.class
   JD: libs/bcprov-jdk15on.jar/META-INF/versions/15/org/bouncycastle/jcajce/provider/asymmetric/edec/KeyPairGeneratorSpi$X25519.class
   JD: libs/bcprov-jdk15on.jar/META-INF/versions/15/org/bouncycastle/jcajce/provider/asymmetric/edec/KeyPairGeneratorSpi$X448.class
   JD: libs/bcprov-jdk15on.jar/META-INF/versions/15/org/bouncycastle/jcajce/provider/asymmetric/edec/KeyPairGeneratorSpi$XDH.class
   JD: libs/bcprov-jdk15on.jar/META-INF/versions/15/org/bouncycastle/jcajce/provider/asymmetric/edec/KeyPairGeneratorSpi.class
   JD: libs/bcprov-jdk15on.jar/META-INF/versions/9/module-info.class
   JD: libs/bcprov-jdk15on.jar/META-INF/versions/9/org/
   JD: libs/bcprov-jdk15on.jar/META-INF/versions/9/org/bouncycastle/
   JD: libs/bcprov-jdk15on.jar/META-INF/versions/9/org/bouncycastle/asn1/
   JD: libs/bcprov-jdk15on.jar/META-INF/versions/9/org/bouncycastle/asn1/ASN1ApplicationSpecific.class
   JD: libs/bcprov-jdk15on.jar/META-INF/versions/9/org/bouncycastle/asn1/ASN1ApplicationSpecificParser.class
   JD: libs/bcprov-jdk15on.jar/META-INF/versions/9/org/bouncycastle/asn1/ASN1BitString.class
   JD: libs/bcprov-jdk15on.jar/META-INF/versions/9/org/bouncycastle/asn1/ASN1Boolean.class
   JD: libs/bcprov-jdk15on.jar/META-INF/versions/9/org/bouncycastle/asn1/ASN1Choice.class
   JD: libs/bcprov-jdk15on.jar/META-INF/versions/9/org/bouncycastle/asn1/ASN1Encodable.class
   JD: libs/bcprov-jdk15on.jar/META-INF/versions/9/org/bouncycastle/asn1/ASN1EncodableVector.class
   JD: libs/bcprov-jdk15on.jar/META-INF/versions/9/org/bouncycastle/asn1/ASN1Encoding.class
   JD: libs/bcprov-jdk15on.jar/META-INF/versions/9/org/bouncycastle/asn1/ASN1Enumerated.class
   JD: libs/bcprov-jdk15on.jar/META-INF/versions/9/org/bouncycastle/asn1/ASN1Exception.class
   JD: libs/bcprov-jdk15on.jar/META-INF/versions/9/org/bouncycastle/asn1/ASN1External.class
   JD: libs/bcprov-jdk15on.jar/META-INF/versions/9/org/bouncycastle/asn1/ASN1GeneralizedTime.class
   JD: libs/bcprov-jdk15on.jar/META-INF/versions/9/org/bouncycastle/asn1/ASN1InputStream.class
   JD: libs/bcprov-jdk15on.jar/META-INF/versions/9/org/bouncycastle/asn1/ASN1Integer.class
   JD: libs/bcprov-jdk15on.jar/META-INF/versions/9/org/bouncycastle/asn1/ASN1Null.class
   JD: libs/bcprov-jdk15on.jar/META-INF/versions/9/org/bouncycastle/asn1/ASN1Object.class
   JD: libs/bcprov-jdk15on.jar/META-INF/versions/9/org/bouncycastle/asn1/ASN1ObjectIdentifier$OidHandle.class
   JD: libs/bcprov-jdk15on.jar/META-INF/versions/9/org/bouncycastle/asn1/ASN1ObjectIdentifier.class
   JD: libs/bcprov-jdk15on.jar/META-INF/versions/9/org/bouncycastle/asn1/ASN1OctetString.class
   JD: libs/bcprov-jdk15on.jar/META-INF/versions/9/org/bouncycastle/asn1/ASN1OctetStringParser.class
   JD: libs/bcprov-jdk15on.jar/META-INF/versions/9/org/bouncycastle/asn1/ASN1OutputStream.class
   JD: libs/bcprov-jdk15on.jar/META-INF/versions/9/org/bouncycastle/asn1/ASN1ParsingException.class
   JD: libs/bcprov-jdk15on.jar/META-INF/versions/9/org/bouncycastle/asn1/ASN1Primitive.class
   JD: libs/bcprov-jdk15on.jar/META-INF/versions/9/org/bouncycastle/asn1/ASN1Sequence$1.class
   JD: libs/bcprov-jdk15on.jar/META-INF/versions/9/org/bouncycastle/asn1/ASN1Sequence$2.class
   JD: libs/bcprov-jdk15on.jar/META-INF/versions/9/org/bouncycastle/asn1/ASN1Sequence.class
   JD: libs/bcprov-jdk15on.jar/META-INF/versions/9/org/bouncycastle/asn1/ASN1SequenceParser.class
   JD: libs/bcprov-jdk15on.jar/META-INF/versions/9/org/bouncycastle/asn1/ASN1Set$1.class
   JD: libs/bcprov-jdk15on.jar/META-INF/versions/9/org/bouncycastle/asn1/ASN1Set$2.class
   JD: libs/bcprov-jdk15on.jar/META-INF/versions/9/org/bouncycastle/asn1/ASN1Set.class
   JD: libs/bcprov-jdk15on.jar/META-INF/versions/9/org/bouncycastle/asn1/ASN1SetParser.class
   JD: libs/bcprov-jdk15on.jar/META-INF/versions/9/org/bouncycastle/asn1/ASN1StreamParser.class
   JD: libs/bcprov-jdk15on.jar/META-INF/versions/9/org/bouncycastle/asn1/ASN1String.class
   JD: libs/bcprov-jdk15on.jar/META-INF/versions/9/org/bouncycastle/asn1/ASN1TaggedObject.class
   JD: libs/bcprov-jdk15on.jar/META-INF/versions/9/org/bouncycastle/asn1/ASN1TaggedObjectParser.class
   JD: libs/bcprov-jdk15on.jar/META-INF/versions/9/org/bouncycastle/asn1/ASN1UTCTime.class
   JD: libs/bcprov-jdk15on.jar/META-INF/versions/9/org/bouncycastle/asn1/BERApplicationSpecific.class
   JD: libs/bcprov-jdk15on.jar/META-INF/versions/9/org/bouncycastle/asn1/BERApplicationSpecificParser.class
   JD: libs/bcprov-jdk15on.jar/META-INF/versions/9/org/bouncycastle/asn1/BERFactory.class
   JD: libs/bcprov-jdk15on.jar/META-INF/versions/9/org/bouncycastle/asn1/BEROctetString$1.class
   JD: libs/bcprov-jdk15on.jar/META-INF/versions/9/org/bouncycastle/asn1/BEROctetString.class
   JD: libs/bcprov-jdk15on.jar/META-INF/versions/9/org/bouncycastle/asn1/BEROctetStringParser.class
   JD: libs/bcprov-jdk15on.jar/META-INF/versions/9/org/bouncycastle/asn1/BERSequence.class
   JD: libs/bcprov-jdk15on.jar/META-INF/versions/9/org/bouncycastle/asn1/BERSequenceParser.class
   JD: libs/bcprov-jdk15on.jar/META-INF/versions/9/org/bouncycastle/asn1/BERSet.class
   JD: libs/bcprov-jdk15on.jar/META-INF/versions/9/org/bouncycastle/asn1/BERSetParser.class
   JD: libs/bcprov-jdk15on.jar/META-INF/versions/9/org/bouncycastle/asn1/BERTaggedObject.class
   JD: libs/bcprov-jdk15on.jar/META-INF/versions/9/org/bouncycastle/asn1/BERTaggedObjectParser.class
   JD: libs/bcprov-jdk15on.jar/META-INF/versions/9/org/bouncycastle/asn1/BERTags.class
   JD: libs/bcprov-jdk15on.jar/META-INF/versions/9/org/bouncycastle/asn1/ConstructedOctetStream.class
   JD: libs/bcprov-jdk15on.jar/META-INF/versions/9/org/bouncycastle/asn1/DERBMPString.class
   JD: libs/bcprov-jdk15on.jar/META-INF/versions/9/org/bouncycastle/asn1/DERBitString.class
   JD: libs/bcprov-jdk15on.jar/META-INF/versions/9/org/bouncycastle/asn1/DERExternal.class
   JD: libs/bcprov-jdk15on.jar/META-INF/versions/9/org/bouncycastle/asn1/DERExternalParser.class
   JD: libs/bcprov-jdk15on.jar/META-INF/versions/9/org/bouncycastle/asn1/DERGeneralString.class
   JD: libs/bcprov-jdk15on.jar/META-INF/versions/9/org/bouncycastle/asn1/DERGeneralizedTime.class
   JD: libs/bcprov-jdk15on.jar/META-INF/versions/9/org/bouncycastle/asn1/DERGraphicString.class
   JD: libs/bcprov-jdk15on.jar/META-INF/versions/9/org/bouncycastle/asn1/DERIA5String.class
   JD: libs/bcprov-jdk15on.jar/META-INF/versions/9/org/bouncycastle/asn1/DERNull.class
   JD: libs/bcprov-jdk15on.jar/META-INF/versions/9/org/bouncycastle/asn1/DERNumericString.class
   JD: libs/bcprov-jdk15on.jar/META-INF/versions/9/org/bouncycastle/asn1/DEROctetString.class
   JD: libs/bcprov-jdk15on.jar/META-INF/versions/9/org/bouncycastle/asn1/DEROctetStringParser.class
   JD: libs/bcprov-jdk15on.jar/META-INF/versions/9/org/bouncycastle/asn1/DEROutputStream.class
   JD: libs/bcprov-jdk15on.jar/META-INF/versions/9/org/bouncycastle/asn1/DERPrintableString.class
   JD: libs/bcprov-jdk15on.jar/META-INF/versions/9/org/bouncycastle/asn1/DERSequence.class
   JD: libs/bcprov-jdk15on.jar/META-INF/versions/9/org/bouncycastle/asn1/DERSequenceParser.class
   JD: libs/bcprov-jdk15on.jar/META-INF/versions/9/org/bouncycastle/asn1/DERSet.class
   JD: libs/bcprov-jdk15on.jar/META-INF/versions/9/org/bouncycastle/asn1/DERSetParser.class
   JD: libs/bcprov-jdk15on.jar/META-INF/versions/9/org/bouncycastle/asn1/DERT61String.class
   JD: libs/bcprov-jdk15on.jar/META-INF/versions/9/org/bouncycastle/asn1/DERTaggedObject.class
   JD: libs/bcprov-jdk15on.jar/META-INF/versions/9/org/bouncycastle/asn1/DERUTF8String.class
   JD: libs/bcprov-jdk15on.jar/META-INF/versions/9/org/bouncycastle/asn1/DERUniversalString.class
   JD: libs/bcprov-jdk15on.jar/META-INF/versions/9/org/bouncycastle/asn1/DERVideotexString.class
   JD: libs/bcprov-jdk15on.jar/META-INF/versions/9/org/bouncycastle/asn1/DERVisibleString.class
   JD: libs/bcprov-jdk15on.jar/META-INF/versions/9/org/bouncycastle/asn1/DLApplicationSpecific.class
   JD: libs/bcprov-jdk15on.jar/META-INF/versions/9/org/bouncycastle/asn1/DLBitString.class
   JD: libs/bcprov-jdk15on.jar/META-INF/versions/9/org/bouncycastle/asn1/DLExternal.class
   JD: libs/bcprov-jdk15on.jar/META-INF/versions/9/org/bouncycastle/asn1/DLFactory.class
   JD: libs/bcprov-jdk15on.jar/META-INF/versions/9/org/bouncycastle/asn1/DLOutputStream.class
   JD: libs/bcprov-jdk15on.jar/META-INF/versions/9/org/bouncycastle/asn1/DLSequence.class
   JD: libs/bcprov-jdk15on.jar/META-INF/versions/9/org/bouncycastle/asn1/DLSequenceParser.class
   JD: libs/bcprov-jdk15on.jar/META-INF/versions/9/org/bouncycastle/asn1/DLSet.class
   JD: libs/bcprov-jdk15on.jar/META-INF/versions/9/org/bouncycastle/asn1/DLSetParser.class
   JD: libs/bcprov-jdk15on.jar/META-INF/versions/9/org/bouncycastle/asn1/DLTaggedObject.class
   JD: libs/bcprov-jdk15on.jar/META-INF/versions/9/org/bouncycastle/asn1/DateUtil.class
   JD: libs/bcprov-jdk15on.jar/META-INF/versions/9/org/bouncycastle/asn1/DefiniteLengthInputStream.class
   JD: libs/bcprov-jdk15on.jar/META-INF/versions/9/org/bouncycastle/asn1/InMemoryRepresentable.class
   JD: libs/bcprov-jdk15on.jar/META-INF/versions/9/org/bouncycastle/asn1/IndefiniteLengthInputStream.class
   JD: libs/bcprov-jdk15on.jar/META-INF/versions/9/org/bouncycastle/asn1/LazyConstructionEnumeration.class
   JD: libs/bcprov-jdk15on.jar/META-INF/versions/9/org/bouncycastle/asn1/LazyEncodedSequence.class
   JD: libs/bcprov-jdk15on.jar/META-INF/versions/9/org/bouncycastle/asn1/LimitedInputStream.class
   JD: libs/bcprov-jdk15on.jar/META-INF/versions/9/org/bouncycastle/asn1/OIDTokenizer.class
   JD: libs/bcprov-jdk15on.jar/META-INF/versions/9/org/bouncycastle/asn1/StreamUtil.class
   JD: libs/bcprov-jdk15on.jar/META-INF/versions/9/org/bouncycastle/asn1/anssi/
   JD: libs/bcprov-jdk15on.jar/META-INF/versions/9/org/bouncycastle/asn1/anssi/ANSSINamedCurves$1.class
   JD: libs/bcprov-jdk15on.jar/META-INF/versions/9/org/bouncycastle/asn1/anssi/ANSSINamedCurves.class
   JD: libs/bcprov-jdk15on.jar/META-INF/versions/9/org/bouncycastle/asn1/anssi/ANSSIObjectIdentifiers.class
   JD: libs/bcprov-jdk15on.jar/META-INF/versions/9/org/bouncycastle/asn1/bc/
   JD: libs/bcprov-jdk15on.jar/META-INF/versions/9/org/bouncycastle/asn1/bc/BCObjectIdentifiers.class
   JD: libs/bcprov-jdk15on.jar/META-INF/versions/9/org/bouncycastle/asn1/cryptlib/
   JD: libs/bcprov-jdk15on.jar/META-INF/versions/9/org/bouncycastle/asn1/cryptlib/CryptlibObjectIdentifiers.class
   JD: libs/bcprov-jdk15on.jar/META-INF/versions/9/org/bouncycastle/asn1/cryptopro/
   JD: libs/bcprov-jdk15on.jar/META-INF/versions/9/org/bouncycastle/asn1/cryptopro/CryptoProObjectIdentifiers.class
   JD: libs/bcprov-jdk15on.jar/META-INF/versions/9/org/bouncycastle/asn1/cryptopro/ECGOST3410NamedCurves.class
   JD: libs/bcprov-jdk15on.jar/META-INF/versions/9/org/bouncycastle/asn1/cryptopro/GOST3410PublicKeyAlgParameters.class
   JD: libs/bcprov-jdk15on.jar/META-INF/versions/9/org/bouncycastle/asn1/gm/
   JD: libs/bcprov-jdk15on.jar/META-INF/versions/9/org/bouncycastle/asn1/gm/GMNamedCurves$1.class
   JD: libs/bcprov-jdk15on.jar/META-INF/versions/9/org/bouncycastle/asn1/gm/GMNamedCurves$2.class
   JD: libs/bcprov-jdk15on.jar/META-INF/versions/9/org/bouncycastle/asn1/gm/GMNamedCurves.class
   JD: libs/bcprov-jdk15on.jar/META-INF/versions/9/org/bouncycastle/asn1/gm/GMObjectIdentifiers.class
   JD: libs/bcprov-jdk15on.jar/META-INF/versions/9/org/bouncycastle/asn1/isara/
   JD: libs/bcprov-jdk15on.jar/META-INF/versions/9/org/bouncycastle/asn1/isara/IsaraObjectIdentifiers.class
   JD: libs/bcprov-jdk15on.jar/META-INF/versions/9/org/bouncycastle/asn1/nist/
   JD: libs/bcprov-jdk15on.jar/META-INF/versions/9/org/bouncycastle/asn1/nist/NISTNamedCurves.class
   JD: libs/bcprov-jdk15on.jar/META-INF/versions/9/org/bouncycastle/asn1/nist/NISTObjectIdentifiers.class
   JD: libs/bcprov-jdk15on.jar/META-INF/versions/9/org/bouncycastle/asn1/oiw/
   JD: libs/bcprov-jdk15on.jar/META-INF/versions/9/org/bouncycastle/asn1/oiw/OIWObjectIdentifiers.class
   JD: libs/bcprov-jdk15on.jar/META-INF/versions/9/org/bouncycastle/asn1/pkcs/
   JD: libs/bcprov-jdk15on.jar/META-INF/versions/9/org/bouncycastle/asn1/pkcs/PKCSObjectIdentifiers.class
   JD: libs/bcprov-jdk15on.jar/META-INF/versions/9/org/bouncycastle/asn1/pkcs/PrivateKeyInfo.class
   JD: libs/bcprov-jdk15on.jar/META-INF/versions/9/org/bouncycastle/asn1/rosstandart/
   JD: libs/bcprov-jdk15on.jar/META-INF/versions/9/org/bouncycastle/asn1/rosstandart/RosstandartObjectIdentifiers.class
   JD: libs/bcprov-jdk15on.jar/META-INF/versions/9/org/bouncycastle/asn1/sec/
   JD: libs/bcprov-jdk15on.jar/META-INF/versions/9/org/bouncycastle/asn1/sec/SECNamedCurves$1.class
   JD: libs/bcprov-jdk15on.jar/META-INF/versions/9/org/bouncycastle/asn1/sec/SECNamedCurves$10.class
   JD: libs/bcprov-jdk15on.jar/META-INF/versions/9/org/bouncycastle/asn1/sec/SECNamedCurves$11.class
   JD: libs/bcprov-jdk15on.jar/META-INF/versions/9/org/bouncycastle/asn1/sec/SECNamedCurves$12.class
   JD: libs/bcprov-jdk15on.jar/META-INF/versions/9/org/bouncycastle/asn1/sec/SECNamedCurves$13.class
   JD: libs/bcprov-jdk15on.jar/META-INF/versions/9/org/bouncycastle/asn1/sec/SECNamedCurves$14.class
   JD: libs/bcprov-jdk15on.jar/META-INF/versions/9/org/bouncycastle/asn1/sec/SECNamedCurves$15.class
   JD: libs/bcprov-jdk15on.jar/META-INF/versions/9/org/bouncycastle/asn1/sec/SECNamedCurves$16.class
   JD: libs/bcprov-jdk15on.jar/META-INF/versions/9/org/bouncycastle/asn1/sec/SECNamedCurves$17.class
   JD: libs/bcprov-jdk15on.jar/META-INF/versions/9/org/bouncycastle/asn1/sec/SECNamedCurves$18.class
   JD: libs/bcprov-jdk15on.jar/META-INF/versions/9/org/bouncycastle/asn1/sec/SECNamedCurves$19.class
   JD: libs/bcprov-jdk15on.jar/META-INF/versions/9/org/bouncycastle/asn1/sec/SECNamedCurves$2.class
   JD: libs/bcprov-jdk15on.jar/META-INF/versions/9/org/bouncycastle/asn1/sec/SECNamedCurves$20.class
   JD: libs/bcprov-jdk15on.jar/META-INF/versions/9/org/bouncycastle/asn1/sec/SECNamedCurves$21.class
   JD: libs/bcprov-jdk15on.jar/META-INF/versions/9/org/bouncycastle/asn1/sec/SECNamedCurves$22.class
   JD: libs/bcprov-jdk15on.jar/META-INF/versions/9/org/bouncycastle/asn1/sec/SECNamedCurves$23.class
   JD: libs/bcprov-jdk15on.jar/META-INF/versions/9/org/bouncycastle/asn1/sec/SECNamedCurves$24.class
   JD: libs/bcprov-jdk15on.jar/META-INF/versions/9/org/bouncycastle/asn1/sec/SECNamedCurves$25.class
   JD: libs/bcprov-jdk15on.jar/META-INF/versions/9/org/bouncycastle/asn1/sec/SECNamedCurves$26.class
   JD: libs/bcprov-jdk15on.jar/META-INF/versions/9/org/bouncycastle/asn1/sec/SECNamedCurves$27.class
   JD: libs/bcprov-jdk15on.jar/META-INF/versions/9/org/bouncycastle/asn1/sec/SECNamedCurves$28.class
   JD: libs/bcprov-jdk15on.jar/META-INF/versions/9/org/bouncycastle/asn1/sec/SECNamedCurves$29.class
   JD: libs/bcprov-jdk15on.jar/META-INF/versions/9/org/bouncycastle/asn1/sec/SECNamedCurves$3.class
   JD: libs/bcprov-jdk15on.jar/META-INF/versions/9/org/bouncycastle/asn1/sec/SECNamedCurves$30.class
   JD: libs/bcprov-jdk15on.jar/META-INF/versions/9/org/bouncycastle/asn1/sec/SECNamedCurves$31.class
   JD: libs/bcprov-jdk15on.jar/META-INF/versions/9/org/bouncycastle/asn1/sec/SECNamedCurves$32.class
   JD: libs/bcprov-jdk15on.jar/META-INF/versions/9/org/bouncycastle/asn1/sec/SECNamedCurves$33.class
   JD: libs/bcprov-jdk15on.jar/META-INF/versions/9/org/bouncycastle/asn1/sec/SECNamedCurves$4.class
   JD: libs/bcprov-jdk15on.jar/META-INF/versions/9/org/bouncycastle/asn1/sec/SECNamedCurves$5.class
   JD: libs/bcprov-jdk15on.jar/META-INF/versions/9/org/bouncycastle/asn1/sec/SECNamedCurves$6.class
   JD: libs/bcprov-jdk15on.jar/META-INF/versions/9/org/bouncycastle/asn1/sec/SECNamedCurves$7.class
   JD: libs/bcprov-jdk15on.jar/META-INF/versions/9/org/bouncycastle/asn1/sec/SECNamedCurves$8.class
   JD: libs/bcprov-jdk15on.jar/META-INF/versions/9/org/bouncycastle/asn1/sec/SECNamedCurves$9.class
   JD: libs/bcprov-jdk15on.jar/META-INF/versions/9/org/bouncycastle/asn1/sec/SECNamedCurves.class
   JD: libs/bcprov-jdk15on.jar/META-INF/versions/9/org/bouncycastle/asn1/sec/SECObjectIdentifiers.class
   JD: libs/bcprov-jdk15on.jar/META-INF/versions/9/org/bouncycastle/asn1/teletrust/
   JD: libs/bcprov-jdk15on.jar/META-INF/versions/9/org/bouncycastle/asn1/teletrust/TeleTrusTNamedCurves$1.class
   JD: libs/bcprov-jdk15on.jar/META-INF/versions/9/org/bouncycastle/asn1/teletrust/TeleTrusTNamedCurves$10.class
   JD: libs/bcprov-jdk15on.jar/META-INF/versions/9/org/bouncycastle/asn1/teletrust/TeleTrusTNamedCurves$11.class
   JD: libs/bcprov-jdk15on.jar/META-INF/versions/9/org/bouncycastle/asn1/teletrust/TeleTrusTNamedCurves$12.class
   JD: libs/bcprov-jdk15on.jar/META-INF/versions/9/org/bouncycastle/asn1/teletrust/TeleTrusTNamedCurves$13.class
   JD: libs/bcprov-jdk15on.jar/META-INF/versions/9/org/bouncycastle/asn1/teletrust/TeleTrusTNamedCurves$14.class
   JD: libs/bcprov-jdk15on.jar/META-INF/versions/9/org/bouncycastle/asn1/teletrust/TeleTrusTNamedCurves$2.class
   JD: libs/bcprov-jdk15on.jar/META-INF/versions/9/org/bouncycastle/asn1/teletrust/TeleTrusTNamedCurves$3.class
   JD: libs/bcprov-jdk15on.jar/META-INF/versions/9/org/bouncycastle/asn1/teletrust/TeleTrusTNamedCurves$4.class
   JD: libs/bcprov-jdk15on.jar/META-INF/versions/9/org/bouncycastle/asn1/teletrust/TeleTrusTNamedCurves$5.class
   JD: libs/bcprov-jdk15on.jar/META-INF/versions/9/org/bouncycastle/asn1/teletrust/TeleTrusTNamedCurves$6.class
   JD: libs/bcprov-jdk15on.jar/META-INF/versions/9/org/bouncycastle/asn1/teletrust/TeleTrusTNamedCurves$7.class
   JD: libs/bcprov-jdk15on.jar/META-INF/versions/9/org/bouncycastle/asn1/teletrust/TeleTrusTNamedCurves$8.class
   JD: libs/bcprov-jdk15on.jar/META-INF/versions/9/org/bouncycastle/asn1/teletrust/TeleTrusTNamedCurves$9.class
   JD: libs/bcprov-jdk15on.jar/META-INF/versions/9/org/bouncycastle/asn1/teletrust/TeleTrusTNamedCurves.class
   JD: libs/bcprov-jdk15on.jar/META-INF/versions/9/org/bouncycastle/asn1/teletrust/TeleTrusTObjectIdentifiers.class
   JD: libs/bcprov-jdk15on.jar/META-INF/versions/9/org/bouncycastle/asn1/x509/
   JD: libs/bcprov-jdk15on.jar/META-INF/versions/9/org/bouncycastle/asn1/x509/AlgorithmIdentifier.class
   JD: libs/bcprov-jdk15on.jar/META-INF/versions/9/org/bouncycastle/asn1/x509/SubjectPublicKeyInfo.class
   JD: libs/bcprov-jdk15on.jar/META-INF/versions/9/org/bouncycastle/asn1/x9/
   JD: libs/bcprov-jdk15on.jar/META-INF/versions/9/org/bouncycastle/asn1/x9/ECNamedCurveTable.class
   JD: libs/bcprov-jdk15on.jar/META-INF/versions/9/org/bouncycastle/asn1/x9/X962NamedCurves$1.class
   JD: libs/bcprov-jdk15on.jar/META-INF/versions/9/org/bouncycastle/asn1/x9/X962NamedCurves$10.class
   JD: libs/bcprov-jdk15on.jar/META-INF/versions/9/org/bouncycastle/asn1/x9/X962NamedCurves$11.class
   JD: libs/bcprov-jdk15on.jar/META-INF/versions/9/org/bouncycastle/asn1/x9/X962NamedCurves$12.class
   JD: libs/bcprov-jdk15on.jar/META-INF/versions/9/org/bouncycastle/asn1/x9/X962NamedCurves$13.class
   JD: libs/bcprov-jdk15on.jar/META-INF/versions/9/org/bouncycastle/asn1/x9/X962NamedCurves$14.class
   JD: libs/bcprov-jdk15on.jar/META-INF/versions/9/org/bouncycastle/asn1/x9/X962NamedCurves$15.class
   JD: libs/bcprov-jdk15on.jar/META-INF/versions/9/org/bouncycastle/asn1/x9/X962NamedCurves$16.class
   JD: libs/bcprov-jdk15on.jar/META-INF/versions/9/org/bouncycastle/asn1/x9/X962NamedCurves$17.class
   JD: libs/bcprov-jdk15on.jar/META-INF/versions/9/org/bouncycastle/asn1/x9/X962NamedCurves$18.class
   JD: libs/bcprov-jdk15on.jar/META-INF/versions/9/org/bouncycastle/asn1/x9/X962NamedCurves$19.class
   JD: libs/bcprov-jdk15on.jar/META-INF/versions/9/org/bouncycastle/asn1/x9/X962NamedCurves$2.class
   JD: libs/bcprov-jdk15on.jar/META-INF/versions/9/org/bouncycastle/asn1/x9/X962NamedCurves$20.class
   JD: libs/bcprov-jdk15on.jar/META-INF/versions/9/org/bouncycastle/asn1/x9/X962NamedCurves$21.class
   JD: libs/bcprov-jdk15on.jar/META-INF/versions/9/org/bouncycastle/asn1/x9/X962NamedCurves$22.class
   JD: libs/bcprov-jdk15on.jar/META-INF/versions/9/org/bouncycastle/asn1/x9/X962NamedCurves$23.class
   JD: libs/bcprov-jdk15on.jar/META-INF/versions/9/org/bouncycastle/asn1/x9/X962NamedCurves$3.class
   JD: libs/bcprov-jdk15on.jar/META-INF/versions/9/org/bouncycastle/asn1/x9/X962NamedCurves$4.class
   JD: libs/bcprov-jdk15on.jar/META-INF/versions/9/org/bouncycastle/asn1/x9/X962NamedCurves$5.class
   JD: libs/bcprov-jdk15on.jar/META-INF/versions/9/org/bouncycastle/asn1/x9/X962NamedCurves$6.class
   JD: libs/bcprov-jdk15on.jar/META-INF/versions/9/org/bouncycastle/asn1/x9/X962NamedCurves$7.class
   JD: libs/bcprov-jdk15on.jar/META-INF/versions/9/org/bouncycastle/asn1/x9/X962NamedCurves$8.class
   JD: libs/bcprov-jdk15on.jar/META-INF/versions/9/org/bouncycastle/asn1/x9/X962NamedCurves$9.class
   JD: libs/bcprov-jdk15on.jar/META-INF/versions/9/org/bouncycastle/asn1/x9/X962NamedCurves.class
   JD: libs/bcprov-jdk15on.jar/META-INF/versions/9/org/bouncycastle/asn1/x9/X962Parameters.class
   JD: libs/bcprov-jdk15on.jar/META-INF/versions/9/org/bouncycastle/asn1/x9/X9Curve.class
   JD: libs/bcprov-jdk15on.jar/META-INF/versions/9/org/bouncycastle/asn1/x9/X9ECParameters.class
   JD: libs/bcprov-jdk15on.jar/META-INF/versions/9/org/bouncycastle/asn1/x9/X9ECParametersHolder.class
   JD: libs/bcprov-jdk15on.jar/META-INF/versions/9/org/bouncycastle/asn1/x9/X9ECPoint.class
   JD: libs/bcprov-jdk15on.jar/META-INF/versions/9/org/bouncycastle/asn1/x9/X9FieldElement.class
   JD: libs/bcprov-jdk15on.jar/META-INF/versions/9/org/bouncycastle/asn1/x9/X9FieldID.class
   JD: libs/bcprov-jdk15on.jar/META-INF/versions/9/org/bouncycastle/asn1/x9/X9IntegerConverter.class
   JD: libs/bcprov-jdk15on.jar/META-INF/versions/9/org/bouncycastle/asn1/x9/X9ObjectIdentifiers.class
   JD: libs/bcprov-jdk15on.jar/META-INF/versions/9/org/bouncycastle/crypto/
   JD: libs/bcprov-jdk15on.jar/META-INF/versions/9/org/bouncycastle/crypto/AsymmetricCipherKeyPair.class
   JD: libs/bcprov-jdk15on.jar/META-INF/versions/9/org/bouncycastle/crypto/AsymmetricCipherKeyPairGenerator.class
   JD: libs/bcprov-jdk15on.jar/META-INF/versions/9/org/bouncycastle/crypto/CipherParameters.class
   JD: libs/bcprov-jdk15on.jar/META-INF/versions/9/org/bouncycastle/crypto/CryptoServicesPermission.class
   JD: libs/bcprov-jdk15on.jar/META-INF/versions/9/org/bouncycastle/crypto/CryptoServicesRegistrar$1.class
   JD: libs/bcprov-jdk15on.jar/META-INF/versions/9/org/bouncycastle/crypto/CryptoServicesRegistrar$Property.class
   JD: libs/bcprov-jdk15on.jar/META-INF/versions/9/org/bouncycastle/crypto/CryptoServicesRegistrar.class
   JD: libs/bcprov-jdk15on.jar/META-INF/versions/9/org/bouncycastle/crypto/Digest.class
   JD: libs/bcprov-jdk15on.jar/META-INF/versions/9/org/bouncycastle/crypto/ExtendedDigest.class
   JD: libs/bcprov-jdk15on.jar/META-INF/versions/9/org/bouncycastle/crypto/KeyGenerationParameters.class
   JD: libs/bcprov-jdk15on.jar/META-INF/versions/9/org/bouncycastle/crypto/Xof.class
   JD: libs/bcprov-jdk15on.jar/META-INF/versions/9/org/bouncycastle/crypto/digests/
   JD: libs/bcprov-jdk15on.jar/META-INF/versions/9/org/bouncycastle/crypto/digests/CSHAKEDigest.class
   JD: libs/bcprov-jdk15on.jar/META-INF/versions/9/org/bouncycastle/crypto/digests/EncodableDigest.class
   JD: libs/bcprov-jdk15on.jar/META-INF/versions/9/org/bouncycastle/crypto/digests/GeneralDigest.class
   JD: libs/bcprov-jdk15on.jar/META-INF/versions/9/org/bouncycastle/crypto/digests/KeccakDigest.class
   JD: libs/bcprov-jdk15on.jar/META-INF/versions/9/org/bouncycastle/crypto/digests/LongDigest.class
   JD: libs/bcprov-jdk15on.jar/META-INF/versions/9/org/bouncycastle/crypto/digests/MD5Digest.class
   JD: libs/bcprov-jdk15on.jar/META-INF/versions/9/org/bouncycastle/crypto/digests/SHA1Digest.class
   JD: libs/bcprov-jdk15on.jar/META-INF/versions/9/org/bouncycastle/crypto/digests/SHA224Digest.class
   JD: libs/bcprov-jdk15on.jar/META-INF/versions/9/org/bouncycastle/crypto/digests/SHA256Digest.class
   JD: libs/bcprov-jdk15on.jar/META-INF/versions/9/org/bouncycastle/crypto/digests/SHA384Digest.class
   JD: libs/bcprov-jdk15on.jar/META-INF/versions/9/org/bouncycastle/crypto/digests/SHA3Digest.class
   JD: libs/bcprov-jdk15on.jar/META-INF/versions/9/org/bouncycastle/crypto/digests/SHA512Digest.class
   JD: libs/bcprov-jdk15on.jar/META-INF/versions/9/org/bouncycastle/crypto/digests/SHA512tDigest.class
   JD: libs/bcprov-jdk15on.jar/META-INF/versions/9/org/bouncycastle/crypto/digests/SHAKEDigest.class
   JD: libs/bcprov-jdk15on.jar/META-INF/versions/9/org/bouncycastle/crypto/digests/XofUtils.class
   JD: libs/bcprov-jdk15on.jar/META-INF/versions/9/org/bouncycastle/crypto/ec/
   JD: libs/bcprov-jdk15on.jar/META-INF/versions/9/org/bouncycastle/crypto/ec/CustomNamedCurves$1.class
   JD: libs/bcprov-jdk15on.jar/META-INF/versions/9/org/bouncycastle/crypto/ec/CustomNamedCurves$10.class
   JD: libs/bcprov-jdk15on.jar/META-INF/versions/9/org/bouncycastle/crypto/ec/CustomNamedCurves$11.class
   JD: libs/bcprov-jdk15on.jar/META-INF/versions/9/org/bouncycastle/crypto/ec/CustomNamedCurves$12.class
   JD: libs/bcprov-jdk15on.jar/META-INF/versions/9/org/bouncycastle/crypto/ec/CustomNamedCurves$13.class
   JD: libs/bcprov-jdk15on.jar/META-INF/versions/9/org/bouncycastle/crypto/ec/CustomNamedCurves$14.class
   JD: libs/bcprov-jdk15on.jar/META-INF/versions/9/org/bouncycastle/crypto/ec/CustomNamedCurves$15.class
   JD: libs/bcprov-jdk15on.jar/META-INF/versions/9/org/bouncycastle/crypto/ec/CustomNamedCurves$16.class
   JD: libs/bcprov-jdk15on.jar/META-INF/versions/9/org/bouncycastle/crypto/ec/CustomNamedCurves$17.class
   JD: libs/bcprov-jdk15on.jar/META-INF/versions/9/org/bouncycastle/crypto/ec/CustomNamedCurves$18.class
   JD: libs/bcprov-jdk15on.jar/META-INF/versions/9/org/bouncycastle/crypto/ec/CustomNamedCurves$19.class
   JD: libs/bcprov-jdk15on.jar/META-INF/versions/9/org/bouncycastle/crypto/ec/CustomNamedCurves$2.class
   JD: libs/bcprov-jdk15on.jar/META-INF/versions/9/org/bouncycastle/crypto/ec/CustomNamedCurves$20.class
   JD: libs/bcprov-jdk15on.jar/META-INF/versions/9/org/bouncycastle/crypto/ec/CustomNamedCurves$21.class
   JD: libs/bcprov-jdk15on.jar/META-INF/versions/9/org/bouncycastle/crypto/ec/CustomNamedCurves$22.class
   JD: libs/bcprov-jdk15on.jar/META-INF/versions/9/org/bouncycastle/crypto/ec/CustomNamedCurves$23.class
   JD: libs/bcprov-jdk15on.jar/META-INF/versions/9/org/bouncycastle/crypto/ec/CustomNamedCurves$24.class
   JD: libs/bcprov-jdk15on.jar/META-INF/versions/9/org/bouncycastle/crypto/ec/CustomNamedCurves$25.class
   JD: libs/bcprov-jdk15on.jar/META-INF/versions/9/org/bouncycastle/crypto/ec/CustomNamedCurves$26.class
   JD: libs/bcprov-jdk15on.jar/META-INF/versions/9/org/bouncycastle/crypto/ec/CustomNamedCurves$27.class
   JD: libs/bcprov-jdk15on.jar/META-INF/versions/9/org/bouncycastle/crypto/ec/CustomNamedCurves$28.class
   JD: libs/bcprov-jdk15on.jar/META-INF/versions/9/org/bouncycastle/crypto/ec/CustomNamedCurves$29.class
   JD: libs/bcprov-jdk15on.jar/META-INF/versions/9/org/bouncycastle/crypto/ec/CustomNamedCurves$3.class
   JD: libs/bcprov-jdk15on.jar/META-INF/versions/9/org/bouncycastle/crypto/ec/CustomNamedCurves$30.class
   JD: libs/bcprov-jdk15on.jar/META-INF/versions/9/org/bouncycastle/crypto/ec/CustomNamedCurves$31.class
   JD: libs/bcprov-jdk15on.jar/META-INF/versions/9/org/bouncycastle/crypto/ec/CustomNamedCurves$32.class
   JD: libs/bcprov-jdk15on.jar/META-INF/versions/9/org/bouncycastle/crypto/ec/CustomNamedCurves$4.class
   JD: libs/bcprov-jdk15on.jar/META-INF/versions/9/org/bouncycastle/crypto/ec/CustomNamedCurves$5.class
   JD: libs/bcprov-jdk15on.jar/META-INF/versions/9/org/bouncycastle/crypto/ec/CustomNamedCurves$6.class
   JD: libs/bcprov-jdk15on.jar/META-INF/versions/9/org/bouncycastle/crypto/ec/CustomNamedCurves$7.class
   JD: libs/bcprov-jdk15on.jar/META-INF/versions/9/org/bouncycastle/crypto/ec/CustomNamedCurves$8.class
   JD: libs/bcprov-jdk15on.jar/META-INF/versions/9/org/bouncycastle/crypto/ec/CustomNamedCurves$9.class
   JD: libs/bcprov-jdk15on.jar/META-INF/versions/9/org/bouncycastle/crypto/ec/CustomNamedCurves.class
   JD: libs/bcprov-jdk15on.jar/META-INF/versions/9/org/bouncycastle/crypto/params/
   JD: libs/bcprov-jdk15on.jar/META-INF/versions/9/org/bouncycastle/crypto/params/AsymmetricKeyParameter.class
   JD: libs/bcprov-jdk15on.jar/META-INF/versions/9/org/bouncycastle/crypto/params/DHParameters.class
   JD: libs/bcprov-jdk15on.jar/META-INF/versions/9/org/bouncycastle/crypto/params/DHValidationParameters.class
   JD: libs/bcprov-jdk15on.jar/META-INF/versions/9/org/bouncycastle/crypto/params/DSAParameters.class
   JD: libs/bcprov-jdk15on.jar/META-INF/versions/9/org/bouncycastle/crypto/params/DSAValidationParameters.class
   JD: libs/bcprov-jdk15on.jar/META-INF/versions/9/org/bouncycastle/crypto/params/ECDomainParameters.class
   JD: libs/bcprov-jdk15on.jar/META-INF/versions/9/org/bouncycastle/crypto/params/ECKeyParameters.class
   JD: libs/bcprov-jdk15on.jar/META-INF/versions/9/org/bouncycastle/crypto/params/ECNamedDomainParameters.class
   JD: libs/bcprov-jdk15on.jar/META-INF/versions/9/org/bouncycastle/crypto/params/ECPrivateKeyParameters.class
   JD: libs/bcprov-jdk15on.jar/META-INF/versions/9/org/bouncycastle/crypto/params/ECPublicKeyParameters.class
   JD: libs/bcprov-jdk15on.jar/META-INF/versions/9/org/bouncycastle/crypto/util/
   JD: libs/bcprov-jdk15on.jar/META-INF/versions/9/org/bouncycastle/crypto/util/DigestFactory.class
   JD: libs/bcprov-jdk15on.jar/META-INF/versions/9/org/bouncycastle/jcajce/
   JD: libs/bcprov-jdk15on.jar/META-INF/versions/9/org/bouncycastle/jcajce/provider/
   JD: libs/bcprov-jdk15on.jar/META-INF/versions/9/org/bouncycastle/jcajce/provider/asymmetric/
   JD: libs/bcprov-jdk15on.jar/META-INF/versions/9/org/bouncycastle/jcajce/provider/asymmetric/util/
   JD: libs/bcprov-jdk15on.jar/META-INF/versions/9/org/bouncycastle/jcajce/provider/asymmetric/util/EC5Util.class
   JD: libs/bcprov-jdk15on.jar/META-INF/versions/9/org/bouncycastle/jcajce/provider/asymmetric/util/ECUtil$1.class
   JD: libs/bcprov-jdk15on.jar/META-INF/versions/9/org/bouncycastle/jcajce/provider/asymmetric/util/ECUtil.class
   JD: libs/bcprov-jdk15on.jar/META-INF/versions/9/org/bouncycastle/jcajce/provider/config/
   JD: libs/bcprov-jdk15on.jar/META-INF/versions/9/org/bouncycastle/jcajce/provider/config/ConfigurableProvider.class
   JD: libs/bcprov-jdk15on.jar/META-INF/versions/9/org/bouncycastle/jcajce/provider/config/ProviderConfiguration.class
   JD: libs/bcprov-jdk15on.jar/META-INF/versions/9/org/bouncycastle/jcajce/provider/config/ProviderConfigurationPermission.class
   JD: libs/bcprov-jdk15on.jar/META-INF/versions/9/org/bouncycastle/jcajce/provider/symmetric/
   JD: libs/bcprov-jdk15on.jar/META-INF/versions/9/org/bouncycastle/jcajce/provider/symmetric/util/
   JD: libs/bcprov-jdk15on.jar/META-INF/versions/9/org/bouncycastle/jcajce/provider/symmetric/util/ClassUtil$1.class
   JD: libs/bcprov-jdk15on.jar/META-INF/versions/9/org/bouncycastle/jcajce/provider/symmetric/util/ClassUtil.class
   JD: libs/bcprov-jdk15on.jar/META-INF/versions/9/org/bouncycastle/jcajce/provider/util/
   JD: libs/bcprov-jdk15on.jar/META-INF/versions/9/org/bouncycastle/jcajce/provider/util/AlgorithmProvider.class
   JD: libs/bcprov-jdk15on.jar/META-INF/versions/9/org/bouncycastle/jcajce/provider/util/AsymmetricKeyInfoConverter.class
   JD: libs/bcprov-jdk15on.jar/META-INF/versions/9/org/bouncycastle/jcajce/spec/
   JD: libs/bcprov-jdk15on.jar/META-INF/versions/9/org/bouncycastle/jcajce/spec/DHDomainParameterSpec.class
   JD: libs/bcprov-jdk15on.jar/META-INF/versions/9/org/bouncycastle/jce/
   JD: libs/bcprov-jdk15on.jar/META-INF/versions/9/org/bouncycastle/jce/ECGOST3410NamedCurveTable.class
   JD: libs/bcprov-jdk15on.jar/META-INF/versions/9/org/bouncycastle/jce/interfaces/
   JD: libs/bcprov-jdk15on.jar/META-INF/versions/9/org/bouncycastle/jce/interfaces/ECKey.class
   JD: libs/bcprov-jdk15on.jar/META-INF/versions/9/org/bouncycastle/jce/interfaces/ECPrivateKey.class
   JD: libs/bcprov-jdk15on.jar/META-INF/versions/9/org/bouncycastle/jce/interfaces/ECPublicKey.class
   JD: libs/bcprov-jdk15on.jar/META-INF/versions/9/org/bouncycastle/jce/provider/
   JD: libs/bcprov-jdk15on.jar/META-INF/versions/9/org/bouncycastle/jce/provider/BouncyCastleProvider$1.class
   JD: libs/bcprov-jdk15on.jar/META-INF/versions/9/org/bouncycastle/jce/provider/BouncyCastleProvider.class
   JD: libs/bcprov-jdk15on.jar/META-INF/versions/9/org/bouncycastle/jce/provider/BouncyCastleProviderConfiguration.class
   JD: libs/bcprov-jdk15on.jar/META-INF/versions/9/org/bouncycastle/jce/spec/
   JD: libs/bcprov-jdk15on.jar/META-INF/versions/9/org/bouncycastle/jce/spec/ECNamedCurveParameterSpec.class
   JD: libs/bcprov-jdk15on.jar/META-INF/versions/9/org/bouncycastle/jce/spec/ECNamedCurveSpec.class
   JD: libs/bcprov-jdk15on.jar/META-INF/versions/9/org/bouncycastle/jce/spec/ECParameterSpec.class
   JD: libs/bcprov-jdk15on.jar/META-INF/versions/9/org/bouncycastle/math/
   JD: libs/bcprov-jdk15on.jar/META-INF/versions/9/org/bouncycastle/math/ec/
   JD: libs/bcprov-jdk15on.jar/META-INF/versions/9/org/bouncycastle/math/ec/AbstractECLookupTable.class
   JD: libs/bcprov-jdk15on.jar/META-INF/versions/9/org/bouncycastle/math/ec/AbstractECMultiplier.class
   JD: libs/bcprov-jdk15on.jar/META-INF/versions/9/org/bouncycastle/math/ec/ECAlgorithms.class
   JD: libs/bcprov-jdk15on.jar/META-INF/versions/9/org/bouncycastle/math/ec/ECConstants.class
   JD: libs/bcprov-jdk15on.jar/META-INF/versions/9/org/bouncycastle/math/ec/ECCurve$1.class
   JD: libs/bcprov-jdk15on.jar/META-INF/versions/9/org/bouncycastle/math/ec/ECCurve$AbstractF2m.class
   JD: libs/bcprov-jdk15on.jar/META-INF/versions/9/org/bouncycastle/math/ec/ECCurve$AbstractFp.class
   JD: libs/bcprov-jdk15on.jar/META-INF/versions/9/org/bouncycastle/math/ec/ECCurve$Config.class
   JD: libs/bcprov-jdk15on.jar/META-INF/versions/9/org/bouncycastle/math/ec/ECCurve$F2m$1.class
   JD: libs/bcprov-jdk15on.jar/META-INF/versions/9/org/bouncycastle/math/ec/ECCurve$F2m.class
   JD: libs/bcprov-jdk15on.jar/META-INF/versions/9/org/bouncycastle/math/ec/ECCurve$Fp.class
   JD: libs/bcprov-jdk15on.jar/META-INF/versions/9/org/bouncycastle/math/ec/ECCurve.class
   JD: libs/bcprov-jdk15on.jar/META-INF/versions/9/org/bouncycastle/math/ec/ECFieldElement$AbstractF2m.class
   JD: libs/bcprov-jdk15on.jar/META-INF/versions/9/org/bouncycastle/math/ec/ECFieldElement$AbstractFp.class
   JD: libs/bcprov-jdk15on.jar/META-INF/versions/9/org/bouncycastle/math/ec/ECFieldElement$F2m.class
   JD: libs/bcprov-jdk15on.jar/META-INF/versions/9/org/bouncycastle/math/ec/ECFieldElement$Fp.class
   JD: libs/bcprov-jdk15on.jar/META-INF/versions/9/org/bouncycastle/math/ec/ECFieldElement.class
   JD: libs/bcprov-jdk15on.jar/META-INF/versions/9/org/bouncycastle/math/ec/ECLookupTable.class
   JD: libs/bcprov-jdk15on.jar/META-INF/versions/9/org/bouncycastle/math/ec/ECMultiplier.class
   JD: libs/bcprov-jdk15on.jar/META-INF/versions/9/org/bouncycastle/math/ec/ECPoint$1.class
   JD: libs/bcprov-jdk15on.jar/META-INF/versions/9/org/bouncycastle/math/ec/ECPoint$AbstractF2m.class
   JD: libs/bcprov-jdk15on.jar/META-INF/versions/9/org/bouncycastle/math/ec/ECPoint$AbstractFp.class
   JD: libs/bcprov-jdk15on.jar/META-INF/versions/9/org/bouncycastle/math/ec/ECPoint$F2m.class
   JD: libs/bcprov-jdk15on.jar/META-INF/versions/9/org/bouncycastle/math/ec/ECPoint$Fp.class
   JD: libs/bcprov-jdk15on.jar/META-INF/versions/9/org/bouncycastle/math/ec/ECPoint.class
   JD: libs/bcprov-jdk15on.jar/META-INF/versions/9/org/bouncycastle/math/ec/ECPointMap.class
   JD: libs/bcprov-jdk15on.jar/META-INF/versions/9/org/bouncycastle/math/ec/FixedPointCombMultiplier.class
   JD: libs/bcprov-jdk15on.jar/META-INF/versions/9/org/bouncycastle/math/ec/FixedPointPreCompInfo.class
   JD: libs/bcprov-jdk15on.jar/META-INF/versions/9/org/bouncycastle/math/ec/FixedPointUtil$1.class
   JD: libs/bcprov-jdk15on.jar/META-INF/versions/9/org/bouncycastle/math/ec/FixedPointUtil.class
   JD: libs/bcprov-jdk15on.jar/META-INF/versions/9/org/bouncycastle/math/ec/GLVMultiplier.class
   JD: libs/bcprov-jdk15on.jar/META-INF/versions/9/org/bouncycastle/math/ec/LongArray.class
   JD: libs/bcprov-jdk15on.jar/META-INF/versions/9/org/bouncycastle/math/ec/PreCompCallback.class
   JD: libs/bcprov-jdk15on.jar/META-INF/versions/9/org/bouncycastle/math/ec/PreCompInfo.class
   JD: libs/bcprov-jdk15on.jar/META-INF/versions/9/org/bouncycastle/math/ec/ScaleXPointMap.class
   JD: libs/bcprov-jdk15on.jar/META-INF/versions/9/org/bouncycastle/math/ec/SimpleBigDecimal.class
   JD: libs/bcprov-jdk15on.jar/META-INF/versions/9/org/bouncycastle/math/ec/Tnaf.class
   JD: libs/bcprov-jdk15on.jar/META-INF/versions/9/org/bouncycastle/math/ec/ValidityPrecompInfo.class
   JD: libs/bcprov-jdk15on.jar/META-INF/versions/9/org/bouncycastle/math/ec/WNafL2RMultiplier.class
   JD: libs/bcprov-jdk15on.jar/META-INF/versions/9/org/bouncycastle/math/ec/WNafPreCompInfo.class
   JD: libs/bcprov-jdk15on.jar/META-INF/versions/9/org/bouncycastle/math/ec/WNafUtil$1.class
   JD: libs/bcprov-jdk15on.jar/META-INF/versions/9/org/bouncycastle/math/ec/WNafUtil$2.class
   JD: libs/bcprov-jdk15on.jar/META-INF/versions/9/org/bouncycastle/math/ec/WNafUtil$3.class
   JD: libs/bcprov-jdk15on.jar/META-INF/versions/9/org/bouncycastle/math/ec/WNafUtil$4.class
   JD: libs/bcprov-jdk15on.jar/META-INF/versions/9/org/bouncycastle/math/ec/WNafUtil.class
   JD: libs/bcprov-jdk15on.jar/META-INF/versions/9/org/bouncycastle/math/ec/WTauNafMultiplier$1.class
   JD: libs/bcprov-jdk15on.jar/META-INF/versions/9/org/bouncycastle/math/ec/WTauNafMultiplier.class
   JD: libs/bcprov-jdk15on.jar/META-INF/versions/9/org/bouncycastle/math/ec/WTauNafPreCompInfo.class
   JD: libs/bcprov-jdk15on.jar/META-INF/versions/9/org/bouncycastle/math/ec/ZTauElement.class
   JD: libs/bcprov-jdk15on.jar/META-INF/versions/9/org/bouncycastle/math/ec/custom/
   JD: libs/bcprov-jdk15on.jar/META-INF/versions/9/org/bouncycastle/math/ec/custom/djb/
   JD: libs/bcprov-jdk15on.jar/META-INF/versions/9/org/bouncycastle/math/ec/custom/djb/Curve25519$1.class
   JD: libs/bcprov-jdk15on.jar/META-INF/versions/9/org/bouncycastle/math/ec/custom/djb/Curve25519.class
   JD: libs/bcprov-jdk15on.jar/META-INF/versions/9/org/bouncycastle/math/ec/custom/djb/Curve25519Field.class
   JD: libs/bcprov-jdk15on.jar/META-INF/versions/9/org/bouncycastle/math/ec/custom/djb/Curve25519FieldElement.class
   JD: libs/bcprov-jdk15on.jar/META-INF/versions/9/org/bouncycastle/math/ec/custom/djb/Curve25519Point.class
   JD: libs/bcprov-jdk15on.jar/META-INF/versions/9/org/bouncycastle/math/ec/custom/gm/
   JD: libs/bcprov-jdk15on.jar/META-INF/versions/9/org/bouncycastle/math/ec/custom/gm/SM2P256V1Curve$1.class
   JD: libs/bcprov-jdk15on.jar/META-INF/versions/9/org/bouncycastle/math/ec/custom/gm/SM2P256V1Curve.class
   JD: libs/bcprov-jdk15on.jar/META-INF/versions/9/org/bouncycastle/math/ec/custom/gm/SM2P256V1Field.class
   JD: libs/bcprov-jdk15on.jar/META-INF/versions/9/org/bouncycastle/math/ec/custom/gm/SM2P256V1FieldElement.class
   JD: libs/bcprov-jdk15on.jar/META-INF/versions/9/org/bouncycastle/math/ec/custom/gm/SM2P256V1Point.class
   JD: libs/bcprov-jdk15on.jar/META-INF/versions/9/org/bouncycastle/math/ec/custom/sec/
   JD: libs/bcprov-jdk15on.jar/META-INF/versions/9/org/bouncycastle/math/ec/custom/sec/SecP128R1Curve$1.class
   JD: libs/bcprov-jdk15on.jar/META-INF/versions/9/org/bouncycastle/math/ec/custom/sec/SecP128R1Curve.class
   JD: libs/bcprov-jdk15on.jar/META-INF/versions/9/org/bouncycastle/math/ec/custom/sec/SecP128R1Field.class
   JD: libs/bcprov-jdk15on.jar/META-INF/versions/9/org/bouncycastle/math/ec/custom/sec/SecP128R1FieldElement.class
   JD: libs/bcprov-jdk15on.jar/META-INF/versions/9/org/bouncycastle/math/ec/custom/sec/SecP128R1Point.class
   JD: libs/bcprov-jdk15on.jar/META-INF/versions/9/org/bouncycastle/math/ec/custom/sec/SecP160K1Curve$1.class
   JD: libs/bcprov-jdk15on.jar/META-INF/versions/9/org/bouncycastle/math/ec/custom/sec/SecP160K1Curve.class
   JD: libs/bcprov-jdk15on.jar/META-INF/versions/9/org/bouncycastle/math/ec/custom/sec/SecP160K1Point.class
   JD: libs/bcprov-jdk15on.jar/META-INF/versions/9/org/bouncycastle/math/ec/custom/sec/SecP160R1Curve$1.class
   JD: libs/bcprov-jdk15on.jar/META-INF/versions/9/org/bouncycastle/math/ec/custom/sec/SecP160R1Curve.class
   JD: libs/bcprov-jdk15on.jar/META-INF/versions/9/org/bouncycastle/math/ec/custom/sec/SecP160R1Field.class
   JD: libs/bcprov-jdk15on.jar/META-INF/versions/9/org/bouncycastle/math/ec/custom/sec/SecP160R1FieldElement.class
   JD: libs/bcprov-jdk15on.jar/META-INF/versions/9/org/bouncycastle/math/ec/custom/sec/SecP160R1Point.class
   JD: libs/bcprov-jdk15on.jar/META-INF/versions/9/org/bouncycastle/math/ec/custom/sec/SecP160R2Curve$1.class
   JD: libs/bcprov-jdk15on.jar/META-INF/versions/9/org/bouncycastle/math/ec/custom/sec/SecP160R2Curve.class
   JD: libs/bcprov-jdk15on.jar/META-INF/versions/9/org/bouncycastle/math/ec/custom/sec/SecP160R2Field.class
   JD: libs/bcprov-jdk15on.jar/META-INF/versions/9/org/bouncycastle/math/ec/custom/sec/SecP160R2FieldElement.class
   JD: libs/bcprov-jdk15on.jar/META-INF/versions/9/org/bouncycastle/math/ec/custom/sec/SecP160R2Point.class
   JD: libs/bcprov-jdk15on.jar/META-INF/versions/9/org/bouncycastle/math/ec/custom/sec/SecP192K1Curve$1.class
   JD: libs/bcprov-jdk15on.jar/META-INF/versions/9/org/bouncycastle/math/ec/custom/sec/SecP192K1Curve.class
   JD: libs/bcprov-jdk15on.jar/META-INF/versions/9/org/bouncycastle/math/ec/custom/sec/SecP192K1Field.class
   JD: libs/bcprov-jdk15on.jar/META-INF/versions/9/org/bouncycastle/math/ec/custom/sec/SecP192K1FieldElement.class
   JD: libs/bcprov-jdk15on.jar/META-INF/versions/9/org/bouncycastle/math/ec/custom/sec/SecP192K1Point.class
   JD: libs/bcprov-jdk15on.jar/META-INF/versions/9/org/bouncycastle/math/ec/custom/sec/SecP192R1Curve$1.class
   JD: libs/bcprov-jdk15on.jar/META-INF/versions/9/org/bouncycastle/math/ec/custom/sec/SecP192R1Curve.class
   JD: libs/bcprov-jdk15on.jar/META-INF/versions/9/org/bouncycastle/math/ec/custom/sec/SecP192R1Field.class
   JD: libs/bcprov-jdk15on.jar/META-INF/versions/9/org/bouncycastle/math/ec/custom/sec/SecP192R1FieldElement.class
   JD: libs/bcprov-jdk15on.jar/META-INF/versions/9/org/bouncycastle/math/ec/custom/sec/SecP192R1Point.class
   JD: libs/bcprov-jdk15on.jar/META-INF/versions/9/org/bouncycastle/math/ec/custom/sec/SecP224K1Curve$1.class
   JD: libs/bcprov-jdk15on.jar/META-INF/versions/9/org/bouncycastle/math/ec/custom/sec/SecP224K1Curve.class
   JD: libs/bcprov-jdk15on.jar/META-INF/versions/9/org/bouncycastle/math/ec/custom/sec/SecP224K1Field.class
   JD: libs/bcprov-jdk15on.jar/META-INF/versions/9/org/bouncycastle/math/ec/custom/sec/SecP224K1FieldElement.class
   JD: libs/bcprov-jdk15on.jar/META-INF/versions/9/org/bouncycastle/math/ec/custom/sec/SecP224K1Point.class
   JD: libs/bcprov-jdk15on.jar/META-INF/versions/9/org/bouncycastle/math/ec/custom/sec/SecP224R1Curve$1.class
   JD: libs/bcprov-jdk15on.jar/META-INF/versions/9/org/bouncycastle/math/ec/custom/sec/SecP224R1Curve.class
   JD: libs/bcprov-jdk15on.jar/META-INF/versions/9/org/bouncycastle/math/ec/custom/sec/SecP224R1Field.class
   JD: libs/bcprov-jdk15on.jar/META-INF/versions/9/org/bouncycastle/math/ec/custom/sec/SecP224R1FieldElement.class
   JD: libs/bcprov-jdk15on.jar/META-INF/versions/9/org/bouncycastle/math/ec/custom/sec/SecP224R1Point.class
   JD: libs/bcprov-jdk15on.jar/META-INF/versions/9/org/bouncycastle/math/ec/custom/sec/SecP256K1Curve$1.class
   JD: libs/bcprov-jdk15on.jar/META-INF/versions/9/org/bouncycastle/math/ec/custom/sec/SecP256K1Curve.class
   JD: libs/bcprov-jdk15on.jar/META-INF/versions/9/org/bouncycastle/math/ec/custom/sec/SecP256K1Field.class
   JD: libs/bcprov-jdk15on.jar/META-INF/versions/9/org/bouncycastle/math/ec/custom/sec/SecP256K1FieldElement.class
   JD: libs/bcprov-jdk15on.jar/META-INF/versions/9/org/bouncycastle/math/ec/custom/sec/SecP256K1Point.class
   JD: libs/bcprov-jdk15on.jar/META-INF/versions/9/org/bouncycastle/math/ec/custom/sec/SecP256R1Curve$1.class
   JD: libs/bcprov-jdk15on.jar/META-INF/versions/9/org/bouncycastle/math/ec/custom/sec/SecP256R1Curve.class
   JD: libs/bcprov-jdk15on.jar/META-INF/versions/9/org/bouncycastle/math/ec/custom/sec/SecP256R1Field.class
   JD: libs/bcprov-jdk15on.jar/META-INF/versions/9/org/bouncycastle/math/ec/custom/sec/SecP256R1FieldElement.class
   JD: libs/bcprov-jdk15on.jar/META-INF/versions/9/org/bouncycastle/math/ec/custom/sec/SecP256R1Point.class
   JD: libs/bcprov-jdk15on.jar/META-INF/versions/9/org/bouncycastle/math/ec/custom/sec/SecP384R1Curve$1.class
   JD: libs/bcprov-jdk15on.jar/META-INF/versions/9/org/bouncycastle/math/ec/custom/sec/SecP384R1Curve.class
   JD: libs/bcprov-jdk15on.jar/META-INF/versions/9/org/bouncycastle/math/ec/custom/sec/SecP384R1Field.class
   JD: libs/bcprov-jdk15on.jar/META-INF/versions/9/org/bouncycastle/math/ec/custom/sec/SecP384R1FieldElement.class
   JD: libs/bcprov-jdk15on.jar/META-INF/versions/9/org/bouncycastle/math/ec/custom/sec/SecP384R1Point.class
   JD: libs/bcprov-jdk15on.jar/META-INF/versions/9/org/bouncycastle/math/ec/custom/sec/SecP521R1Curve$1.class
   JD: libs/bcprov-jdk15on.jar/META-INF/versions/9/org/bouncycastle/math/ec/custom/sec/SecP521R1Curve.class
   JD: libs/bcprov-jdk15on.jar/META-INF/versions/9/org/bouncycastle/math/ec/custom/sec/SecP521R1Field.class
   JD: libs/bcprov-jdk15on.jar/META-INF/versions/9/org/bouncycastle/math/ec/custom/sec/SecP521R1FieldElement.class
   JD: libs/bcprov-jdk15on.jar/META-INF/versions/9/org/bouncycastle/math/ec/custom/sec/SecP521R1Point.class
   JD: libs/bcprov-jdk15on.jar/META-INF/versions/9/org/bouncycastle/math/ec/custom/sec/SecT113Field.class
   JD: libs/bcprov-jdk15on.jar/META-INF/versions/9/org/bouncycastle/math/ec/custom/sec/SecT113FieldElement.class
   JD: libs/bcprov-jdk15on.jar/META-INF/versions/9/org/bouncycastle/math/ec/custom/sec/SecT113R1Curve$1.class
   JD: libs/bcprov-jdk15on.jar/META-INF/versions/9/org/bouncycastle/math/ec/custom/sec/SecT113R1Curve.class
   JD: libs/bcprov-jdk15on.jar/META-INF/versions/9/org/bouncycastle/math/ec/custom/sec/SecT113R1Point.class
   JD: libs/bcprov-jdk15on.jar/META-INF/versions/9/org/bouncycastle/math/ec/custom/sec/SecT113R2Curve$1.class
   JD: libs/bcprov-jdk15on.jar/META-INF/versions/9/org/bouncycastle/math/ec/custom/sec/SecT113R2Curve.class
   JD: libs/bcprov-jdk15on.jar/META-INF/versions/9/org/bouncycastle/math/ec/custom/sec/SecT113R2Point.class
   JD: libs/bcprov-jdk15on.jar/META-INF/versions/9/org/bouncycastle/math/ec/custom/sec/SecT131Field.class
   JD: libs/bcprov-jdk15on.jar/META-INF/versions/9/org/bouncycastle/math/ec/custom/sec/SecT131FieldElement.class
   JD: libs/bcprov-jdk15on.jar/META-INF/versions/9/org/bouncycastle/math/ec/custom/sec/SecT131R1Curve$1.class
   JD: libs/bcprov-jdk15on.jar/META-INF/versions/9/org/bouncycastle/math/ec/custom/sec/SecT131R1Curve.class
   JD: libs/bcprov-jdk15on.jar/META-INF/versions/9/org/bouncycastle/math/ec/custom/sec/SecT131R1Point.class
   JD: libs/bcprov-jdk15on.jar/META-INF/versions/9/org/bouncycastle/math/ec/custom/sec/SecT131R2Curve$1.class
   JD: libs/bcprov-jdk15on.jar/META-INF/versions/9/org/bouncycastle/math/ec/custom/sec/SecT131R2Curve.class
   JD: libs/bcprov-jdk15on.jar/META-INF/versions/9/org/bouncycastle/math/ec/custom/sec/SecT131R2Point.class
   JD: libs/bcprov-jdk15on.jar/META-INF/versions/9/org/bouncycastle/math/ec/custom/sec/SecT163Field.class
   JD: libs/bcprov-jdk15on.jar/META-INF/versions/9/org/bouncycastle/math/ec/custom/sec/SecT163FieldElement.class
   JD: libs/bcprov-jdk15on.jar/META-INF/versions/9/org/bouncycastle/math/ec/custom/sec/SecT163K1Curve$1.class
   JD: libs/bcprov-jdk15on.jar/META-INF/versions/9/org/bouncycastle/math/ec/custom/sec/SecT163K1Curve.class
   JD: libs/bcprov-jdk15on.jar/META-INF/versions/9/org/bouncycastle/math/ec/custom/sec/SecT163K1Point.class
   JD: libs/bcprov-jdk15on.jar/META-INF/versions/9/org/bouncycastle/math/ec/custom/sec/SecT163R1Curve$1.class
   JD: libs/bcprov-jdk15on.jar/META-INF/versions/9/org/bouncycastle/math/ec/custom/sec/SecT163R1Curve.class
   JD: libs/bcprov-jdk15on.jar/META-INF/versions/9/org/bouncycastle/math/ec/custom/sec/SecT163R1Point.class
   JD: libs/bcprov-jdk15on.jar/META-INF/versions/9/org/bouncycastle/math/ec/custom/sec/SecT163R2Curve$1.class
   JD: libs/bcprov-jdk15on.jar/META-INF/versions/9/org/bouncycastle/math/ec/custom/sec/SecT163R2Curve.class
   JD: libs/bcprov-jdk15on.jar/META-INF/versions/9/org/bouncycastle/math/ec/custom/sec/SecT163R2Point.class
   JD: libs/bcprov-jdk15on.jar/META-INF/versions/9/org/bouncycastle/math/ec/custom/sec/SecT193Field.class
   JD: libs/bcprov-jdk15on.jar/META-INF/versions/9/org/bouncycastle/math/ec/custom/sec/SecT193FieldElement.class
   JD: libs/bcprov-jdk15on.jar/META-INF/versions/9/org/bouncycastle/math/ec/custom/sec/SecT193R1Curve$1.class
   JD: libs/bcprov-jdk15on.jar/META-INF/versions/9/org/bouncycastle/math/ec/custom/sec/SecT193R1Curve.class
   JD: libs/bcprov-jdk15on.jar/META-INF/versions/9/org/bouncycastle/math/ec/custom/sec/SecT193R1Point.class
   JD: libs/bcprov-jdk15on.jar/META-INF/versions/9/org/bouncycastle/math/ec/custom/sec/SecT193R2Curve$1.class
   JD: libs/bcprov-jdk15on.jar/META-INF/versions/9/org/bouncycastle/math/ec/custom/sec/SecT193R2Curve.class
   JD: libs/bcprov-jdk15on.jar/META-INF/versions/9/org/bouncycastle/math/ec/custom/sec/SecT193R2Point.class
   JD: libs/bcprov-jdk15on.jar/META-INF/versions/9/org/bouncycastle/math/ec/custom/sec/SecT233Field.class
   JD: libs/bcprov-jdk15on.jar/META-INF/versions/9/org/bouncycastle/math/ec/custom/sec/SecT233FieldElement.class
   JD: libs/bcprov-jdk15on.jar/META-INF/versions/9/org/bouncycastle/math/ec/custom/sec/SecT233K1Curve$1.class
   JD: libs/bcprov-jdk15on.jar/META-INF/versions/9/org/bouncycastle/math/ec/custom/sec/SecT233K1Curve.class
   JD: libs/bcprov-jdk15on.jar/META-INF/versions/9/org/bouncycastle/math/ec/custom/sec/SecT233K1Point.class
   JD: libs/bcprov-jdk15on.jar/META-INF/versions/9/org/bouncycastle/math/ec/custom/sec/SecT233R1Curve$1.class
   JD: libs/bcprov-jdk15on.jar/META-INF/versions/9/org/bouncycastle/math/ec/custom/sec/SecT233R1Curve.class
   JD: libs/bcprov-jdk15on.jar/META-INF/versions/9/org/bouncycastle/math/ec/custom/sec/SecT233R1Point.class
   JD: libs/bcprov-jdk15on.jar/META-INF/versions/9/org/bouncycastle/math/ec/custom/sec/SecT239Field.class
   JD: libs/bcprov-jdk15on.jar/META-INF/versions/9/org/bouncycastle/math/ec/custom/sec/SecT239FieldElement.class
   JD: libs/bcprov-jdk15on.jar/META-INF/versions/9/org/bouncycastle/math/ec/custom/sec/SecT239K1Curve$1.class
   JD: libs/bcprov-jdk15on.jar/META-INF/versions/9/org/bouncycastle/math/ec/custom/sec/SecT239K1Curve.class
   JD: libs/bcprov-jdk15on.jar/META-INF/versions/9/org/bouncycastle/math/ec/custom/sec/SecT239K1Point.class
   JD: libs/bcprov-jdk15on.jar/META-INF/versions/9/org/bouncycastle/math/ec/custom/sec/SecT283Field.class
   JD: libs/bcprov-jdk15on.jar/META-INF/versions/9/org/bouncycastle/math/ec/custom/sec/SecT283FieldElement.class
   JD: libs/bcprov-jdk15on.jar/META-INF/versions/9/org/bouncycastle/math/ec/custom/sec/SecT283K1Curve$1.class
   JD: libs/bcprov-jdk15on.jar/META-INF/versions/9/org/bouncycastle/math/ec/custom/sec/SecT283K1Curve.class
   JD: libs/bcprov-jdk15on.jar/META-INF/versions/9/org/bouncycastle/math/ec/custom/sec/SecT283K1Point.class
   JD: libs/bcprov-jdk15on.jar/META-INF/versions/9/org/bouncycastle/math/ec/custom/sec/SecT283R1Curve$1.class
   JD: libs/bcprov-jdk15on.jar/META-INF/versions/9/org/bouncycastle/math/ec/custom/sec/SecT283R1Curve.class
   JD: libs/bcprov-jdk15on.jar/META-INF/versions/9/org/bouncycastle/math/ec/custom/sec/SecT283R1Point.class
   JD: libs/bcprov-jdk15on.jar/META-INF/versions/9/org/bouncycastle/math/ec/custom/sec/SecT409Field.class
   JD: libs/bcprov-jdk15on.jar/META-INF/versions/9/org/bouncycastle/math/ec/custom/sec/SecT409FieldElement.class
   JD: libs/bcprov-jdk15on.jar/META-INF/versions/9/org/bouncycastle/math/ec/custom/sec/SecT409K1Curve$1.class
   JD: libs/bcprov-jdk15on.jar/META-INF/versions/9/org/bouncycastle/math/ec/custom/sec/SecT409K1Curve.class
   JD: libs/bcprov-jdk15on.jar/META-INF/versions/9/org/bouncycastle/math/ec/custom/sec/SecT409K1Point.class
   JD: libs/bcprov-jdk15on.jar/META-INF/versions/9/org/bouncycastle/math/ec/custom/sec/SecT409R1Curve$1.class
   JD: libs/bcprov-jdk15on.jar/META-INF/versions/9/org/bouncycastle/math/ec/custom/sec/SecT409R1Curve.class
   JD: libs/bcprov-jdk15on.jar/META-INF/versions/9/org/bouncycastle/math/ec/custom/sec/SecT409R1Point.class
   JD: libs/bcprov-jdk15on.jar/META-INF/versions/9/org/bouncycastle/math/ec/custom/sec/SecT571Field.class
   JD: libs/bcprov-jdk15on.jar/META-INF/versions/9/org/bouncycastle/math/ec/custom/sec/SecT571FieldElement.class
   JD: libs/bcprov-jdk15on.jar/META-INF/versions/9/org/bouncycastle/math/ec/custom/sec/SecT571K1Curve$1.class
   JD: libs/bcprov-jdk15on.jar/META-INF/versions/9/org/bouncycastle/math/ec/custom/sec/SecT571K1Curve.class
   JD: libs/bcprov-jdk15on.jar/META-INF/versions/9/org/bouncycastle/math/ec/custom/sec/SecT571K1Point.class
   JD: libs/bcprov-jdk15on.jar/META-INF/versions/9/org/bouncycastle/math/ec/custom/sec/SecT571R1Curve$1.class
   JD: libs/bcprov-jdk15on.jar/META-INF/versions/9/org/bouncycastle/math/ec/custom/sec/SecT571R1Curve.class
   JD: libs/bcprov-jdk15on.jar/META-INF/versions/9/org/bouncycastle/math/ec/custom/sec/SecT571R1Point.class
   JD: libs/bcprov-jdk15on.jar/META-INF/versions/9/org/bouncycastle/math/ec/endo/
   JD: libs/bcprov-jdk15on.jar/META-INF/versions/9/org/bouncycastle/math/ec/endo/ECEndomorphism.class
   JD: libs/bcprov-jdk15on.jar/META-INF/versions/9/org/bouncycastle/math/ec/endo/EndoPreCompInfo.class
   JD: libs/bcprov-jdk15on.jar/META-INF/versions/9/org/bouncycastle/math/ec/endo/EndoUtil$1.class
   JD: libs/bcprov-jdk15on.jar/META-INF/versions/9/org/bouncycastle/math/ec/endo/EndoUtil.class
   JD: libs/bcprov-jdk15on.jar/META-INF/versions/9/org/bouncycastle/math/ec/endo/GLVEndomorphism.class
   JD: libs/bcprov-jdk15on.jar/META-INF/versions/9/org/bouncycastle/math/ec/endo/GLVTypeBEndomorphism.class
   JD: libs/bcprov-jdk15on.jar/META-INF/versions/9/org/bouncycastle/math/ec/endo/GLVTypeBParameters.class
   JD: libs/bcprov-jdk15on.jar/META-INF/versions/9/org/bouncycastle/math/ec/endo/ScalarSplitParameters.class
   JD: libs/bcprov-jdk15on.jar/META-INF/versions/9/org/bouncycastle/math/field/
   JD: libs/bcprov-jdk15on.jar/META-INF/versions/9/org/bouncycastle/math/field/ExtensionField.class
   JD: libs/bcprov-jdk15on.jar/META-INF/versions/9/org/bouncycastle/math/field/FiniteField.class
   JD: libs/bcprov-jdk15on.jar/META-INF/versions/9/org/bouncycastle/math/field/FiniteFields.class
   JD: libs/bcprov-jdk15on.jar/META-INF/versions/9/org/bouncycastle/math/field/GF2Polynomial.class
   JD: libs/bcprov-jdk15on.jar/META-INF/versions/9/org/bouncycastle/math/field/GenericPolynomialExtensionField.class
   JD: libs/bcprov-jdk15on.jar/META-INF/versions/9/org/bouncycastle/math/field/Polynomial.class
   JD: libs/bcprov-jdk15on.jar/META-INF/versions/9/org/bouncycastle/math/field/PolynomialExtensionField.class
   JD: libs/bcprov-jdk15on.jar/META-INF/versions/9/org/bouncycastle/math/field/PrimeField.class
   JD: libs/bcprov-jdk15on.jar/META-INF/versions/9/org/bouncycastle/math/raw/
   JD: libs/bcprov-jdk15on.jar/META-INF/versions/9/org/bouncycastle/math/raw/Interleave.class
   JD: libs/bcprov-jdk15on.jar/META-INF/versions/9/org/bouncycastle/math/raw/Mod.class
   JD: libs/bcprov-jdk15on.jar/META-INF/versions/9/org/bouncycastle/math/raw/Nat.class
   JD: libs/bcprov-jdk15on.jar/META-INF/versions/9/org/bouncycastle/math/raw/Nat128.class
   JD: libs/bcprov-jdk15on.jar/META-INF/versions/9/org/bouncycastle/math/raw/Nat160.class
   JD: libs/bcprov-jdk15on.jar/META-INF/versions/9/org/bouncycastle/math/raw/Nat192.class
   JD: libs/bcprov-jdk15on.jar/META-INF/versions/9/org/bouncycastle/math/raw/Nat224.class
   JD: libs/bcprov-jdk15on.jar/META-INF/versions/9/org/bouncycastle/math/raw/Nat256.class
   JD: libs/bcprov-jdk15on.jar/META-INF/versions/9/org/bouncycastle/math/raw/Nat320.class
   JD: libs/bcprov-jdk15on.jar/META-INF/versions/9/org/bouncycastle/math/raw/Nat384.class
   JD: libs/bcprov-jdk15on.jar/META-INF/versions/9/org/bouncycastle/math/raw/Nat448.class
   JD: libs/bcprov-jdk15on.jar/META-INF/versions/9/org/bouncycastle/math/raw/Nat512.class
   JD: libs/bcprov-jdk15on.jar/META-INF/versions/9/org/bouncycastle/math/raw/Nat576.class
   JD: libs/bcprov-jdk15on.jar/META-INF/versions/9/org/bouncycastle/pqc/
   JD: libs/bcprov-jdk15on.jar/META-INF/versions/9/org/bouncycastle/pqc/asn1/
   JD: libs/bcprov-jdk15on.jar/META-INF/versions/9/org/bouncycastle/pqc/asn1/McElieceCCA2PrivateKey.class
   JD: libs/bcprov-jdk15on.jar/META-INF/versions/9/org/bouncycastle/pqc/asn1/McElieceCCA2PublicKey.class
   JD: libs/bcprov-jdk15on.jar/META-INF/versions/9/org/bouncycastle/pqc/asn1/McEliecePrivateKey.class
   JD: libs/bcprov-jdk15on.jar/META-INF/versions/9/org/bouncycastle/pqc/asn1/McEliecePublicKey.class
   JD: libs/bcprov-jdk15on.jar/META-INF/versions/9/org/bouncycastle/pqc/asn1/PQCObjectIdentifiers.class
   JD: libs/bcprov-jdk15on.jar/META-INF/versions/9/org/bouncycastle/pqc/asn1/RainbowPrivateKey.class
   JD: libs/bcprov-jdk15on.jar/META-INF/versions/9/org/bouncycastle/pqc/asn1/RainbowPublicKey.class
   JD: libs/bcprov-jdk15on.jar/META-INF/versions/9/org/bouncycastle/pqc/asn1/SPHINCS256KeyParams.class
   JD: libs/bcprov-jdk15on.jar/META-INF/versions/9/org/bouncycastle/pqc/asn1/XMSSKeyParams.class
   JD: libs/bcprov-jdk15on.jar/META-INF/versions/9/org/bouncycastle/pqc/asn1/XMSSMTKeyParams.class
   JD: libs/bcprov-jdk15on.jar/META-INF/versions/9/org/bouncycastle/pqc/asn1/XMSSMTPrivateKey.class
   JD: libs/bcprov-jdk15on.jar/META-INF/versions/9/org/bouncycastle/pqc/asn1/XMSSMTPublicKey.class
   JD: libs/bcprov-jdk15on.jar/META-INF/versions/9/org/bouncycastle/pqc/asn1/XMSSPrivateKey.class
   JD: libs/bcprov-jdk15on.jar/META-INF/versions/9/org/bouncycastle/pqc/asn1/XMSSPublicKey.class
   JD: libs/bcprov-jdk15on.jar/META-INF/versions/9/org/bouncycastle/pqc/crypto/
   JD: libs/bcprov-jdk15on.jar/META-INF/versions/9/org/bouncycastle/pqc/crypto/ExhaustedPrivateKeyException.class
   JD: libs/bcprov-jdk15on.jar/META-INF/versions/9/org/bouncycastle/pqc/crypto/lms/
   JD: libs/bcprov-jdk15on.jar/META-INF/versions/9/org/bouncycastle/pqc/crypto/lms/Composer.class
   JD: libs/bcprov-jdk15on.jar/META-INF/versions/9/org/bouncycastle/pqc/crypto/lms/DigestUtil.class
   JD: libs/bcprov-jdk15on.jar/META-INF/versions/9/org/bouncycastle/pqc/crypto/lms/HSS$PlaceholderLMSPrivateKey.class
   JD: libs/bcprov-jdk15on.jar/META-INF/versions/9/org/bouncycastle/pqc/crypto/lms/HSS.class
   JD: libs/bcprov-jdk15on.jar/META-INF/versions/9/org/bouncycastle/pqc/crypto/lms/HSSKeyGenerationParameters.class
   JD: libs/bcprov-jdk15on.jar/META-INF/versions/9/org/bouncycastle/pqc/crypto/lms/HSSPrivateKeyParameters.class
   JD: libs/bcprov-jdk15on.jar/META-INF/versions/9/org/bouncycastle/pqc/crypto/lms/HSSPublicKeyParameters.class
   JD: libs/bcprov-jdk15on.jar/META-INF/versions/9/org/bouncycastle/pqc/crypto/lms/HSSSignature.class
   JD: libs/bcprov-jdk15on.jar/META-INF/versions/9/org/bouncycastle/pqc/crypto/lms/LMOtsParameters$1.class
   JD: libs/bcprov-jdk15on.jar/META-INF/versions/9/org/bouncycastle/pqc/crypto/lms/LMOtsParameters.class
   JD: libs/bcprov-jdk15on.jar/META-INF/versions/9/org/bouncycastle/pqc/crypto/lms/LMOtsPrivateKey.class
   JD: libs/bcprov-jdk15on.jar/META-INF/versions/9/org/bouncycastle/pqc/crypto/lms/LMOtsPublicKey.class
   JD: libs/bcprov-jdk15on.jar/META-INF/versions/9/org/bouncycastle/pqc/crypto/lms/LMOtsSignature.class
   JD: libs/bcprov-jdk15on.jar/META-INF/versions/9/org/bouncycastle/pqc/crypto/lms/LMS.class
   JD: libs/bcprov-jdk15on.jar/META-INF/versions/9/org/bouncycastle/pqc/crypto/lms/LMSContext.class
   JD: libs/bcprov-jdk15on.jar/META-INF/versions/9/org/bouncycastle/pqc/crypto/lms/LMSContextBasedSigner.class
   JD: libs/bcprov-jdk15on.jar/META-INF/versions/9/org/bouncycastle/pqc/crypto/lms/LMSContextBasedVerifier.class
   JD: libs/bcprov-jdk15on.jar/META-INF/versions/9/org/bouncycastle/pqc/crypto/lms/LMSException.class
   JD: libs/bcprov-jdk15on.jar/META-INF/versions/9/org/bouncycastle/pqc/crypto/lms/LMSKeyParameters.class
   JD: libs/bcprov-jdk15on.jar/META-INF/versions/9/org/bouncycastle/pqc/crypto/lms/LMSParameters.class
   JD: libs/bcprov-jdk15on.jar/META-INF/versions/9/org/bouncycastle/pqc/crypto/lms/LMSPrivateKeyParameters$CacheKey.class
   JD: libs/bcprov-jdk15on.jar/META-INF/versions/9/org/bouncycastle/pqc/crypto/lms/LMSPrivateKeyParameters.class
   JD: libs/bcprov-jdk15on.jar/META-INF/versions/9/org/bouncycastle/pqc/crypto/lms/LMSPublicKeyParameters.class
   JD: libs/bcprov-jdk15on.jar/META-INF/versions/9/org/bouncycastle/pqc/crypto/lms/LMSSignature.class
   JD: libs/bcprov-jdk15on.jar/META-INF/versions/9/org/bouncycastle/pqc/crypto/lms/LMSSignedPubKey.class
   JD: libs/bcprov-jdk15on.jar/META-INF/versions/9/org/bouncycastle/pqc/crypto/lms/LMSigParameters$1.class
   JD: libs/bcprov-jdk15on.jar/META-INF/versions/9/org/bouncycastle/pqc/crypto/lms/LMSigParameters.class
   JD: libs/bcprov-jdk15on.jar/META-INF/versions/9/org/bouncycastle/pqc/crypto/lms/LM_OTS.class
   JD: libs/bcprov-jdk15on.jar/META-INF/versions/9/org/bouncycastle/pqc/crypto/lms/LmsUtils.class
   JD: libs/bcprov-jdk15on.jar/META-INF/versions/9/org/bouncycastle/pqc/crypto/lms/SeedDerive.class
   JD: libs/bcprov-jdk15on.jar/META-INF/versions/9/org/bouncycastle/pqc/crypto/mceliece/
   JD: libs/bcprov-jdk15on.jar/META-INF/versions/9/org/bouncycastle/pqc/crypto/mceliece/McElieceCCA2KeyGenerationParameters.class
   JD: libs/bcprov-jdk15on.jar/META-INF/versions/9/org/bouncycastle/pqc/crypto/mceliece/McElieceCCA2KeyPairGenerator.class
   JD: libs/bcprov-jdk15on.jar/META-INF/versions/9/org/bouncycastle/pqc/crypto/mceliece/McElieceCCA2KeyParameters.class
   JD: libs/bcprov-jdk15on.jar/META-INF/versions/9/org/bouncycastle/pqc/crypto/mceliece/McElieceCCA2Parameters.class
   JD: libs/bcprov-jdk15on.jar/META-INF/versions/9/org/bouncycastle/pqc/crypto/mceliece/McElieceCCA2PrivateKeyParameters.class
   JD: libs/bcprov-jdk15on.jar/META-INF/versions/9/org/bouncycastle/pqc/crypto/mceliece/McElieceCCA2PublicKeyParameters.class
   JD: libs/bcprov-jdk15on.jar/META-INF/versions/9/org/bouncycastle/pqc/crypto/mceliece/McElieceKeyGenerationParameters.class
   JD: libs/bcprov-jdk15on.jar/META-INF/versions/9/org/bouncycastle/pqc/crypto/mceliece/McElieceKeyPairGenerator.class
   JD: libs/bcprov-jdk15on.jar/META-INF/versions/9/org/bouncycastle/pqc/crypto/mceliece/McElieceKeyParameters.class
   JD: libs/bcprov-jdk15on.jar/META-INF/versions/9/org/bouncycastle/pqc/crypto/mceliece/McElieceParameters.class
   JD: libs/bcprov-jdk15on.jar/META-INF/versions/9/org/bouncycastle/pqc/crypto/mceliece/McEliecePrivateKeyParameters.class
   JD: libs/bcprov-jdk15on.jar/META-INF/versions/9/org/bouncycastle/pqc/crypto/mceliece/McEliecePublicKeyParameters.class
   JD: libs/bcprov-jdk15on.jar/META-INF/versions/9/org/bouncycastle/pqc/crypto/newhope/
   JD: libs/bcprov-jdk15on.jar/META-INF/versions/9/org/bouncycastle/pqc/crypto/newhope/NHPrivateKeyParameters.class
   JD: libs/bcprov-jdk15on.jar/META-INF/versions/9/org/bouncycastle/pqc/crypto/newhope/NHPublicKeyParameters.class
   JD: libs/bcprov-jdk15on.jar/META-INF/versions/9/org/bouncycastle/pqc/crypto/qtesla/
   JD: libs/bcprov-jdk15on.jar/META-INF/versions/9/org/bouncycastle/pqc/crypto/qtesla/HashUtils.class
   JD: libs/bcprov-jdk15on.jar/META-INF/versions/9/org/bouncycastle/pqc/crypto/qtesla/QTESLAPrivateKeyParameters.class
   JD: libs/bcprov-jdk15on.jar/META-INF/versions/9/org/bouncycastle/pqc/crypto/qtesla/QTESLAPublicKeyParameters.class
   JD: libs/bcprov-jdk15on.jar/META-INF/versions/9/org/bouncycastle/pqc/crypto/qtesla/QTESLASecurityCategory.class
   JD: libs/bcprov-jdk15on.jar/META-INF/versions/9/org/bouncycastle/pqc/crypto/qtesla/QTesla1p$Gaussian.class
   JD: libs/bcprov-jdk15on.jar/META-INF/versions/9/org/bouncycastle/pqc/crypto/qtesla/QTesla1p$QTesla1PPolynomial.class
   JD: libs/bcprov-jdk15on.jar/META-INF/versions/9/org/bouncycastle/pqc/crypto/qtesla/QTesla1p.class
   JD: libs/bcprov-jdk15on.jar/META-INF/versions/9/org/bouncycastle/pqc/crypto/qtesla/QTesla3p$Gaussian.class
   JD: libs/bcprov-jdk15on.jar/META-INF/versions/9/org/bouncycastle/pqc/crypto/qtesla/QTesla3p$QTesla3PPolynomial.class
   JD: libs/bcprov-jdk15on.jar/META-INF/versions/9/org/bouncycastle/pqc/crypto/qtesla/QTesla3p.class
   JD: libs/bcprov-jdk15on.jar/META-INF/versions/9/org/bouncycastle/pqc/crypto/rainbow/
   JD: libs/bcprov-jdk15on.jar/META-INF/versions/9/org/bouncycastle/pqc/crypto/rainbow/Layer.class
   JD: libs/bcprov-jdk15on.jar/META-INF/versions/9/org/bouncycastle/pqc/crypto/rainbow/RainbowKeyParameters.class
   JD: libs/bcprov-jdk15on.jar/META-INF/versions/9/org/bouncycastle/pqc/crypto/rainbow/RainbowParameters.class
   JD: libs/bcprov-jdk15on.jar/META-INF/versions/9/org/bouncycastle/pqc/crypto/rainbow/RainbowPrivateKeyParameters.class
   JD: libs/bcprov-jdk15on.jar/META-INF/versions/9/org/bouncycastle/pqc/crypto/rainbow/RainbowPublicKeyParameters.class
   JD: libs/bcprov-jdk15on.jar/META-INF/versions/9/org/bouncycastle/pqc/crypto/rainbow/util/
   JD: libs/bcprov-jdk15on.jar/META-INF/versions/9/org/bouncycastle/pqc/crypto/rainbow/util/GF2Field.class
   JD: libs/bcprov-jdk15on.jar/META-INF/versions/9/org/bouncycastle/pqc/crypto/rainbow/util/RainbowUtil.class
   JD: libs/bcprov-jdk15on.jar/META-INF/versions/9/org/bouncycastle/pqc/crypto/sphincs/
   JD: libs/bcprov-jdk15on.jar/META-INF/versions/9/org/bouncycastle/pqc/crypto/sphincs/SPHINCSKeyParameters.class
   JD: libs/bcprov-jdk15on.jar/META-INF/versions/9/org/bouncycastle/pqc/crypto/sphincs/SPHINCSPrivateKeyParameters.class
   JD: libs/bcprov-jdk15on.jar/META-INF/versions/9/org/bouncycastle/pqc/crypto/sphincs/SPHINCSPublicKeyParameters.class
   JD: libs/bcprov-jdk15on.jar/META-INF/versions/9/org/bouncycastle/pqc/crypto/util/
   JD: libs/bcprov-jdk15on.jar/META-INF/versions/9/org/bouncycastle/pqc/crypto/util/PrivateKeyFactory.class
   JD: libs/bcprov-jdk15on.jar/META-INF/versions/9/org/bouncycastle/pqc/crypto/util/PrivateKeyInfoFactory.class
   JD: libs/bcprov-jdk15on.jar/META-INF/versions/9/org/bouncycastle/pqc/crypto/util/PublicKeyFactory$1.class
   JD: libs/bcprov-jdk15on.jar/META-INF/versions/9/org/bouncycastle/pqc/crypto/util/PublicKeyFactory$LMSConverter.class
   JD: libs/bcprov-jdk15on.jar/META-INF/versions/9/org/bouncycastle/pqc/crypto/util/PublicKeyFactory$NHConverter.class
   JD: libs/bcprov-jdk15on.jar/META-INF/versions/9/org/bouncycastle/pqc/crypto/util/PublicKeyFactory$QTeslaConverter.class
   JD: libs/bcprov-jdk15on.jar/META-INF/versions/9/org/bouncycastle/pqc/crypto/util/PublicKeyFactory$SPHINCSConverter.class
   JD: libs/bcprov-jdk15on.jar/META-INF/versions/9/org/bouncycastle/pqc/crypto/util/PublicKeyFactory$SubjectPublicKeyInfoConverter.class
   JD: libs/bcprov-jdk15on.jar/META-INF/versions/9/org/bouncycastle/pqc/crypto/util/PublicKeyFactory$XMSSConverter.class
   JD: libs/bcprov-jdk15on.jar/META-INF/versions/9/org/bouncycastle/pqc/crypto/util/PublicKeyFactory$XMSSMTConverter.class
   JD: libs/bcprov-jdk15on.jar/META-INF/versions/9/org/bouncycastle/pqc/crypto/util/PublicKeyFactory.class
   JD: libs/bcprov-jdk15on.jar/META-INF/versions/9/org/bouncycastle/pqc/crypto/util/SubjectPublicKeyInfoFactory.class
   JD: libs/bcprov-jdk15on.jar/META-INF/versions/9/org/bouncycastle/pqc/crypto/util/Utils.class
   JD: libs/bcprov-jdk15on.jar/META-INF/versions/9/org/bouncycastle/pqc/crypto/xmss/
   JD: libs/bcprov-jdk15on.jar/META-INF/versions/9/org/bouncycastle/pqc/crypto/xmss/BDS.class
   JD: libs/bcprov-jdk15on.jar/META-INF/versions/9/org/bouncycastle/pqc/crypto/xmss/BDSStateMap.class
   JD: libs/bcprov-jdk15on.jar/META-INF/versions/9/org/bouncycastle/pqc/crypto/xmss/BDSTreeHash.class
   JD: libs/bcprov-jdk15on.jar/META-INF/versions/9/org/bouncycastle/pqc/crypto/xmss/DefaultXMSSMTOid.class
   JD: libs/bcprov-jdk15on.jar/META-INF/versions/9/org/bouncycastle/pqc/crypto/xmss/DefaultXMSSOid.class
   JD: libs/bcprov-jdk15on.jar/META-INF/versions/9/org/bouncycastle/pqc/crypto/xmss/DigestUtil.class
   JD: libs/bcprov-jdk15on.jar/META-INF/versions/9/org/bouncycastle/pqc/crypto/xmss/HashTreeAddress$1.class
   JD: libs/bcprov-jdk15on.jar/META-INF/versions/9/org/bouncycastle/pqc/crypto/xmss/HashTreeAddress$Builder.class
   JD: libs/bcprov-jdk15on.jar/META-INF/versions/9/org/bouncycastle/pqc/crypto/xmss/HashTreeAddress.class
   JD: libs/bcprov-jdk15on.jar/META-INF/versions/9/org/bouncycastle/pqc/crypto/xmss/KeyedHashFunctions.class
   JD: libs/bcprov-jdk15on.jar/META-INF/versions/9/org/bouncycastle/pqc/crypto/xmss/LTreeAddress$1.class
   JD: libs/bcprov-jdk15on.jar/META-INF/versions/9/org/bouncycastle/pqc/crypto/xmss/LTreeAddress$Builder.class
   JD: libs/bcprov-jdk15on.jar/META-INF/versions/9/org/bouncycastle/pqc/crypto/xmss/LTreeAddress.class
   JD: libs/bcprov-jdk15on.jar/META-INF/versions/9/org/bouncycastle/pqc/crypto/xmss/OTSHashAddress$1.class
   JD: libs/bcprov-jdk15on.jar/META-INF/versions/9/org/bouncycastle/pqc/crypto/xmss/OTSHashAddress$Builder.class
   JD: libs/bcprov-jdk15on.jar/META-INF/versions/9/org/bouncycastle/pqc/crypto/xmss/OTSHashAddress.class
   JD: libs/bcprov-jdk15on.jar/META-INF/versions/9/org/bouncycastle/pqc/crypto/xmss/WOTSPlus.class
   JD: libs/bcprov-jdk15on.jar/META-INF/versions/9/org/bouncycastle/pqc/crypto/xmss/WOTSPlusOid.class
   JD: libs/bcprov-jdk15on.jar/META-INF/versions/9/org/bouncycastle/pqc/crypto/xmss/WOTSPlusParameters.class
   JD: libs/bcprov-jdk15on.jar/META-INF/versions/9/org/bouncycastle/pqc/crypto/xmss/WOTSPlusPrivateKeyParameters.class
   JD: libs/bcprov-jdk15on.jar/META-INF/versions/9/org/bouncycastle/pqc/crypto/xmss/WOTSPlusPublicKeyParameters.class
   JD: libs/bcprov-jdk15on.jar/META-INF/versions/9/org/bouncycastle/pqc/crypto/xmss/WOTSPlusSignature.class
   JD: libs/bcprov-jdk15on.jar/META-INF/versions/9/org/bouncycastle/pqc/crypto/xmss/XMSSAddress$Builder.class
   JD: libs/bcprov-jdk15on.jar/META-INF/versions/9/org/bouncycastle/pqc/crypto/xmss/XMSSAddress.class
   JD: libs/bcprov-jdk15on.jar/META-INF/versions/9/org/bouncycastle/pqc/crypto/xmss/XMSSKeyParameters.class
   JD: libs/bcprov-jdk15on.jar/META-INF/versions/9/org/bouncycastle/pqc/crypto/xmss/XMSSMTKeyParameters.class
   JD: libs/bcprov-jdk15on.jar/META-INF/versions/9/org/bouncycastle/pqc/crypto/xmss/XMSSMTParameters.class
   JD: libs/bcprov-jdk15on.jar/META-INF/versions/9/org/bouncycastle/pqc/crypto/xmss/XMSSMTPrivateKeyParameters$1.class
   JD: libs/bcprov-jdk15on.jar/META-INF/versions/9/org/bouncycastle/pqc/crypto/xmss/XMSSMTPrivateKeyParameters$Builder.class
   JD: libs/bcprov-jdk15on.jar/META-INF/versions/9/org/bouncycastle/pqc/crypto/xmss/XMSSMTPrivateKeyParameters.class
   JD: libs/bcprov-jdk15on.jar/META-INF/versions/9/org/bouncycastle/pqc/crypto/xmss/XMSSMTPublicKeyParameters$1.class
   JD: libs/bcprov-jdk15on.jar/META-INF/versions/9/org/bouncycastle/pqc/crypto/xmss/XMSSMTPublicKeyParameters$Builder.class
   JD: libs/bcprov-jdk15on.jar/META-INF/versions/9/org/bouncycastle/pqc/crypto/xmss/XMSSMTPublicKeyParameters.class
   JD: libs/bcprov-jdk15on.jar/META-INF/versions/9/org/bouncycastle/pqc/crypto/xmss/XMSSNode.class
   JD: libs/bcprov-jdk15on.jar/META-INF/versions/9/org/bouncycastle/pqc/crypto/xmss/XMSSNodeUtil.class
   JD: libs/bcprov-jdk15on.jar/META-INF/versions/9/org/bouncycastle/pqc/crypto/xmss/XMSSOid.class
   JD: libs/bcprov-jdk15on.jar/META-INF/versions/9/org/bouncycastle/pqc/crypto/xmss/XMSSParameters.class
   JD: libs/bcprov-jdk15on.jar/META-INF/versions/9/org/bouncycastle/pqc/crypto/xmss/XMSSPrivateKeyParameters$1.class
   JD: libs/bcprov-jdk15on.jar/META-INF/versions/9/org/bouncycastle/pqc/crypto/xmss/XMSSPrivateKeyParameters$Builder.class
   JD: libs/bcprov-jdk15on.jar/META-INF/versions/9/org/bouncycastle/pqc/crypto/xmss/XMSSPrivateKeyParameters.class
   JD: libs/bcprov-jdk15on.jar/META-INF/versions/9/org/bouncycastle/pqc/crypto/xmss/XMSSPublicKeyParameters$1.class
   JD: libs/bcprov-jdk15on.jar/META-INF/versions/9/org/bouncycastle/pqc/crypto/xmss/XMSSPublicKeyParameters$Builder.class
   JD: libs/bcprov-jdk15on.jar/META-INF/versions/9/org/bouncycastle/pqc/crypto/xmss/XMSSPublicKeyParameters.class
   JD: libs/bcprov-jdk15on.jar/META-INF/versions/9/org/bouncycastle/pqc/crypto/xmss/XMSSStoreableObjectInterface.class
   JD: libs/bcprov-jdk15on.jar/META-INF/versions/9/org/bouncycastle/pqc/crypto/xmss/XMSSUtil$CheckingStream.class
   JD: libs/bcprov-jdk15on.jar/META-INF/versions/9/org/bouncycastle/pqc/crypto/xmss/XMSSUtil.class
   JD: libs/bcprov-jdk15on.jar/META-INF/versions/9/org/bouncycastle/pqc/jcajce/
   JD: libs/bcprov-jdk15on.jar/META-INF/versions/9/org/bouncycastle/pqc/jcajce/interfaces/
   JD: libs/bcprov-jdk15on.jar/META-INF/versions/9/org/bouncycastle/pqc/jcajce/interfaces/LMSKey.class
   JD: libs/bcprov-jdk15on.jar/META-INF/versions/9/org/bouncycastle/pqc/jcajce/interfaces/LMSPrivateKey.class
   JD: libs/bcprov-jdk15on.jar/META-INF/versions/9/org/bouncycastle/pqc/jcajce/interfaces/NHKey.class
   JD: libs/bcprov-jdk15on.jar/META-INF/versions/9/org/bouncycastle/pqc/jcajce/interfaces/NHPrivateKey.class
   JD: libs/bcprov-jdk15on.jar/META-INF/versions/9/org/bouncycastle/pqc/jcajce/interfaces/NHPublicKey.class
   JD: libs/bcprov-jdk15on.jar/META-INF/versions/9/org/bouncycastle/pqc/jcajce/interfaces/QTESLAKey.class
   JD: libs/bcprov-jdk15on.jar/META-INF/versions/9/org/bouncycastle/pqc/jcajce/interfaces/SPHINCSKey.class
   JD: libs/bcprov-jdk15on.jar/META-INF/versions/9/org/bouncycastle/pqc/jcajce/interfaces/XMSSKey.class
   JD: libs/bcprov-jdk15on.jar/META-INF/versions/9/org/bouncycastle/pqc/jcajce/interfaces/XMSSMTKey.class
   JD: libs/bcprov-jdk15on.jar/META-INF/versions/9/org/bouncycastle/pqc/jcajce/interfaces/XMSSMTPrivateKey.class
   JD: libs/bcprov-jdk15on.jar/META-INF/versions/9/org/bouncycastle/pqc/jcajce/interfaces/XMSSPrivateKey.class
   JD: libs/bcprov-jdk15on.jar/META-INF/versions/9/org/bouncycastle/pqc/jcajce/provider/
   JD: libs/bcprov-jdk15on.jar/META-INF/versions/9/org/bouncycastle/pqc/jcajce/provider/BouncyCastlePQCProvider$1.class
   JD: libs/bcprov-jdk15on.jar/META-INF/versions/9/org/bouncycastle/pqc/jcajce/provider/BouncyCastlePQCProvider$2.class
   JD: libs/bcprov-jdk15on.jar/META-INF/versions/9/org/bouncycastle/pqc/jcajce/provider/BouncyCastlePQCProvider.class
   JD: libs/bcprov-jdk15on.jar/META-INF/versions/9/org/bouncycastle/pqc/jcajce/provider/lms/
   JD: libs/bcprov-jdk15on.jar/META-INF/versions/9/org/bouncycastle/pqc/jcajce/provider/lms/BCLMSPrivateKey.class
   JD: libs/bcprov-jdk15on.jar/META-INF/versions/9/org/bouncycastle/pqc/jcajce/provider/lms/BCLMSPublicKey.class
   JD: libs/bcprov-jdk15on.jar/META-INF/versions/9/org/bouncycastle/pqc/jcajce/provider/lms/LMSKeyFactorySpi.class
   JD: libs/bcprov-jdk15on.jar/META-INF/versions/9/org/bouncycastle/pqc/jcajce/provider/mceliece/
   JD: libs/bcprov-jdk15on.jar/META-INF/versions/9/org/bouncycastle/pqc/jcajce/provider/mceliece/BCMcElieceCCA2PrivateKey.class
   JD: libs/bcprov-jdk15on.jar/META-INF/versions/9/org/bouncycastle/pqc/jcajce/provider/mceliece/BCMcElieceCCA2PublicKey.class
   JD: libs/bcprov-jdk15on.jar/META-INF/versions/9/org/bouncycastle/pqc/jcajce/provider/mceliece/BCMcEliecePrivateKey.class
   JD: libs/bcprov-jdk15on.jar/META-INF/versions/9/org/bouncycastle/pqc/jcajce/provider/mceliece/BCMcEliecePublicKey.class
   JD: libs/bcprov-jdk15on.jar/META-INF/versions/9/org/bouncycastle/pqc/jcajce/provider/mceliece/McElieceCCA2KeyFactorySpi.class
   JD: libs/bcprov-jdk15on.jar/META-INF/versions/9/org/bouncycastle/pqc/jcajce/provider/mceliece/McElieceKeyFactorySpi.class
   JD: libs/bcprov-jdk15on.jar/META-INF/versions/9/org/bouncycastle/pqc/jcajce/provider/mceliece/Utils.class
   JD: libs/bcprov-jdk15on.jar/META-INF/versions/9/org/bouncycastle/pqc/jcajce/provider/newhope/
   JD: libs/bcprov-jdk15on.jar/META-INF/versions/9/org/bouncycastle/pqc/jcajce/provider/newhope/BCNHPrivateKey.class
   JD: libs/bcprov-jdk15on.jar/META-INF/versions/9/org/bouncycastle/pqc/jcajce/provider/newhope/BCNHPublicKey.class
   JD: libs/bcprov-jdk15on.jar/META-INF/versions/9/org/bouncycastle/pqc/jcajce/provider/newhope/NHKeyFactorySpi.class
   JD: libs/bcprov-jdk15on.jar/META-INF/versions/9/org/bouncycastle/pqc/jcajce/provider/qtesla/
   JD: libs/bcprov-jdk15on.jar/META-INF/versions/9/org/bouncycastle/pqc/jcajce/provider/qtesla/BCqTESLAPrivateKey.class
   JD: libs/bcprov-jdk15on.jar/META-INF/versions/9/org/bouncycastle/pqc/jcajce/provider/qtesla/BCqTESLAPublicKey.class
   JD: libs/bcprov-jdk15on.jar/META-INF/versions/9/org/bouncycastle/pqc/jcajce/provider/qtesla/QTESLAKeyFactorySpi.class
   JD: libs/bcprov-jdk15on.jar/META-INF/versions/9/org/bouncycastle/pqc/jcajce/provider/rainbow/
   JD: libs/bcprov-jdk15on.jar/META-INF/versions/9/org/bouncycastle/pqc/jcajce/provider/rainbow/BCRainbowPrivateKey.class
   JD: libs/bcprov-jdk15on.jar/META-INF/versions/9/org/bouncycastle/pqc/jcajce/provider/rainbow/BCRainbowPublicKey.class
   JD: libs/bcprov-jdk15on.jar/META-INF/versions/9/org/bouncycastle/pqc/jcajce/provider/rainbow/RainbowKeyFactorySpi.class
   JD: libs/bcprov-jdk15on.jar/META-INF/versions/9/org/bouncycastle/pqc/jcajce/provider/sphincs/
   JD: libs/bcprov-jdk15on.jar/META-INF/versions/9/org/bouncycastle/pqc/jcajce/provider/sphincs/BCSphincs256PrivateKey.class
   JD: libs/bcprov-jdk15on.jar/META-INF/versions/9/org/bouncycastle/pqc/jcajce/provider/sphincs/BCSphincs256PublicKey.class
   JD: libs/bcprov-jdk15on.jar/META-INF/versions/9/org/bouncycastle/pqc/jcajce/provider/sphincs/Sphincs256KeyFactorySpi.class
   JD: libs/bcprov-jdk15on.jar/META-INF/versions/9/org/bouncycastle/pqc/jcajce/provider/util/
   JD: libs/bcprov-jdk15on.jar/META-INF/versions/9/org/bouncycastle/pqc/jcajce/provider/util/KeyUtil.class
   JD: libs/bcprov-jdk15on.jar/META-INF/versions/9/org/bouncycastle/pqc/jcajce/provider/xmss/
   JD: libs/bcprov-jdk15on.jar/META-INF/versions/9/org/bouncycastle/pqc/jcajce/provider/xmss/BCXMSSMTPrivateKey.class
   JD: libs/bcprov-jdk15on.jar/META-INF/versions/9/org/bouncycastle/pqc/jcajce/provider/xmss/BCXMSSMTPublicKey.class
   JD: libs/bcprov-jdk15on.jar/META-INF/versions/9/org/bouncycastle/pqc/jcajce/provider/xmss/BCXMSSPrivateKey.class
   JD: libs/bcprov-jdk15on.jar/META-INF/versions/9/org/bouncycastle/pqc/jcajce/provider/xmss/BCXMSSPublicKey.class
   JD: libs/bcprov-jdk15on.jar/META-INF/versions/9/org/bouncycastle/pqc/jcajce/provider/xmss/DigestUtil.class
   JD: libs/bcprov-jdk15on.jar/META-INF/versions/9/org/bouncycastle/pqc/jcajce/provider/xmss/XMSSKeyFactorySpi.class
   JD: libs/bcprov-jdk15on.jar/META-INF/versions/9/org/bouncycastle/pqc/jcajce/provider/xmss/XMSSMTKeyFactorySpi.class
   JD: libs/bcprov-jdk15on.jar/META-INF/versions/9/org/bouncycastle/pqc/jcajce/spec/
   JD: libs/bcprov-jdk15on.jar/META-INF/versions/9/org/bouncycastle/pqc/jcajce/spec/QTESLAParameterSpec.class
   JD: libs/bcprov-jdk15on.jar/META-INF/versions/9/org/bouncycastle/pqc/jcajce/spec/RainbowPrivateKeySpec.class
   JD: libs/bcprov-jdk15on.jar/META-INF/versions/9/org/bouncycastle/pqc/jcajce/spec/RainbowPublicKeySpec.class
   JD: libs/bcprov-jdk15on.jar/META-INF/versions/9/org/bouncycastle/pqc/jcajce/spec/XMSSParameterSpec.class
   JD: libs/bcprov-jdk15on.jar/META-INF/versions/9/org/bouncycastle/pqc/math/
   JD: libs/bcprov-jdk15on.jar/META-INF/versions/9/org/bouncycastle/pqc/math/linearalgebra/
   JD: libs/bcprov-jdk15on.jar/META-INF/versions/9/org/bouncycastle/pqc/math/linearalgebra/BigEndianConversions.class
   JD: libs/bcprov-jdk15on.jar/META-INF/versions/9/org/bouncycastle/pqc/math/linearalgebra/ByteUtils.class
   JD: libs/bcprov-jdk15on.jar/META-INF/versions/9/org/bouncycastle/pqc/math/linearalgebra/GF2Matrix.class
   JD: libs/bcprov-jdk15on.jar/META-INF/versions/9/org/bouncycastle/pqc/math/linearalgebra/GF2Vector.class
   JD: libs/bcprov-jdk15on.jar/META-INF/versions/9/org/bouncycastle/pqc/math/linearalgebra/GF2mField.class
   JD: libs/bcprov-jdk15on.jar/META-INF/versions/9/org/bouncycastle/pqc/math/linearalgebra/GF2mVector.class
   JD: libs/bcprov-jdk15on.jar/META-INF/versions/9/org/bouncycastle/pqc/math/linearalgebra/GoppaCode$MaMaPe.class
   JD: libs/bcprov-jdk15on.jar/META-INF/versions/9/org/bouncycastle/pqc/math/linearalgebra/GoppaCode$MatrixSet.class
   JD: libs/bcprov-jdk15on.jar/META-INF/versions/9/org/bouncycastle/pqc/math/linearalgebra/GoppaCode.class
   JD: libs/bcprov-jdk15on.jar/META-INF/versions/9/org/bouncycastle/pqc/math/linearalgebra/IntUtils.class
   JD: libs/bcprov-jdk15on.jar/META-INF/versions/9/org/bouncycastle/pqc/math/linearalgebra/IntegerFunctions.class
   JD: libs/bcprov-jdk15on.jar/META-INF/versions/9/org/bouncycastle/pqc/math/linearalgebra/LittleEndianConversions.class
   JD: libs/bcprov-jdk15on.jar/META-INF/versions/9/org/bouncycastle/pqc/math/linearalgebra/Matrix.class
   JD: libs/bcprov-jdk15on.jar/META-INF/versions/9/org/bouncycastle/pqc/math/linearalgebra/Permutation.class
   JD: libs/bcprov-jdk15on.jar/META-INF/versions/9/org/bouncycastle/pqc/math/linearalgebra/PolynomialGF2mSmallM.class
   JD: libs/bcprov-jdk15on.jar/META-INF/versions/9/org/bouncycastle/pqc/math/linearalgebra/PolynomialRingGF2.class
   JD: libs/bcprov-jdk15on.jar/META-INF/versions/9/org/bouncycastle/pqc/math/linearalgebra/PolynomialRingGF2m.class
   JD: libs/bcprov-jdk15on.jar/META-INF/versions/9/org/bouncycastle/pqc/math/linearalgebra/RandUtils.class
   JD: libs/bcprov-jdk15on.jar/META-INF/versions/9/org/bouncycastle/pqc/math/linearalgebra/Vector.class
   JD: libs/bcprov-jdk15on.jar/META-INF/versions/9/org/bouncycastle/util/
   JD: libs/bcprov-jdk15on.jar/META-INF/versions/9/org/bouncycastle/util/Arrays$Iterator.class
   JD: libs/bcprov-jdk15on.jar/META-INF/versions/9/org/bouncycastle/util/Arrays.class
   JD: libs/bcprov-jdk15on.jar/META-INF/versions/9/org/bouncycastle/util/BigIntegers.class
   JD: libs/bcprov-jdk15on.jar/META-INF/versions/9/org/bouncycastle/util/Encodable.class
   JD: libs/bcprov-jdk15on.jar/META-INF/versions/9/org/bouncycastle/util/Fingerprint.class
   JD: libs/bcprov-jdk15on.jar/META-INF/versions/9/org/bouncycastle/util/Integers.class
   JD: libs/bcprov-jdk15on.jar/META-INF/versions/9/org/bouncycastle/util/Iterable.class
   JD: libs/bcprov-jdk15on.jar/META-INF/versions/9/org/bouncycastle/util/Memoable.class
   JD: libs/bcprov-jdk15on.jar/META-INF/versions/9/org/bouncycastle/util/MemoableResetException.class
   JD: libs/bcprov-jdk15on.jar/META-INF/versions/9/org/bouncycastle/util/Objects.class
   JD: libs/bcprov-jdk15on.jar/META-INF/versions/9/org/bouncycastle/util/Pack.class
   JD: libs/bcprov-jdk15on.jar/META-INF/versions/9/org/bouncycastle/util/Properties$1.class
   JD: libs/bcprov-jdk15on.jar/META-INF/versions/9/org/bouncycastle/util/Properties$2.class
   JD: libs/bcprov-jdk15on.jar/META-INF/versions/9/org/bouncycastle/util/Properties.class
   JD: libs/bcprov-jdk15on.jar/META-INF/versions/9/org/bouncycastle/util/StringList.class
   JD: libs/bcprov-jdk15on.jar/META-INF/versions/9/org/bouncycastle/util/Strings$1.class
   JD: libs/bcprov-jdk15on.jar/META-INF/versions/9/org/bouncycastle/util/Strings$StringListImpl.class
   JD: libs/bcprov-jdk15on.jar/META-INF/versions/9/org/bouncycastle/util/Strings.class
   JD: libs/bcprov-jdk15on.jar/META-INF/versions/9/org/bouncycastle/util/encoders/
   JD: libs/bcprov-jdk15on.jar/META-INF/versions/9/org/bouncycastle/util/encoders/DecoderException.class
   JD: libs/bcprov-jdk15on.jar/META-INF/versions/9/org/bouncycastle/util/encoders/Encoder.class
   JD: libs/bcprov-jdk15on.jar/META-INF/versions/9/org/bouncycastle/util/encoders/EncoderException.class
   JD: libs/bcprov-jdk15on.jar/META-INF/versions/9/org/bouncycastle/util/encoders/Hex.class
   JD: libs/bcprov-jdk15on.jar/META-INF/versions/9/org/bouncycastle/util/encoders/HexEncoder.class
   JD: libs/bcprov-jdk15on.jar/META-INF/versions/9/org/bouncycastle/util/encoders/UTF8.class
   JD: libs/bcprov-jdk15on.jar/META-INF/versions/9/org/bouncycastle/util/io/
   JD: libs/bcprov-jdk15on.jar/META-INF/versions/9/org/bouncycastle/util/io/StreamOverflowException.class
   JD: libs/bcprov-jdk15on.jar/META-INF/versions/9/org/bouncycastle/util/io/Streams.class
   JD: libs/bcprov-jdk15on.jar/org/bouncycastle/asn1/ASN1GeneralizedTime.class
   JD: libs/bcprov-jdk15on.jar/org/bouncycastle/asn1/cmp/PKIHeaderBuilder.class
   JD: libs/bcprov-jdk15on.jar/org/bouncycastle/asn1/misc/MiscObjectIdentifiers.class
   JD: libs/bcprov-jdk15on.jar/org/bouncycastle/asn1/nist/KMACwithSHAKE128_params.class
   JD: libs/bcprov-jdk15on.jar/org/bouncycastle/asn1/nist/KMACwithSHAKE256_params.class
   JD: libs/bcprov-jdk15on.jar/org/bouncycastle/asn1/pkcs/PKCSObjectIdentifiers.class
   JD: libs/bcprov-jdk15on.jar/org/bouncycastle/asn1/pkcs/PrivateKeyInfo.class
   JD: libs/bcprov-jdk15on.jar/org/bouncycastle/asn1/x509/PKIXNameConstraintValidator.class
   JD: libs/bcprov-jdk15on.jar/org/bouncycastle/asn1/x509/X509ObjectIdentifiers.class
   JD: libs/bcprov-jdk15on.jar/org/bouncycastle/crypto/CryptoServicesRegistrar.class
   JD: libs/bcprov-jdk15on.jar/org/bouncycastle/crypto/KeyGenerationParameters.class
   JD: libs/bcprov-jdk15on.jar/org/bouncycastle/crypto/agreement/DHStandardGroups.class
   JD: libs/bcprov-jdk15on.jar/org/bouncycastle/crypto/agreement/DHUnifiedAgreement.class
   JD: libs/bcprov-jdk15on.jar/org/bouncycastle/crypto/agreement/ECDHCUnifiedAgreement.class
   JD: libs/bcprov-jdk15on.jar/org/bouncycastle/crypto/digests/CSHAKEDigest.class
   JD: libs/bcprov-jdk15on.jar/org/bouncycastle/crypto/digests/KeccakDigest.class
   JD: libs/bcprov-jdk15on.jar/org/bouncycastle/crypto/digests/SHA3Digest.class
   JD: libs/bcprov-jdk15on.jar/org/bouncycastle/crypto/digests/SHAKEDigest.class
   JD: libs/bcprov-jdk15on.jar/org/bouncycastle/crypto/digests/XofUtils.class
   JD: libs/bcprov-jdk15on.jar/org/bouncycastle/crypto/engines/CramerShoupCoreEngine.class
   JD: libs/bcprov-jdk15on.jar/org/bouncycastle/crypto/generators/Argon2BytesGenerator.class
   JD: libs/bcprov-jdk15on.jar/org/bouncycastle/crypto/generators/ECKeyPairGenerator.class
   JD: libs/bcprov-jdk15on.jar/org/bouncycastle/crypto/generators/SCrypt.class
   JD: libs/bcprov-jdk15on.jar/org/bouncycastle/crypto/macs/KMAC.class
   JD: libs/bcprov-jdk15on.jar/org/bouncycastle/crypto/modes/ChaCha20Poly1305.class
   JD: libs/bcprov-jdk15on.jar/org/bouncycastle/crypto/paddings/ISO10126d2Padding.class
   JD: libs/bcprov-jdk15on.jar/org/bouncycastle/crypto/params/DHPublicKeyParameters.class
   JD: libs/bcprov-jdk15on.jar/org/bouncycastle/crypto/params/ParametersWithRandom.class
   JD: libs/bcprov-jdk15on.jar/org/bouncycastle/crypto/prng/DRBGProvider.class
   JD: libs/bcprov-jdk15on.jar/org/bouncycastle/crypto/prng/SP800SecureRandom.class
   JD: libs/bcprov-jdk15on.jar/org/bouncycastle/crypto/prng/SP800SecureRandomBuilder$CTRDRBGProvider.class
   JD: libs/bcprov-jdk15on.jar/org/bouncycastle/crypto/prng/SP800SecureRandomBuilder$HMacDRBGProvider.class
   JD: libs/bcprov-jdk15on.jar/org/bouncycastle/crypto/prng/SP800SecureRandomBuilder$HashDRBGProvider.class
   JD: libs/bcprov-jdk15on.jar/org/bouncycastle/crypto/prng/SP800SecureRandomBuilder.class
   JD: libs/bcprov-jdk15on.jar/org/bouncycastle/crypto/signers/DSASigner.class
   JD: libs/bcprov-jdk15on.jar/org/bouncycastle/crypto/signers/ECDSASigner.class
   JD: libs/bcprov-jdk15on.jar/org/bouncycastle/crypto/signers/Ed25519Signer$Buffer.class
   JD: libs/bcprov-jdk15on.jar/org/bouncycastle/crypto/signers/Ed25519ctxSigner$Buffer.class
   JD: libs/bcprov-jdk15on.jar/org/bouncycastle/crypto/signers/Ed25519phSigner.class
   JD: libs/bcprov-jdk15on.jar/org/bouncycastle/crypto/signers/Ed448Signer$Buffer.class
   JD: libs/bcprov-jdk15on.jar/org/bouncycastle/crypto/signers/Ed448phSigner.class
   JD: libs/bcprov-jdk15on.jar/org/bouncycastle/crypto/util/OpenSSHPrivateKeyUtil.class
   JD: libs/bcprov-jdk15on.jar/org/bouncycastle/crypto/util/OpenSSHPublicKeyUtil.class
   JD: libs/bcprov-jdk15on.jar/org/bouncycastle/crypto/util/SSHNamedCurves$1.class
   JD: libs/bcprov-jdk15on.jar/org/bouncycastle/crypto/util/SSHNamedCurves$2.class
   JD: libs/bcprov-jdk15on.jar/org/bouncycastle/crypto/util/SSHNamedCurves$3.class
   JD: libs/bcprov-jdk15on.jar/org/bouncycastle/crypto/util/SSHNamedCurves$4.class
   JD: libs/bcprov-jdk15on.jar/org/bouncycastle/crypto/util/SSHNamedCurves.class
   JD: libs/bcprov-jdk15on.jar/org/bouncycastle/jcajce/PKIXCertRevocationChecker.class
   JD: libs/bcprov-jdk15on.jar/org/bouncycastle/jcajce/PKIXCertRevocationCheckerParameters.class
   JD: libs/bcprov-jdk15on.jar/org/bouncycastle/jcajce/PKIXCertStoreSelector.class
   JD: libs/bcprov-jdk15on.jar/org/bouncycastle/jcajce/provider/asymmetric/dh/AlgorithmParameterGeneratorSpi.class
   JD: libs/bcprov-jdk15on.jar/org/bouncycastle/jcajce/provider/asymmetric/dh/BCDHPrivateKey.class
   JD: libs/bcprov-jdk15on.jar/org/bouncycastle/jcajce/provider/asymmetric/dh/BCDHPublicKey.class
   JD: libs/bcprov-jdk15on.jar/org/bouncycastle/jcajce/provider/asymmetric/ec/BCECPublicKey.class
   JD: libs/bcprov-jdk15on.jar/org/bouncycastle/jcajce/provider/asymmetric/edec/BCEdDSAPrivateKey.class
   JD: libs/bcprov-jdk15on.jar/org/bouncycastle/jcajce/provider/asymmetric/edec/BCEdDSAPublicKey.class
   JD: libs/bcprov-jdk15on.jar/org/bouncycastle/jcajce/provider/asymmetric/edec/BCXDHPrivateKey.class
   JD: libs/bcprov-jdk15on.jar/org/bouncycastle/jcajce/provider/asymmetric/edec/BCXDHPublicKey.class
   JD: libs/bcprov-jdk15on.jar/org/bouncycastle/jcajce/provider/asymmetric/edec/KeyPairGeneratorSpi.class
   JD: libs/bcprov-jdk15on.jar/org/bouncycastle/jcajce/provider/asymmetric/rsa/BCRSAPrivateCrtKey.class
   JD: libs/bcprov-jdk15on.jar/org/bouncycastle/jcajce/provider/asymmetric/rsa/BCRSAPrivateKey.class
   JD: libs/bcprov-jdk15on.jar/org/bouncycastle/jcajce/provider/asymmetric/x509/X509SignatureUtil.class
   JD: libs/bcprov-jdk15on.jar/org/bouncycastle/jcajce/provider/digest/SHA3$Mappings.class
   JD: libs/bcprov-jdk15on.jar/org/bouncycastle/jcajce/provider/digest/SM3$HashMac.class
   JD: libs/bcprov-jdk15on.jar/org/bouncycastle/jcajce/provider/digest/SM3$KeyGenerator.class
   JD: libs/bcprov-jdk15on.jar/org/bouncycastle/jcajce/provider/digest/SM3$Mappings.class
   JD: libs/bcprov-jdk15on.jar/org/bouncycastle/jcajce/provider/digest/SM3.class
   JD: libs/bcprov-jdk15on.jar/org/bouncycastle/jcajce/provider/keystore/bc/BcKeyStoreSpi$BCKeyStoreException.class
   JD: libs/bcprov-jdk15on.jar/org/bouncycastle/jcajce/provider/keystore/bc/BcKeyStoreSpi.class
   JD: libs/bcprov-jdk15on.jar/org/bouncycastle/jcajce/provider/symmetric/AES$AlgParamsCCM.class
   JD: libs/bcprov-jdk15on.jar/org/bouncycastle/jcajce/provider/symmetric/AES$AlgParamsGCM.class
   JD: libs/bcprov-jdk15on.jar/org/bouncycastle/jcajce/provider/symmetric/ARIA$AlgParamsCCM.class
   JD: libs/bcprov-jdk15on.jar/org/bouncycastle/jcajce/provider/symmetric/ARIA$AlgParamsGCM.class
   JD: libs/bcprov-jdk15on.jar/org/bouncycastle/jcajce/provider/symmetric/GcmSpecUtil.class.removed
   JD: libs/bcprov-jdk15on.jar/org/bouncycastle/jcajce/provider/symmetric/util/BaseBlockCipher.class
   JD: libs/bcprov-jdk15on.jar/org/bouncycastle/jcajce/provider/symmetric/util/BaseMac.class
   JD: libs/bcprov-jdk15on.jar/org/bouncycastle/jcajce/provider/symmetric/util/GcmSpecUtil$1.class
   JD: libs/bcprov-jdk15on.jar/org/bouncycastle/jcajce/provider/symmetric/util/GcmSpecUtil$2.class
   JD: libs/bcprov-jdk15on.jar/org/bouncycastle/jcajce/provider/symmetric/util/GcmSpecUtil$3.class
   JD: libs/bcprov-jdk15on.jar/org/bouncycastle/jcajce/provider/symmetric/util/GcmSpecUtil.class
   JD: libs/bcprov-jdk15on.jar/org/bouncycastle/jcajce/spec/DHExtendedPrivateKeySpec.class
   JD: libs/bcprov-jdk15on.jar/org/bouncycastle/jcajce/spec/DHExtendedPublicKeySpec.class
   JD: libs/bcprov-jdk15on.jar/org/bouncycastle/jcajce/util/ECKeyUtil$ECPublicKeyWithCompression.class
   JD: libs/bcprov-jdk15on.jar/org/bouncycastle/jcajce/util/ECKeyUtil.class
   JD: libs/bcprov-jdk15on.jar/org/bouncycastle/jce/PKCS10CertificationRequest.class
   JD: libs/bcprov-jdk15on.jar/org/bouncycastle/jce/exception/ExtCertPathValidatorException.class
   JD: libs/bcprov-jdk15on.jar/org/bouncycastle/jce/provider/BouncyCastleProvider.class
   JD: libs/bcprov-jdk15on.jar/org/bouncycastle/jce/provider/CertPathValidatorUtilities.class
   JD: libs/bcprov-jdk15on.jar/org/bouncycastle/jce/provider/CrlCache$LocalCRLStore.class
   JD: libs/bcprov-jdk15on.jar/org/bouncycastle/jce/provider/CrlCache.class
   JD: libs/bcprov-jdk15on.jar/org/bouncycastle/jce/provider/OcspCache.class
   JD: libs/bcprov-jdk15on.jar/org/bouncycastle/jce/provider/PKIXCertPathBuilderSpi.class
   JD: libs/bcprov-jdk15on.jar/org/bouncycastle/jce/provider/PKIXCertPathBuilderSpi_8.class
   JD: libs/bcprov-jdk15on.jar/org/bouncycastle/jce/provider/PKIXCertPathValidatorSpi.class
   JD: libs/bcprov-jdk15on.jar/org/bouncycastle/jce/provider/PKIXCertPathValidatorSpi_8.class
   JD: libs/bcprov-jdk15on.jar/org/bouncycastle/jce/provider/ProvCrlRevocationChecker.class
   JD: libs/bcprov-jdk15on.jar/org/bouncycastle/jce/provider/ProvOcspRevocationChecker.class
   JD: libs/bcprov-jdk15on.jar/org/bouncycastle/jce/provider/ProvRevocationChecker.class
   JD: libs/bcprov-jdk15on.jar/org/bouncycastle/jce/provider/RFC3280CertPathUtilities.class
   JD: libs/bcprov-jdk15on.jar/org/bouncycastle/jce/provider/RFC3281CertPathUtilities.class
   JD: libs/bcprov-jdk15on.jar/org/bouncycastle/jce/provider/RecoverableCertPathValidatorException.class
   JD: libs/bcprov-jdk15on.jar/org/bouncycastle/jce/provider/WrappedRevocationChecker.class
   JD: libs/bcprov-jdk15on.jar/org/bouncycastle/math/ec/ECCurve$AbstractF2m.class
   JD: libs/bcprov-jdk15on.jar/org/bouncycastle/math/ec/ECCurve$AbstractFp.class
   JD: libs/bcprov-jdk15on.jar/org/bouncycastle/math/ec/ECCurve.class
   JD: libs/bcprov-jdk15on.jar/org/bouncycastle/math/ec/ECPoint.class
   JD: libs/bcprov-jdk15on.jar/org/bouncycastle/math/ec/custom/sec/SecP256K1Curve.class
   JD: libs/bcprov-jdk15on.jar/org/bouncycastle/math/ec/custom/sec/SecP256K1Field.class
   JD: libs/bcprov-jdk15on.jar/org/bouncycastle/math/ec/custom/sec/SecP256K1FieldElement.class
   JD: libs/bcprov-jdk15on.jar/org/bouncycastle/math/ec/custom/sec/SecP256R1Curve.class
   JD: libs/bcprov-jdk15on.jar/org/bouncycastle/math/ec/custom/sec/SecP256R1Field.class
   JD: libs/bcprov-jdk15on.jar/org/bouncycastle/math/ec/custom/sec/SecP256R1FieldElement.class
   JD: libs/bcprov-jdk15on.jar/org/bouncycastle/math/ec/custom/sec/SecP384R1Curve.class
   JD: libs/bcprov-jdk15on.jar/org/bouncycastle/math/ec/custom/sec/SecP384R1Field.class
   JD: libs/bcprov-jdk15on.jar/org/bouncycastle/math/ec/custom/sec/SecP384R1FieldElement.class
   JD: libs/bcprov-jdk15on.jar/org/bouncycastle/math/ec/custom/sec/SecP521R1Curve.class
   JD: libs/bcprov-jdk15on.jar/org/bouncycastle/math/ec/custom/sec/SecP521R1Field.class
   JD: libs/bcprov-jdk15on.jar/org/bouncycastle/math/ec/custom/sec/SecP521R1FieldElement.class
   JD: libs/bcprov-jdk15on.jar/org/bouncycastle/math/raw/Mod.class
   JD: libs/bcprov-jdk15on.jar/org/bouncycastle/math/raw/Nat.class
   JD: libs/bcprov-jdk15on.jar/org/bouncycastle/pqc/crypto/gmss/GMSSKeyPairGenerator.class
   JD: libs/bcprov-jdk15on.jar/org/bouncycastle/pqc/crypto/gmss/util/WinternitzOTSVerify.class
   JD: libs/bcprov-jdk15on.jar/org/bouncycastle/pqc/crypto/gmss/util/WinternitzOTSignature.class
   JD: libs/bcprov-jdk15on.jar/org/bouncycastle/pqc/crypto/lms/HSS.class
   JD: libs/bcprov-jdk15on.jar/org/bouncycastle/pqc/crypto/lms/HSSPrivateKeyParameters.class
   JD: libs/bcprov-jdk15on.jar/org/bouncycastle/pqc/crypto/lms/HSSPublicKeyParameters.class
   JD: libs/bcprov-jdk15on.jar/org/bouncycastle/pqc/crypto/lms/LMOtsPrivateKey.class
   JD: libs/bcprov-jdk15on.jar/org/bouncycastle/pqc/crypto/lms/LMOtsPublicKey.class
   JD: libs/bcprov-jdk15on.jar/org/bouncycastle/pqc/crypto/lms/LMS.class
   JD: libs/bcprov-jdk15on.jar/org/bouncycastle/pqc/crypto/lms/LMSContext.class
   JD: libs/bcprov-jdk15on.jar/org/bouncycastle/pqc/crypto/lms/LMSContextBasedSigner.class
   JD: libs/bcprov-jdk15on.jar/org/bouncycastle/pqc/crypto/lms/LMSContextBasedVerifier.class
   JD: libs/bcprov-jdk15on.jar/org/bouncycastle/pqc/crypto/lms/LMSPrivateKeyParameters.class
   JD: libs/bcprov-jdk15on.jar/org/bouncycastle/pqc/crypto/lms/LMSPublicKeyParameters.class
   JD: libs/bcprov-jdk15on.jar/org/bouncycastle/pqc/crypto/lms/LM_OTS.class
   JD: libs/bcprov-jdk15on.jar/org/bouncycastle/pqc/crypto/mceliece/McElieceCCA2KeyPairGenerator.class
   JD: libs/bcprov-jdk15on.jar/org/bouncycastle/pqc/crypto/mceliece/McElieceCipher.class
   JD: libs/bcprov-jdk15on.jar/org/bouncycastle/pqc/crypto/mceliece/McElieceFujisakiCipher.class
   JD: libs/bcprov-jdk15on.jar/org/bouncycastle/pqc/crypto/mceliece/McElieceKeyPairGenerator.class
   JD: libs/bcprov-jdk15on.jar/org/bouncycastle/pqc/crypto/mceliece/McEliecePointchevalCipher.class
   JD: libs/bcprov-jdk15on.jar/org/bouncycastle/pqc/crypto/qtesla/QTESLASecurityCategory.class
   JD: libs/bcprov-jdk15on.jar/org/bouncycastle/pqc/crypto/qtesla/QTesla1p$Gaussian.class
   JD: libs/bcprov-jdk15on.jar/org/bouncycastle/pqc/crypto/qtesla/QTesla1p$QTesla1PPolynomial.class
   JD: libs/bcprov-jdk15on.jar/org/bouncycastle/pqc/crypto/qtesla/QTesla1p.class
   JD: libs/bcprov-jdk15on.jar/org/bouncycastle/pqc/crypto/qtesla/QTesla3p.class
   JD: libs/bcprov-jdk15on.jar/org/bouncycastle/pqc/crypto/util/PrivateKeyFactory.class
   JD: libs/bcprov-jdk15on.jar/org/bouncycastle/pqc/crypto/util/PrivateKeyInfoFactory.class
   JD: libs/bcprov-jdk15on.jar/org/bouncycastle/pqc/crypto/util/PublicKeyFactory$LMSConverter.class
   JD: libs/bcprov-jdk15on.jar/org/bouncycastle/pqc/crypto/util/SubjectPublicKeyInfoFactory.class
   JD: libs/bcprov-jdk15on.jar/org/bouncycastle/pqc/jcajce/provider/BouncyCastlePQCProvider.class
   JD: libs/bcprov-jdk15on.jar/org/bouncycastle/pqc/jcajce/provider/lms/LMSKeyPairGeneratorSpi.class
   JD: libs/bcprov-jdk15on.jar/org/bouncycastle/pqc/jcajce/provider/lms/LMSSignatureSpi.class
   JD: libs/bcprov-jdk15on.jar/org/bouncycastle/pqc/jcajce/spec/LMSHSSKeyGenParameterSpec.class
   JD: libs/bcprov-jdk15on.jar/org/bouncycastle/pqc/jcajce/spec/LMSHSSParameterSpec.class
   JD: libs/bcprov-jdk15on.jar/org/bouncycastle/pqc/jcajce/spec/LMSKeyGenParameterSpec.class
   JD: libs/bcprov-jdk15on.jar/org/bouncycastle/pqc/jcajce/spec/LMSParameterSpec.class
   JD: libs/bcprov-jdk15on.jar/org/bouncycastle/util/Arrays.class
   JD: libs/bcprov-jdk15on.jar/org/bouncycastle/util/BigIntegers.class
   JD: libs/bcprov-jdk15on.jar/org/bouncycastle/util/Integers.class
   JD: libs/bcprov-jdk15on.jar/org/bouncycastle/util/encoders/Base64Encoder.class
   JD: libs/bcprov-jdk15on.jar/org/bouncycastle/util/encoders/HexEncoder.class
   JD: libs/bcprov-jdk15on.jar/org/bouncycastle/x509/PKIXCertPathReviewer.class
   JD: libs/bcprov-jdk15on.jar/org/bouncycastle/x509/X509Util.class
   JD: libs/bctls-jdk15on.jar/META-INF/BC1024KE.DSA
   JD: libs/bctls-jdk15on.jar/META-INF/BC1024KE.SF
   JD: libs/bctls-jdk15on.jar/META-INF/BC2048KE.DSA
   JD: libs/bctls-jdk15on.jar/META-INF/BC2048KE.SF
   JD: libs/bctls-jdk15on.jar/META-INF/MANIFEST.MF
   JD: libs/bctls-jdk15on.jar/META-INF/versions/9/org/bouncycastle/jsse/BCExtendedSSLSession.class
   JD: libs/bctls-jdk15on.jar/META-INF/versions/9/org/bouncycastle/jsse/BCSNIServerName.class
   JD: libs/bctls-jdk15on.jar/META-INF/versions/9/org/bouncycastle/jsse/provider/AbstractAlgorithmConstraints.class
   JD: libs/bctls-jdk15on.jar/META-INF/versions/9/org/bouncycastle/jsse/provider/BouncyCastleJsseProvider$1.class
   JD: libs/bctls-jdk15on.jar/META-INF/versions/9/org/bouncycastle/jsse/provider/BouncyCastleJsseProvider$2.class
   JD: libs/bctls-jdk15on.jar/META-INF/versions/9/org/bouncycastle/jsse/provider/BouncyCastleJsseProvider$3.class
   JD: libs/bctls-jdk15on.jar/META-INF/versions/9/org/bouncycastle/jsse/provider/BouncyCastleJsseProvider$4.class
   JD: libs/bctls-jdk15on.jar/META-INF/versions/9/org/bouncycastle/jsse/provider/BouncyCastleJsseProvider$5.class
   JD: libs/bctls-jdk15on.jar/META-INF/versions/9/org/bouncycastle/jsse/provider/BouncyCastleJsseProvider$6.class
   JD: libs/bctls-jdk15on.jar/META-INF/versions/9/org/bouncycastle/jsse/provider/BouncyCastleJsseProvider$7.class.removed
   JD: libs/bctls-jdk15on.jar/META-INF/versions/9/org/bouncycastle/jsse/provider/BouncyCastleJsseProvider$8.class
   JD: libs/bctls-jdk15on.jar/META-INF/versions/9/org/bouncycastle/jsse/provider/BouncyCastleJsseProvider$BcJsseService.class
   JD: libs/bctls-jdk15on.jar/META-INF/versions/9/org/bouncycastle/jsse/provider/BouncyCastleJsseProvider.class
   JD: libs/bctls-jdk15on.jar/META-INF/versions/9/org/bouncycastle/jsse/provider/CipherSuiteInfo.class
   JD: libs/bctls-jdk15on.jar/META-INF/versions/9/org/bouncycastle/jsse/provider/ContextData.class
   JD: libs/bctls-jdk15on.jar/META-INF/versions/9/org/bouncycastle/jsse/provider/DisabledAlgorithmConstraints.class
   JD: libs/bctls-jdk15on.jar/META-INF/versions/9/org/bouncycastle/jsse/provider/FipsUtils.class
   JD: libs/bctls-jdk15on.jar/META-INF/versions/9/org/bouncycastle/jsse/provider/JcaAlgorithmDecomposer.class
   JD: libs/bctls-jdk15on.jar/META-INF/versions/9/org/bouncycastle/jsse/provider/JsseSecurityParameters.class
   JD: libs/bctls-jdk15on.jar/META-INF/versions/9/org/bouncycastle/jsse/provider/JsseUtils$BCUnknownServerName.class
   JD: libs/bctls-jdk15on.jar/META-INF/versions/9/org/bouncycastle/jsse/provider/JsseUtils.class
   JD: libs/bctls-jdk15on.jar/META-INF/versions/9/org/bouncycastle/jsse/provider/JsseUtils_7.class
   JD: libs/bctls-jdk15on.jar/META-INF/versions/9/org/bouncycastle/jsse/provider/NamedGroupInfo$All.class
   JD: libs/bctls-jdk15on.jar/META-INF/versions/9/org/bouncycastle/jsse/provider/NamedGroupInfo$PerConnection.class
   JD: libs/bctls-jdk15on.jar/META-INF/versions/9/org/bouncycastle/jsse/provider/NamedGroupInfo$PerContext.class
   JD: libs/bctls-jdk15on.jar/META-INF/versions/9/org/bouncycastle/jsse/provider/NamedGroupInfo.class
   JD: libs/bctls-jdk15on.jar/META-INF/versions/9/org/bouncycastle/jsse/provider/ProvAlgorithmChecker.class
   JD: libs/bctls-jdk15on.jar/META-INF/versions/9/org/bouncycastle/jsse/provider/ProvAlgorithmConstraints.class
   JD: libs/bctls-jdk15on.jar/META-INF/versions/9/org/bouncycastle/jsse/provider/ProvSSLContextSpi$1.class
   JD: libs/bctls-jdk15on.jar/META-INF/versions/9/org/bouncycastle/jsse/provider/ProvSSLContextSpi.class
   JD: libs/bctls-jdk15on.jar/META-INF/versions/9/org/bouncycastle/jsse/provider/ProvSSLEngine.class
   JD: libs/bctls-jdk15on.jar/META-INF/versions/9/org/bouncycastle/jsse/provider/ProvSSLParameters.class
   JD: libs/bctls-jdk15on.jar/META-INF/versions/9/org/bouncycastle/jsse/provider/ProvSSLSession.class
   JD: libs/bctls-jdk15on.jar/META-INF/versions/9/org/bouncycastle/jsse/provider/ProvSSLSessionBase.class
   JD: libs/bctls-jdk15on.jar/META-INF/versions/9/org/bouncycastle/jsse/provider/ProvSSLSessionHandshake.class
   JD: libs/bctls-jdk15on.jar/META-INF/versions/9/org/bouncycastle/jsse/provider/ProvSSLSocketDirect.class
   JD: libs/bctls-jdk15on.jar/META-INF/versions/9/org/bouncycastle/jsse/provider/ProvSSLSocketWrap.class
   JD: libs/bctls-jdk15on.jar/META-INF/versions/9/org/bouncycastle/jsse/provider/ProvTlsClient$1.class
   JD: libs/bctls-jdk15on.jar/META-INF/versions/9/org/bouncycastle/jsse/provider/ProvTlsClient.class
   JD: libs/bctls-jdk15on.jar/META-INF/versions/9/org/bouncycastle/jsse/provider/ProvTlsServer.class
   JD: libs/bctls-jdk15on.jar/META-INF/versions/9/org/bouncycastle/jsse/provider/ProvTrustManagerFactorySpi.class
   JD: libs/bctls-jdk15on.jar/META-INF/versions/9/org/bouncycastle/jsse/provider/ProvX509KeyManager$1.class
   JD: libs/bctls-jdk15on.jar/META-INF/versions/9/org/bouncycastle/jsse/provider/ProvX509KeyManager$Match$Quality.class
   JD: libs/bctls-jdk15on.jar/META-INF/versions/9/org/bouncycastle/jsse/provider/ProvX509KeyManager$Match.class
   JD: libs/bctls-jdk15on.jar/META-INF/versions/9/org/bouncycastle/jsse/provider/ProvX509KeyManager$PublicKeyFilter.class
   JD: libs/bctls-jdk15on.jar/META-INF/versions/9/org/bouncycastle/jsse/provider/ProvX509KeyManager.class
   JD: libs/bctls-jdk15on.jar/META-INF/versions/9/org/bouncycastle/jsse/provider/ProvX509TrustManager.class
   JD: libs/bctls-jdk15on.jar/META-INF/versions/9/org/bouncycastle/jsse/provider/SSLSocketUtil.class
   JD: libs/bctls-jdk15on.jar/META-INF/versions/9/org/bouncycastle/jsse/provider/SignatureSchemeInfo$All.class
   JD: libs/bctls-jdk15on.jar/META-INF/versions/9/org/bouncycastle/jsse/provider/SignatureSchemeInfo$PerContext.class
   JD: libs/bctls-jdk15on.jar/META-INF/versions/9/org/bouncycastle/jsse/provider/SignatureSchemeInfo.class
   JD: libs/bctls-jdk15on.jar/META-INF/versions/9/org/bouncycastle/jsse/provider/SupportedGroups.class.removed
   JD: libs/bctls-jdk15on.jar/META-INF/versions/9/org/bouncycastle/jsse/provider/TransportData.class
   JD: libs/bctls-jdk15on.jar/META-INF/versions/9/org/bouncycastle/tls/AbstractTlsClient.class
   JD: libs/bctls-jdk15on.jar/META-INF/versions/9/org/bouncycastle/tls/AbstractTlsContext.class
   JD: libs/bctls-jdk15on.jar/META-INF/versions/9/org/bouncycastle/tls/AbstractTlsServer.class
   JD: libs/bctls-jdk15on.jar/META-INF/versions/9/org/bouncycastle/tls/Certificate.class
   JD: libs/bctls-jdk15on.jar/META-INF/versions/9/org/bouncycastle/tls/CertificateEntry.class
   JD: libs/bctls-jdk15on.jar/META-INF/versions/9/org/bouncycastle/tls/CertificateRequest.class
   JD: libs/bctls-jdk15on.jar/META-INF/versions/9/org/bouncycastle/tls/CertificateStatus.class
   JD: libs/bctls-jdk15on.jar/META-INF/versions/9/org/bouncycastle/tls/CertificateStatusRequestItemV2.class
   JD: libs/bctls-jdk15on.jar/META-INF/versions/9/org/bouncycastle/tls/CertificateStatusType.class
   JD: libs/bctls-jdk15on.jar/META-INF/versions/9/org/bouncycastle/tls/CertificateType.class
   JD: libs/bctls-jdk15on.jar/META-INF/versions/9/org/bouncycastle/tls/ClientHello.class
   JD: libs/bctls-jdk15on.jar/META-INF/versions/9/org/bouncycastle/tls/DefaultTlsDHGroupVerifier.class
   JD: libs/bctls-jdk15on.jar/META-INF/versions/9/org/bouncycastle/tls/DeferredHash.class
   JD: libs/bctls-jdk15on.jar/META-INF/versions/9/org/bouncycastle/tls/NamedGroup.class
   JD: libs/bctls-jdk15on.jar/META-INF/versions/9/org/bouncycastle/tls/ProtocolVersion.class
   JD: libs/bctls-jdk15on.jar/META-INF/versions/9/org/bouncycastle/tls/RecordStream$Record.class
   JD: libs/bctls-jdk15on.jar/META-INF/versions/9/org/bouncycastle/tls/RecordStream$SequenceNumber.class
   JD: libs/bctls-jdk15on.jar/META-INF/versions/9/org/bouncycastle/tls/RecordStream.class
   JD: libs/bctls-jdk15on.jar/META-INF/versions/9/org/bouncycastle/tls/SecurityParameters.class
   JD: libs/bctls-jdk15on.jar/META-INF/versions/9/org/bouncycastle/tls/SignatureScheme.class
   JD: libs/bctls-jdk15on.jar/META-INF/versions/9/org/bouncycastle/tls/TlsClientProtocol.class
   JD: libs/bctls-jdk15on.jar/META-INF/versions/9/org/bouncycastle/tls/TlsExtensionsUtils.class
   JD: libs/bctls-jdk15on.jar/META-INF/versions/9/org/bouncycastle/tls/TlsPeer.class
   JD: libs/bctls-jdk15on.jar/META-INF/versions/9/org/bouncycastle/tls/TlsProtocol.class
   JD: libs/bctls-jdk15on.jar/META-INF/versions/9/org/bouncycastle/tls/TlsServerProtocol.class
   JD: libs/bctls-jdk15on.jar/META-INF/versions/9/org/bouncycastle/tls/TlsUtils.class
   JD: libs/bctls-jdk15on.jar/META-INF/versions/9/org/bouncycastle/tls/TrustedAuthority.class
   JD: libs/bctls-jdk15on.jar/META-INF/versions/9/org/bouncycastle/tls/crypto/DHStandardGroups.class
   JD: libs/bctls-jdk15on.jar/META-INF/versions/9/org/bouncycastle/tls/crypto/SRP6StandardGroups.class
   JD: libs/bctls-jdk15on.jar/META-INF/versions/9/org/bouncycastle/tls/crypto/TlsCertificate.class
   JD: libs/bctls-jdk15on.jar/META-INF/versions/9/org/bouncycastle/tls/crypto/TlsCrypto.class
   JD: libs/bctls-jdk15on.jar/META-INF/versions/9/org/bouncycastle/tls/crypto/TlsCryptoUtils.class
   JD: libs/bctls-jdk15on.jar/META-INF/versions/9/org/bouncycastle/tls/crypto/TlsSecret.class
   JD: libs/bctls-jdk15on.jar/META-INF/versions/9/org/bouncycastle/tls/crypto/impl/AbstractTlsCrypto.class
   JD: libs/bctls-jdk15on.jar/META-INF/versions/9/org/bouncycastle/tls/crypto/impl/AbstractTlsSecret.class
   JD: libs/bctls-jdk15on.jar/META-INF/versions/9/org/bouncycastle/tls/crypto/impl/RSAUtil.class
   JD: libs/bctls-jdk15on.jar/META-INF/versions/9/org/bouncycastle/tls/crypto/impl/TlsAEADCipher.class
   JD: libs/bctls-jdk15on.jar/META-INF/versions/9/org/bouncycastle/tls/crypto/impl/TlsImplUtils.class
   JD: libs/bctls-jdk15on.jar/META-INF/versions/9/org/bouncycastle/tls/crypto/impl/jcajce/DHUtil.class
   JD: libs/bctls-jdk15on.jar/META-INF/versions/9/org/bouncycastle/tls/crypto/impl/jcajce/ECUtil.class
   JD: libs/bctls-jdk15on.jar/META-INF/versions/9/org/bouncycastle/tls/crypto/impl/jcajce/JcaDefaultTlsCredentialedSigner.class
   JD: libs/bctls-jdk15on.jar/META-INF/versions/9/org/bouncycastle/tls/crypto/impl/jcajce/JcaTlsCertificate.class
   JD: libs/bctls-jdk15on.jar/META-INF/versions/9/org/bouncycastle/tls/crypto/impl/jcajce/JcaTlsCrypto$1.class
   JD: libs/bctls-jdk15on.jar/META-INF/versions/9/org/bouncycastle/tls/crypto/impl/jcajce/JcaTlsCrypto$2.class
   JD: libs/bctls-jdk15on.jar/META-INF/versions/9/org/bouncycastle/tls/crypto/impl/jcajce/JcaTlsCrypto$3.class
   JD: libs/bctls-jdk15on.jar/META-INF/versions/9/org/bouncycastle/tls/crypto/impl/jcajce/JcaTlsCrypto$4.class
   JD: libs/bctls-jdk15on.jar/META-INF/versions/9/org/bouncycastle/tls/crypto/impl/jcajce/JcaTlsCrypto.class
   JD: libs/bctls-jdk15on.jar/META-INF/versions/9/org/bouncycastle/tls/crypto/impl/jcajce/JcaTlsRSASigner.class
   JD: libs/bctls-jdk15on.jar/META-INF/versions/9/org/bouncycastle/tls/crypto/impl/jcajce/JcaUtils.class
   JD: libs/bctls-jdk15on.jar/META-INF/versions/9/org/bouncycastle/tls/crypto/impl/jcajce/JcaVerifyingStreamSigner.class
   JD: libs/bctls-jdk15on.jar/META-INF/versions/9/org/bouncycastle/tls/crypto/impl/jcajce/JceTlsDHDomain.class
   JD: libs/bctls-jdk15on.jar/META-INF/versions/9/org/bouncycastle/tls/crypto/impl/jcajce/JceTlsECDH.class
   JD: libs/bctls-jdk15on.jar/META-INF/versions/9/org/bouncycastle/tls/crypto/impl/jcajce/JceTlsECDomain.class
   JD: libs/bctls-jdk15on.jar/META-INF/versions/9/org/bouncycastle/tls/crypto/impl/jcajce/JceTlsSecret.class
   JD: libs/bctls-jdk15on.jar/org/bouncycastle/jsse/BCExtendedSSLSession.class
   JD: libs/bctls-jdk15on.jar/org/bouncycastle/jsse/BCSNIServerName.class
   JD: libs/bctls-jdk15on.jar/org/bouncycastle/jsse/provider/AbstractAlgorithmConstraints.class
   JD: libs/bctls-jdk15on.jar/org/bouncycastle/jsse/provider/BouncyCastleJsseProvider$7.class.removed
   JD: libs/bctls-jdk15on.jar/org/bouncycastle/jsse/provider/BouncyCastleJsseProvider$8.class
   JD: libs/bctls-jdk15on.jar/org/bouncycastle/jsse/provider/BouncyCastleJsseProvider.class
   JD: libs/bctls-jdk15on.jar/org/bouncycastle/jsse/provider/CipherSuiteInfo.class
   JD: libs/bctls-jdk15on.jar/org/bouncycastle/jsse/provider/ContextData.class
   JD: libs/bctls-jdk15on.jar/org/bouncycastle/jsse/provider/DisabledAlgorithmConstraints.class
   JD: libs/bctls-jdk15on.jar/org/bouncycastle/jsse/provider/FipsUtils.class
   JD: libs/bctls-jdk15on.jar/org/bouncycastle/jsse/provider/JcaAlgorithmDecomposer.class
   JD: libs/bctls-jdk15on.jar/org/bouncycastle/jsse/provider/JsseSecurityParameters.class
   JD: libs/bctls-jdk15on.jar/org/bouncycastle/jsse/provider/JsseUtils.class
   JD: libs/bctls-jdk15on.jar/org/bouncycastle/jsse/provider/JsseUtils_7.class
   JD: libs/bctls-jdk15on.jar/org/bouncycastle/jsse/provider/NamedGroupInfo$All.class
   JD: libs/bctls-jdk15on.jar/org/bouncycastle/jsse/provider/NamedGroupInfo$PerConnection.class
   JD: libs/bctls-jdk15on.jar/org/bouncycastle/jsse/provider/NamedGroupInfo$PerContext.class
   JD: libs/bctls-jdk15on.jar/org/bouncycastle/jsse/provider/NamedGroupInfo.class
   JD: libs/bctls-jdk15on.jar/org/bouncycastle/jsse/provider/ProvAlgorithmChecker.class
   JD: libs/bctls-jdk15on.jar/org/bouncycastle/jsse/provider/ProvAlgorithmConstraints.class
   JD: libs/bctls-jdk15on.jar/org/bouncycastle/jsse/provider/ProvSSLContextSpi.class
   JD: libs/bctls-jdk15on.jar/org/bouncycastle/jsse/provider/ProvSSLEngine.class
   JD: libs/bctls-jdk15on.jar/org/bouncycastle/jsse/provider/ProvSSLParameters.class
   JD: libs/bctls-jdk15on.jar/org/bouncycastle/jsse/provider/ProvSSLSessionBase.class
   JD: libs/bctls-jdk15on.jar/org/bouncycastle/jsse/provider/ProvSSLSessionHandshake.class
   JD: libs/bctls-jdk15on.jar/org/bouncycastle/jsse/provider/ProvSSLSocketDirect.class
   JD: libs/bctls-jdk15on.jar/org/bouncycastle/jsse/provider/ProvSSLSocketWrap.class
   JD: libs/bctls-jdk15on.jar/org/bouncycastle/jsse/provider/ProvTlsClient$1.class
   JD: libs/bctls-jdk15on.jar/org/bouncycastle/jsse/provider/ProvTlsClient.class
   JD: libs/bctls-jdk15on.jar/org/bouncycastle/jsse/provider/ProvTlsServer.class
   JD: libs/bctls-jdk15on.jar/org/bouncycastle/jsse/provider/ProvTrustManagerFactorySpi.class
   JD: libs/bctls-jdk15on.jar/org/bouncycastle/jsse/provider/ProvX509KeyManager$PublicKeyFilter.class
   JD: libs/bctls-jdk15on.jar/org/bouncycastle/jsse/provider/ProvX509KeyManager.class
   JD: libs/bctls-jdk15on.jar/org/bouncycastle/jsse/provider/ProvX509TrustManager.class
   JD: libs/bctls-jdk15on.jar/org/bouncycastle/jsse/provider/ReflectionUtil$6.class
   JD: libs/bctls-jdk15on.jar/org/bouncycastle/jsse/provider/SignatureSchemeInfo$All.class
   JD: libs/bctls-jdk15on.jar/org/bouncycastle/jsse/provider/SignatureSchemeInfo$PerContext.class
   JD: libs/bctls-jdk15on.jar/org/bouncycastle/jsse/provider/SignatureSchemeInfo.class
   JD: libs/bctls-jdk15on.jar/org/bouncycastle/jsse/provider/SupportedGroups.class.removed
   JD: libs/bctls-jdk15on.jar/org/bouncycastle/jsse/provider/TransportData.class
   JD: libs/bctls-jdk15on.jar/org/bouncycastle/tls/AbstractTlsClient.class
   JD: libs/bctls-jdk15on.jar/org/bouncycastle/tls/AbstractTlsContext.class
   JD: libs/bctls-jdk15on.jar/org/bouncycastle/tls/AbstractTlsServer.class
   JD: libs/bctls-jdk15on.jar/org/bouncycastle/tls/Certificate.class
   JD: libs/bctls-jdk15on.jar/org/bouncycastle/tls/CertificateEntry.class
   JD: libs/bctls-jdk15on.jar/org/bouncycastle/tls/CertificateRequest.class
   JD: libs/bctls-jdk15on.jar/org/bouncycastle/tls/CertificateStatus.class
   JD: libs/bctls-jdk15on.jar/org/bouncycastle/tls/CertificateStatusRequestItemV2.class
   JD: libs/bctls-jdk15on.jar/org/bouncycastle/tls/CertificateStatusType.class
   JD: libs/bctls-jdk15on.jar/org/bouncycastle/tls/ClientHello.class
   JD: libs/bctls-jdk15on.jar/org/bouncycastle/tls/DTLSClientProtocol$ClientHandshakeState.class
   JD: libs/bctls-jdk15on.jar/org/bouncycastle/tls/DTLSClientProtocol.class
   JD: libs/bctls-jdk15on.jar/org/bouncycastle/tls/DTLSProtocol.class
   JD: libs/bctls-jdk15on.jar/org/bouncycastle/tls/DTLSRecordLayer.class
   JD: libs/bctls-jdk15on.jar/org/bouncycastle/tls/DTLSReliableHandshake.class
   JD: libs/bctls-jdk15on.jar/org/bouncycastle/tls/DTLSReplayWindow.class
   JD: libs/bctls-jdk15on.jar/org/bouncycastle/tls/DTLSServerProtocol$ServerHandshakeState.class
   JD: libs/bctls-jdk15on.jar/org/bouncycastle/tls/DTLSServerProtocol.class
   JD: libs/bctls-jdk15on.jar/org/bouncycastle/tls/DTLSVerifier.class
   JD: libs/bctls-jdk15on.jar/org/bouncycastle/tls/DeferredHash.class
   JD: libs/bctls-jdk15on.jar/org/bouncycastle/tls/NamedGroup.class
   JD: libs/bctls-jdk15on.jar/org/bouncycastle/tls/ProtocolVersion.class
   JD: libs/bctls-jdk15on.jar/org/bouncycastle/tls/RecordStream.class
   JD: libs/bctls-jdk15on.jar/org/bouncycastle/tls/SecurityParameters.class
   JD: libs/bctls-jdk15on.jar/org/bouncycastle/tls/SignatureScheme.class
   JD: libs/bctls-jdk15on.jar/org/bouncycastle/tls/TlsClientProtocol.class
   JD: libs/bctls-jdk15on.jar/org/bouncycastle/tls/TlsExtensionsUtils.class
   JD: libs/bctls-jdk15on.jar/org/bouncycastle/tls/TlsPeer.class
   JD: libs/bctls-jdk15on.jar/org/bouncycastle/tls/TlsProtocol.class
   JD: libs/bctls-jdk15on.jar/org/bouncycastle/tls/TlsServerProtocol.class
   JD: libs/bctls-jdk15on.jar/org/bouncycastle/tls/TlsUtils.class
   JD: libs/bctls-jdk15on.jar/org/bouncycastle/tls/TrustedAuthority.class
   JD: libs/bctls-jdk15on.jar/org/bouncycastle/tls/crypto/DHStandardGroups.class
   JD: libs/bctls-jdk15on.jar/org/bouncycastle/tls/crypto/SRP6StandardGroups.class
   JD: libs/bctls-jdk15on.jar/org/bouncycastle/tls/crypto/TlsCertificate.class
   JD: libs/bctls-jdk15on.jar/org/bouncycastle/tls/crypto/TlsCrypto.class
   JD: libs/bctls-jdk15on.jar/org/bouncycastle/tls/crypto/TlsCryptoUtils.class
   JD: libs/bctls-jdk15on.jar/org/bouncycastle/tls/crypto/TlsSecret.class
   JD: libs/bctls-jdk15on.jar/org/bouncycastle/tls/crypto/impl/AbstractTlsCrypto.class
   JD: libs/bctls-jdk15on.jar/org/bouncycastle/tls/crypto/impl/AbstractTlsSecret.class
   JD: libs/bctls-jdk15on.jar/org/bouncycastle/tls/crypto/impl/RSAUtil.class
   JD: libs/bctls-jdk15on.jar/org/bouncycastle/tls/crypto/impl/TlsAEADCipher.class
   JD: libs/bctls-jdk15on.jar/org/bouncycastle/tls/crypto/impl/TlsImplUtils.class
   JD: libs/bctls-jdk15on.jar/org/bouncycastle/tls/crypto/impl/bc/BcDefaultTlsCredentialedSigner.class
   JD: libs/bctls-jdk15on.jar/org/bouncycastle/tls/crypto/impl/bc/BcTlsCertificate.class
   JD: libs/bctls-jdk15on.jar/org/bouncycastle/tls/crypto/impl/bc/BcTlsCrypto.class
   JD: libs/bctls-jdk15on.jar/org/bouncycastle/tls/crypto/impl/bc/BcTlsECDomain.class
   JD: libs/bctls-jdk15on.jar/org/bouncycastle/tls/crypto/impl/bc/BcTlsRSASigner.class
   JD: libs/bctls-jdk15on.jar/org/bouncycastle/tls/crypto/impl/bc/BcTlsSecret.class
   JD: libs/bctls-jdk15on.jar/org/bouncycastle/tls/crypto/impl/bc/BcVerifyingStreamSigner.class
   JD: libs/bctls-jdk15on.jar/org/bouncycastle/tls/crypto/impl/jcajce/DHUtil.class
   JD: libs/bctls-jdk15on.jar/org/bouncycastle/tls/crypto/impl/jcajce/ECUtil.class
   JD: libs/bctls-jdk15on.jar/org/bouncycastle/tls/crypto/impl/jcajce/JcaDefaultTlsCredentialedSigner.class
   JD: libs/bctls-jdk15on.jar/org/bouncycastle/tls/crypto/impl/jcajce/JcaTlsCertificate.class
   JD: libs/bctls-jdk15on.jar/org/bouncycastle/tls/crypto/impl/jcajce/JcaTlsCrypto$4.class
   JD: libs/bctls-jdk15on.jar/org/bouncycastle/tls/crypto/impl/jcajce/JcaTlsCrypto.class
   JD: libs/bctls-jdk15on.jar/org/bouncycastle/tls/crypto/impl/jcajce/JcaTlsRSASigner.class
   JD: libs/bctls-jdk15on.jar/org/bouncycastle/tls/crypto/impl/jcajce/JcaUtils.class
   JD: libs/bctls-jdk15on.jar/org/bouncycastle/tls/crypto/impl/jcajce/JcaVerifyingStreamSigner.class
   JD: libs/bctls-jdk15on.jar/org/bouncycastle/tls/crypto/impl/jcajce/JceTlsDHDomain.class
   JD: libs/bctls-jdk15on.jar/org/bouncycastle/tls/crypto/impl/jcajce/JceTlsECDH.class
   JD: libs/bctls-jdk15on.jar/org/bouncycastle/tls/crypto/impl/jcajce/JceTlsECDomain.class
   JD: libs/bctls-jdk15on.jar/org/bouncycastle/tls/crypto/impl/jcajce/JceTlsSecret.class
   JD: libs/zip4j.jar/META-INF/
   JD: libs/zip4j.jar/META-INF/MANIFEST.MF
   JD: libs/zip4j.jar/META-INF/maven/
   JD: libs/zip4j.jar/META-INF/maven/net.lingala.zip4j/
   JD: libs/zip4j.jar/META-INF/maven/net.lingala.zip4j/zip4j/
   JD: libs/zip4j.jar/META-INF/maven/net.lingala.zip4j/zip4j/pom.properties
   JD: libs/zip4j.jar/META-INF/maven/net.lingala.zip4j/zip4j/pom.xml
   JD: libs/zip4j.jar/net/
   JD: libs/zip4j.jar/net/lingala/
   JD: libs/zip4j.jar/net/lingala/zip4j/
   JD: libs/zip4j.jar/net/lingala/zip4j/core/
   JD: libs/zip4j.jar/net/lingala/zip4j/core/HeaderReader.class
   JD: libs/zip4j.jar/net/lingala/zip4j/core/HeaderWriter.class
   JD: libs/zip4j.jar/net/lingala/zip4j/core/ZipFile.class
   JD: libs/zip4j.jar/net/lingala/zip4j/crypto/
   JD: libs/zip4j.jar/net/lingala/zip4j/crypto/AESDecrypter.class
   JD: libs/zip4j.jar/net/lingala/zip4j/crypto/AESEncrpyter.class
   JD: libs/zip4j.jar/net/lingala/zip4j/crypto/IDecrypter.class
   JD: libs/zip4j.jar/net/lingala/zip4j/crypto/IEncrypter.class
   JD: libs/zip4j.jar/net/lingala/zip4j/crypto/PBKDF2/
   JD: libs/zip4j.jar/net/lingala/zip4j/crypto/PBKDF2/BinTools.class
   JD: libs/zip4j.jar/net/lingala/zip4j/crypto/PBKDF2/MacBasedPRF.class
   JD: libs/zip4j.jar/net/lingala/zip4j/crypto/PBKDF2/PBKDF2Engine.class
   JD: libs/zip4j.jar/net/lingala/zip4j/crypto/PBKDF2/PBKDF2HexFormatter.class
   JD: libs/zip4j.jar/net/lingala/zip4j/crypto/PBKDF2/PBKDF2Parameters.class
   JD: libs/zip4j.jar/net/lingala/zip4j/crypto/PBKDF2/PRF.class
   JD: libs/zip4j.jar/net/lingala/zip4j/crypto/StandardDecrypter.class
   JD: libs/zip4j.jar/net/lingala/zip4j/crypto/StandardEncrypter.class
   JD: libs/zip4j.jar/net/lingala/zip4j/crypto/engine/
   JD: libs/zip4j.jar/net/lingala/zip4j/crypto/engine/AESEngine.class
   JD: libs/zip4j.jar/net/lingala/zip4j/crypto/engine/ZipCryptoEngine.class
   JD: libs/zip4j.jar/net/lingala/zip4j/exception/
   JD: libs/zip4j.jar/net/lingala/zip4j/exception/ZipException.class
   JD: libs/zip4j.jar/net/lingala/zip4j/exception/ZipExceptionConstants.class
   JD: libs/zip4j.jar/net/lingala/zip4j/io/
   JD: libs/zip4j.jar/net/lingala/zip4j/io/BaseInputStream.class
   JD: libs/zip4j.jar/net/lingala/zip4j/io/BaseOutputStream.class
   JD: libs/zip4j.jar/net/lingala/zip4j/io/CipherOutputStream.class
   JD: libs/zip4j.jar/net/lingala/zip4j/io/DeflaterOutputStream.class
   JD: libs/zip4j.jar/net/lingala/zip4j/io/InflaterInputStream.class
   JD: libs/zip4j.jar/net/lingala/zip4j/io/PartInputStream.class
   JD: libs/zip4j.jar/net/lingala/zip4j/io/SplitOutputStream.class
   JD: libs/zip4j.jar/net/lingala/zip4j/io/ZipInputStream.class
   JD: libs/zip4j.jar/net/lingala/zip4j/io/ZipOutputStream.class
   JD: libs/zip4j.jar/net/lingala/zip4j/model/
   JD: libs/zip4j.jar/net/lingala/zip4j/model/AESExtraDataRecord.class
   JD: libs/zip4j.jar/net/lingala/zip4j/model/ArchiveExtraDataRecord.class
   JD: libs/zip4j.jar/net/lingala/zip4j/model/CentralDirectory.class
   JD: libs/zip4j.jar/net/lingala/zip4j/model/DataDescriptor.class
   JD: libs/zip4j.jar/net/lingala/zip4j/model/DigitalSignature.class
   JD: libs/zip4j.jar/net/lingala/zip4j/model/EndCentralDirRecord.class
   JD: libs/zip4j.jar/net/lingala/zip4j/model/ExtraDataRecord.class
   JD: libs/zip4j.jar/net/lingala/zip4j/model/FileHeader.class
   JD: libs/zip4j.jar/net/lingala/zip4j/model/LocalFileHeader.class
   JD: libs/zip4j.jar/net/lingala/zip4j/model/UnzipEngineParameters.class
   JD: libs/zip4j.jar/net/lingala/zip4j/model/UnzipParameters.class
   JD: libs/zip4j.jar/net/lingala/zip4j/model/Zip64EndCentralDirLocator.class
   JD: libs/zip4j.jar/net/lingala/zip4j/model/Zip64EndCentralDirRecord.class
   JD: libs/zip4j.jar/net/lingala/zip4j/model/Zip64ExtendedInfo.class
   JD: libs/zip4j.jar/net/lingala/zip4j/model/ZipModel.class
   JD: libs/zip4j.jar/net/lingala/zip4j/model/ZipParameters.class
   JD: libs/zip4j.jar/net/lingala/zip4j/progress/
   JD: libs/zip4j.jar/net/lingala/zip4j/progress/ProgressMonitor.class
   JD: libs/zip4j.jar/net/lingala/zip4j/unzip/
   JD: libs/zip4j.jar/net/lingala/zip4j/unzip/Unzip$1.class
   JD: libs/zip4j.jar/net/lingala/zip4j/unzip/Unzip$2.class
   JD: libs/zip4j.jar/net/lingala/zip4j/unzip/Unzip.class
   JD: libs/zip4j.jar/net/lingala/zip4j/unzip/UnzipEngine.class
   JD: libs/zip4j.jar/net/lingala/zip4j/unzip/UnzipUtil.class
   JD: libs/zip4j.jar/net/lingala/zip4j/util/
   JD: libs/zip4j.jar/net/lingala/zip4j/util/ArchiveMaintainer$1.class
   JD: libs/zip4j.jar/net/lingala/zip4j/util/ArchiveMaintainer$2.class
   JD: libs/zip4j.jar/net/lingala/zip4j/util/ArchiveMaintainer.class
   JD: libs/zip4j.jar/net/lingala/zip4j/util/CRCUtil.class
   JD: libs/zip4j.jar/net/lingala/zip4j/util/InternalZipConstants.class
   JD: libs/zip4j.jar/net/lingala/zip4j/util/Raw.class
   JD: libs/zip4j.jar/net/lingala/zip4j/util/Zip4jConstants.class
   JD: libs/zip4j.jar/net/lingala/zip4j/util/Zip4jUtil.class
   JD: libs/zip4j.jar/net/lingala/zip4j/zip/
   JD: libs/zip4j.jar/net/lingala/zip4j/zip/ZipEngine$1.class
   JD: libs/zip4j.jar/net/lingala/zip4j/zip/ZipEngine.class
   libs/JDGUI.jar
   libs/JDHttp.jar
   libs/bcpkix-jdk15on.jar
   libs/bcprov-jdk15on.jar
   libs/bctls-jdk15on.jar
   libs/zip4j.jar
   licenses/bcpkix-jdk15on.jar.info
   licenses/bcprov-jdk15on.jar.info
   licenses/bctls-jdk15on.jar.info
   licenses/miglayout.info
   licenses/zip4j.jar.info
