Wed Jan 06 01:18:59 CST 2021
Package: package_1609867108670.awf
Install
Write Revision: 14725
----------------Plugins----------------
   jd/plugins/decrypter/A2ZAnime.class.removed
   jd/plugins/decrypter/AZMovies.class.removed
   jd/plugins/decrypter/AbloadDeGallery.class
   jd/plugins/decrypter/AcomicSpace.class
   jd/plugins/decrypter/AdfLy.class
   jd/plugins/decrypter/AdhyPe.class.removed
   jd/plugins/decrypter/AdyouMe.class
   jd/plugins/decrypter/AllmovieTv.class.removed
   jd/plugins/decrypter/AllofbachCom.class.removed
   jd/plugins/decrypter/AllySh.class
   jd/plugins/decrypter/AlphaChanMoe.class.removed
   jd/plugins/decrypter/AmateurDumperCom.class
   jd/plugins/decrypter/AmateurMasturbationsCom.class
   jd/plugins/decrypter/AnimeFrenzy.class
   jd/plugins/decrypter/AnimeHeaven.class.removed
   jd/plugins/decrypter/AnimeTheHyliaCom.class
   jd/plugins/decrypter/AnimegalleriesNet.class
   jd/plugins/decrypter/Animehub.class.removed
   jd/plugins/decrypter/AnimesTelecine.class.removed
   jd/plugins/decrypter/Animestc.class.removed
   jd/plugins/decrypter/AnimoPaceStream.class.removed
   jd/plugins/decrypter/AnonytextTk.class.removed
   jd/plugins/decrypter/AparatCom.class
   jd/plugins/decrypter/ApunkaBollyWoodNet.class.removed
   jd/plugins/decrypter/ArchiveOrg.class
   jd/plugins/decrypter/Ardmediathek.class
   jd/plugins/decrypter/ArtStationComProjects.class
   jd/plugins/decrypter/ArtistArtstationCom.class.removed
   jd/plugins/decrypter/AtvAt$2.class
   jd/plugins/decrypter/AtvAt.class
   jd/plugins/decrypter/AudCtlNt.class.removed
   jd/plugins/decrypter/AudioMackComDecrypter.class
   jd/plugins/decrypter/AventertainmentsCom.class
   jd/plugins/decrypter/BandCampComDecrypter.class
   jd/plugins/decrypter/BcVc.class
   jd/plugins/decrypter/BinBoxIo.class.removed
   jd/plugins/decrypter/BiqleRu.class
   jd/plugins/decrypter/BitchuteComChannel.class
   jd/plugins/decrypter/BlairWitchDe.class.removed
   jd/plugins/decrypter/BlockFilestoreCom.class
   jd/plugins/decrypter/BlurGa.class.removed
   jd/plugins/decrypter/Brds4Chnrg$1.class
   jd/plugins/decrypter/Brds4Chnrg.class
   jd/plugins/decrypter/BreakComDecrypter.class.removed
   jd/plugins/decrypter/BsTo.class
   jd/plugins/decrypter/CamhubCc.class
   jd/plugins/decrypter/CamwhoresTv.class
   jd/plugins/decrypter/CartoonsOn.class
   jd/plugins/decrypter/CartoonsOnline.class
   jd/plugins/decrypter/CatcutNet.class
   jd/plugins/decrypter/ChThnhInfo.class
   jd/plugins/decrypter/ClassicCinemaOnline.class
   jd/plugins/decrypter/CleanxvideosNet.class
   jd/plugins/decrypter/ClictuneCom.class
   jd/plugins/decrypter/ClkTf.class.removed
   jd/plugins/decrypter/Cloud1und1De.class
   jd/plugins/decrypter/CloudMailRuDecrypter.class
   jd/plugins/decrypter/ComicOnlineFree.class
   jd/plugins/decrypter/ComicWalkerCom.class
   jd/plugins/decrypter/ComicspaceComBr.class.removed
   jd/plugins/decrypter/CompuPasteCom.class
   jd/plugins/decrypter/CoubComDecrypter.class
   jd/plugins/decrypter/CouchTuner.class
   jd/plugins/decrypter/CrocoSite.class.removed
   jd/plugins/decrypter/CryptTo.class.removed
   jd/plugins/decrypter/CryptorCom.class.removed
   jd/plugins/decrypter/CurLv.class.removed
   jd/plugins/decrypter/DDLMscrg.class
   jd/plugins/decrypter/DanbooruDonmaiUs.class
   jd/plugins/decrypter/DcLnkIfo.class
   jd/plugins/decrypter/DdownloadComCrawler.class.removed
   jd/plugins/decrypter/DecrypterForRedirectServicesWithoutDirectRedirects.class
   jd/plugins/decrypter/DeimosClickCrawler.class.removed
   jd/plugins/decrypter/DeredactieBe.class.removed
   jd/plugins/decrypter/DesixnxxNet.class
   jd/plugins/decrypter/DirectlinkSite.class
   jd/plugins/decrypter/DiskYandexNetFolder.class
   jd/plugins/decrypter/DlPrteCom.class
   jd/plugins/decrypter/DlcryptNet.class
   jd/plugins/decrypter/DlprotectOrg.class.removed
   jd/plugins/decrypter/DociPl.class
   jd/plugins/decrypter/DoramatvRuDecrypter$1.class.removed
   jd/plugins/decrypter/DoramatvRuDecrypter.class.removed
   jd/plugins/decrypter/DoriDroNet.class.removed
   jd/plugins/decrypter/EHentaiOrg.class
   jd/plugins/decrypter/EdProtectOrg.class
   jd/plugins/decrypter/EfuktComDecrypter.class
   jd/plugins/decrypter/EliteBabesCom.class
   jd/plugins/decrypter/EmulatorgamesNet.class
   jd/plugins/decrypter/EroxiaCom.class
   jd/plugins/decrypter/FEmbedDecrypter.class
   jd/plugins/decrypter/FcLc$1.class
   jd/plugins/decrypter/FcLc$2.class
   jd/plugins/decrypter/FcLc.class
   jd/plugins/decrypter/FileCryptCc.class
   jd/plugins/decrypter/FileKareliaRuDecrypter.class
   jd/plugins/decrypter/FivehundretPxCom.class
   jd/plugins/decrypter/FlickrCom.class
   jd/plugins/decrypter/FlimmitCom$1.class
   jd/plugins/decrypter/FlimmitCom.class
   jd/plugins/decrypter/FlogPlDecrypter.class.removed
   jd/plugins/decrypter/FreeDiscPlFolder.class
   jd/plugins/decrypter/FreeViewMoviesComCrawler.class
   jd/plugins/decrypter/FuraffinityNet.class
   jd/plugins/decrypter/FuskatorCom$RequestType.class
   jd/plugins/decrypter/FuskatorCom.class
   jd/plugins/decrypter/GameOfScanlation.class
   jd/plugins/decrypter/GeneralFilesCom.class.removed
   jd/plugins/decrypter/GenericBase64Decrypter.class
   jd/plugins/decrypter/GenericRedirectors.class
   jd/plugins/decrypter/GenericXFileShareProFolder.class
   jd/plugins/decrypter/GenericXFileShareProShortUrlCrawler.class
   jd/plugins/decrypter/GenericYetiShareFolder.class
   jd/plugins/decrypter/GenericYetiShareFolderSpecialOxycloud.class
   jd/plugins/decrypter/GetComics.class
   jd/plugins/decrypter/GirlsReleasedCom$PageType.class
   jd/plugins/decrypter/GirlsReleasedCom.class
   jd/plugins/decrypter/GldSlTo.class
   jd/plugins/decrypter/GoGoAnimePro.class
   jd/plugins/decrypter/GoGoStream.class
   jd/plugins/decrypter/GogoanimeCom.class.removed
   jd/plugins/decrypter/GoogleDrive.class
   jd/plugins/decrypter/GoogleDriveDirectoryIndex.class
   jd/plugins/decrypter/HentaiAnimestigmaCom.class
   jd/plugins/decrypter/HentaiDude.class
   jd/plugins/decrypter/HighpornNet.class
   jd/plugins/decrypter/HitomiLa.class
   jd/plugins/decrypter/HqMirrorDe.class
   jd/plugins/decrypter/HuabanComDecrypter.class
   jd/plugins/decrypter/IFolderFolder.class.removed
   jd/plugins/decrypter/ImageHosterDecrypter.class
   jd/plugins/decrypter/ImgSrcRu$Reason.class
   jd/plugins/decrypter/ImgSrcRu.class
   jd/plugins/decrypter/ImgurComGallery$1.class
   jd/plugins/decrypter/ImgurComGallery.class
   jd/plugins/decrypter/InstaGramComDecrypter$1.class
   jd/plugins/decrypter/InstaGramComDecrypter.class
   jd/plugins/decrypter/Invidious.class
   jd/plugins/decrypter/IwaraTv.class
   jd/plugins/decrypter/JavCL.class
   jd/plugins/decrypter/JavQD.class
   jd/plugins/decrypter/KickAssAnime.class
   jd/plugins/decrypter/KinoxTo.class
   jd/plugins/decrypter/KndGrlsCom.class
   jd/plugins/decrypter/LibGen.class
   jd/plugins/decrypter/LinkCrawlerDeepHelper.class
   jd/plugins/decrypter/LiveLeakComDecrypter.class
   jd/plugins/decrypter/LnkCrptWs.class
   jd/plugins/decrypter/Mangafox.class
   jd/plugins/decrypter/MangahomeCom.class
   jd/plugins/decrypter/MangakoiCom.class.removed
   jd/plugins/decrypter/MangatownCom.class
   jd/plugins/decrypter/MediafireComFolder.class
   jd/plugins/decrypter/MegaConz.class
   jd/plugins/decrypter/MetArt.class
   jd/plugins/decrypter/MetaCafeComDecrypter.class.removed
   jd/plugins/decrypter/MgfpCm.class
   jd/plugins/decrypter/MightyScriptAdLinkFly.class
   jd/plugins/decrypter/MixCloudCom.class
   jd/plugins/decrypter/MountFileNetFolder.class
   jd/plugins/decrypter/MoviesFun.class
   jd/plugins/decrypter/Mp3ZingVn.class.removed
   jd/plugins/decrypter/MtlAreRg.class
   jd/plugins/decrypter/MultiUpCom.class
   jd/plugins/decrypter/Music163Com.class
   jd/plugins/decrypter/Mv2kTo.class
   jd/plugins/decrypter/MySpassDe.class
   jd/plugins/decrypter/MyspaceCom.class
   jd/plugins/decrypter/NCryptIn$1.class.removed
   jd/plugins/decrypter/NCryptIn.class.removed
   jd/plugins/decrypter/NaughtyBlgOrg$1.class
   jd/plugins/decrypter/NaughtyBlgOrg.class
   jd/plugins/decrypter/NewgroundsComDecrypter.class
   jd/plugins/decrypter/NhacCuaTuiCom.class.removed
   jd/plugins/decrypter/NicoVideoJpPlaylist.class
   jd/plugins/decrypter/NoiseTradeCom.class.removed
   jd/plugins/decrypter/NosNlDecrypter.class.removed
   jd/plugins/decrypter/NsanedownCom.class.removed
   jd/plugins/decrypter/OkRuDecrypter.class
   jd/plugins/decrypter/OneChannelCh.class
   jd/plugins/decrypter/OpenloadTVStream.class
   jd/plugins/decrypter/OracleCom.class
   jd/plugins/decrypter/OrfAt.class
   jd/plugins/decrypter/OuoIo.class
   jd/plugins/decrypter/PCloudComFolder.class
   jd/plugins/decrypter/PinterestComDecrypter.class
   jd/plugins/decrypter/PixeldrainComFolder.class
   jd/plugins/decrypter/PixivNetGallery.class
   jd/plugins/decrypter/PlayVidComDecrypter.class
   jd/plugins/decrypter/PornComixInfo.class
   jd/plugins/decrypter/PornComixInfoIlikeComixIo.class
   jd/plugins/decrypter/PornComixInfoPornComixOne.class
   jd/plugins/decrypter/PornEmbedParser$1.class
   jd/plugins/decrypter/PornEmbedParser.class
   jd/plugins/decrypter/PornHubCom.class
   jd/plugins/decrypter/PornHubComGallery.class
   jd/plugins/decrypter/PorncomixinfoNet.class
   jd/plugins/decrypter/PornozavrNet.class
   jd/plugins/decrypter/PrimeJailBaitCom.class
   jd/plugins/decrypter/ProSevenDeDecrypter.class
   jd/plugins/decrypter/PruteklyncsXyz.class
   jd/plugins/decrypter/PurevolumeComDecrypter.class.removed
   jd/plugins/decrypter/Q32Pw.class
   jd/plugins/decrypter/R8LinkCom.class
   jd/plugins/decrypter/RapidGatorNetFolder.class
   jd/plugins/decrypter/ReadAllComics.class
   jd/plugins/decrypter/RedditCom.class
   jd/plugins/decrypter/RewriteMegaConz.class
   jd/plugins/decrypter/Rlslg.class
   jd/plugins/decrypter/RmzCr.class
   jd/plugins/decrypter/RomHustler.class
   jd/plugins/decrypter/RomHustlerNet.class.removed
   jd/plugins/decrypter/RsHrbchn.class
   jd/plugins/decrypter/Rule34PahealNet.class
   jd/plugins/decrypter/RumbleCom.class
   jd/plugins/decrypter/SexZindianComDecrypter.class
   jd/plugins/decrypter/ShorteSt.class
   jd/plugins/decrypter/SimpleHtmlBasedGalleryPlugin$1.class
   jd/plugins/decrypter/SimpleHtmlBasedGalleryPlugin$SiteAndType.class
   jd/plugins/decrypter/SimpleHtmlBasedGalleryPlugin$SiteData.class
   jd/plugins/decrypter/SimpleHtmlBasedGalleryPlugin$Type.class
   jd/plugins/decrypter/SimpleHtmlBasedGalleryPlugin.class
   jd/plugins/decrypter/SmzdRcks$1.class.removed
   jd/plugins/decrypter/SmzdRcks$2.class.removed
   jd/plugins/decrypter/SmzdRcks.class.removed
   jd/plugins/decrypter/SndSnapDecrypt.class
   jd/plugins/decrypter/SoundCloudComDecrypter$1.class
   jd/plugins/decrypter/SoundCloudComDecrypter.class
   jd/plugins/decrypter/SourceForgeNet.class
   jd/plugins/decrypter/SpankBangCom.class
   jd/plugins/decrypter/SrBox.class
   jd/plugins/decrypter/SrBoxLife.class.removed
   jd/plugins/decrypter/StackstorageCom.class
   jd/plugins/decrypter/StreamMdh.class
   jd/plugins/decrypter/SuicidegirlsCom.class
   jd/plugins/decrypter/SwzzXyz.class
   jd/plugins/decrypter/SxrNt.class
   jd/plugins/decrypter/Sxrcm.class
   jd/plugins/decrypter/SxyprnCom.class
   jd/plugins/decrypter/TbCmV2$1.class
   jd/plugins/decrypter/TbCmV2$2.class
   jd/plugins/decrypter/TbCmV2$3.class
   jd/plugins/decrypter/TbCmV2$4.class
   jd/plugins/decrypter/TbCmV2$5.class
   jd/plugins/decrypter/TbCmV2$6.class
   jd/plugins/decrypter/TbCmV2$7.class
   jd/plugins/decrypter/TbCmV2$8.class
   jd/plugins/decrypter/TbCmV2.class
   jd/plugins/decrypter/ThreeDlTv.class
   jd/plugins/decrypter/TiktokCom.class
   jd/plugins/decrypter/TinyurlCom.class
   jd/plugins/decrypter/ToMvzUs.class.removed
   jd/plugins/decrypter/TortugacloudCom.class
   jd/plugins/decrypter/TwitterCom.class
   jd/plugins/decrypter/UploaderJpFolder.class
   jd/plugins/decrypter/VKontakteRu$1.class
   jd/plugins/decrypter/VKontakteRu.class
   jd/plugins/decrypter/ViceComDecrypter.class.removed
   jd/plugins/decrypter/VideoOnlineUaDecrypter.class
   jd/plugins/decrypter/VimeoComDecrypter$1.class
   jd/plugins/decrypter/VimeoComDecrypter.class
   jd/plugins/decrypter/VolaFileOrg.class
   jd/plugins/decrypter/WCOForever.class
   jd/plugins/decrypter/WCOStream.class
   jd/plugins/decrypter/WcytCm.class
   jd/plugins/decrypter/Wrdprss.class
   jd/plugins/decrypter/XHamsterGallery.class
   jd/plugins/decrypter/XXXAPornComDecrypter.class
   jd/plugins/decrypter/XvideosComProfile.class
   jd/plugins/decrypter/ZDFMediathekDecrypter.class
   jd/plugins/hoster/AbcvideoCc.class
   jd/plugins/hoster/AboutCom.class.removed
   jd/plugins/hoster/AcapellasFourYouCoUk.class.removed
   jd/plugins/hoster/AllDebridCom$1.class
   jd/plugins/hoster/AllDebridCom$2.class
   jd/plugins/hoster/AllDebridCom$3.class
   jd/plugins/hoster/AllDebridCom$4.class.removed
   jd/plugins/hoster/AllDebridCom$AlldebridComConfig$TRANSLATION.class
   jd/plugins/hoster/AllDebridCom$AlldebridComConfig.class
   jd/plugins/hoster/AllDebridCom.class
   jd/plugins/hoster/AlotpornCom.class.removed
   jd/plugins/hoster/AncensoredCom.class
   jd/plugins/hoster/AniStreamCom.class
   jd/plugins/hoster/AnimeTheHyliaCom.class
   jd/plugins/hoster/AnimegalleriesNet.class
   jd/plugins/hoster/AnitubeCo.class.removed
   jd/plugins/hoster/AnonFilesCom.class
   jd/plugins/hoster/AnonymousfilesIo.class
   jd/plugins/hoster/AnypornCom.class
   jd/plugins/hoster/AnysexCom.class
   jd/plugins/hoster/AparatCam.class
   jd/plugins/hoster/ApkhereCom.class.removed
   jd/plugins/hoster/ArchiveOrg.class
   jd/plugins/hoster/ArchivosMe.class
   jd/plugins/hoster/AudioMa.class
   jd/plugins/hoster/Av01Tv.class.removed
   jd/plugins/hoster/AventertainmentsCom.class
   jd/plugins/hoster/AvgleCom.class
   jd/plugins/hoster/BandCampCom.class
   jd/plugins/hoster/BangbrosCom$1.class
   jd/plugins/hoster/BangbrosCom.class
   jd/plugins/hoster/BayFilesCom.class
   jd/plugins/hoster/BcaOnliveDe.class.removed
   jd/plugins/hoster/BestdebridCom$BestdebridAccountFactory$1.class
   jd/plugins/hoster/BestdebridCom$BestdebridAccountFactory.class
   jd/plugins/hoster/BestdebridCom.class
   jd/plugins/hoster/BibeltvDe.class
   jd/plugins/hoster/BigBootyCom.class.removed
   jd/plugins/hoster/BigholestubeCom.class
   jd/plugins/hoster/BiguzNet.class
   jd/plugins/hoster/BiqleRu.class
   jd/plugins/hoster/BitchuteCom.class
   jd/plugins/hoster/BlueFishTvCom.class.removed
   jd/plugins/hoster/BongobdCom.class.removed
   jd/plugins/hoster/BoobInspectorCom.class
   jd/plugins/hoster/BookFiOrg.class
   jd/plugins/hoster/BrDe.class
   jd/plugins/hoster/BravopornCom.class
   jd/plugins/hoster/BreakCom.class.removed
   jd/plugins/hoster/BundestagDe.class
   jd/plugins/hoster/CamwhoresTv.class
   jd/plugins/hoster/CamwhoresbayCom.class
   jd/plugins/hoster/CamwhoreshdCom.class
   jd/plugins/hoster/CanalplusFr.class.removed
   jd/plugins/hoster/CartoontubeXxx.class
   jd/plugins/hoster/CboxeraCom.class
   jd/plugins/hoster/ChThnhInfo.class
   jd/plugins/hoster/ChirbIt.class
   jd/plugins/hoster/CloudMailRu.class
   jd/plugins/hoster/CloudSaikoanimesNet.class.removed
   jd/plugins/hoster/CommonsWikimediaOrg.class
   jd/plugins/hoster/CrockotubeCom.class
   jd/plugins/hoster/CtDiskCom.class
   jd/plugins/hoster/CutedriveCom.class
   jd/plugins/hoster/DailyleechCom.class
   jd/plugins/hoster/DaofileCom.class
   jd/plugins/hoster/DatPiffCom.class
   jd/plugins/hoster/DdebridCom.class
   jd/plugins/hoster/DdownloadCom.class
   jd/plugins/hoster/DebridFileCom.class
   jd/plugins/hoster/DebridItaliaCom.class
   jd/plugins/hoster/DebridplanetCom.class
   jd/plugins/hoster/DeepbridCom.class
   jd/plugins/hoster/DeimosClick.class
   jd/plugins/hoster/DeltabitCo.class
   jd/plugins/hoster/DepicMe.class
   jd/plugins/hoster/DepositFiles.class
   jd/plugins/hoster/DeraktionaerTv.class.removed
   jd/plugins/hoster/DeredactieBe$protocol.class.removed
   jd/plugins/hoster/DeredactieBe.class.removed
   jd/plugins/hoster/DesixnxxNet.class
   jd/plugins/hoster/DesufilesCom.class.removed
   jd/plugins/hoster/DirectHTTP$1.class
   jd/plugins/hoster/DirectHTTP$2.class
   jd/plugins/hoster/DirectHTTP.class
   jd/plugins/hoster/DiskYandexNet.class
   jd/plugins/hoster/DociPl.class
   jd/plugins/hoster/DoodriveCom.class
   jd/plugins/hoster/DoodstreamCom.class
   jd/plugins/hoster/DoriDroNet.class.removed
   jd/plugins/hoster/DownloadGg.class
   jd/plugins/hoster/DownloadHr.class
   jd/plugins/hoster/DownloadRu.class
   jd/plugins/hoster/DownloaderGuru.class
   jd/plugins/hoster/DrFarfarNet.class
   jd/plugins/hoster/DropbbaseCom.class.removed
   jd/plugins/hoster/DropboxCom$1.class
   jd/plugins/hoster/DropboxCom$DropboxAccountFactory$1.class
   jd/plugins/hoster/DropboxCom$DropboxAccountFactory.class
   jd/plugins/hoster/DropboxCom.class
   jd/plugins/hoster/DropmefilesCom.class
   jd/plugins/hoster/DunShareCom.class
   jd/plugins/hoster/Dz4upCom.class
   jd/plugins/hoster/EHentaiOrg.class
   jd/plugins/hoster/EPornerCom$1.class
   jd/plugins/hoster/EPornerCom.class
   jd/plugins/hoster/EasyuploadIo.class
   jd/plugins/hoster/EfuktCom.class
   jd/plugins/hoster/EgyuploadCom.class
   jd/plugins/hoster/EightTracksCom.class
   jd/plugins/hoster/EraiDdlthreeInfo.class
   jd/plugins/hoster/EroxiaCom.class
   jd/plugins/hoster/EvilhubCom.class
   jd/plugins/hoster/EvoloadIo$1.class
   jd/plugins/hoster/EvoloadIo.class
   jd/plugins/hoster/FaceBookComVideos$1.class
   jd/plugins/hoster/FaceBookComVideos.class
   jd/plugins/hoster/FantastiCc.class
   jd/plugins/hoster/FapalityCom.class
   jd/plugins/hoster/FastfileCc.class
   jd/plugins/hoster/FastixRu.class
   jd/plugins/hoster/FeemooCom.class.removed
   jd/plugins/hoster/FeimaoyunCom.class
   jd/plugins/hoster/FemdomtbCom.class.removed
   jd/plugins/hoster/FichierZipCom.class
   jd/plugins/hoster/FileAl.class
   jd/plugins/hoster/FileFactory.class
   jd/plugins/hoster/FileHippoCom.class
   jd/plugins/hoster/FileJokerNet.class
   jd/plugins/hoster/FileSharkPl$1.class
   jd/plugins/hoster/FileSharkPl$2.class
   jd/plugins/hoster/FileSharkPl.class
   jd/plugins/hoster/FileconvoyCom.class
   jd/plugins/hoster/FilesDlanDpUa.class
   jd/plugins/hoster/FilesMonsterCom.class
   jd/plugins/hoster/FilesUploaditHost.class.removed
   jd/plugins/hoster/FileskachatCom.class
   jd/plugins/hoster/FilesloopCom.class
   jd/plugins/hoster/FileupOrg.class
   jd/plugins/hoster/FivehundretPxCom.class
   jd/plugins/hoster/FlashfilesCom.class
   jd/plugins/hoster/FlickrCom.class
   jd/plugins/hoster/FlimmitCom.class
   jd/plugins/hoster/FlogPl.class.removed
   jd/plugins/hoster/FlorenfileCom.class
   jd/plugins/hoster/FluidPlayer.class
   jd/plugins/hoster/FocusDe.class
   jd/plugins/hoster/ForumfilesCom.class.removed
   jd/plugins/hoster/FotkiYandexRu.class.removed
   jd/plugins/hoster/FourPlayersDe.class
   jd/plugins/hoster/Free18Net.class
   jd/plugins/hoster/FreeDiscPl.class
   jd/plugins/hoster/FreeViewMoviesCom.class
   jd/plugins/hoster/FucktubeCom.class
   jd/plugins/hoster/FuraffinityNet.class
   jd/plugins/hoster/FxpanCom.class.removed
   jd/plugins/hoster/GamesReveurDe.class
   jd/plugins/hoster/GenericM3u8.class
   jd/plugins/hoster/GenericUseNet.class
   jd/plugins/hoster/GfyCatCom$1.class
   jd/plugins/hoster/GfyCatCom.class
   jd/plugins/hoster/GigaDownCom.class
   jd/plugins/hoster/GigabazaRu$1.class
   jd/plugins/hoster/GigabazaRu.class
   jd/plugins/hoster/GlobalFilesNet.class
   jd/plugins/hoster/GogoAnimeCom.class.removed
   jd/plugins/hoster/GogodlCom.class
   jd/plugins/hoster/GoogleDrive$1.class
   jd/plugins/hoster/GoogleDrive$2.class
   jd/plugins/hoster/GoogleDrive.class
   jd/plugins/hoster/GoogleDriveDirectoryIndex.class
   jd/plugins/hoster/GooglePremium.class
   jd/plugins/hoster/GottanutCom.class
   jd/plugins/hoster/GounlimitedTo.class
   jd/plugins/hoster/H2pornCom.class
   jd/plugins/hoster/HddTomskRu.class
   jd/plugins/hoster/HdtubePorn.class
   jd/plugins/hoster/HearthisAt.class
   jd/plugins/hoster/HentaiAnimestigmaCom.class
   jd/plugins/hoster/HentaiDudeCom.class
   jd/plugins/hoster/HentainexusCom.class
   jd/plugins/hoster/HighWayMe$1.class
   jd/plugins/hoster/HighWayMe.class
   jd/plugins/hoster/HqMirrorDe.class
   jd/plugins/hoster/HuabanCom.class
   jd/plugins/hoster/HuluCom.class.removed
   jd/plugins/hoster/IcerboxBiz.class
   jd/plugins/hoster/ImDbCom.class
   jd/plugins/hoster/ImageFap$1.class
   jd/plugins/hoster/ImageFap$2.class
   jd/plugins/hoster/ImageFap.class
   jd/plugins/hoster/ImageNetzDe.class
   jd/plugins/hoster/ImagesHackCom.class
   jd/plugins/hoster/ImgBabesCom.class
   jd/plugins/hoster/ImgSrcRu.class
   jd/plugins/hoster/ImgantCom.class.removed
   jd/plugins/hoster/ImgurComHoster$1.class
   jd/plugins/hoster/ImgurComHoster$2.class
   jd/plugins/hoster/ImgurComHoster$3.class
   jd/plugins/hoster/ImgurComHoster$4.class
   jd/plugins/hoster/ImgurComHoster$5.class
   jd/plugins/hoster/ImgurComHoster$6.class
   jd/plugins/hoster/ImgurComHoster$RESPONSE_TYPE.class
   jd/plugins/hoster/ImgurComHoster$TYPE.class
   jd/plugins/hoster/ImgurComHoster.class
   jd/plugins/hoster/InstaGramCom.class
   jd/plugins/hoster/Iplus4UCom.class.removed
   jd/plugins/hoster/IronfilesNet.class
   jd/plugins/hoster/IshareIaskSinaComCn.class
   jd/plugins/hoster/IsraCloud.class
   jd/plugins/hoster/IwaraTv.class
   jd/plugins/hoster/IzleSeneCom.class.removed
   jd/plugins/hoster/JavbangersCom.class
   jd/plugins/hoster/JavusbCom.class.removed
   jd/plugins/hoster/JavynowCom.class
   jd/plugins/hoster/JetloadNet$1.class
   jd/plugins/hoster/JetloadNet.class
   jd/plugins/hoster/JianguoyunCom.class
   jd/plugins/hoster/JizzbunkerCom.class
   jd/plugins/hoster/JkanimeNet.class.removed
   jd/plugins/hoster/JulesjordanCom.class
   jd/plugins/hoster/JustpornoTv.class.removed
   jd/plugins/hoster/K2SApi$1.class
   jd/plugins/hoster/K2SApi$2.class
   jd/plugins/hoster/K2SApi$CAPTCHA.class
   jd/plugins/hoster/K2SApi.class
   jd/plugins/hoster/Keep2ShareCc.class
   jd/plugins/hoster/KenfilesCom.class
   jd/plugins/hoster/KernelVideoSharingCom.class.removed
   jd/plugins/hoster/KernelVideoSharingComV2$1.class
   jd/plugins/hoster/KernelVideoSharingComV2.class
   jd/plugins/hoster/KernelVideoSharingComV2HostsDefault.class
   jd/plugins/hoster/KernelVideoSharingComV2HostsDefault2.class
   jd/plugins/hoster/KernelVideoSharingComV2HostsDefault3.class
   jd/plugins/hoster/LaicarCom.class.removed
   jd/plugins/hoster/LetsuploadCo.class
   jd/plugins/hoster/LibGenInfo.class
   jd/plugins/hoster/LinkSnappyCom$1.class
   jd/plugins/hoster/LinkSnappyCom$LinkSnappyComConfig$TRANSLATION.class
   jd/plugins/hoster/LinkSnappyCom$LinkSnappyComConfig.class
   jd/plugins/hoster/LinkSnappyCom.class
   jd/plugins/hoster/LinxLi.class.removed
   jd/plugins/hoster/LiteroticaCom.class
   jd/plugins/hoster/LiveDriveCom.class
   jd/plugins/hoster/LiveLeakCom.class
   jd/plugins/hoster/LivenewsComCy.class.removed
   jd/plugins/hoster/LuckfileCom.class
   jd/plugins/hoster/MadThumbsCom.class.removed
   jd/plugins/hoster/MaisUolComBr.class
   jd/plugins/hoster/MajorgeeksCom.class
   jd/plugins/hoster/MangahomeCom.class
   jd/plugins/hoster/MangakoiCom.class.removed
   jd/plugins/hoster/MangatownCom.class
   jd/plugins/hoster/MediaempireMe.class
   jd/plugins/hoster/MediafireCom$1.class
   jd/plugins/hoster/MediafireCom$PasswordSolver.class
   jd/plugins/hoster/MediafireCom.class
   jd/plugins/hoster/MegaConz$1.class
   jd/plugins/hoster/MegaConz$2.class
   jd/plugins/hoster/MegaConz$3.class
   jd/plugins/hoster/MegaConz$MegaDownloadLinkDownloadable.class
   jd/plugins/hoster/MegaConz$MegaHashCheck$1.class
   jd/plugins/hoster/MegaConz$MegaHashCheck.class
   jd/plugins/hoster/MegaConz.class
   jd/plugins/hoster/MegaCrypterCom$1.class.removed
   jd/plugins/hoster/MegaCrypterCom$2.class.removed
   jd/plugins/hoster/MegaCrypterCom$MegaCrypterComApiErrorCodes.class.removed
   jd/plugins/hoster/MegaCrypterCom.class.removed
   jd/plugins/hoster/MegaDpUa.class
   jd/plugins/hoster/MetArtCom.class
   jd/plugins/hoster/MetacafeCom.class
   jd/plugins/hoster/MinfilCom.class.removed
   jd/plugins/hoster/MixUploadOrg.class
   jd/plugins/hoster/MixdropCo$1.class
   jd/plugins/hoster/MixdropCo.class
   jd/plugins/hoster/MofoSexCom.class.removed
   jd/plugins/hoster/MojeVideoSk.class
   jd/plugins/hoster/MonpartageFr.class
   jd/plugins/hoster/MountFileNet.class
   jd/plugins/hoster/Mp3ZingVn.class.removed
   jd/plugins/hoster/Mp3fastSu.class.removed
   jd/plugins/hoster/MundofileInfo.class
   jd/plugins/hoster/MyFilesRu.class.removed
   jd/plugins/hoster/MyFilesSu.class
   jd/plugins/hoster/MySpassDe.class
   jd/plugins/hoster/MyqloudOrg.class
   jd/plugins/hoster/NaughtymachinimaCom.class
   jd/plugins/hoster/NbcCom.class
   jd/plugins/hoster/NeodebridCom.class
   jd/plugins/hoster/NewgroundsCom.class
   jd/plugins/hoster/NewsAstraWebCom.class
   jd/plugins/hoster/NewsGroupDirectCom.class
   jd/plugins/hoster/NewsHostingCom.class
   jd/plugins/hoster/NhacCuaTuiCom.class.removed
   jd/plugins/hoster/NicoVideoJp.class
   jd/plugins/hoster/NinegagCom.class
   jd/plugins/hoster/NinjastreamTo$1.class
   jd/plugins/hoster/NinjastreamTo.class
   jd/plugins/hoster/NoiseTradeCom$1.class.removed
   jd/plugins/hoster/NoiseTradeCom$2.class.removed
   jd/plugins/hoster/NoiseTradeCom.class.removed
   jd/plugins/hoster/NonktubeCom.class
   jd/plugins/hoster/NopyTo.class
   jd/plugins/hoster/NosNl.class.removed
   jd/plugins/hoster/NsanedownCom.class.removed
   jd/plugins/hoster/NudezCom.class.removed
   jd/plugins/hoster/NudogramCom.class.removed
   jd/plugins/hoster/OffCloudCom$HighWayMeConfigInterface.class.removed
   jd/plugins/hoster/OffCloudCom$OffCloudComPluginConfigInterface$Translation.class
   jd/plugins/hoster/OffCloudCom$OffCloudComPluginConfigInterface.class
   jd/plugins/hoster/OffCloudCom$OffCloudComUsenetAccountConfig.class
   jd/plugins/hoster/OffCloudCom.class
   jd/plugins/hoster/Offline.class
   jd/plugins/hoster/OkRu.class
   jd/plugins/hoster/OkXxx.class
   jd/plugins/hoster/OldGamesCom.class
   jd/plugins/hoster/OneFichierCom$1.class
   jd/plugins/hoster/OneFichierCom$OnefichierAccountFactory$1.class
   jd/plugins/hoster/OneFichierCom$OnefichierAccountFactory.class
   jd/plugins/hoster/OneFichierCom.class
   jd/plugins/hoster/OneHundredNineteenGCom.class.removed
   jd/plugins/hoster/OnlystreamTv.class
   jd/plugins/hoster/OpenSubtitlesOrg.class
   jd/plugins/hoster/OpenloadCc.class.removed
   jd/plugins/hoster/OxyCloud.class
   jd/plugins/hoster/OxycloudCom.class
   jd/plugins/hoster/OxycloudPl.class.removed
   jd/plugins/hoster/PCloudCom.class
   jd/plugins/hoster/PandafilesCom.class
   jd/plugins/hoster/PbsOrg.class
   jd/plugins/hoster/PdfdriveCom.class
   jd/plugins/hoster/PervcityCom.class
   jd/plugins/hoster/PervclipsCom.class
   jd/plugins/hoster/PicflashOrg.class
   jd/plugins/hoster/PimpRollHostedTube.class
   jd/plugins/hoster/PinterestCom.class
   jd/plugins/hoster/PixaBayCom.class
   jd/plugins/hoster/PixeldrainCom.class
   jd/plugins/hoster/PixivNet$1.class
   jd/plugins/hoster/PixivNet$2.class
   jd/plugins/hoster/PixivNet$3.class
   jd/plugins/hoster/PixivNet$4.class
   jd/plugins/hoster/PixivNet$5.class
   jd/plugins/hoster/PixivNet.class
   jd/plugins/hoster/PlayFourtyFourNet.class
   jd/plugins/hoster/PlayVidCom.class
   jd/plugins/hoster/PlaytubeWs.class
   jd/plugins/hoster/PlikusPl.class.removed
   jd/plugins/hoster/PornCom.class
   jd/plugins/hoster/PornHubCom$1.class
   jd/plugins/hoster/PornHubCom$BouncyCastleAESCounterModeDecrypt.class
   jd/plugins/hoster/PornHubCom.class
   jd/plugins/hoster/PornTubeClubCom.class
   jd/plugins/hoster/PornbimboCom.class
   jd/plugins/hoster/PorndoeCom.class
   jd/plugins/hoster/PorngemCom.class
   jd/plugins/hoster/PorngoCom.class
   jd/plugins/hoster/PornhatCom.class
   jd/plugins/hoster/PornktuBe.class
   jd/plugins/hoster/PornomoviesCom.class.removed
   jd/plugins/hoster/PorntrexCom.class
   jd/plugins/hoster/PornyeahCom.class
   jd/plugins/hoster/PreFilesCom.class
   jd/plugins/hoster/PresstvIr.class.removed
   jd/plugins/hoster/PrimeMusicRu.class
   jd/plugins/hoster/PscpTv.class
   jd/plugins/hoster/PstreamNet.class
   jd/plugins/hoster/Puls4Com.class
   jd/plugins/hoster/PurevolumeCom.class.removed
   jd/plugins/hoster/RGhostRu.class
   jd/plugins/hoster/RapidGatorNet.class
   jd/plugins/hoster/RapidekPl.class
   jd/plugins/hoster/RapideoPl.class
   jd/plugins/hoster/RapidrarCom.class
   jd/plugins/hoster/RarbgTo.class
   jd/plugins/hoster/RareFileNet.class
   jd/plugins/hoster/RealDebridCom$1.class
   jd/plugins/hoster/RealDebridCom$2.class
   jd/plugins/hoster/RealDebridCom$3.class
   jd/plugins/hoster/RealDebridCom$4.class
   jd/plugins/hoster/RealDebridCom$5.class
   jd/plugins/hoster/RealDebridCom$6.class
   jd/plugins/hoster/RealDebridCom$7.class
   jd/plugins/hoster/RealDebridCom$8.class
   jd/plugins/hoster/RealDebridCom$APIException.class
   jd/plugins/hoster/RealDebridCom.class
   jd/plugins/hoster/RedditCom$1.class
   jd/plugins/hoster/RedditCom$2.class
   jd/plugins/hoster/RedditCom.class
   jd/plugins/hoster/ResearchgateNet.class
   jd/plugins/hoster/RestFileCom.class
   jd/plugins/hoster/RockFileCo.class
   jd/plugins/hoster/RomHustler.class
   jd/plugins/hoster/RomHustlerNet.class.removed
   jd/plugins/hoster/RomulationNet.class.removed
   jd/plugins/hoster/RomulationOrg.class
   jd/plugins/hoster/RtbfBe$RtbfBeConfigInterface$TRANSLATION.class
   jd/plugins/hoster/RtbfBe$RtbfBeConfigInterface.class
   jd/plugins/hoster/RtbfBe.class
   jd/plugins/hoster/RtveEs.class
   jd/plugins/hoster/Rule34videoCom.class
   jd/plugins/hoster/RusfolderCom.class.removed
   jd/plugins/hoster/SaikoanimesNet.class
   jd/plugins/hoster/SamaupCo.class
   jd/plugins/hoster/SankakucomplexCom.class
   jd/plugins/hoster/SaveTv.class
   jd/plugins/hoster/ScribdCom.class
   jd/plugins/hoster/SecretfileNet.class
   jd/plugins/hoster/SendCm.class
   jd/plugins/hoster/SendVidNet.class.removed
   jd/plugins/hoster/SendgbCom.class
   jd/plugins/hoster/SendvidCom.class.removed
   jd/plugins/hoster/ServePornCom.class
   jd/plugins/hoster/ServusCom.class
   jd/plugins/hoster/Sex3Com.class
   jd/plugins/hoster/SexvidXxx.class
   jd/plugins/hoster/ShaHidMbcNet.class
   jd/plugins/hoster/SharelinkLi.class
   jd/plugins/hoster/ShareonlineIs.class.removed
   jd/plugins/hoster/Shareplacecom.class
   jd/plugins/hoster/ShotsCom.class.removed
   jd/plugins/hoster/SimplyPremiumCom.class
   jd/plugins/hoster/SlutLoadCom.class.removed
   jd/plugins/hoster/SmashcastTv.class.removed
   jd/plugins/hoster/SmoozedCom$1.class
   jd/plugins/hoster/SmoozedCom$2.class
   jd/plugins/hoster/SmoozedCom$3.class
   jd/plugins/hoster/SmoozedCom$4.class
   jd/plugins/hoster/SmoozedCom$5.class
   jd/plugins/hoster/SmoozedCom$6.class
   jd/plugins/hoster/SmoozedCom.class
   jd/plugins/hoster/SmotriCom.class.removed
   jd/plugins/hoster/SmutrCom.class
   jd/plugins/hoster/SnagGy.class.removed
   jd/plugins/hoster/SnipboardIo.class
   jd/plugins/hoster/SoundGasmNet.class
   jd/plugins/hoster/SoundSnapCom.class
   jd/plugins/hoster/SoundcloudCom$1.class
   jd/plugins/hoster/SoundcloudCom$2.class
   jd/plugins/hoster/SoundcloudCom$3.class
   jd/plugins/hoster/SoundcloudCom.class
   jd/plugins/hoster/SourceForgeNet.class
   jd/plugins/hoster/SpankBangCom.class
   jd/plugins/hoster/Speed4upNet.class.removed
   jd/plugins/hoster/SqlGg.class
   jd/plugins/hoster/SrfCh.class
   jd/plugins/hoster/StreamKiwi.class.removed
   jd/plugins/hoster/StreamableCom.class
   jd/plugins/hoster/StreamtapeCom.class
   jd/plugins/hoster/StreamzCc.class
   jd/plugins/hoster/SubmitYourFlicksCom.class.removed
   jd/plugins/hoster/SuicidegirlsCom$1.class
   jd/plugins/hoster/SuicidegirlsCom.class
   jd/plugins/hoster/SunPornoCom.class
   jd/plugins/hoster/SundryshareCom.class
   jd/plugins/hoster/SvtSe.class
   jd/plugins/hoster/SwipeXxx.class.removed
   jd/plugins/hoster/SxyprnCom.class
   jd/plugins/hoster/TakefileLink.class
   jd/plugins/hoster/TestDeStiftungWarentest.class.removed
   jd/plugins/hoster/TheyarehugeCom.class
   jd/plugins/hoster/ThisvidCom.class
   jd/plugins/hoster/ThroatfucktubeCom.class
   jd/plugins/hoster/TiktokCom.class
   jd/plugins/hoster/TmzCom.class
   jd/plugins/hoster/TnComAr.class.removed
   jd/plugins/hoster/TnaFlixCom.class
   jd/plugins/hoster/TokyomotionNet.class
   jd/plugins/hoster/Top4topIo.class
   jd/plugins/hoster/Top4topNet.class.removed
   jd/plugins/hoster/TrailerAddictCom.class.removed
   jd/plugins/hoster/TrainbitCom.class
   jd/plugins/hoster/TransfilesRu.class
   jd/plugins/hoster/TransloadMe.class
   jd/plugins/hoster/TropicShareCom.class
   jd/plugins/hoster/Tube8Com$BouncyCastleAESCounterModeDecrypt.class
   jd/plugins/hoster/Tube8Com.class
   jd/plugins/hoster/TubewolfCom.class
   jd/plugins/hoster/TurboBitNet.class
   jd/plugins/hoster/TusfilesCom.class
   jd/plugins/hoster/TviIolPt.class
   jd/plugins/hoster/TvigleRu.class
   jd/plugins/hoster/TvnowDe$1.class
   jd/plugins/hoster/TvnowDe.class
   jd/plugins/hoster/TwitchTv.class
   jd/plugins/hoster/TwitterCom$1.class
   jd/plugins/hoster/TwitterCom$TwitterConfigInterface$TRANSLATION.class
   jd/plugins/hoster/TwitterCom$TwitterConfigInterface.class
   jd/plugins/hoster/TwitterCom.class
   jd/plugins/hoster/TwobayOrg.class
   jd/plugins/hoster/UfileIo.class
   jd/plugins/hoster/UipornCom.class
   jd/plugins/hoster/UitzendinggemistNl$1.class.removed
   jd/plugins/hoster/UitzendinggemistNl$Quality.class.removed
   jd/plugins/hoster/UitzendinggemistNl.class.removed
   jd/plugins/hoster/UlmenTv.class.removed
   jd/plugins/hoster/UlozTo.class
   jd/plugins/hoster/UltimboxCom.class.removed
   jd/plugins/hoster/UltimboxOrg.class
   jd/plugins/hoster/UniBytesCom.class
   jd/plugins/hoster/UnknownPornScript1.class
   jd/plugins/hoster/UnknownPornScript2.class
   jd/plugins/hoster/UnknownPornScript3.class
   jd/plugins/hoster/UpToBoxCom$1.class
   jd/plugins/hoster/UpToBoxCom$UptoboxAccountFactory$1.class
   jd/plugins/hoster/UpToBoxCom$UptoboxAccountFactory.class
   jd/plugins/hoster/UpToBoxCom.class
   jd/plugins/hoster/UpWapRu.class.removed
   jd/plugins/hoster/UpfordownXyz.class
   jd/plugins/hoster/UploadAc.class.removed
   jd/plugins/hoster/UploadBoyCom.class
   jd/plugins/hoster/UploadCd.class.removed
   jd/plugins/hoster/Uploadedto.class
   jd/plugins/hoster/UploadgigCom.class
   jd/plugins/hoster/UploadhubIo.class
   jd/plugins/hoster/UploaditEu.class
   jd/plugins/hoster/UploadrarCom.class
   jd/plugins/hoster/UploadshipCom.class
   jd/plugins/hoster/UplodNet.class
   jd/plugins/hoster/UplovdCom.class.removed
   jd/plugins/hoster/UppItCom.class
   jd/plugins/hoster/UpstoRe.class
   jd/plugins/hoster/UpstreamTo.class
   jd/plugins/hoster/UptomegaCom.class.removed
   jd/plugins/hoster/UptomegaMe.class
   jd/plugins/hoster/UsafilesNet.class
   jd/plugins/hoster/UseNet$1.class
   jd/plugins/hoster/UseNet$2.class
   jd/plugins/hoster/UseNet$3.class
   jd/plugins/hoster/UseNet$4.class
   jd/plugins/hoster/UseNet.class
   jd/plugins/hoster/UserloadCo.class
   jd/plugins/hoster/UsersCloudCom.class
   jd/plugins/hoster/UstreamTv.class
   jd/plugins/hoster/VKontakteRuHoster.class
   jd/plugins/hoster/VdiskCn.class
   jd/plugins/hoster/VdiskWeiboCom.class
   jd/plugins/hoster/VevIo.class.removed
   jd/plugins/hoster/ViceCom.class.removed
   jd/plugins/hoster/VidUpIo.class.removed
   jd/plugins/hoster/VidbmCom.class
   jd/plugins/hoster/Video2brainCom.class
   jd/plugins/hoster/VideoFCTwoCom$1.class.removed
   jd/plugins/hoster/VideoFCTwoCom.class
   jd/plugins/hoster/VideoOnlineUa.class
   jd/plugins/hoster/VideoalbumyAzetSk.class.removed
   jd/plugins/hoster/VideocelebsNet.class
   jd/plugins/hoster/VideomoreRu.class.removed
   jd/plugins/hoster/VideopressCom.class
   jd/plugins/hoster/VideosSh.class
   jd/plugins/hoster/VidtomeCo.class.removed
   jd/plugins/hoster/VikiCom$1.class
   jd/plugins/hoster/VikiCom$2.class
   jd/plugins/hoster/VikiCom.class
   jd/plugins/hoster/VimeoCom$1.class
   jd/plugins/hoster/VimeoCom$VIMEO_URL_TYPE.class
   jd/plugins/hoster/VimeoCom$WrongRefererException.class
   jd/plugins/hoster/VimeoCom.class
   jd/plugins/hoster/ViprIm.class
   jd/plugins/hoster/VisharePl.class
   jd/plugins/hoster/VivoSx.class
   jd/plugins/hoster/VjavCom.class
   jd/plugins/hoster/VocarooCom.class
   jd/plugins/hoster/VoeSx.class
   jd/plugins/hoster/VvvvidIt.class
   jd/plugins/hoster/WebcamsbabeCom.class
   jd/plugins/hoster/WhatBoysWantCom.class
   jd/plugins/hoster/WorldClipsRu.class
   jd/plugins/hoster/XHamsterCom$1.class
   jd/plugins/hoster/XHamsterCom.class
   jd/plugins/hoster/XTubeCom.class
   jd/plugins/hoster/XXXAPornCom.class
   jd/plugins/hoster/XcafeCom.class
   jd/plugins/hoster/XcumCom.class
   jd/plugins/hoster/XnXxCom.class
   jd/plugins/hoster/XsNewsNl$1.class
   jd/plugins/hoster/XsNewsNl.class
   jd/plugins/hoster/XtitsCom.class
   jd/plugins/hoster/XubsterCom.class
   jd/plugins/hoster/XvideosCom$1.class
   jd/plugins/hoster/XvideosCom.class
   jd/plugins/hoster/YetiShareCoreSpecialOxycloud.class
   jd/plugins/hoster/YiffyfurTube.class
   jd/plugins/hoster/YourFreePornUs.class
   jd/plugins/hoster/YourUploadCom.class
   jd/plugins/hoster/YourlistenCom.class
   jd/plugins/hoster/YourlustCom.class
   jd/plugins/hoster/YoutubeDashV2$1.class
   jd/plugins/hoster/YoutubeDashV2$10.class
   jd/plugins/hoster/YoutubeDashV2$11.class
   jd/plugins/hoster/YoutubeDashV2$12.class
   jd/plugins/hoster/YoutubeDashV2$13$1.class.removed
   jd/plugins/hoster/YoutubeDashV2$13.class
   jd/plugins/hoster/YoutubeDashV2$14.class
   jd/plugins/hoster/YoutubeDashV2$15$1.class
   jd/plugins/hoster/YoutubeDashV2$15.class
   jd/plugins/hoster/YoutubeDashV2$16.class
   jd/plugins/hoster/YoutubeDashV2$2.class
   jd/plugins/hoster/YoutubeDashV2$3.class
   jd/plugins/hoster/YoutubeDashV2$4$1.class
   jd/plugins/hoster/YoutubeDashV2$4.class
   jd/plugins/hoster/YoutubeDashV2$5.class
   jd/plugins/hoster/YoutubeDashV2$6.class
   jd/plugins/hoster/YoutubeDashV2$7.class
   jd/plugins/hoster/YoutubeDashV2$8.class
   jd/plugins/hoster/YoutubeDashV2$9.class
   jd/plugins/hoster/YoutubeDashV2$DashDownloadPluginProgress.class
   jd/plugins/hoster/YoutubeDashV2.class
   jd/plugins/hoster/ZapiszSe.class
   jd/plugins/hoster/ZbigzCom.class
   jd/plugins/hoster/ZuploadMe.class
----------------Extensions----------------
   extensions/AntiShutdown.jar
   extensions/Extraction.jar
----------------Direct Files----------------
   build.json
   translations/org/jdownloader/extensions/extraction/translate/ExtractionTranslation.bs.lng
   translations/org/jdownloader/gui/jdtrayicon/translate/TrayiconTranslation.bs.lng
   translations/org/jdownloader/gui/jdtrayicon/translate/TrayiconTranslation.pt_BR.lng
   translations/org/jdownloader/gui/translate/GuiTranslation.bs.lng
   translations/org/jdownloader/gui/translate/GuiTranslation.pt_BR.lng
   translations/org/jdownloader/gui/translate/GuiTranslation.tr.lng
   translations/org/jdownloader/translate/JdownloaderTranslation.bs.lng
   translations/org/jdownloader/translate/JdownloaderTranslation.de.lng
   translations/org/jdownloader/translate/JdownloaderTranslation.pt_BR.lng
   translations/org/jdownloader/updatev2/UpdaterTranslation.pl.lng
----------------Core Files----------------
   Core.jar
   JD: Core.jar/jd/SecondLevelLaunch$1.class
   JD: Core.jar/jd/SecondLevelLaunch$10.class
   JD: Core.jar/jd/SecondLevelLaunch$11.class
   JD: Core.jar/jd/SecondLevelLaunch$12.class
   JD: Core.jar/jd/SecondLevelLaunch$13.class
   JD: Core.jar/jd/SecondLevelLaunch$2.class
   JD: Core.jar/jd/SecondLevelLaunch$3.class
   JD: Core.jar/jd/SecondLevelLaunch$4.class
   JD: Core.jar/jd/SecondLevelLaunch$5.class
   JD: Core.jar/jd/SecondLevelLaunch$6.class
   JD: Core.jar/jd/SecondLevelLaunch$7$1.class
   JD: Core.jar/jd/SecondLevelLaunch$7.class
   JD: Core.jar/jd/SecondLevelLaunch$8.class
   JD: Core.jar/jd/SecondLevelLaunch$9$1$1.class
   JD: Core.jar/jd/SecondLevelLaunch$9$1$2.class
   JD: Core.jar/jd/SecondLevelLaunch$9$1$3.class
   JD: Core.jar/jd/SecondLevelLaunch$9$1$4$1$1.class
   JD: Core.jar/jd/SecondLevelLaunch$9$1$4$1$2.class
   JD: Core.jar/jd/SecondLevelLaunch$9$1$4$1$3.class
   JD: Core.jar/jd/SecondLevelLaunch$9$1$4$1.class
   JD: Core.jar/jd/SecondLevelLaunch$9$1$4$2.class
   JD: Core.jar/jd/SecondLevelLaunch$9$1$4.class
   JD: Core.jar/jd/SecondLevelLaunch$9$1$5$1$1.class
   JD: Core.jar/jd/SecondLevelLaunch$9$1$5$1$2.class
   JD: Core.jar/jd/SecondLevelLaunch$9$1$5$1.class
   JD: Core.jar/jd/SecondLevelLaunch$9$1$5.class
   JD: Core.jar/jd/SecondLevelLaunch$9$1$6$1.class
   JD: Core.jar/jd/SecondLevelLaunch$9$1$6.class
   JD: Core.jar/jd/SecondLevelLaunch$9$1$7.class
   JD: Core.jar/jd/SecondLevelLaunch$9$1.class
   JD: Core.jar/jd/SecondLevelLaunch$9.class
   JD: Core.jar/jd/SecondLevelLaunch.class
   JD: Core.jar/jd/controlling/AccountController$7.class
   JD: Core.jar/jd/controlling/AccountController$8.class
   JD: Core.jar/jd/controlling/AccountController.class
   JD: Core.jar/jd/controlling/ClipboardMonitoring$1$2.class
   JD: Core.jar/jd/controlling/ClipboardMonitoring$1.class
   JD: Core.jar/jd/controlling/ClipboardMonitoring$2.class
   JD: Core.jar/jd/controlling/ClipboardMonitoring$3.class
   JD: Core.jar/jd/controlling/ClipboardMonitoring$4.class
   JD: Core.jar/jd/controlling/ClipboardMonitoring.class
   JD: Core.jar/jd/controlling/captcha/SkipException.class
   JD: Core.jar/jd/controlling/faviconcontroller/FavIcons$4.class
   JD: Core.jar/jd/controlling/faviconcontroller/FavIcons.class
   JD: Core.jar/jd/controlling/linkcollector/LinkCollector$1$1.class
   JD: Core.jar/jd/controlling/linkcollector/LinkCollector$1.class
   JD: Core.jar/jd/controlling/linkcollector/LinkCollector$10.class
   JD: Core.jar/jd/controlling/linkcollector/LinkCollector$11.class
   JD: Core.jar/jd/controlling/linkcollector/LinkCollector$12.class
   JD: Core.jar/jd/controlling/linkcollector/LinkCollector$13.class
   JD: Core.jar/jd/controlling/linkcollector/LinkCollector$14.class
   JD: Core.jar/jd/controlling/linkcollector/LinkCollector$15.class
   JD: Core.jar/jd/controlling/linkcollector/LinkCollector$16.class
   JD: Core.jar/jd/controlling/linkcollector/LinkCollector$17.class
   JD: Core.jar/jd/controlling/linkcollector/LinkCollector$18$1.class
   JD: Core.jar/jd/controlling/linkcollector/LinkCollector$18.class
   JD: Core.jar/jd/controlling/linkcollector/LinkCollector$19.class
   JD: Core.jar/jd/controlling/linkcollector/LinkCollector$2$1.class
   JD: Core.jar/jd/controlling/linkcollector/LinkCollector$2.class
   JD: Core.jar/jd/controlling/linkcollector/LinkCollector$20.class
   JD: Core.jar/jd/controlling/linkcollector/LinkCollector$21.class
   JD: Core.jar/jd/controlling/linkcollector/LinkCollector$22.class
   JD: Core.jar/jd/controlling/linkcollector/LinkCollector$23$1.class
   JD: Core.jar/jd/controlling/linkcollector/LinkCollector$23$2.class
   JD: Core.jar/jd/controlling/linkcollector/LinkCollector$23.class
   JD: Core.jar/jd/controlling/linkcollector/LinkCollector$24$1.class
   JD: Core.jar/jd/controlling/linkcollector/LinkCollector$24.class
   JD: Core.jar/jd/controlling/linkcollector/LinkCollector$25.class
   JD: Core.jar/jd/controlling/linkcollector/LinkCollector$26$1.class
   JD: Core.jar/jd/controlling/linkcollector/LinkCollector$26.class
   JD: Core.jar/jd/controlling/linkcollector/LinkCollector$27$1.class
   JD: Core.jar/jd/controlling/linkcollector/LinkCollector$27$2.class
   JD: Core.jar/jd/controlling/linkcollector/LinkCollector$27.class
   JD: Core.jar/jd/controlling/linkcollector/LinkCollector$28.class
   JD: Core.jar/jd/controlling/linkcollector/LinkCollector$29.class
   JD: Core.jar/jd/controlling/linkcollector/LinkCollector$3$1.class
   JD: Core.jar/jd/controlling/linkcollector/LinkCollector$3.class
   JD: Core.jar/jd/controlling/linkcollector/LinkCollector$30.class
   JD: Core.jar/jd/controlling/linkcollector/LinkCollector$31.class
   JD: Core.jar/jd/controlling/linkcollector/LinkCollector$32.class
   JD: Core.jar/jd/controlling/linkcollector/LinkCollector$4.class
   JD: Core.jar/jd/controlling/linkcollector/LinkCollector$5.class
   JD: Core.jar/jd/controlling/linkcollector/LinkCollector$6.class
   JD: Core.jar/jd/controlling/linkcollector/LinkCollector$7.class
   JD: Core.jar/jd/controlling/linkcollector/LinkCollector$8.class
   JD: Core.jar/jd/controlling/linkcollector/LinkCollector$9.class
   JD: Core.jar/jd/controlling/linkcollector/LinkCollector$CrawledPackageMappingID.class
   JD: Core.jar/jd/controlling/linkcollector/LinkCollector$JobLinkChecker.class
   JD: Core.jar/jd/controlling/linkcollector/LinkCollector$JobLinkCrawler$1.class
   JD: Core.jar/jd/controlling/linkcollector/LinkCollector$JobLinkCrawler.class
   JD: Core.jar/jd/controlling/linkcollector/LinkCollector$LoadedPackage.class
   JD: Core.jar/jd/controlling/linkcollector/LinkCollector$MoveLinksMode.class
   JD: Core.jar/jd/controlling/linkcollector/LinkCollector$MoveLinksSettings.class
   JD: Core.jar/jd/controlling/linkcollector/LinkCollector.class
   JD: Core.jar/jd/controlling/linkcollector/LinknameCleaner.class
   JD: Core.jar/jd/controlling/linkcrawler/CrawledLink$1.class
   JD: Core.jar/jd/controlling/linkcrawler/CrawledLink$2.class
   JD: Core.jar/jd/controlling/linkcrawler/CrawledLink.class
   JD: Core.jar/jd/controlling/linkcrawler/CrawledLinkModifier.class
   JD: Core.jar/jd/controlling/linkcrawler/CrawledLinkModifiers.class
   JD: Core.jar/jd/controlling/linkcrawler/CrawledPackage$1.class
   JD: Core.jar/jd/controlling/linkcrawler/CrawledPackage$2.class
   JD: Core.jar/jd/controlling/linkcrawler/CrawledPackage$3.class
   JD: Core.jar/jd/controlling/linkcrawler/CrawledPackage$TYPE.class
   JD: Core.jar/jd/controlling/linkcrawler/CrawledPackage.class
   JD: Core.jar/jd/controlling/linkcrawler/LinkCrawler$1.class
   JD: Core.jar/jd/controlling/linkcrawler/LinkCrawler$10.class
   JD: Core.jar/jd/controlling/linkcrawler/LinkCrawler$11.class
   JD: Core.jar/jd/controlling/linkcrawler/LinkCrawler$12.class
   JD: Core.jar/jd/controlling/linkcrawler/LinkCrawler$13.class
   JD: Core.jar/jd/controlling/linkcrawler/LinkCrawler$14.class
   JD: Core.jar/jd/controlling/linkcrawler/LinkCrawler$15.class
   JD: Core.jar/jd/controlling/linkcrawler/LinkCrawler$16.class
   JD: Core.jar/jd/controlling/linkcrawler/LinkCrawler$17.class
   JD: Core.jar/jd/controlling/linkcrawler/LinkCrawler$18.class
   JD: Core.jar/jd/controlling/linkcrawler/LinkCrawler$19.class
   JD: Core.jar/jd/controlling/linkcrawler/LinkCrawler$2.class
   JD: Core.jar/jd/controlling/linkcrawler/LinkCrawler$20.class
   JD: Core.jar/jd/controlling/linkcrawler/LinkCrawler$21.class
   JD: Core.jar/jd/controlling/linkcrawler/LinkCrawler$22.class
   JD: Core.jar/jd/controlling/linkcrawler/LinkCrawler$23.class
   JD: Core.jar/jd/controlling/linkcrawler/LinkCrawler$24$1.class
   JD: Core.jar/jd/controlling/linkcrawler/LinkCrawler$24.class
   JD: Core.jar/jd/controlling/linkcrawler/LinkCrawler$25$1.class
   JD: Core.jar/jd/controlling/linkcrawler/LinkCrawler$25.class
   JD: Core.jar/jd/controlling/linkcrawler/LinkCrawler$26$1.class.removed
   JD: Core.jar/jd/controlling/linkcrawler/LinkCrawler$26.class
   JD: Core.jar/jd/controlling/linkcrawler/LinkCrawler$27.class
   JD: Core.jar/jd/controlling/linkcrawler/LinkCrawler$28.class
   JD: Core.jar/jd/controlling/linkcrawler/LinkCrawler$29.class
   JD: Core.jar/jd/controlling/linkcrawler/LinkCrawler$3.class
   JD: Core.jar/jd/controlling/linkcrawler/LinkCrawler$30.class.removed
   JD: Core.jar/jd/controlling/linkcrawler/LinkCrawler$4.class
   JD: Core.jar/jd/controlling/linkcrawler/LinkCrawler$5.class
   JD: Core.jar/jd/controlling/linkcrawler/LinkCrawler$6.class
   JD: Core.jar/jd/controlling/linkcrawler/LinkCrawler$7.class
   JD: Core.jar/jd/controlling/linkcrawler/LinkCrawler$8.class
   JD: Core.jar/jd/controlling/linkcrawler/LinkCrawler$9.class
   JD: Core.jar/jd/controlling/linkcrawler/LinkCrawler$DISTRIBUTE.class
   JD: Core.jar/jd/controlling/linkcrawler/LinkCrawler$DUPLICATE.class
   JD: Core.jar/jd/controlling/linkcrawler/LinkCrawler$LinkCrawlerGeneration.class
   JD: Core.jar/jd/controlling/linkcrawler/LinkCrawler$LinkCrawlerTask.class
   JD: Core.jar/jd/controlling/linkcrawler/LinkCrawler.class
   JD: Core.jar/jd/controlling/linkcrawler/LinkCrawlerConfig.class
   JD: Core.jar/jd/controlling/linkcrawler/LinkCrawlerDeepInspector.class
   JD: Core.jar/jd/controlling/linkcrawler/LinkCrawlerThread.class
   JD: Core.jar/jd/controlling/linkcrawler/modifier/CommentModifier.class
   JD: Core.jar/jd/controlling/linkcrawler/modifier/DownloadFolderModifier.class
   JD: Core.jar/jd/controlling/linkcrawler/modifier/FileNameModifier.class
   JD: Core.jar/jd/controlling/linkcrawler/modifier/PackageNameModifier.class
   JD: Core.jar/jd/controlling/reconnect/pluginsinc/liveheader/LiveHeaderDetectionWizard$1.class
   JD: Core.jar/jd/controlling/reconnect/pluginsinc/liveheader/LiveHeaderDetectionWizard$2$1.class
   JD: Core.jar/jd/controlling/reconnect/pluginsinc/liveheader/LiveHeaderDetectionWizard$2.class
   JD: Core.jar/jd/controlling/reconnect/pluginsinc/liveheader/LiveHeaderDetectionWizard$3.class
   JD: Core.jar/jd/controlling/reconnect/pluginsinc/liveheader/LiveHeaderDetectionWizard.class
   JD: Core.jar/jd/parser/html/HTMLParser.class
   JD: Core.jar/jd/plugins/AccountInfo.class
   JD: Core.jar/jd/plugins/CryptedLink.class
   JD: Core.jar/jd/plugins/DecrypterRetryException$RetryReason.class
   JD: Core.jar/jd/plugins/DecrypterRetryException.class
   JD: Core.jar/jd/plugins/DownloadLink$1.class
   JD: Core.jar/jd/plugins/DownloadLink$2.class
   JD: Core.jar/jd/plugins/DownloadLink$3.class
   JD: Core.jar/jd/plugins/DownloadLink$4.class
   JD: Core.jar/jd/plugins/DownloadLink$5.class
   JD: Core.jar/jd/plugins/DownloadLink$AvailableStatus.class
   JD: Core.jar/jd/plugins/DownloadLink.class
   JD: Core.jar/jd/plugins/FilePackage$1$1.class
   JD: Core.jar/jd/plugins/FilePackage$1.class
   JD: Core.jar/jd/plugins/FilePackage$2.class
   JD: Core.jar/jd/plugins/FilePackage.class
   JD: Core.jar/jd/plugins/FilePackageView$10.class
   JD: Core.jar/jd/plugins/FilePackageView$6.class
   JD: Core.jar/jd/plugins/FilePackageView$7.class
   JD: Core.jar/jd/plugins/FilePackageView$8.class
   JD: Core.jar/jd/plugins/FilePackageView$9.class
   JD: Core.jar/jd/plugins/FilePackageView.class
   JD: Core.jar/jd/plugins/Plugin$1.class
   JD: Core.jar/jd/plugins/Plugin$2.class
   JD: Core.jar/jd/plugins/Plugin$3.class
   JD: Core.jar/jd/plugins/Plugin$4.class
   JD: Core.jar/jd/plugins/Plugin.class
   JD: Core.jar/jd/plugins/PluginForDecrypt$1.class
   JD: Core.jar/jd/plugins/PluginForDecrypt$2.class
   JD: Core.jar/jd/plugins/PluginForDecrypt.class
   JD: Core.jar/jd/plugins/PluginForHost$1.class
   JD: Core.jar/jd/plugins/PluginForHost$10$1.class
   JD: Core.jar/jd/plugins/PluginForHost$10$2.class
   JD: Core.jar/jd/plugins/PluginForHost$10.class
   JD: Core.jar/jd/plugins/PluginForHost$11.class
   JD: Core.jar/jd/plugins/PluginForHost$12.class
   JD: Core.jar/jd/plugins/PluginForHost$2.class
   JD: Core.jar/jd/plugins/PluginForHost$3.class
   JD: Core.jar/jd/plugins/PluginForHost$4.class
   JD: Core.jar/jd/plugins/PluginForHost$5$1$1.class
   JD: Core.jar/jd/plugins/PluginForHost$5$1.class
   JD: Core.jar/jd/plugins/PluginForHost$5.class
   JD: Core.jar/jd/plugins/PluginForHost$6$1.class
   JD: Core.jar/jd/plugins/PluginForHost$6$2$1.class
   JD: Core.jar/jd/plugins/PluginForHost$6$2$2.class
   JD: Core.jar/jd/plugins/PluginForHost$6$2.class
   JD: Core.jar/jd/plugins/PluginForHost$6.class
   JD: Core.jar/jd/plugins/PluginForHost$7.class
   JD: Core.jar/jd/plugins/PluginForHost$8.class
   JD: Core.jar/jd/plugins/PluginForHost$9.class
   JD: Core.jar/jd/plugins/PluginForHost$FilePair.class
   JD: Core.jar/jd/plugins/PluginForHost.class
   JD: Core.jar/jd/plugins/components/NZBSAXHandler.class
   JD: Core.jar/jd/plugins/components/PluginJSonUtils.class
   JD: Core.jar/jd/plugins/components/SiteType$SiteTemplate.class
   JD: Core.jar/jd/plugins/download/DownloadLinkDownloadable$1.class
   JD: Core.jar/jd/plugins/download/DownloadLinkDownloadable$2.class
   JD: Core.jar/jd/plugins/download/DownloadLinkDownloadable$3.class
   JD: Core.jar/jd/plugins/download/DownloadLinkDownloadable$4.class
   JD: Core.jar/jd/plugins/download/DownloadLinkDownloadable.class
   JD: Core.jar/jd/plugins/download/HashResult$1.class
   JD: Core.jar/jd/plugins/download/HashResult.class
   JD: Core.jar/jd/plugins/download/raf/HTTPDownloader$2.class
   JD: Core.jar/jd/plugins/download/raf/HTTPDownloader$3.class
   JD: Core.jar/jd/plugins/download/raf/HTTPDownloader.class
   JD: Core.jar/jd/utils/JDUtilities.class
   JD: Core.jar/org/jdownloader/DomainInfo.class
   JD: Core.jar/org/jdownloader/api/DeprecatedAPIHttpServerController.class
   JD: Core.jar/org/jdownloader/api/RIDArray.class.removed
   JD: Core.jar/org/jdownloader/api/RIDEntry.class.removed
   JD: Core.jar/org/jdownloader/api/RemoteAPIConfig.class
   JD: Core.jar/org/jdownloader/api/RemoteAPIController$1$1.class
   JD: Core.jar/org/jdownloader/api/RemoteAPIController$1$2.class
   JD: Core.jar/org/jdownloader/api/RemoteAPIController$1.class
   JD: Core.jar/org/jdownloader/api/RemoteAPIController$2$1.class
   JD: Core.jar/org/jdownloader/api/RemoteAPIController$2.class
   JD: Core.jar/org/jdownloader/api/RemoteAPIController$3.class
   JD: Core.jar/org/jdownloader/api/RemoteAPIController$4.class
   JD: Core.jar/org/jdownloader/api/RemoteAPIController$RidHistory.class
   JD: Core.jar/org/jdownloader/api/RemoteAPIController.class
   JD: Core.jar/org/jdownloader/api/accounts/AccountAPIImpl.class
   JD: Core.jar/org/jdownloader/api/cnl2/ExternInterfaceImpl$1.class
   JD: Core.jar/org/jdownloader/api/cnl2/ExternInterfaceImpl$10.class
   JD: Core.jar/org/jdownloader/api/cnl2/ExternInterfaceImpl$11.class
   JD: Core.jar/org/jdownloader/api/cnl2/ExternInterfaceImpl$12.class
   JD: Core.jar/org/jdownloader/api/cnl2/ExternInterfaceImpl$2.class
   JD: Core.jar/org/jdownloader/api/cnl2/ExternInterfaceImpl$3.class
   JD: Core.jar/org/jdownloader/api/cnl2/ExternInterfaceImpl$4.class
   JD: Core.jar/org/jdownloader/api/cnl2/ExternInterfaceImpl$5.class
   JD: Core.jar/org/jdownloader/api/cnl2/ExternInterfaceImpl$6.class
   JD: Core.jar/org/jdownloader/api/cnl2/ExternInterfaceImpl$7.class
   JD: Core.jar/org/jdownloader/api/cnl2/ExternInterfaceImpl$8.class
   JD: Core.jar/org/jdownloader/api/cnl2/ExternInterfaceImpl$9.class
   JD: Core.jar/org/jdownloader/api/cnl2/ExternInterfaceImpl.class
   JD: Core.jar/org/jdownloader/api/content/ContentAPIImpl.class
   JD: Core.jar/org/jdownloader/api/content/v2/ContentAPIImplV2$1.class
   JD: Core.jar/org/jdownloader/api/content/v2/ContentAPIImplV2$2.class
   JD: Core.jar/org/jdownloader/api/content/v2/ContentAPIImplV2.class
   JD: Core.jar/org/jdownloader/api/downloads/v2/DownloadsAPIV2Impl.class
   JD: Core.jar/org/jdownloader/api/jdanywhere/api/DashboardApi$1.class
   JD: Core.jar/org/jdownloader/api/jdanywhere/api/DashboardApi$2.class
   JD: Core.jar/org/jdownloader/api/jdanywhere/api/DashboardApi.class
   JD: Core.jar/org/jdownloader/api/linkcollector/v2/LinkCollectorAPIImplV2$1.class
   JD: Core.jar/org/jdownloader/api/linkcollector/v2/LinkCollectorAPIImplV2$2.class
   JD: Core.jar/org/jdownloader/api/linkcollector/v2/LinkCollectorAPIImplV2$3.class
   JD: Core.jar/org/jdownloader/api/linkcollector/v2/LinkCollectorAPIImplV2$4.class
   JD: Core.jar/org/jdownloader/api/linkcollector/v2/LinkCollectorAPIImplV2$5.class
   JD: Core.jar/org/jdownloader/api/linkcollector/v2/LinkCollectorAPIImplV2$6.class
   JD: Core.jar/org/jdownloader/api/linkcollector/v2/LinkCollectorAPIImplV2$7.class
   JD: Core.jar/org/jdownloader/api/linkcollector/v2/LinkCollectorAPIImplV2.class
   JD: Core.jar/org/jdownloader/api/myjdownloader/MyJDownloaderConnectThread$1.class
   JD: Core.jar/org/jdownloader/api/myjdownloader/MyJDownloaderConnectThread$10.class
   JD: Core.jar/org/jdownloader/api/myjdownloader/MyJDownloaderConnectThread$2.class
   JD: Core.jar/org/jdownloader/api/myjdownloader/MyJDownloaderConnectThread$3.class
   JD: Core.jar/org/jdownloader/api/myjdownloader/MyJDownloaderConnectThread$4.class
   JD: Core.jar/org/jdownloader/api/myjdownloader/MyJDownloaderConnectThread$5.class
   JD: Core.jar/org/jdownloader/api/myjdownloader/MyJDownloaderConnectThread$6.class
   JD: Core.jar/org/jdownloader/api/myjdownloader/MyJDownloaderConnectThread$7.class
   JD: Core.jar/org/jdownloader/api/myjdownloader/MyJDownloaderConnectThread$8.class
   JD: Core.jar/org/jdownloader/api/myjdownloader/MyJDownloaderConnectThread$9.class
   JD: Core.jar/org/jdownloader/api/myjdownloader/MyJDownloaderConnectThread$DeviceConnectionHelper.class
   JD: Core.jar/org/jdownloader/api/myjdownloader/MyJDownloaderConnectThread$SessionInfoWrapper$STATE.class
   JD: Core.jar/org/jdownloader/api/myjdownloader/MyJDownloaderConnectThread$SessionInfoWrapper.class
   JD: Core.jar/org/jdownloader/api/myjdownloader/MyJDownloaderConnectThread.class
   JD: Core.jar/org/jdownloader/api/myjdownloader/MyJDownloaderSettings$DIRECTMODE.class
   JD: Core.jar/org/jdownloader/api/myjdownloader/MyJDownloaderSettings$DeviceNameFactory.class
   JD: Core.jar/org/jdownloader/api/myjdownloader/MyJDownloaderSettings$MyJDownloaderError.class
   JD: Core.jar/org/jdownloader/api/myjdownloader/MyJDownloaderSettings.class
   JD: Core.jar/org/jdownloader/api/myjdownloader/MyJDownloaderWaitingConnectionThread$1.class
   JD: Core.jar/org/jdownloader/api/myjdownloader/MyJDownloaderWaitingConnectionThread$MyJDownloaderConnectionRequest.class
   JD: Core.jar/org/jdownloader/api/myjdownloader/MyJDownloaderWaitingConnectionThread$MyJDownloaderConnectionResponse.class
   JD: Core.jar/org/jdownloader/api/myjdownloader/MyJDownloaderWaitingConnectionThread.class
   JD: Core.jar/org/jdownloader/api/myjdownloader/api/MyJDownloaderAPI$1.class
   JD: Core.jar/org/jdownloader/api/myjdownloader/api/MyJDownloaderAPI$MyJDownloaderAPIBrowser.class
   JD: Core.jar/org/jdownloader/api/myjdownloader/api/MyJDownloaderAPI.class
   JD: Core.jar/org/jdownloader/api/system/SystemAPIImpl17.class
   JD: Core.jar/org/jdownloader/captcha/api/CaptchaForwarder.class
   JD: Core.jar/org/jdownloader/captcha/v2/Challenge.class
   JD: Core.jar/org/jdownloader/captcha/v2/ChallengeResponseController.class
   JD: Core.jar/org/jdownloader/captcha/v2/challenge/keycaptcha/jac/KeyCaptchaAutoSolver.class
   JD: Core.jar/org/jdownloader/captcha/v2/challenge/recaptcha/v2/AbstractRecaptchaV2$1.class
   JD: Core.jar/org/jdownloader/captcha/v2/challenge/recaptcha/v2/AbstractRecaptchaV2$TYPE.class
   JD: Core.jar/org/jdownloader/captcha/v2/challenge/recaptcha/v2/AbstractRecaptchaV2.class
   JD: Core.jar/org/jdownloader/captcha/v2/challenge/recaptcha/v2/CaptchaHelperCrawlerPluginRecaptchaV2.class
   JD: Core.jar/org/jdownloader/captcha/v2/challenge/recaptcha/v2/CaptchaHelperHostPluginRecaptchaV2.class
   JD: Core.jar/org/jdownloader/captcha/v2/challenge/recaptcha/v2/RecaptchaV2Challenge$1.class
   JD: Core.jar/org/jdownloader/captcha/v2/challenge/recaptcha/v2/RecaptchaV2Challenge$2.class
   JD: Core.jar/org/jdownloader/captcha/v2/challenge/recaptcha/v2/RecaptchaV2Challenge$3.class
   JD: Core.jar/org/jdownloader/captcha/v2/challenge/recaptcha/v2/RecaptchaV2Challenge$4.class
   JD: Core.jar/org/jdownloader/captcha/v2/challenge/recaptcha/v2/RecaptchaV2Challenge$5.class
   JD: Core.jar/org/jdownloader/captcha/v2/challenge/recaptcha/v2/RecaptchaV2Challenge$6.class
   JD: Core.jar/org/jdownloader/captcha/v2/challenge/recaptcha/v2/RecaptchaV2Challenge$7.class
   JD: Core.jar/org/jdownloader/captcha/v2/challenge/recaptcha/v2/RecaptchaV2Challenge$8.class
   JD: Core.jar/org/jdownloader/captcha/v2/challenge/recaptcha/v2/RecaptchaV2Challenge$9.class
   JD: Core.jar/org/jdownloader/captcha/v2/challenge/recaptcha/v2/RecaptchaV2Challenge$RecaptchaV2APIStorable.class
   JD: Core.jar/org/jdownloader/captcha/v2/challenge/recaptcha/v2/RecaptchaV2Challenge.class
   JD: Core.jar/org/jdownloader/captcha/v2/challenge/recaptcha/v2/recaptcha.html
   JD: Core.jar/org/jdownloader/captcha/v2/solver/browser/BrowserCaptchaDialog$15$1.class
   JD: Core.jar/org/jdownloader/captcha/v2/solver/browser/BrowserCaptchaDialog$15.class
   JD: Core.jar/org/jdownloader/captcha/v2/solver/browser/BrowserCaptchaDialog.class
   JD: Core.jar/org/jdownloader/captcha/v2/solver/browser/BrowserReference$1.class
   JD: Core.jar/org/jdownloader/captcha/v2/solver/browser/BrowserReference.class
   JD: Core.jar/org/jdownloader/captcha/v2/solver/browser/html/browserCaptcha.js
   JD: Core.jar/org/jdownloader/captcha/v2/solver/captchasolutions/CaptchaSolutionsSolver.class
   JD: Core.jar/org/jdownloader/captcha/v2/solver/cheapcaptcha/CheapCaptchaSolver$1.class
   JD: Core.jar/org/jdownloader/captcha/v2/solver/cheapcaptcha/CheapCaptchaSolver.class
   JD: Core.jar/org/jdownloader/captcha/v2/solver/dbc/DeathByCaptchaSolver$1.class
   JD: Core.jar/org/jdownloader/captcha/v2/solver/dbc/DeathByCaptchaSolver.class
   JD: Core.jar/org/jdownloader/captcha/v2/solver/dbc/DeathByCaptchaSolverService$1$1.class
   JD: Core.jar/org/jdownloader/captcha/v2/solver/dbc/DeathByCaptchaSolverService$1.class
   JD: Core.jar/org/jdownloader/captcha/v2/solver/dbc/DeathByCaptchaSolverService$2.class
   JD: Core.jar/org/jdownloader/captcha/v2/solver/dbc/DeathByCaptchaSolverService.class
   JD: Core.jar/org/jdownloader/captcha/v2/solver/service/BrowserSolverService$1$1.class
   JD: Core.jar/org/jdownloader/captcha/v2/solver/service/BrowserSolverService$1.class
   JD: Core.jar/org/jdownloader/captcha/v2/solver/service/BrowserSolverService.class
   JD: Core.jar/org/jdownloader/captcha/v2/solver/solver9kw/Captcha9kwSolverMultiClick$1.class
   JD: Core.jar/org/jdownloader/captcha/v2/solver/solver9kw/Captcha9kwSolverMultiClick.class
   JD: Core.jar/org/jdownloader/controlling/contextmenu/gui/MenuManagerDialog.class
   JD: Core.jar/org/jdownloader/controlling/ffmpeg/FFMpegInstallThread$1.class
   JD: Core.jar/org/jdownloader/controlling/ffmpeg/FFMpegInstallThread$BINARY.class
   JD: Core.jar/org/jdownloader/controlling/ffmpeg/FFMpegInstallThread.class
   JD: Core.jar/org/jdownloader/controlling/ffmpeg/FFmpegSetup$BinayPathValidator.class
   JD: Core.jar/org/jdownloader/controlling/ffmpeg/FFmpegSetup$DefaultFFMpegBinary.class
   JD: Core.jar/org/jdownloader/controlling/ffmpeg/FFmpegSetup$DefaultFFProbeBinary.class
   JD: Core.jar/org/jdownloader/controlling/filter/CompiledFiletypeFilter$1.class
   JD: Core.jar/org/jdownloader/controlling/filter/CompiledFiletypeFilter$ArchiveExtensions.class
   JD: Core.jar/org/jdownloader/controlling/filter/CompiledFiletypeFilter$ImageExtensions.class
   JD: Core.jar/org/jdownloader/controlling/filter/CompiledFiletypeFilter.class
   JD: Core.jar/org/jdownloader/controlling/packagizer/PackagizerController$10.class
   JD: Core.jar/org/jdownloader/controlling/packagizer/PackagizerController$11.class
   JD: Core.jar/org/jdownloader/controlling/packagizer/PackagizerController$12.class
   JD: Core.jar/org/jdownloader/controlling/packagizer/PackagizerController$13.class
   JD: Core.jar/org/jdownloader/controlling/packagizer/PackagizerController$14.class
   JD: Core.jar/org/jdownloader/controlling/packagizer/PackagizerController$15.class
   JD: Core.jar/org/jdownloader/controlling/packagizer/PackagizerController$16.class
   JD: Core.jar/org/jdownloader/controlling/packagizer/PackagizerController$17.class
   JD: Core.jar/org/jdownloader/controlling/packagizer/PackagizerController$18.class
   JD: Core.jar/org/jdownloader/controlling/packagizer/PackagizerController$19.class
   JD: Core.jar/org/jdownloader/controlling/packagizer/PackagizerController$20.class
   JD: Core.jar/org/jdownloader/controlling/packagizer/PackagizerController$21.class
   JD: Core.jar/org/jdownloader/controlling/packagizer/PackagizerController$22.class
   JD: Core.jar/org/jdownloader/controlling/packagizer/PackagizerController$23.class
   JD: Core.jar/org/jdownloader/controlling/packagizer/PackagizerController$4.class
   JD: Core.jar/org/jdownloader/controlling/packagizer/PackagizerController$5.class
   JD: Core.jar/org/jdownloader/controlling/packagizer/PackagizerController$6.class
   JD: Core.jar/org/jdownloader/controlling/packagizer/PackagizerController$7.class
   JD: Core.jar/org/jdownloader/controlling/packagizer/PackagizerController$8.class
   JD: Core.jar/org/jdownloader/controlling/packagizer/PackagizerController$9.class
   JD: Core.jar/org/jdownloader/controlling/packagizer/PackagizerController$REPLACEVARIABLE.class
   JD: Core.jar/org/jdownloader/controlling/packagizer/PackagizerController.class
   JD: Core.jar/org/jdownloader/crosssystem/windows/Win7TaskBar.class
   JD: Core.jar/org/jdownloader/donate/DONATE_EVENT$1.class
   JD: Core.jar/org/jdownloader/donate/DONATE_EVENT$2.class
   JD: Core.jar/org/jdownloader/donate/DONATE_EVENT$3.class
   JD: Core.jar/org/jdownloader/donate/DONATE_EVENT$4.class
   JD: Core.jar/org/jdownloader/donate/DONATE_EVENT$5.class
   JD: Core.jar/org/jdownloader/donate/DONATE_EVENT$6.class
   JD: Core.jar/org/jdownloader/donate/DONATE_EVENT$7.class
   JD: Core.jar/org/jdownloader/donate/DONATE_EVENT$8.class
   JD: Core.jar/org/jdownloader/donate/DONATE_EVENT$9.class
   JD: Core.jar/org/jdownloader/donate/DONATE_EVENT.class
   JD: Core.jar/org/jdownloader/downloader/hls/HLSDownloader$1.class
   JD: Core.jar/org/jdownloader/downloader/hls/HLSDownloader$10.class
   JD: Core.jar/org/jdownloader/downloader/hls/HLSDownloader$2.class
   JD: Core.jar/org/jdownloader/downloader/hls/HLSDownloader$3.class
   JD: Core.jar/org/jdownloader/downloader/hls/HLSDownloader$4.class
   JD: Core.jar/org/jdownloader/downloader/hls/HLSDownloader$5.class
   JD: Core.jar/org/jdownloader/downloader/hls/HLSDownloader$6.class
   JD: Core.jar/org/jdownloader/downloader/hls/HLSDownloader$7.class
   JD: Core.jar/org/jdownloader/downloader/hls/HLSDownloader$8.class
   JD: Core.jar/org/jdownloader/downloader/hls/HLSDownloader$9.class
   JD: Core.jar/org/jdownloader/downloader/hls/HLSDownloader$CONCATSOURCE.class
   JD: Core.jar/org/jdownloader/downloader/hls/HLSDownloader$PartFile.class
   JD: Core.jar/org/jdownloader/downloader/hls/HLSDownloader.class
   JD: Core.jar/org/jdownloader/downloader/hls/M3U8Playlist$M3U8Segment$X_KEY_METHOD.class
   JD: Core.jar/org/jdownloader/downloader/hls/M3U8Playlist$M3U8Segment.class
   JD: Core.jar/org/jdownloader/downloader/hls/M3U8Playlist.class
   JD: Core.jar/org/jdownloader/downloader/segment/SegmentDownloader$1.class
   JD: Core.jar/org/jdownloader/downloader/segment/SegmentDownloader$2.class
   JD: Core.jar/org/jdownloader/downloader/segment/SegmentDownloader.class
   JD: Core.jar/org/jdownloader/gui/jdtrayicon/CFG_TRAY_CONFIG.class
   JD: Core.jar/org/jdownloader/gui/jdtrayicon/TrayConfig.class
   JD: Core.jar/org/jdownloader/gui/jdtrayicon/TrayConfigPanel$1.class
   JD: Core.jar/org/jdownloader/gui/jdtrayicon/TrayConfigPanel.class
   JD: Core.jar/org/jdownloader/gui/jdtrayicon/TrayExtension$2$1.class
   JD: Core.jar/org/jdownloader/gui/jdtrayicon/TrayExtension$2.class
   JD: Core.jar/org/jdownloader/gui/jdtrayicon/TrayExtension$3.class
   JD: Core.jar/org/jdownloader/gui/jdtrayicon/TrayExtension$4.class
   JD: Core.jar/org/jdownloader/gui/jdtrayicon/TrayExtension$5.class
   JD: Core.jar/org/jdownloader/gui/jdtrayicon/TrayExtension$6.class
   JD: Core.jar/org/jdownloader/gui/jdtrayicon/TrayExtension$7.class
   JD: Core.jar/org/jdownloader/gui/jdtrayicon/TrayExtension$8.class
   JD: Core.jar/org/jdownloader/gui/jdtrayicon/TrayExtension$9.class
   JD: Core.jar/org/jdownloader/gui/jdtrayicon/TrayExtension.class
   JD: Core.jar/org/jdownloader/gui/jdtrayicon/TrayMouseAdapter$1.class
   JD: Core.jar/org/jdownloader/gui/jdtrayicon/TrayMouseAdapter$2$1.class.removed
   JD: Core.jar/org/jdownloader/gui/jdtrayicon/TrayMouseAdapter$2.class
   JD: Core.jar/org/jdownloader/gui/jdtrayicon/TrayMouseAdapter$3.class
   JD: Core.jar/org/jdownloader/gui/jdtrayicon/TrayMouseAdapter$4.class
   JD: Core.jar/org/jdownloader/gui/jdtrayicon/TrayMouseAdapter$5$1.class
   JD: Core.jar/org/jdownloader/gui/jdtrayicon/TrayMouseAdapter$5.class
   JD: Core.jar/org/jdownloader/gui/jdtrayicon/TrayMouseAdapter.class
   JD: Core.jar/org/jdownloader/gui/jdtrayicon/translate/TrayiconTranslation.class
   JD: Core.jar/org/jdownloader/gui/mainmenu/BackupCreateAction$1$1.class
   JD: Core.jar/org/jdownloader/gui/mainmenu/BackupCreateAction$1$2.class
   JD: Core.jar/org/jdownloader/gui/mainmenu/BackupCreateAction$1.class
   JD: Core.jar/org/jdownloader/gui/mainmenu/BackupCreateAction$2.class
   JD: Core.jar/org/jdownloader/gui/mainmenu/BackupCreateAction.class
   JD: Core.jar/org/jdownloader/gui/notify/gui/BubbleNotifyConfigPanel$1$1.class
   JD: Core.jar/org/jdownloader/gui/notify/gui/BubbleNotifyConfigPanel$1.class
   JD: Core.jar/org/jdownloader/gui/notify/gui/BubbleNotifyConfigPanel$2.class
   JD: Core.jar/org/jdownloader/gui/notify/gui/BubbleNotifyConfigPanel.class
   JD: Core.jar/org/jdownloader/gui/notify/gui/CFG_BUBBLE.class
   JD: Core.jar/org/jdownloader/gui/notify/linkcrawler/LinkCrawlerBubbleContent.class
   JD: Core.jar/org/jdownloader/gui/shortcuts/ShortcutSettings$DefaultTextFieldCopy.class
   JD: Core.jar/org/jdownloader/gui/shortcuts/ShortcutSettings$DefaultTextFieldCut.class
   JD: Core.jar/org/jdownloader/gui/shortcuts/ShortcutSettings$DefaultTextFieldDelete.class
   JD: Core.jar/org/jdownloader/gui/shortcuts/ShortcutSettings$DefaultTextFieldPaste.class
   JD: Core.jar/org/jdownloader/gui/shortcuts/ShortcutSettings$DefaultTextFieldSelect.class
   JD: Core.jar/org/jdownloader/gui/shortcuts/ShortcutSettings$KeyStrokeValidator.class
   JD: Core.jar/org/jdownloader/gui/sponsor/BannerRotation$4.class
   JD: Core.jar/org/jdownloader/gui/sponsor/BannerRotation$5$1.class
   JD: Core.jar/org/jdownloader/gui/sponsor/BannerRotation.class
   JD: Core.jar/org/jdownloader/gui/translate/GuiTranslation.class
   JD: Core.jar/org/jdownloader/gui/views/components/packagetable/PackageControllerTable$10$1.class
   JD: Core.jar/org/jdownloader/gui/views/components/packagetable/PackageControllerTable$10.class
   JD: Core.jar/org/jdownloader/gui/views/components/packagetable/PackageControllerTable$11$1.class
   JD: Core.jar/org/jdownloader/gui/views/components/packagetable/PackageControllerTable$11.class
   JD: Core.jar/org/jdownloader/gui/views/components/packagetable/PackageControllerTable$5.class
   JD: Core.jar/org/jdownloader/gui/views/components/packagetable/PackageControllerTable$6.class
   JD: Core.jar/org/jdownloader/gui/views/components/packagetable/PackageControllerTable$7.class
   JD: Core.jar/org/jdownloader/gui/views/components/packagetable/PackageControllerTable$8$1.class
   JD: Core.jar/org/jdownloader/gui/views/components/packagetable/PackageControllerTable$8.class
   JD: Core.jar/org/jdownloader/gui/views/components/packagetable/PackageControllerTable$9$1.class
   JD: Core.jar/org/jdownloader/gui/views/components/packagetable/PackageControllerTable$9.class
   JD: Core.jar/org/jdownloader/gui/views/components/packagetable/PackageControllerTable.class
   JD: Core.jar/org/jdownloader/gui/views/components/packagetable/context/SetCommentAction$1.class
   JD: Core.jar/org/jdownloader/gui/views/components/packagetable/context/SetCommentAction.class
   JD: Core.jar/org/jdownloader/gui/views/components/packagetable/context/rename/SingleFilterResultTableModel$7.class
   JD: Core.jar/org/jdownloader/gui/views/components/packagetable/context/rename/ViewTestResultTableModel$7.class
   JD: Core.jar/org/jdownloader/gui/views/downloads/action/CopyGenericContextAction$1.class
   JD: Core.jar/org/jdownloader/gui/views/downloads/action/CopyGenericContextAction.class
   JD: Core.jar/org/jdownloader/gui/views/downloads/action/RunCheckSumAction$1.class
   JD: Core.jar/org/jdownloader/gui/views/downloads/action/RunCheckSumAction$2.class
   JD: Core.jar/org/jdownloader/gui/views/downloads/action/RunCheckSumAction.class
   JD: Core.jar/org/jdownloader/gui/views/downloads/columns/TaskColumn.class
   JD: Core.jar/org/jdownloader/gui/views/downloads/contextmenumanager/MenuManagerDownloadTableContext$1.class
   JD: Core.jar/org/jdownloader/gui/views/downloads/contextmenumanager/MenuManagerDownloadTableContext.class
   JD: Core.jar/org/jdownloader/gui/views/downloads/table/SpeedLimitAction.class
   JD: Core.jar/org/jdownloader/gui/views/downloads/table/SpeedLimitator$1.class
   JD: Core.jar/org/jdownloader/gui/views/downloads/table/SpeedLimitator$2.class
   JD: Core.jar/org/jdownloader/gui/views/downloads/table/SpeedLimitator$3.class.removed
   JD: Core.jar/org/jdownloader/gui/views/downloads/table/SpeedLimitator.class
   JD: Core.jar/org/jdownloader/gui/views/linkgrabber/actions/AddLinksProgress$1.class
   JD: Core.jar/org/jdownloader/gui/views/linkgrabber/actions/AddLinksProgress$2$1.class
   JD: Core.jar/org/jdownloader/gui/views/linkgrabber/actions/AddLinksProgress$2.class
   JD: Core.jar/org/jdownloader/gui/views/linkgrabber/actions/AddLinksProgress.class
   JD: Core.jar/org/jdownloader/gui/views/linkgrabber/addlinksdialog/AddLinksDialog$10.class
   JD: Core.jar/org/jdownloader/gui/views/linkgrabber/addlinksdialog/AddLinksDialog$11.class
   JD: Core.jar/org/jdownloader/gui/views/linkgrabber/addlinksdialog/AddLinksDialog$12.class
   JD: Core.jar/org/jdownloader/gui/views/linkgrabber/addlinksdialog/AddLinksDialog$13.class
   JD: Core.jar/org/jdownloader/gui/views/linkgrabber/addlinksdialog/AddLinksDialog$14.class
   JD: Core.jar/org/jdownloader/gui/views/linkgrabber/addlinksdialog/AddLinksDialog$15.class
   JD: Core.jar/org/jdownloader/gui/views/linkgrabber/addlinksdialog/AddLinksDialog$16$1$1.class
   JD: Core.jar/org/jdownloader/gui/views/linkgrabber/addlinksdialog/AddLinksDialog$16$1.class
   JD: Core.jar/org/jdownloader/gui/views/linkgrabber/addlinksdialog/AddLinksDialog$16.class
   JD: Core.jar/org/jdownloader/gui/views/linkgrabber/addlinksdialog/AddLinksDialog$17.class
   JD: Core.jar/org/jdownloader/gui/views/linkgrabber/addlinksdialog/AddLinksDialog$18.class
   JD: Core.jar/org/jdownloader/gui/views/linkgrabber/addlinksdialog/AddLinksDialog$19.class
   JD: Core.jar/org/jdownloader/gui/views/linkgrabber/addlinksdialog/AddLinksDialog$20.class
   JD: Core.jar/org/jdownloader/gui/views/linkgrabber/addlinksdialog/AddLinksDialog$21.class
   JD: Core.jar/org/jdownloader/gui/views/linkgrabber/addlinksdialog/AddLinksDialog$22$1.class
   JD: Core.jar/org/jdownloader/gui/views/linkgrabber/addlinksdialog/AddLinksDialog$22.class
   JD: Core.jar/org/jdownloader/gui/views/linkgrabber/addlinksdialog/AddLinksDialog$23$1.class
   JD: Core.jar/org/jdownloader/gui/views/linkgrabber/addlinksdialog/AddLinksDialog$23$2.class
   JD: Core.jar/org/jdownloader/gui/views/linkgrabber/addlinksdialog/AddLinksDialog$23$3.class
   JD: Core.jar/org/jdownloader/gui/views/linkgrabber/addlinksdialog/AddLinksDialog$23$4.class
   JD: Core.jar/org/jdownloader/gui/views/linkgrabber/addlinksdialog/AddLinksDialog$23$5.class
   JD: Core.jar/org/jdownloader/gui/views/linkgrabber/addlinksdialog/AddLinksDialog$23.class
   JD: Core.jar/org/jdownloader/gui/views/linkgrabber/addlinksdialog/AddLinksDialog$4.class
   JD: Core.jar/org/jdownloader/gui/views/linkgrabber/addlinksdialog/AddLinksDialog$5.class
   JD: Core.jar/org/jdownloader/gui/views/linkgrabber/addlinksdialog/AddLinksDialog$6.class
   JD: Core.jar/org/jdownloader/gui/views/linkgrabber/addlinksdialog/AddLinksDialog$7.class
   JD: Core.jar/org/jdownloader/gui/views/linkgrabber/addlinksdialog/AddLinksDialog$8.class
   JD: Core.jar/org/jdownloader/gui/views/linkgrabber/addlinksdialog/AddLinksDialog$9.class
   JD: Core.jar/org/jdownloader/gui/views/linkgrabber/addlinksdialog/AddLinksDialog.class
   JD: Core.jar/org/jdownloader/gui/views/linkgrabber/columns/DownloadFolderColumn$1.class
   JD: Core.jar/org/jdownloader/gui/views/linkgrabber/columns/DownloadFolderColumn$2.class
   JD: Core.jar/org/jdownloader/gui/views/linkgrabber/columns/DownloadFolderColumn$3.class
   JD: Core.jar/org/jdownloader/gui/views/linkgrabber/columns/DownloadFolderColumn.class
   JD: Core.jar/org/jdownloader/gui/views/linkgrabber/quickfilter/QuickFilterHosterTable$1.class
   JD: Core.jar/org/jdownloader/gui/views/linkgrabber/quickfilter/QuickFilterHosterTable$2.class
   JD: Core.jar/org/jdownloader/gui/views/linkgrabber/quickfilter/QuickFilterHosterTable.class
   JD: Core.jar/org/jdownloader/jna/windows/Kernel32.class
   JD: Core.jar/org/jdownloader/jna/windows/User32$1.class
   JD: Core.jar/org/jdownloader/jna/windows/User32.class
   JD: Core.jar/org/jdownloader/logging/LogController$2.class
   JD: Core.jar/org/jdownloader/logging/LogController.class
   JD: Core.jar/org/jdownloader/net/BCTLSSocketStreamFactory$1.class
   JD: Core.jar/org/jdownloader/net/BCTLSSocketStreamFactory$BCTLSSocketStreamTlsClient$1.class
   JD: Core.jar/org/jdownloader/net/BCTLSSocketStreamFactory$BCTLSSocketStreamTlsClient.class
   JD: Core.jar/org/jdownloader/net/BCTLSSocketStreamFactory.class
   JD: Core.jar/org/jdownloader/osevents/windows.removed
   JD: Core.jar/org/jdownloader/osevents/windows/jna.removed
   JD: Core.jar/org/jdownloader/osevents/windows/jna/ShutdownDetect$1.class.removed
   JD: Core.jar/org/jdownloader/osevents/windows/jna/ShutdownDetect$CWPSSTRUCT.class.removed
   JD: Core.jar/org/jdownloader/osevents/windows/jna/ShutdownDetect$IShutdownListener.class.removed
   JD: Core.jar/org/jdownloader/osevents/windows/jna/ShutdownDetect$MyHookProc.class.removed
   JD: Core.jar/org/jdownloader/osevents/windows/jna/ShutdownDetect$WinHookProc.class.removed
   JD: Core.jar/org/jdownloader/osevents/windows/jna/ShutdownDetect.class.removed
   JD: Core.jar/org/jdownloader/osevents/windows/jna/WindowsEventSource$1.class.removed
   JD: Core.jar/org/jdownloader/osevents/windows/jna/WindowsEventSource$CWPSSTRUCT.class.removed
   JD: Core.jar/org/jdownloader/osevents/windows/jna/WindowsEventSource$EventHookProc.class.removed
   JD: Core.jar/org/jdownloader/osevents/windows/jna/WindowsEventSource$WinHookProc.class.removed
   JD: Core.jar/org/jdownloader/osevents/windows/jna/WindowsEventSource.class.removed
   JD: Core.jar/org/jdownloader/plugins/FinalLinkState$1.class
   JD: Core.jar/org/jdownloader/plugins/FinalLinkState.class
   JD: Core.jar/org/jdownloader/plugins/components/FlexShareCore.class
   JD: Core.jar/org/jdownloader/plugins/components/TurbobitCore$1.class
   JD: Core.jar/org/jdownloader/plugins/components/TurbobitCore$2.class
   JD: Core.jar/org/jdownloader/plugins/components/TurbobitCore$DownloadType.class
   JD: Core.jar/org/jdownloader/plugins/components/TurbobitCore.class
   JD: Core.jar/org/jdownloader/plugins/components/UnknownHostingScriptCore.class
   JD: Core.jar/org/jdownloader/plugins/components/UnknownVideohostingCore$1.class.removed
   JD: Core.jar/org/jdownloader/plugins/components/UnknownVideohostingCore$2.class.removed
   JD: Core.jar/org/jdownloader/plugins/components/UnknownVideohostingCore$3.class.removed
   JD: Core.jar/org/jdownloader/plugins/components/UnknownVideohostingCore$4.class.removed
   JD: Core.jar/org/jdownloader/plugins/components/UnknownVideohostingCore.class.removed
   JD: Core.jar/org/jdownloader/plugins/components/XFileSharingProBasic$1.class
   JD: Core.jar/org/jdownloader/plugins/components/XFileSharingProBasic$2.class
   JD: Core.jar/org/jdownloader/plugins/components/XFileSharingProBasic$XFSApiAccountFactory$1.class
   JD: Core.jar/org/jdownloader/plugins/components/XFileSharingProBasic$XFSApiAccountFactory.class
   JD: Core.jar/org/jdownloader/plugins/components/XFileSharingProBasic.class
   JD: Core.jar/org/jdownloader/plugins/components/XFileSharingProBasicSpecialFilejoker.class
   JD: Core.jar/org/jdownloader/plugins/components/YetiShareCore$1.class
   JD: Core.jar/org/jdownloader/plugins/components/YetiShareCore$2.class
   JD: Core.jar/org/jdownloader/plugins/components/YetiShareCore.class
   JD: Core.jar/org/jdownloader/plugins/components/antiDDoSForHost.class
   JD: Core.jar/org/jdownloader/plugins/components/config/AnonFilesComConfig.class
   JD: Core.jar/org/jdownloader/plugins/components/config/FileCryptConfig.class
   JD: Core.jar/org/jdownloader/plugins/components/config/FourChanConfig.class
   JD: Core.jar/org/jdownloader/plugins/components/config/GoogleConfig$1.class
   JD: Core.jar/org/jdownloader/plugins/components/config/GoogleConfig$PreferredQuality$1.class
   JD: Core.jar/org/jdownloader/plugins/components/config/GoogleConfig$PreferredQuality$2.class
   JD: Core.jar/org/jdownloader/plugins/components/config/GoogleConfig$PreferredQuality$3.class
   JD: Core.jar/org/jdownloader/plugins/components/config/GoogleConfig$PreferredQuality$4.class
   JD: Core.jar/org/jdownloader/plugins/components/config/GoogleConfig$PreferredQuality$5.class
   JD: Core.jar/org/jdownloader/plugins/components/config/GoogleConfig$PreferredQuality$6.class
   JD: Core.jar/org/jdownloader/plugins/components/config/GoogleConfig$PreferredQuality.class
   JD: Core.jar/org/jdownloader/plugins/components/config/GoogleConfig.class
   JD: Core.jar/org/jdownloader/plugins/components/config/KVSConfig$1.class
   JD: Core.jar/org/jdownloader/plugins/components/config/KVSConfig$PreferredStreamQuality$1.class
   JD: Core.jar/org/jdownloader/plugins/components/config/KVSConfig$PreferredStreamQuality$2.class
   JD: Core.jar/org/jdownloader/plugins/components/config/KVSConfig$PreferredStreamQuality$3.class
   JD: Core.jar/org/jdownloader/plugins/components/config/KVSConfig$PreferredStreamQuality$4.class
   JD: Core.jar/org/jdownloader/plugins/components/config/KVSConfig$PreferredStreamQuality$5.class
   JD: Core.jar/org/jdownloader/plugins/components/config/KVSConfig$PreferredStreamQuality$6.class
   JD: Core.jar/org/jdownloader/plugins/components/config/KVSConfig$PreferredStreamQuality$7.class
   JD: Core.jar/org/jdownloader/plugins/components/config/KVSConfig$PreferredStreamQuality.class
   JD: Core.jar/org/jdownloader/plugins/components/config/KVSConfig.class
   JD: Core.jar/org/jdownloader/plugins/components/config/KVSConfigPorntrexCom.class
   JD: Core.jar/org/jdownloader/plugins/components/config/KVSConfigRule34videoCom.class
   JD: Core.jar/org/jdownloader/plugins/components/config/OneFichierConfigInterface$OneFichierConfigInterfaceTranslation.class
   JD: Core.jar/org/jdownloader/plugins/components/config/TiktokConfig.class
   JD: Core.jar/org/jdownloader/plugins/components/config/UpToBoxComConfig.class
   JD: Core.jar/org/jdownloader/plugins/components/config/VikiComConfig$1.class
   JD: Core.jar/org/jdownloader/plugins/components/config/VikiComConfig$PreferredStreamQuality$1.class
   JD: Core.jar/org/jdownloader/plugins/components/config/VikiComConfig$PreferredStreamQuality$2.class
   JD: Core.jar/org/jdownloader/plugins/components/config/VikiComConfig$PreferredStreamQuality$3.class
   JD: Core.jar/org/jdownloader/plugins/components/config/VikiComConfig$PreferredStreamQuality$4.class
   JD: Core.jar/org/jdownloader/plugins/components/config/VikiComConfig$PreferredStreamQuality$5.class
   JD: Core.jar/org/jdownloader/plugins/components/config/VikiComConfig$PreferredStreamQuality$6.class
   JD: Core.jar/org/jdownloader/plugins/components/config/VikiComConfig$PreferredStreamQuality.class
   JD: Core.jar/org/jdownloader/plugins/components/config/VikiComConfig.class
   JD: Core.jar/org/jdownloader/plugins/components/containers/VimeoContainer$Quality.class
   JD: Core.jar/org/jdownloader/plugins/components/containers/VimeoContainer$Source.class
   JD: Core.jar/org/jdownloader/plugins/components/containers/VimeoContainer.class
   JD: Core.jar/org/jdownloader/plugins/components/google/GoogleHelper$1.class
   JD: Core.jar/org/jdownloader/plugins/components/google/GoogleHelper$2.class
   JD: Core.jar/org/jdownloader/plugins/components/google/GoogleHelper$3$1.class
   JD: Core.jar/org/jdownloader/plugins/components/google/GoogleHelper$3.class
   JD: Core.jar/org/jdownloader/plugins/components/google/GoogleHelper$4$1.class
   JD: Core.jar/org/jdownloader/plugins/components/google/GoogleHelper$4.class
   JD: Core.jar/org/jdownloader/plugins/components/google/GoogleHelper.class
   JD: Core.jar/org/jdownloader/plugins/components/usenet/SimpleUseNetDownloadInterface$1.class
   JD: Core.jar/org/jdownloader/plugins/components/usenet/SimpleUseNetDownloadInterface$2.class
   JD: Core.jar/org/jdownloader/plugins/components/usenet/SimpleUseNetDownloadInterface.class
   JD: Core.jar/org/jdownloader/plugins/components/usenet/UsenetAccountConfigInterface$MyPortGetter.class
   JD: Core.jar/org/jdownloader/plugins/components/usenet/UsenetAccountConfigInterface$Translation.class
   JD: Core.jar/org/jdownloader/plugins/components/usenet/UsenetAccountConfigInterface.class
   JD: Core.jar/org/jdownloader/plugins/components/youtube/ClipDataCache.class
   JD: Core.jar/org/jdownloader/plugins/components/youtube/YoutubeClipData.class
   JD: Core.jar/org/jdownloader/plugins/components/youtube/YoutubeConfig$AbstractEnumOrderFixList.class
   JD: Core.jar/org/jdownloader/plugins/components/youtube/YoutubeConfig$DefaultConvertSubtitleVariantMode.class
   JD: Core.jar/org/jdownloader/plugins/components/youtube/YoutubeConfig$IfUrlisAPlaylistAction$1.class
   JD: Core.jar/org/jdownloader/plugins/components/youtube/YoutubeConfig$IfUrlisAPlaylistAction$2.class
   JD: Core.jar/org/jdownloader/plugins/components/youtube/YoutubeConfig$IfUrlisAPlaylistAction$3.class
   JD: Core.jar/org/jdownloader/plugins/components/youtube/YoutubeConfig$IfUrlisAPlaylistAction.class
   JD: Core.jar/org/jdownloader/plugins/components/youtube/YoutubeConfig$IfUrlisAVideoAndPlaylistAction$1.class
   JD: Core.jar/org/jdownloader/plugins/components/youtube/YoutubeConfig$IfUrlisAVideoAndPlaylistAction$2.class
   JD: Core.jar/org/jdownloader/plugins/components/youtube/YoutubeConfig$IfUrlisAVideoAndPlaylistAction$3.class
   JD: Core.jar/org/jdownloader/plugins/components/youtube/YoutubeConfig$IfUrlisAVideoAndPlaylistAction$4.class
   JD: Core.jar/org/jdownloader/plugins/components/youtube/YoutubeConfig$IfUrlisAVideoAndPlaylistAction.class
   JD: Core.jar/org/jdownloader/plugins/components/youtube/YoutubeConfig$NotNullCustomGetter.class
   JD: Core.jar/org/jdownloader/plugins/components/youtube/YoutubeConfig$QualitySortIdentifierOrderAudioBitrate.class
   JD: Core.jar/org/jdownloader/plugins/components/youtube/YoutubeConfig$QualitySortIdentifierOrderAudioCodec.class
   JD: Core.jar/org/jdownloader/plugins/components/youtube/YoutubeConfig$QualitySortIdentifierOrderDefaultGetter.class
   JD: Core.jar/org/jdownloader/plugins/components/youtube/YoutubeConfig$QualitySortIdentifierOrderFiletype.class
   JD: Core.jar/org/jdownloader/plugins/components/youtube/YoutubeConfig$QualitySortIdentifierOrderResolution.class
   JD: Core.jar/org/jdownloader/plugins/components/youtube/YoutubeConfig$QualitySortIdentifierOrderVideoCodec.class
   JD: Core.jar/org/jdownloader/plugins/components/youtube/YoutubeConfig$QualitySortIdentifierOrderVideoFramerate.class
   JD: Core.jar/org/jdownloader/plugins/components/youtube/YoutubeConfig$SubtitleVariantMode.class
   JD: Core.jar/org/jdownloader/plugins/components/youtube/YoutubeConfig.class
   JD: Core.jar/org/jdownloader/plugins/components/youtube/YoutubeHelper$1.class
   JD: Core.jar/org/jdownloader/plugins/components/youtube/YoutubeHelper$10.class
   JD: Core.jar/org/jdownloader/plugins/components/youtube/YoutubeHelper$11.class
   JD: Core.jar/org/jdownloader/plugins/components/youtube/YoutubeHelper$12.class
   JD: Core.jar/org/jdownloader/plugins/components/youtube/YoutubeHelper$13.class
   JD: Core.jar/org/jdownloader/plugins/components/youtube/YoutubeHelper$14.class
   JD: Core.jar/org/jdownloader/plugins/components/youtube/YoutubeHelper$15.class
   JD: Core.jar/org/jdownloader/plugins/components/youtube/YoutubeHelper$16.class
   JD: Core.jar/org/jdownloader/plugins/components/youtube/YoutubeHelper$17.class
   JD: Core.jar/org/jdownloader/plugins/components/youtube/YoutubeHelper$18.class
   JD: Core.jar/org/jdownloader/plugins/components/youtube/YoutubeHelper$19.class
   JD: Core.jar/org/jdownloader/plugins/components/youtube/YoutubeHelper$2.class
   JD: Core.jar/org/jdownloader/plugins/components/youtube/YoutubeHelper$20.class
   JD: Core.jar/org/jdownloader/plugins/components/youtube/YoutubeHelper$21.class
   JD: Core.jar/org/jdownloader/plugins/components/youtube/YoutubeHelper$22.class
   JD: Core.jar/org/jdownloader/plugins/components/youtube/YoutubeHelper$23.class
   JD: Core.jar/org/jdownloader/plugins/components/youtube/YoutubeHelper$24.class
   JD: Core.jar/org/jdownloader/plugins/components/youtube/YoutubeHelper$25.class
   JD: Core.jar/org/jdownloader/plugins/components/youtube/YoutubeHelper$26.class
   JD: Core.jar/org/jdownloader/plugins/components/youtube/YoutubeHelper$27.class
   JD: Core.jar/org/jdownloader/plugins/components/youtube/YoutubeHelper$28.class
   JD: Core.jar/org/jdownloader/plugins/components/youtube/YoutubeHelper$29.class
   JD: Core.jar/org/jdownloader/plugins/components/youtube/YoutubeHelper$3.class
   JD: Core.jar/org/jdownloader/plugins/components/youtube/YoutubeHelper$30.class
   JD: Core.jar/org/jdownloader/plugins/components/youtube/YoutubeHelper$31.class
   JD: Core.jar/org/jdownloader/plugins/components/youtube/YoutubeHelper$32.class
   JD: Core.jar/org/jdownloader/plugins/components/youtube/YoutubeHelper$33.class
   JD: Core.jar/org/jdownloader/plugins/components/youtube/YoutubeHelper$34.class
   JD: Core.jar/org/jdownloader/plugins/components/youtube/YoutubeHelper$35.class
   JD: Core.jar/org/jdownloader/plugins/components/youtube/YoutubeHelper$36.class
   JD: Core.jar/org/jdownloader/plugins/components/youtube/YoutubeHelper$37.class
   JD: Core.jar/org/jdownloader/plugins/components/youtube/YoutubeHelper$38.class
   JD: Core.jar/org/jdownloader/plugins/components/youtube/YoutubeHelper$39.class
   JD: Core.jar/org/jdownloader/plugins/components/youtube/YoutubeHelper$4.class
   JD: Core.jar/org/jdownloader/plugins/components/youtube/YoutubeHelper$40.class
   JD: Core.jar/org/jdownloader/plugins/components/youtube/YoutubeHelper$41.class.removed
   JD: Core.jar/org/jdownloader/plugins/components/youtube/YoutubeHelper$5.class
   JD: Core.jar/org/jdownloader/plugins/components/youtube/YoutubeHelper$6.class
   JD: Core.jar/org/jdownloader/plugins/components/youtube/YoutubeHelper$7.class
   JD: Core.jar/org/jdownloader/plugins/components/youtube/YoutubeHelper$8.class
   JD: Core.jar/org/jdownloader/plugins/components/youtube/YoutubeHelper$9.class
   JD: Core.jar/org/jdownloader/plugins/components/youtube/YoutubeHelper$StreamMap.class
   JD: Core.jar/org/jdownloader/plugins/components/youtube/YoutubeHelper.class
   JD: Core.jar/org/jdownloader/plugins/components/youtube/YoutubeReplacer$DataSource.class
   JD: Core.jar/org/jdownloader/plugins/components/youtube/YoutubeReplacer.class
   JD: Core.jar/org/jdownloader/plugins/components/youtube/YoutubeStreamData.class
   JD: Core.jar/org/jdownloader/plugins/components/youtube/configpanel/VariantsMapTableModel$1.class
   JD: Core.jar/org/jdownloader/plugins/components/youtube/configpanel/VariantsMapTableModel$10.class
   JD: Core.jar/org/jdownloader/plugins/components/youtube/configpanel/VariantsMapTableModel$11.class
   JD: Core.jar/org/jdownloader/plugins/components/youtube/configpanel/VariantsMapTableModel$12.class
   JD: Core.jar/org/jdownloader/plugins/components/youtube/configpanel/VariantsMapTableModel$13.class
   JD: Core.jar/org/jdownloader/plugins/components/youtube/configpanel/VariantsMapTableModel$14.class
   JD: Core.jar/org/jdownloader/plugins/components/youtube/configpanel/VariantsMapTableModel$15.class
   JD: Core.jar/org/jdownloader/plugins/components/youtube/configpanel/VariantsMapTableModel$16.class
   JD: Core.jar/org/jdownloader/plugins/components/youtube/configpanel/VariantsMapTableModel$2.class
   JD: Core.jar/org/jdownloader/plugins/components/youtube/configpanel/VariantsMapTableModel$3.class
   JD: Core.jar/org/jdownloader/plugins/components/youtube/configpanel/VariantsMapTableModel$4.class
   JD: Core.jar/org/jdownloader/plugins/components/youtube/configpanel/VariantsMapTableModel$5.class
   JD: Core.jar/org/jdownloader/plugins/components/youtube/configpanel/VariantsMapTableModel$6.class
   JD: Core.jar/org/jdownloader/plugins/components/youtube/configpanel/VariantsMapTableModel$7.class
   JD: Core.jar/org/jdownloader/plugins/components/youtube/configpanel/VariantsMapTableModel$8.class
   JD: Core.jar/org/jdownloader/plugins/components/youtube/configpanel/VariantsMapTableModel$9.class
   JD: Core.jar/org/jdownloader/plugins/components/youtube/configpanel/VariantsMapTableModel$AutoResizingIntColumn$1.class
   JD: Core.jar/org/jdownloader/plugins/components/youtube/configpanel/VariantsMapTableModel$AutoResizingIntColumn.class
   JD: Core.jar/org/jdownloader/plugins/components/youtube/configpanel/VariantsMapTableModel$AutoResizingTextColumn$1.class
   JD: Core.jar/org/jdownloader/plugins/components/youtube/configpanel/VariantsMapTableModel$AutoResizingTextColumn.class
   JD: Core.jar/org/jdownloader/plugins/components/youtube/configpanel/VariantsMapTableModel$EnabledColumn$1.class
   JD: Core.jar/org/jdownloader/plugins/components/youtube/configpanel/VariantsMapTableModel$EnabledColumn$2.class
   JD: Core.jar/org/jdownloader/plugins/components/youtube/configpanel/VariantsMapTableModel$EnabledColumn.class
   JD: Core.jar/org/jdownloader/plugins/components/youtube/configpanel/VariantsMapTableModel.class
   JD: Core.jar/org/jdownloader/plugins/components/youtube/configpanel/YoutubeDashConfigPanel$1.class
   JD: Core.jar/org/jdownloader/plugins/components/youtube/configpanel/YoutubeDashConfigPanel$10.class
   JD: Core.jar/org/jdownloader/plugins/components/youtube/configpanel/YoutubeDashConfigPanel$11.class
   JD: Core.jar/org/jdownloader/plugins/components/youtube/configpanel/YoutubeDashConfigPanel$12.class
   JD: Core.jar/org/jdownloader/plugins/components/youtube/configpanel/YoutubeDashConfigPanel$2.class
   JD: Core.jar/org/jdownloader/plugins/components/youtube/configpanel/YoutubeDashConfigPanel$3.class
   JD: Core.jar/org/jdownloader/plugins/components/youtube/configpanel/YoutubeDashConfigPanel$4.class
   JD: Core.jar/org/jdownloader/plugins/components/youtube/configpanel/YoutubeDashConfigPanel$5.class
   JD: Core.jar/org/jdownloader/plugins/components/youtube/configpanel/YoutubeDashConfigPanel$6.class
   JD: Core.jar/org/jdownloader/plugins/components/youtube/configpanel/YoutubeDashConfigPanel$7.class
   JD: Core.jar/org/jdownloader/plugins/components/youtube/configpanel/YoutubeDashConfigPanel$8.class
   JD: Core.jar/org/jdownloader/plugins/components/youtube/configpanel/YoutubeDashConfigPanel$9.class
   JD: Core.jar/org/jdownloader/plugins/components/youtube/configpanel/YoutubeDashConfigPanel$MultiVariantBox.class
   JD: Core.jar/org/jdownloader/plugins/components/youtube/configpanel/YoutubeDashConfigPanel.class
   JD: Core.jar/org/jdownloader/plugins/components/youtube/itag/YoutubeITAG$1.class
   JD: Core.jar/org/jdownloader/plugins/components/youtube/itag/YoutubeITAG.class
   JD: Core.jar/org/jdownloader/plugins/controller/crawler/CrawlerPluginController$1$1.class
   JD: Core.jar/org/jdownloader/plugins/controller/crawler/CrawlerPluginController$1.class
   JD: Core.jar/org/jdownloader/plugins/controller/crawler/CrawlerPluginController.class
   JD: Core.jar/org/jdownloader/plugins/controller/host/HostPluginController$1.class
   JD: Core.jar/org/jdownloader/plugins/controller/host/HostPluginController$2$2.class
   JD: Core.jar/org/jdownloader/plugins/controller/host/HostPluginController$2$3.class
   JD: Core.jar/org/jdownloader/plugins/controller/host/HostPluginController$2$4$1.class
   JD: Core.jar/org/jdownloader/plugins/controller/host/HostPluginController$2$4.class
   JD: Core.jar/org/jdownloader/plugins/controller/host/HostPluginController$2.class
   JD: Core.jar/org/jdownloader/plugins/controller/host/HostPluginController$3.class.removed
   JD: Core.jar/org/jdownloader/plugins/controller/host/HostPluginController$4.class.removed
   JD: Core.jar/org/jdownloader/plugins/controller/host/HostPluginController$5$1.class.removed
   JD: Core.jar/org/jdownloader/plugins/controller/host/HostPluginController$5.class.removed
   JD: Core.jar/org/jdownloader/plugins/controller/host/HostPluginController.class
   JD: Core.jar/org/jdownloader/plugins/js/JavaScriptCrawlerPlugin$1.class.removed
   JD: Core.jar/org/jdownloader/plugins/js/JavaScriptCrawlerPlugin.class
   JD: Core.jar/org/jdownloader/scripting/JSHtmlUnitPermissionRestricter$1.class
   JD: Core.jar/org/jdownloader/scripting/JSHtmlUnitPermissionRestricter$SandboxContextFactory$1.class
   JD: Core.jar/org/jdownloader/scripting/JSHtmlUnitPermissionRestricter$SandboxContextFactory$2.class
   JD: Core.jar/org/jdownloader/scripting/JSHtmlUnitPermissionRestricter$SandboxContextFactory.class
   JD: Core.jar/org/jdownloader/scripting/JSHtmlUnitPermissionRestricter$SandboxNativeJavaObject.class
   JD: Core.jar/org/jdownloader/scripting/JSHtmlUnitPermissionRestricter$SandboxWrapFactory$1.class
   JD: Core.jar/org/jdownloader/scripting/JSHtmlUnitPermissionRestricter$SandboxWrapFactory.class
   JD: Core.jar/org/jdownloader/scripting/JSHtmlUnitPermissionRestricter.class
   JD: Core.jar/org/jdownloader/scripting/JavaScriptEngineFactory$1.class
   JD: Core.jar/org/jdownloader/scripting/JavaScriptEngineFactory$CustomRhinoScriptEngineFactory.class
   JD: Core.jar/org/jdownloader/scripting/JavaScriptEngineFactory$CustomizedScriptEngineManager.class
   JD: Core.jar/org/jdownloader/scripting/JavaScriptEngineFactory$ExternalScriptable.class
   JD: Core.jar/org/jdownloader/scripting/JavaScriptEngineFactory$InterfaceImplementor$InterfaceImplementorInvocationHandler.class
   JD: Core.jar/org/jdownloader/scripting/JavaScriptEngineFactory$InterfaceImplementor.class
   JD: Core.jar/org/jdownloader/scripting/JavaScriptEngineFactory$RhinoCompiledScript.class
   JD: Core.jar/org/jdownloader/scripting/JavaScriptEngineFactory$RhinoScriptEngine$1.class
   JD: Core.jar/org/jdownloader/scripting/JavaScriptEngineFactory$RhinoScriptEngine.class
   JD: Core.jar/org/jdownloader/scripting/JavaScriptEngineFactory$RhinoTopLevel.class
   JD: Core.jar/org/jdownloader/scripting/JavaScriptEngineFactory.class
   JD: Core.jar/org/jdownloader/scripting/envjs/EnvJSBrowser$1.class
   JD: Core.jar/org/jdownloader/scripting/envjs/EnvJSBrowser$2$1.class
   JD: Core.jar/org/jdownloader/scripting/envjs/EnvJSBrowser$2.class
   JD: Core.jar/org/jdownloader/scripting/envjs/EnvJSBrowser$3$1.class.removed
   JD: Core.jar/org/jdownloader/scripting/envjs/EnvJSBrowser$3.class
   JD: Core.jar/org/jdownloader/scripting/envjs/EnvJSBrowser$4.class.removed
   JD: Core.jar/org/jdownloader/scripting/envjs/EnvJSBrowser$DebugLevel.class
   JD: Core.jar/org/jdownloader/scripting/envjs/EnvJSBrowser$JsDebugger$1.class
   JD: Core.jar/org/jdownloader/scripting/envjs/EnvJSBrowser$JsDebugger.class
   JD: Core.jar/org/jdownloader/scripting/envjs/EnvJSBrowser.class
   JD: Core.jar/org/jdownloader/settings/GeneralSettings$CustomDownloadFolderGetter.class
   JD: Core.jar/org/jdownloader/settings/GeneralSettings$DefaultDownloadFolder.class
   JD: Core.jar/org/jdownloader/settings/GraphicalUserInterfaceSettings$1.class
   JD: Core.jar/org/jdownloader/settings/GraphicalUserInterfaceSettings$CLIPBOARD_SKIP_MODE.class
   JD: Core.jar/org/jdownloader/settings/GraphicalUserInterfaceSettings$ConfirmIncompleteArchiveAction$1.class
   JD: Core.jar/org/jdownloader/settings/GraphicalUserInterfaceSettings$ConfirmIncompleteArchiveAction$2.class
   JD: Core.jar/org/jdownloader/settings/GraphicalUserInterfaceSettings$ConfirmIncompleteArchiveAction$3.class
   JD: Core.jar/org/jdownloader/settings/GraphicalUserInterfaceSettings$ConfirmIncompleteArchiveAction$4.class
   JD: Core.jar/org/jdownloader/settings/GraphicalUserInterfaceSettings$ConfirmIncompleteArchiveAction.class
   JD: Core.jar/org/jdownloader/settings/GraphicalUserInterfaceSettings$CustomIsConfigViewVisible.class
   JD: Core.jar/org/jdownloader/settings/GraphicalUserInterfaceSettings$DefaultLookAndFeelTheme.class
   JD: Core.jar/org/jdownloader/settings/GraphicalUserInterfaceSettings$DeleteFileOptions$1.class
   JD: Core.jar/org/jdownloader/settings/GraphicalUserInterfaceSettings$DeleteFileOptions$2.class
   JD: Core.jar/org/jdownloader/settings/GraphicalUserInterfaceSettings$DeleteFileOptions$3.class
   JD: Core.jar/org/jdownloader/settings/GraphicalUserInterfaceSettings$DeleteFileOptions.class
   JD: Core.jar/org/jdownloader/settings/GraphicalUserInterfaceSettings$DockingPosition$1.class
   JD: Core.jar/org/jdownloader/settings/GraphicalUserInterfaceSettings$DockingPosition$2.class
   JD: Core.jar/org/jdownloader/settings/GraphicalUserInterfaceSettings$DockingPosition.class
   JD: Core.jar/org/jdownloader/settings/GraphicalUserInterfaceSettings$DonateButtonState$1.class
   JD: Core.jar/org/jdownloader/settings/GraphicalUserInterfaceSettings$DonateButtonState$2.class
   JD: Core.jar/org/jdownloader/settings/GraphicalUserInterfaceSettings$DonateButtonState$3.class
   JD: Core.jar/org/jdownloader/settings/GraphicalUserInterfaceSettings$DonateButtonState$4.class
   JD: Core.jar/org/jdownloader/settings/GraphicalUserInterfaceSettings$DonateButtonState.class
   JD: Core.jar/org/jdownloader/settings/GraphicalUserInterfaceSettings$DownloadFolderChooserDialogDefaultPath$1.class
   JD: Core.jar/org/jdownloader/settings/GraphicalUserInterfaceSettings$DownloadFolderChooserDialogDefaultPath$2.class
   JD: Core.jar/org/jdownloader/settings/GraphicalUserInterfaceSettings$DownloadFolderChooserDialogDefaultPath$3.class
   JD: Core.jar/org/jdownloader/settings/GraphicalUserInterfaceSettings$DownloadFolderChooserDialogDefaultPath.class
   JD: Core.jar/org/jdownloader/settings/GraphicalUserInterfaceSettings$DownloadFolderChooserDialogSubfolder.class
   JD: Core.jar/org/jdownloader/settings/GraphicalUserInterfaceSettings$LinkDoubleClickAction.class
   JD: Core.jar/org/jdownloader/settings/GraphicalUserInterfaceSettings$LookAndFeelType$1.class
   JD: Core.jar/org/jdownloader/settings/GraphicalUserInterfaceSettings$LookAndFeelType.class
   JD: Core.jar/org/jdownloader/settings/GraphicalUserInterfaceSettings$MacDockProgressDisplay$1.class
   JD: Core.jar/org/jdownloader/settings/GraphicalUserInterfaceSettings$MacDockProgressDisplay$2.class
   JD: Core.jar/org/jdownloader/settings/GraphicalUserInterfaceSettings$MacDockProgressDisplay.class
   JD: Core.jar/org/jdownloader/settings/GraphicalUserInterfaceSettings$NewLinksInLinkgrabberAction.class
   JD: Core.jar/org/jdownloader/settings/GraphicalUserInterfaceSettings$PackageDoubleClickAction.class
   JD: Core.jar/org/jdownloader/settings/GraphicalUserInterfaceSettings$Position.class
   JD: Core.jar/org/jdownloader/settings/GraphicalUserInterfaceSettings$PremiumStatusBarDisplay.class
   JD: Core.jar/org/jdownloader/settings/GraphicalUserInterfaceSettings$RlyWarnLevel.class
   JD: Core.jar/org/jdownloader/settings/GraphicalUserInterfaceSettings$SIZEUNIT.class
   JD: Core.jar/org/jdownloader/settings/GraphicalUserInterfaceSettings$ShowSpeedInWindowTitleTrigger.class
   JD: Core.jar/org/jdownloader/settings/GraphicalUserInterfaceSettings$StartButtonAction.class
   JD: Core.jar/org/jdownloader/settings/GraphicalUserInterfaceSettings$WindowsTaskBarProgressDisplay$1.class
   JD: Core.jar/org/jdownloader/settings/GraphicalUserInterfaceSettings$WindowsTaskBarProgressDisplay$2.class
   JD: Core.jar/org/jdownloader/settings/GraphicalUserInterfaceSettings$WindowsTaskBarProgressDisplay$3.class
   JD: Core.jar/org/jdownloader/settings/GraphicalUserInterfaceSettings$WindowsTaskBarProgressDisplay.class
   JD: Core.jar/org/jdownloader/settings/GraphicalUserInterfaceSettings.class
   JD: Core.jar/org/jdownloader/settings/staticreferences/CFG_YOUTUBE.class
   JD: Core.jar/org/jdownloader/translate/JdownloaderTranslation.class
   JD: Core.jar/org/jdownloader/utils/JDFileUtils.class
   JD: extensions/AntiShutdown.jar/org/jdownloader/extensions/antistandby/WindowsAntiStandby.class
   JD: extensions/Extraction.jar/org/jdownloader/extensions/extraction/ArchiveFile$ArchiveID.class
   JD: extensions/Extraction.jar/org/jdownloader/extensions/extraction/ArchiveFile.class
   JD: extensions/Extraction.jar/org/jdownloader/extensions/extraction/ExtractionController.class
   JD: extensions/Extraction.jar/org/jdownloader/extensions/extraction/MissingArchiveFile.class
   JD: extensions/Extraction.jar/org/jdownloader/extensions/extraction/bindings/crawledlink/CrawledLinkArchiveFile$1.class
   JD: extensions/Extraction.jar/org/jdownloader/extensions/extraction/bindings/crawledlink/CrawledLinkArchiveFile.class
   JD: extensions/Extraction.jar/org/jdownloader/extensions/extraction/bindings/downloadlink/DownloadLinkArchiveFile$1.class
   JD: extensions/Extraction.jar/org/jdownloader/extensions/extraction/bindings/downloadlink/DownloadLinkArchiveFile$2.class
   JD: extensions/Extraction.jar/org/jdownloader/extensions/extraction/bindings/downloadlink/DownloadLinkArchiveFile$3.class
   JD: extensions/Extraction.jar/org/jdownloader/extensions/extraction/bindings/downloadlink/DownloadLinkArchiveFile.class
   JD: extensions/Extraction.jar/org/jdownloader/extensions/extraction/bindings/file/FileArchiveFactory.class
   JD: extensions/Extraction.jar/org/jdownloader/extensions/extraction/bindings/file/FileArchiveFile.class
   JD: extensions/Extraction.jar/org/jdownloader/extensions/extraction/gui/ExtractionJobTableModel$1.class
   JD: extensions/Extraction.jar/org/jdownloader/extensions/extraction/gui/ExtractionJobTableModel$2.class
   JD: extensions/Extraction.jar/org/jdownloader/extensions/extraction/gui/ExtractionJobTableModel$3$1.class
   JD: extensions/Extraction.jar/org/jdownloader/extensions/extraction/gui/ExtractionJobTableModel$3$2.class
   JD: extensions/Extraction.jar/org/jdownloader/extensions/extraction/gui/ExtractionJobTableModel$3.class
   JD: extensions/Extraction.jar/org/jdownloader/extensions/extraction/gui/ExtractionJobTableModel$4.class
   JD: extensions/Extraction.jar/org/jdownloader/extensions/extraction/gui/ExtractionJobTableModel.class
   JD: extensions/Extraction.jar/org/jdownloader/extensions/extraction/multi/ArchiveType$1.class
   JD: extensions/Extraction.jar/org/jdownloader/extensions/extraction/multi/ArchiveType$10.class
   JD: extensions/Extraction.jar/org/jdownloader/extensions/extraction/multi/ArchiveType$11.class
   JD: extensions/Extraction.jar/org/jdownloader/extensions/extraction/multi/ArchiveType$12.class
   JD: extensions/Extraction.jar/org/jdownloader/extensions/extraction/multi/ArchiveType$13.class
   JD: extensions/Extraction.jar/org/jdownloader/extensions/extraction/multi/ArchiveType$14.class
   JD: extensions/Extraction.jar/org/jdownloader/extensions/extraction/multi/ArchiveType$15.class
   JD: extensions/Extraction.jar/org/jdownloader/extensions/extraction/multi/ArchiveType$16.class
   JD: extensions/Extraction.jar/org/jdownloader/extensions/extraction/multi/ArchiveType$17.class
   JD: extensions/Extraction.jar/org/jdownloader/extensions/extraction/multi/ArchiveType$2.class
   JD: extensions/Extraction.jar/org/jdownloader/extensions/extraction/multi/ArchiveType$3.class
   JD: extensions/Extraction.jar/org/jdownloader/extensions/extraction/multi/ArchiveType$4.class
   JD: extensions/Extraction.jar/org/jdownloader/extensions/extraction/multi/ArchiveType$5.class
   JD: extensions/Extraction.jar/org/jdownloader/extensions/extraction/multi/ArchiveType$6.class
   JD: extensions/Extraction.jar/org/jdownloader/extensions/extraction/multi/ArchiveType$7.class
   JD: extensions/Extraction.jar/org/jdownloader/extensions/extraction/multi/ArchiveType$8.class
   JD: extensions/Extraction.jar/org/jdownloader/extensions/extraction/multi/ArchiveType$9.class
   JD: extensions/Extraction.jar/org/jdownloader/extensions/extraction/multi/ArchiveType.class
   JD: extensions/Extraction.jar/org/jdownloader/extensions/extraction/multi/ModdedVolumedArchiveInStream.class
   JD: extensions/Extraction.jar/org/jdownloader/extensions/extraction/multi/Multi$1.class
   JD: extensions/Extraction.jar/org/jdownloader/extensions/extraction/multi/Multi$2.class
   JD: extensions/Extraction.jar/org/jdownloader/extensions/extraction/multi/Multi$3.class
   JD: extensions/Extraction.jar/org/jdownloader/extensions/extraction/multi/Multi.class
   JD: extensions/Extraction.jar/org/jdownloader/extensions/extraction/split/SplitType$1.class
   JD: extensions/Extraction.jar/org/jdownloader/extensions/extraction/split/SplitType$2.class
   JD: extensions/Extraction.jar/org/jdownloader/extensions/extraction/split/SplitType$3.class
   JD: extensions/Extraction.jar/org/jdownloader/extensions/extraction/split/SplitType$4.class
   JD: extensions/Extraction.jar/org/jdownloader/extensions/extraction/split/SplitType.class
   JD: libs/JAntiCaptcha.jar/jd/captcha/JAntiCaptcha$1.class
   JD: libs/JAntiCaptcha.jar/jd/captcha/JAntiCaptcha$10.class
   JD: libs/JAntiCaptcha.jar/jd/captcha/JAntiCaptcha$11.class
   JD: libs/JAntiCaptcha.jar/jd/captcha/JAntiCaptcha$1MyRunnable.class
   JD: libs/JAntiCaptcha.jar/jd/captcha/JAntiCaptcha$2.class
   JD: libs/JAntiCaptcha.jar/jd/captcha/JAntiCaptcha$3.class
   JD: libs/JAntiCaptcha.jar/jd/captcha/JAntiCaptcha$4.class
   JD: libs/JAntiCaptcha.jar/jd/captcha/JAntiCaptcha$5.class
   JD: libs/JAntiCaptcha.jar/jd/captcha/JAntiCaptcha$6.class
   JD: libs/JAntiCaptcha.jar/jd/captcha/JAntiCaptcha$7.class
   JD: libs/JAntiCaptcha.jar/jd/captcha/JAntiCaptcha$8.class
   JD: libs/JAntiCaptcha.jar/jd/captcha/JAntiCaptcha$9.class
   JD: libs/JAntiCaptcha.jar/jd/captcha/JAntiCaptcha.class
   JD: libs/JAntiCaptcha.jar/jd/captcha/easy/BackgroundFilterCreater$1.class
   JD: libs/JAntiCaptcha.jar/jd/captcha/easy/BackgroundFilterCreater$2.class
   JD: libs/JAntiCaptcha.jar/jd/captcha/easy/BackgroundFilterCreater.class
   JD: libs/JAntiCaptcha.jar/jd/captcha/pixelgrid/Captcha.class
   JD: libs/JAntiCaptcha.jar/jd/captcha/pixelgrid/PixelGrid$1.class
   JD: libs/JAntiCaptcha.jar/jd/captcha/pixelgrid/PixelGrid$2.class
   JD: libs/JAntiCaptcha.jar/jd/captcha/pixelgrid/PixelGrid.class
   JD: libs/JAntiCaptcha.jar/jd/captcha/specials/Linksave.class
   JD: libs/JAntiCaptcha.jar/jd/captcha/specials/Ncrypt.class
   JD: libs/JDGUI.jar/jd/gui/swing/AWTMacOSApplicationAdapter$6$1$1.class.removed
   JD: libs/JDGUI.jar/jd/gui/swing/AWTMacOSApplicationAdapter$6$1.class.removed
   JD: libs/JDGUI.jar/jd/gui/swing/AWTMacOSApplicationAdapter$6.class
   JD: libs/JDGUI.jar/jd/gui/swing/AWTMacOSApplicationAdapter.class
   JD: libs/JDGUI.jar/jd/gui/swing/EAWTMacOSApplicationAdapter$1.class
   JD: libs/JDGUI.jar/jd/gui/swing/EAWTMacOSApplicationAdapter$2$1.class
   JD: libs/JDGUI.jar/jd/gui/swing/EAWTMacOSApplicationAdapter$2$2.class
   JD: libs/JDGUI.jar/jd/gui/swing/EAWTMacOSApplicationAdapter$2$3.class
   JD: libs/JDGUI.jar/jd/gui/swing/EAWTMacOSApplicationAdapter$2.class
   JD: libs/JDGUI.jar/jd/gui/swing/EAWTMacOSApplicationAdapter$3$1.class
   JD: libs/JDGUI.jar/jd/gui/swing/EAWTMacOSApplicationAdapter$3$3.class
   JD: libs/JDGUI.jar/jd/gui/swing/EAWTMacOSApplicationAdapter$3.class
   JD: libs/JDGUI.jar/jd/gui/swing/EAWTMacOSApplicationAdapter$4$1.class
   JD: libs/JDGUI.jar/jd/gui/swing/EAWTMacOSApplicationAdapter$4$2.class
   JD: libs/JDGUI.jar/jd/gui/swing/EAWTMacOSApplicationAdapter$4.class
   JD: libs/JDGUI.jar/jd/gui/swing/EAWTMacOSApplicationAdapter$5.class
   JD: libs/JDGUI.jar/jd/gui/swing/EAWTMacOSApplicationAdapter$6.class
   JD: libs/JDGUI.jar/jd/gui/swing/EAWTMacOSApplicationAdapter.class
   JD: libs/JDGUI.jar/jd/gui/swing/dialog/AboutDialog$1$1.class.removed
   JD: libs/JDGUI.jar/jd/gui/swing/dialog/AboutDialog$1.class
   JD: libs/JDGUI.jar/jd/gui/swing/dialog/AboutDialog$2$1.class
   JD: libs/JDGUI.jar/jd/gui/swing/dialog/AboutDialog$2.class
   JD: libs/JDGUI.jar/jd/gui/swing/dialog/AboutDialog$3.class
   JD: libs/JDGUI.jar/jd/gui/swing/dialog/AboutDialog$4$1.class.removed
   JD: libs/JDGUI.jar/jd/gui/swing/dialog/AboutDialog$4.class
   JD: libs/JDGUI.jar/jd/gui/swing/dialog/AboutDialog$5.class
   JD: libs/JDGUI.jar/jd/gui/swing/dialog/AboutDialog$6$1.class
   JD: libs/JDGUI.jar/jd/gui/swing/dialog/AboutDialog$6.class
   JD: libs/JDGUI.jar/jd/gui/swing/dialog/AboutDialog.class
   JD: libs/JDGUI.jar/jd/gui/swing/dialog/AbstractImageCaptchaDialog$1.class
   JD: libs/JDGUI.jar/jd/gui/swing/dialog/AbstractImageCaptchaDialog$2.class
   JD: libs/JDGUI.jar/jd/gui/swing/dialog/AbstractImageCaptchaDialog.class
   JD: libs/JDGUI.jar/jd/gui/swing/dialog/AddAccountDialog$5.class
   JD: libs/JDGUI.jar/jd/gui/swing/dialog/AddAccountDialog$6$1$1.class
   JD: libs/JDGUI.jar/jd/gui/swing/dialog/AddAccountDialog$6$1.class
   JD: libs/JDGUI.jar/jd/gui/swing/dialog/AddAccountDialog$6.class
   JD: libs/JDGUI.jar/jd/gui/swing/dialog/AddAccountDialog$7.class
   JD: libs/JDGUI.jar/jd/gui/swing/dialog/AddAccountDialog$8.class
   JD: libs/JDGUI.jar/jd/gui/swing/dialog/AddAccountDialog.class
   JD: libs/JDGUI.jar/jd/gui/swing/dialog/HosterChooserTableModel$1.class
   JD: libs/JDGUI.jar/jd/gui/swing/dialog/HosterChooserTableModel$2.class
   JD: libs/JDGUI.jar/jd/gui/swing/dialog/HosterChooserTableModel$3$1.class
   JD: libs/JDGUI.jar/jd/gui/swing/dialog/HosterChooserTableModel$3.class
   JD: libs/JDGUI.jar/jd/gui/swing/dialog/HosterChooserTableModel$4.class
   JD: libs/JDGUI.jar/jd/gui/swing/dialog/HosterChooserTableModel$5.class
   JD: libs/JDGUI.jar/jd/gui/swing/dialog/HosterChooserTableModel.class
   JD: libs/JDGUI.jar/jd/gui/swing/jdgui/MainTabbedPane$1.class
   JD: libs/JDGUI.jar/jd/gui/swing/jdgui/MainTabbedPane$2.class
   JD: libs/JDGUI.jar/jd/gui/swing/jdgui/MainTabbedPane$3.class
   JD: libs/JDGUI.jar/jd/gui/swing/jdgui/MainTabbedPane$4$1.class
   JD: libs/JDGUI.jar/jd/gui/swing/jdgui/MainTabbedPane$4.class
   JD: libs/JDGUI.jar/jd/gui/swing/jdgui/MainTabbedPane$5.class
   JD: libs/JDGUI.jar/jd/gui/swing/jdgui/MainTabbedPane$6.class
   JD: libs/JDGUI.jar/jd/gui/swing/jdgui/MainTabbedPane$7.class
   JD: libs/JDGUI.jar/jd/gui/swing/jdgui/MainTabbedPane$8.class
   JD: libs/JDGUI.jar/jd/gui/swing/jdgui/MainTabbedPane$9.class
   JD: libs/JDGUI.jar/jd/gui/swing/jdgui/MainTabbedPane.class
   JD: libs/JDGUI.jar/jd/gui/swing/jdgui/components/toolbar/actions/AutoReconnectToggleAction$1$1.class.removed
   JD: libs/JDGUI.jar/jd/gui/swing/jdgui/components/toolbar/actions/AutoReconnectToggleAction$1$2.class.removed
   JD: libs/JDGUI.jar/jd/gui/swing/jdgui/components/toolbar/actions/AutoReconnectToggleAction$1.class
   JD: libs/JDGUI.jar/jd/gui/swing/jdgui/components/toolbar/actions/AutoReconnectToggleAction$2.class
   JD: libs/JDGUI.jar/jd/gui/swing/jdgui/components/toolbar/actions/AutoReconnectToggleAction$3.class
   JD: libs/JDGUI.jar/jd/gui/swing/jdgui/components/toolbar/actions/AutoReconnectToggleAction.class
   JD: libs/JDGUI.jar/jd/gui/swing/jdgui/components/toolbar/actions/ReconnectAction$1$1.class.removed
   JD: libs/JDGUI.jar/jd/gui/swing/jdgui/components/toolbar/actions/ReconnectAction$1$2.class.removed
   JD: libs/JDGUI.jar/jd/gui/swing/jdgui/components/toolbar/actions/ReconnectAction$1.class
   JD: libs/JDGUI.jar/jd/gui/swing/jdgui/components/toolbar/actions/ReconnectAction$2.class
   JD: libs/JDGUI.jar/jd/gui/swing/jdgui/components/toolbar/actions/ReconnectAction$3.class
   JD: libs/JDGUI.jar/jd/gui/swing/jdgui/components/toolbar/actions/ReconnectAction$4$1.class
   JD: libs/JDGUI.jar/jd/gui/swing/jdgui/components/toolbar/actions/ReconnectAction$4$2.class
   JD: libs/JDGUI.jar/jd/gui/swing/jdgui/components/toolbar/actions/ReconnectAction$4.class
   JD: libs/JDGUI.jar/jd/gui/swing/jdgui/components/toolbar/actions/ReconnectAction.class
   JD: libs/JDGUI.jar/jd/gui/swing/jdgui/menu/SpeedlimitEditor$1.class
   JD: libs/JDGUI.jar/jd/gui/swing/jdgui/menu/SpeedlimitEditor$2.class
   JD: libs/JDGUI.jar/jd/gui/swing/jdgui/menu/SpeedlimitEditor$3$1.class
   JD: libs/JDGUI.jar/jd/gui/swing/jdgui/menu/SpeedlimitEditor$3.class
   JD: libs/JDGUI.jar/jd/gui/swing/jdgui/menu/SpeedlimitEditor$4.class
   JD: libs/JDGUI.jar/jd/gui/swing/jdgui/menu/SpeedlimitEditor$5.class
   JD: libs/JDGUI.jar/jd/gui/swing/jdgui/menu/SpeedlimitEditor$6.class
   JD: libs/JDGUI.jar/jd/gui/swing/jdgui/menu/SpeedlimitEditor$7.class
   JD: libs/JDGUI.jar/jd/gui/swing/jdgui/menu/SpeedlimitEditor$8.class
   JD: libs/JDGUI.jar/jd/gui/swing/jdgui/menu/SpeedlimitEditor.class
   JD: libs/JDGUI.jar/jd/gui/swing/jdgui/menu/actions/AboutAction.class
   JD: libs/JDGUI.jar/jd/gui/swing/jdgui/views/settings/panels/accountmanager/BuyAction$1$1$1$1.class
   JD: libs/JDGUI.jar/jd/gui/swing/jdgui/views/settings/panels/accountmanager/BuyAction$1$1$1$2.class
   JD: libs/JDGUI.jar/jd/gui/swing/jdgui/views/settings/panels/accountmanager/BuyAction$1$1$1.class
   JD: libs/JDGUI.jar/jd/gui/swing/jdgui/views/settings/panels/accountmanager/BuyAction$1$1.class
   JD: libs/JDGUI.jar/jd/gui/swing/jdgui/views/settings/panels/accountmanager/BuyAction$1.class
   JD: libs/JDGUI.jar/jd/gui/swing/jdgui/views/settings/panels/accountmanager/BuyAction.class
   JD: libs/JDGUI.jar/jd/gui/swing/jdgui/views/settings/panels/accountmanager/RefreshAction$1.class
   JD: libs/JDGUI.jar/jd/gui/swing/jdgui/views/settings/panels/accountmanager/RefreshAction.class
   JD: libs/JDGUI.jar/jd/gui/swing/jdgui/views/settings/panels/accountmanager/orderpanel/ChooseHosterDialog.class
   JD: libs/JDGUI.jar/jd/gui/swing/jdgui/views/settings/panels/accountmanager/orderpanel/HosterRuleTableModel$2.class
   JD: libs/JDGUI.jar/jd/gui/swing/jdgui/views/settings/panels/accountmanager/orderpanel/dialog/PackageColumn.class
   JD: libs/JDGUI.jar/jd/gui/swing/jdgui/views/settings/panels/advanced/AdvancedValueColumn.class
   JD: libs/JDGUI.jar/jd/gui/swing/jdgui/views/settings/panels/advanced/EditColumn$1.class
   JD: libs/JDGUI.jar/jd/gui/swing/jdgui/views/settings/panels/advanced/EditColumn$InfoAction.class
   JD: libs/JDGUI.jar/jd/gui/swing/jdgui/views/settings/panels/advanced/EditColumn$ResetAction$1.class
   JD: libs/JDGUI.jar/jd/gui/swing/jdgui/views/settings/panels/advanced/EditColumn$ResetAction.class
   JD: libs/JDGUI.jar/jd/gui/swing/jdgui/views/settings/panels/advanced/EditColumn.class
   JD: libs/JDGUI.jar/jd/gui/swing/jdgui/views/settings/panels/linkgrabberfilter/test/ResultTableModel$7.class
   JD: libs/JDGUI.jar/jd/gui/swing/jdgui/views/settings/panels/linkgrabberfilter/test/SingleFilterResultTableModel$7.class
   JD: libs/JDGUI.jar/jd/gui/swing/jdgui/views/settings/panels/linkgrabberfilter/test/ViewTestResultTableModel$7.class
   JD: libs/JDGUI.jar/jd/gui/swing/jdgui/views/settings/panels/packagizer/PackagizerFilterRuleDialog.class
   JD: libs/JDGUI.jar/jd/gui/swing/jdgui/views/settings/panels/packagizer/test/PackagizerSingleTestTableModel$7.class
   JD: libs/JDGUI.jar/jd/gui/swing/jdgui/views/settings/panels/pluginsettings/PluginSettingsPanel$1.class
   JD: libs/JDGUI.jar/jd/gui/swing/jdgui/views/settings/panels/pluginsettings/PluginSettingsPanel$8.class
   JD: libs/JDGUI.jar/jd/gui/swing/laf/LookAndFeelController$2.class
   JD: libs/JDGUI.jar/jd/gui/swing/laf/LookAndFeelController$3$1.class
   JD: libs/JDGUI.jar/jd/gui/swing/laf/LookAndFeelController$3.class
   JD: libs/JDGUI.jar/jd/gui/swing/laf/LookAndFeelController$4.class
   JD: libs/JDGUI.jar/jd/gui/swing/laf/LookAndFeelController$5.class
   JD: libs/JDGUI.jar/jd/gui/swing/laf/LookAndFeelController$6.class
   JD: libs/JDGUI.jar/jd/gui/swing/laf/LookAndFeelController.class
   JD: libs/JDHttp.jar/jd/http/Browser$1.class
   JD: libs/JDHttp.jar/jd/http/Browser$2.class
   JD: libs/JDHttp.jar/jd/http/Browser$BrowserException.class
   JD: libs/JDHttp.jar/jd/http/Browser.class
   JD: libs/JDHttp.jar/jd/http/Cookie.class
   JD: libs/JDHttp.jar/jd/http/Cookies.class
   JD: libs/JDHttp.jar/jd/http/Request$1.class
   JD: libs/JDHttp.jar/jd/http/Request.class
   JD: libs/JDHttp.jar/jd/http/test/
   JD: libs/JDHttp.jar/jd/http/test/IntervalTest$1.class
   JD: libs/JDHttp.jar/jd/http/test/IntervalTest.class
   JD: libs/bcpkix-jdk15on.jar/META-INF/BC1024KE.DSA
   JD: libs/bcpkix-jdk15on.jar/META-INF/BC1024KE.SF
   JD: libs/bcpkix-jdk15on.jar/META-INF/BC2048KE.DSA
   JD: libs/bcpkix-jdk15on.jar/META-INF/BC2048KE.SF
   JD: libs/bcpkix-jdk15on.jar/META-INF/MANIFEST.MF
   JD: libs/bcpkix-jdk15on.jar/org/bouncycastle/cert/CertUtils.class
   JD: libs/bcpkix-jdk15on.jar/org/bouncycastle/cert/ocsp/OCSPResp.class
   JD: libs/bcpkix-jdk15on.jar/org/bouncycastle/cms/CMSAuthEnvelopedData.class
   JD: libs/bcpkix-jdk15on.jar/org/bouncycastle/cms/CMSPatchKit$DLSignerInformation.class
   JD: libs/bcpkix-jdk15on.jar/org/bouncycastle/cms/CMSPatchKit$ModEncAlgSignerInformation.class
   JD: libs/bcpkix-jdk15on.jar/org/bouncycastle/cms/CMSPatchKit.class
   JD: libs/bcpkix-jdk15on.jar/org/bouncycastle/cms/CMSSignedData.class
   JD: libs/bcpkix-jdk15on.jar/org/bouncycastle/cms/CMSTypedStream$FullReaderStream.class
   JD: libs/bcpkix-jdk15on.jar/org/bouncycastle/cms/CMSUtils.class
   JD: libs/bcpkix-jdk15on.jar/org/bouncycastle/cms/SignerInformation.class
   JD: libs/bcpkix-jdk15on.jar/org/bouncycastle/est/ESTResponse$PrintingInputStream.class
   JD: libs/bcpkix-jdk15on.jar/org/bouncycastle/est/ESTResponse.class
   JD: libs/bcpkix-jdk15on.jar/org/bouncycastle/est/ESTService.class
   JD: libs/bcpkix-jdk15on.jar/org/bouncycastle/est/jcajce/JsseESTServiceBuilder.class
   JD: libs/bcpkix-jdk15on.jar/org/bouncycastle/operator/jcajce/JcaContentSignerBuilder$2.class
   JD: libs/bcpkix-jdk15on.jar/org/bouncycastle/operator/jcajce/JcaContentSignerBuilder.class
   JD: libs/bcpkix-jdk15on.jar/org/bouncycastle/operator/jcajce/JcaContentVerifierProviderBuilder$1.class
   JD: libs/bcpkix-jdk15on.jar/org/bouncycastle/operator/jcajce/JcaContentVerifierProviderBuilder$2.class
   JD: libs/bcpkix-jdk15on.jar/org/bouncycastle/operator/jcajce/JcaContentVerifierProviderBuilder$CompositeVerifier.class
   JD: libs/bcpkix-jdk15on.jar/org/bouncycastle/operator/jcajce/JcaContentVerifierProviderBuilder.class
   JD: libs/bcpkix-jdk15on.jar/org/bouncycastle/operator/jcajce/OperatorHelper.class
   JD: libs/bcpkix-jdk15on.jar/org/bouncycastle/pkcs/bc/PKCS12PBEUtils.class
   JD: libs/bcpkix-jdk15on.jar/org/bouncycastle/pkix/jcajce/PKIXCRLUtil.class
   JD: libs/bcpkix-jdk15on.jar/org/bouncycastle/pkix/jcajce/RFC3280CertPathUtilities.class
   JD: libs/bcpkix-jdk15on.jar/org/bouncycastle/pkix/jcajce/RevocationUtilities.class
   JD: libs/bcpkix-jdk15on.jar/org/bouncycastle/pkix/jcajce/X509RevocationChecker$Builder.class
   JD: libs/bcpkix-jdk15on.jar/org/bouncycastle/pkix/jcajce/X509RevocationChecker$LocalCRLStore.class
   JD: libs/bcpkix-jdk15on.jar/org/bouncycastle/pkix/jcajce/X509RevocationChecker.class
   JD: libs/bcpkix-jdk15on.jar/org/bouncycastle/tsp/TimeStampTokenGenerator.class
   JD: libs/bcprov-jdk15on.jar/META-INF/BC1024KE.DSA
   JD: libs/bcprov-jdk15on.jar/META-INF/BC1024KE.SF
   JD: libs/bcprov-jdk15on.jar/META-INF/BC2048KE.DSA
   JD: libs/bcprov-jdk15on.jar/META-INF/BC2048KE.SF
   JD: libs/bcprov-jdk15on.jar/META-INF/MANIFEST.MF
   JD: libs/bcprov-jdk15on.jar/META-INF/versions/11/org/bouncycastle/jcajce/provider/asymmetric/edec/KeyAgreementSpi$X25519.class
   JD: libs/bcprov-jdk15on.jar/META-INF/versions/11/org/bouncycastle/jcajce/provider/asymmetric/edec/KeyAgreementSpi$X25519UwithSHA256CKDF.class
   JD: libs/bcprov-jdk15on.jar/META-INF/versions/11/org/bouncycastle/jcajce/provider/asymmetric/edec/KeyAgreementSpi$X25519UwithSHA256KDF.class
   JD: libs/bcprov-jdk15on.jar/META-INF/versions/11/org/bouncycastle/jcajce/provider/asymmetric/edec/KeyAgreementSpi$X25519withSHA256CKDF.class
   JD: libs/bcprov-jdk15on.jar/META-INF/versions/11/org/bouncycastle/jcajce/provider/asymmetric/edec/KeyAgreementSpi$X25519withSHA256KDF.class
   JD: libs/bcprov-jdk15on.jar/META-INF/versions/11/org/bouncycastle/jcajce/provider/asymmetric/edec/KeyAgreementSpi$X25519withSHA384CKDF.class
   JD: libs/bcprov-jdk15on.jar/META-INF/versions/11/org/bouncycastle/jcajce/provider/asymmetric/edec/KeyAgreementSpi$X25519withSHA512CKDF.class
   JD: libs/bcprov-jdk15on.jar/META-INF/versions/11/org/bouncycastle/jcajce/provider/asymmetric/edec/KeyAgreementSpi$X448.class
   JD: libs/bcprov-jdk15on.jar/META-INF/versions/11/org/bouncycastle/jcajce/provider/asymmetric/edec/KeyAgreementSpi$X448UwithSHA512CKDF.class
   JD: libs/bcprov-jdk15on.jar/META-INF/versions/11/org/bouncycastle/jcajce/provider/asymmetric/edec/KeyAgreementSpi$X448UwithSHA512KDF.class
   JD: libs/bcprov-jdk15on.jar/META-INF/versions/11/org/bouncycastle/jcajce/provider/asymmetric/edec/KeyAgreementSpi$X448withSHA256CKDF.class
   JD: libs/bcprov-jdk15on.jar/META-INF/versions/11/org/bouncycastle/jcajce/provider/asymmetric/edec/KeyAgreementSpi$X448withSHA384CKDF.class
   JD: libs/bcprov-jdk15on.jar/META-INF/versions/11/org/bouncycastle/jcajce/provider/asymmetric/edec/KeyAgreementSpi$X448withSHA512CKDF.class
   JD: libs/bcprov-jdk15on.jar/META-INF/versions/11/org/bouncycastle/jcajce/provider/asymmetric/edec/KeyAgreementSpi$X448withSHA512KDF.class
   JD: libs/bcprov-jdk15on.jar/META-INF/versions/11/org/bouncycastle/jcajce/provider/asymmetric/edec/KeyAgreementSpi$XDH.class
   JD: libs/bcprov-jdk15on.jar/META-INF/versions/11/org/bouncycastle/jcajce/provider/asymmetric/edec/KeyAgreementSpi.class
   JD: libs/bcprov-jdk15on.jar/META-INF/versions/15/org/bouncycastle/jcajce/provider/asymmetric/edec/SignatureSpi$Ed25519.class
   JD: libs/bcprov-jdk15on.jar/META-INF/versions/15/org/bouncycastle/jcajce/provider/asymmetric/edec/SignatureSpi$Ed448.class
   JD: libs/bcprov-jdk15on.jar/META-INF/versions/15/org/bouncycastle/jcajce/provider/asymmetric/edec/SignatureSpi$EdDSA.class
   JD: libs/bcprov-jdk15on.jar/META-INF/versions/15/org/bouncycastle/jcajce/provider/asymmetric/edec/SignatureSpi.class
   JD: libs/bcprov-jdk15on.jar/META-INF/versions/9/module-info.class
   JD: libs/bcprov-jdk15on.jar/META-INF/versions/9/org/bouncycastle/asn1/ASN1BitString.class
   JD: libs/bcprov-jdk15on.jar/META-INF/versions/9/org/bouncycastle/asn1/ASN1Object.class
   JD: libs/bcprov-jdk15on.jar/META-INF/versions/9/org/bouncycastle/asn1/ASN1OutputStream.class
   JD: libs/bcprov-jdk15on.jar/META-INF/versions/9/org/bouncycastle/asn1/ASN1Sequence$1.class
   JD: libs/bcprov-jdk15on.jar/META-INF/versions/9/org/bouncycastle/asn1/ASN1Set$1.class
   JD: libs/bcprov-jdk15on.jar/META-INF/versions/9/org/bouncycastle/asn1/ASN1TaggedObject.class
   JD: libs/bcprov-jdk15on.jar/META-INF/versions/9/org/bouncycastle/asn1/BEROctetString$1.class
   JD: libs/bcprov-jdk15on.jar/META-INF/versions/9/org/bouncycastle/asn1/BEROctetString$2.class
   JD: libs/bcprov-jdk15on.jar/META-INF/versions/9/org/bouncycastle/asn1/BEROctetString.class
   JD: libs/bcprov-jdk15on.jar/META-INF/versions/9/org/bouncycastle/asn1/DERNull.class
   JD: libs/bcprov-jdk15on.jar/META-INF/versions/9/org/bouncycastle/asn1/DEROutputStream.class
   JD: libs/bcprov-jdk15on.jar/META-INF/versions/9/org/bouncycastle/asn1/DERSequence.class
   JD: libs/bcprov-jdk15on.jar/META-INF/versions/9/org/bouncycastle/asn1/DERSequenceParser.class.removed
   JD: libs/bcprov-jdk15on.jar/META-INF/versions/9/org/bouncycastle/asn1/DERSet.class
   JD: libs/bcprov-jdk15on.jar/META-INF/versions/9/org/bouncycastle/asn1/DERSetParser.class.removed
   JD: libs/bcprov-jdk15on.jar/META-INF/versions/9/org/bouncycastle/asn1/DLOutputStream.class
   JD: libs/bcprov-jdk15on.jar/META-INF/versions/9/org/bouncycastle/asn1/DLSequenceParser.class
   JD: libs/bcprov-jdk15on.jar/META-INF/versions/9/org/bouncycastle/asn1/DLSetParser.class
   JD: libs/bcprov-jdk15on.jar/META-INF/versions/9/org/bouncycastle/asn1/LazyConstructionEnumeration.class
   JD: libs/bcprov-jdk15on.jar/META-INF/versions/9/org/bouncycastle/asn1/cryptopro/ECGOST3410NamedCurves.class
   JD: libs/bcprov-jdk15on.jar/META-INF/versions/9/org/bouncycastle/asn1/x9/ECNamedCurveTable.class
   JD: libs/bcprov-jdk15on.jar/META-INF/versions/9/org/bouncycastle/crypto/digests/KeccakDigest.class
   JD: libs/bcprov-jdk15on.jar/META-INF/versions/9/org/bouncycastle/crypto/params/ECDomainParameters.class
   JD: libs/bcprov-jdk15on.jar/META-INF/versions/9/org/bouncycastle/crypto/params/ECNamedDomainParameters.class
   JD: libs/bcprov-jdk15on.jar/META-INF/versions/9/org/bouncycastle/jcajce/provider/asymmetric/util/EC5Util.class
   JD: libs/bcprov-jdk15on.jar/META-INF/versions/9/org/bouncycastle/jcajce/provider/asymmetric/util/ECUtil.class
   JD: libs/bcprov-jdk15on.jar/META-INF/versions/9/org/bouncycastle/jcajce/provider/config/ConfigurableProvider.class
   JD: libs/bcprov-jdk15on.jar/META-INF/versions/9/org/bouncycastle/jce/ECGOST3410NamedCurveTable.class
   JD: libs/bcprov-jdk15on.jar/META-INF/versions/9/org/bouncycastle/jce/provider/BouncyCastleProvider.class
   JD: libs/bcprov-jdk15on.jar/META-INF/versions/9/org/bouncycastle/math/ec/ECCurve$1.class
   JD: libs/bcprov-jdk15on.jar/META-INF/versions/9/org/bouncycastle/math/ec/ECCurve$AbstractF2m.class
   JD: libs/bcprov-jdk15on.jar/META-INF/versions/9/org/bouncycastle/math/ec/ECCurve$AbstractFp.class
   JD: libs/bcprov-jdk15on.jar/META-INF/versions/9/org/bouncycastle/math/ec/ECCurve$F2m$1.class
   JD: libs/bcprov-jdk15on.jar/META-INF/versions/9/org/bouncycastle/math/ec/ECCurve$F2m.class
   JD: libs/bcprov-jdk15on.jar/META-INF/versions/9/org/bouncycastle/math/ec/ECCurve$Fp.class
   JD: libs/bcprov-jdk15on.jar/META-INF/versions/9/org/bouncycastle/math/ec/ECCurve.class
   JD: libs/bcprov-jdk15on.jar/META-INF/versions/9/org/bouncycastle/math/ec/ECFieldElement$AbstractF2m.class
   JD: libs/bcprov-jdk15on.jar/META-INF/versions/9/org/bouncycastle/math/ec/ECFieldElement$AbstractFp.class
   JD: libs/bcprov-jdk15on.jar/META-INF/versions/9/org/bouncycastle/math/ec/ECFieldElement$F2m.class
   JD: libs/bcprov-jdk15on.jar/META-INF/versions/9/org/bouncycastle/math/ec/ECFieldElement$Fp.class
   JD: libs/bcprov-jdk15on.jar/META-INF/versions/9/org/bouncycastle/math/ec/ECFieldElement.class
   JD: libs/bcprov-jdk15on.jar/META-INF/versions/9/org/bouncycastle/math/ec/WNafUtil$2.class
   JD: libs/bcprov-jdk15on.jar/META-INF/versions/9/org/bouncycastle/math/ec/WNafUtil$3.class
   JD: libs/bcprov-jdk15on.jar/META-INF/versions/9/org/bouncycastle/math/ec/WNafUtil$4.class.removed
   JD: libs/bcprov-jdk15on.jar/META-INF/versions/9/org/bouncycastle/math/ec/WNafUtil.class
   JD: libs/bcprov-jdk15on.jar/META-INF/versions/9/org/bouncycastle/math/ec/custom/djb/Curve25519$1.class
   JD: libs/bcprov-jdk15on.jar/META-INF/versions/9/org/bouncycastle/math/ec/custom/djb/Curve25519.class
   JD: libs/bcprov-jdk15on.jar/META-INF/versions/9/org/bouncycastle/math/ec/custom/djb/Curve25519Field.class
   JD: libs/bcprov-jdk15on.jar/META-INF/versions/9/org/bouncycastle/math/ec/custom/djb/Curve25519FieldElement.class
   JD: libs/bcprov-jdk15on.jar/META-INF/versions/9/org/bouncycastle/math/ec/custom/gm/SM2P256V1Curve$1.class
   JD: libs/bcprov-jdk15on.jar/META-INF/versions/9/org/bouncycastle/math/ec/custom/gm/SM2P256V1Curve.class
   JD: libs/bcprov-jdk15on.jar/META-INF/versions/9/org/bouncycastle/math/ec/custom/gm/SM2P256V1Field.class
   JD: libs/bcprov-jdk15on.jar/META-INF/versions/9/org/bouncycastle/math/ec/custom/gm/SM2P256V1FieldElement.class
   JD: libs/bcprov-jdk15on.jar/META-INF/versions/9/org/bouncycastle/math/ec/custom/sec/SecP128R1Curve$1.class
   JD: libs/bcprov-jdk15on.jar/META-INF/versions/9/org/bouncycastle/math/ec/custom/sec/SecP128R1Curve.class
   JD: libs/bcprov-jdk15on.jar/META-INF/versions/9/org/bouncycastle/math/ec/custom/sec/SecP128R1Field.class
   JD: libs/bcprov-jdk15on.jar/META-INF/versions/9/org/bouncycastle/math/ec/custom/sec/SecP128R1FieldElement.class
   JD: libs/bcprov-jdk15on.jar/META-INF/versions/9/org/bouncycastle/math/ec/custom/sec/SecP160K1Curve$1.class
   JD: libs/bcprov-jdk15on.jar/META-INF/versions/9/org/bouncycastle/math/ec/custom/sec/SecP160K1Curve.class
   JD: libs/bcprov-jdk15on.jar/META-INF/versions/9/org/bouncycastle/math/ec/custom/sec/SecP160R1Curve$1.class
   JD: libs/bcprov-jdk15on.jar/META-INF/versions/9/org/bouncycastle/math/ec/custom/sec/SecP160R1Curve.class
   JD: libs/bcprov-jdk15on.jar/META-INF/versions/9/org/bouncycastle/math/ec/custom/sec/SecP160R1Field.class
   JD: libs/bcprov-jdk15on.jar/META-INF/versions/9/org/bouncycastle/math/ec/custom/sec/SecP160R1FieldElement.class
   JD: libs/bcprov-jdk15on.jar/META-INF/versions/9/org/bouncycastle/math/ec/custom/sec/SecP160R2Curve$1.class
   JD: libs/bcprov-jdk15on.jar/META-INF/versions/9/org/bouncycastle/math/ec/custom/sec/SecP160R2Curve.class
   JD: libs/bcprov-jdk15on.jar/META-INF/versions/9/org/bouncycastle/math/ec/custom/sec/SecP160R2Field.class
   JD: libs/bcprov-jdk15on.jar/META-INF/versions/9/org/bouncycastle/math/ec/custom/sec/SecP160R2FieldElement.class
   JD: libs/bcprov-jdk15on.jar/META-INF/versions/9/org/bouncycastle/math/ec/custom/sec/SecP192K1Curve$1.class
   JD: libs/bcprov-jdk15on.jar/META-INF/versions/9/org/bouncycastle/math/ec/custom/sec/SecP192K1Curve.class
   JD: libs/bcprov-jdk15on.jar/META-INF/versions/9/org/bouncycastle/math/ec/custom/sec/SecP192K1Field.class
   JD: libs/bcprov-jdk15on.jar/META-INF/versions/9/org/bouncycastle/math/ec/custom/sec/SecP192K1FieldElement.class
   JD: libs/bcprov-jdk15on.jar/META-INF/versions/9/org/bouncycastle/math/ec/custom/sec/SecP192R1Curve$1.class
   JD: libs/bcprov-jdk15on.jar/META-INF/versions/9/org/bouncycastle/math/ec/custom/sec/SecP192R1Curve.class
   JD: libs/bcprov-jdk15on.jar/META-INF/versions/9/org/bouncycastle/math/ec/custom/sec/SecP192R1Field.class
   JD: libs/bcprov-jdk15on.jar/META-INF/versions/9/org/bouncycastle/math/ec/custom/sec/SecP192R1FieldElement.class
   JD: libs/bcprov-jdk15on.jar/META-INF/versions/9/org/bouncycastle/math/ec/custom/sec/SecP224K1Curve$1.class
   JD: libs/bcprov-jdk15on.jar/META-INF/versions/9/org/bouncycastle/math/ec/custom/sec/SecP224K1Curve.class
   JD: libs/bcprov-jdk15on.jar/META-INF/versions/9/org/bouncycastle/math/ec/custom/sec/SecP224K1Field.class
   JD: libs/bcprov-jdk15on.jar/META-INF/versions/9/org/bouncycastle/math/ec/custom/sec/SecP224K1FieldElement.class
   JD: libs/bcprov-jdk15on.jar/META-INF/versions/9/org/bouncycastle/math/ec/custom/sec/SecP224R1Curve$1.class
   JD: libs/bcprov-jdk15on.jar/META-INF/versions/9/org/bouncycastle/math/ec/custom/sec/SecP224R1Curve.class
   JD: libs/bcprov-jdk15on.jar/META-INF/versions/9/org/bouncycastle/math/ec/custom/sec/SecP224R1Field.class
   JD: libs/bcprov-jdk15on.jar/META-INF/versions/9/org/bouncycastle/math/ec/custom/sec/SecP224R1FieldElement.class
   JD: libs/bcprov-jdk15on.jar/META-INF/versions/9/org/bouncycastle/math/ec/custom/sec/SecP256K1Field.class
   JD: libs/bcprov-jdk15on.jar/META-INF/versions/9/org/bouncycastle/math/ec/custom/sec/SecP256R1Field.class
   JD: libs/bcprov-jdk15on.jar/META-INF/versions/9/org/bouncycastle/math/ec/custom/sec/SecP384R1Field.class
   JD: libs/bcprov-jdk15on.jar/META-INF/versions/9/org/bouncycastle/math/ec/custom/sec/SecP521R1Field.class
   JD: libs/bcprov-jdk15on.jar/META-INF/versions/9/org/bouncycastle/math/ec/custom/sec/SecT113Field.class
   JD: libs/bcprov-jdk15on.jar/META-INF/versions/9/org/bouncycastle/math/ec/custom/sec/SecT131Field.class
   JD: libs/bcprov-jdk15on.jar/META-INF/versions/9/org/bouncycastle/math/ec/custom/sec/SecT163Field.class
   JD: libs/bcprov-jdk15on.jar/META-INF/versions/9/org/bouncycastle/math/ec/custom/sec/SecT193Field.class
   JD: libs/bcprov-jdk15on.jar/META-INF/versions/9/org/bouncycastle/math/ec/custom/sec/SecT233Field.class
   JD: libs/bcprov-jdk15on.jar/META-INF/versions/9/org/bouncycastle/math/ec/custom/sec/SecT239Field.class
   JD: libs/bcprov-jdk15on.jar/META-INF/versions/9/org/bouncycastle/math/ec/custom/sec/SecT283Field.class
   JD: libs/bcprov-jdk15on.jar/META-INF/versions/9/org/bouncycastle/math/ec/custom/sec/SecT409Field.class
   JD: libs/bcprov-jdk15on.jar/META-INF/versions/9/org/bouncycastle/math/ec/custom/sec/SecT571Field.class
   JD: libs/bcprov-jdk15on.jar/META-INF/versions/9/org/bouncycastle/math/field/FiniteFields.class
   JD: libs/bcprov-jdk15on.jar/META-INF/versions/9/org/bouncycastle/math/raw/Bits.class
   JD: libs/bcprov-jdk15on.jar/META-INF/versions/9/org/bouncycastle/math/raw/Interleave.class
   JD: libs/bcprov-jdk15on.jar/META-INF/versions/9/org/bouncycastle/math/raw/Mod.class
   JD: libs/bcprov-jdk15on.jar/META-INF/versions/9/org/bouncycastle/math/raw/Nat.class
   JD: libs/bcprov-jdk15on.jar/META-INF/versions/9/org/bouncycastle/math/raw/Nat128.class
   JD: libs/bcprov-jdk15on.jar/META-INF/versions/9/org/bouncycastle/math/raw/Nat160.class
   JD: libs/bcprov-jdk15on.jar/META-INF/versions/9/org/bouncycastle/math/raw/Nat192.class
   JD: libs/bcprov-jdk15on.jar/META-INF/versions/9/org/bouncycastle/math/raw/Nat224.class
   JD: libs/bcprov-jdk15on.jar/META-INF/versions/9/org/bouncycastle/math/raw/Nat256.class
   JD: libs/bcprov-jdk15on.jar/META-INF/versions/9/org/bouncycastle/math/raw/Nat320.class
   JD: libs/bcprov-jdk15on.jar/META-INF/versions/9/org/bouncycastle/math/raw/Nat448.class
   JD: libs/bcprov-jdk15on.jar/META-INF/versions/9/org/bouncycastle/math/raw/Nat576.class
   JD: libs/bcprov-jdk15on.jar/META-INF/versions/9/org/bouncycastle/pqc/crypto/lms/LMS.class
   JD: libs/bcprov-jdk15on.jar/META-INF/versions/9/org/bouncycastle/pqc/crypto/lms/LMSPublicKeyParameters.class
   JD: libs/bcprov-jdk15on.jar/META-INF/versions/9/org/bouncycastle/pqc/crypto/xmss/XMSSPublicKeyParameters$Builder.class
   JD: libs/bcprov-jdk15on.jar/META-INF/versions/9/org/bouncycastle/pqc/crypto/xmss/XMSSPublicKeyParameters.class
   JD: libs/bcprov-jdk15on.jar/META-INF/versions/9/org/bouncycastle/pqc/jcajce/provider/BouncyCastlePQCProvider$2.class
   JD: libs/bcprov-jdk15on.jar/META-INF/versions/9/org/bouncycastle/pqc/jcajce/provider/BouncyCastlePQCProvider.class
   JD: libs/bcprov-jdk15on.jar/META-INF/versions/9/org/bouncycastle/pqc/math/linearalgebra/IntegerFunctions.class
   JD: libs/bcprov-jdk15on.jar/META-INF/versions/9/org/bouncycastle/util/Arrays$Iterator.class
   JD: libs/bcprov-jdk15on.jar/META-INF/versions/9/org/bouncycastle/util/Arrays.class
   JD: libs/bcprov-jdk15on.jar/META-INF/versions/9/org/bouncycastle/util/BigIntegers.class
   JD: libs/bcprov-jdk15on.jar/META-INF/versions/9/org/bouncycastle/util/Integers.class
   JD: libs/bcprov-jdk15on.jar/META-INF/versions/9/org/bouncycastle/util/Pack.class
   JD: libs/bcprov-jdk15on.jar/META-INF/versions/9/org/bouncycastle/util/Properties$1.class
   JD: libs/bcprov-jdk15on.jar/META-INF/versions/9/org/bouncycastle/util/Properties$2.class
   JD: libs/bcprov-jdk15on.jar/META-INF/versions/9/org/bouncycastle/util/Properties.class
   JD: libs/bcprov-jdk15on.jar/META-INF/versions/9/org/bouncycastle/util/encoders/HexEncoder.class
   JD: libs/bcprov-jdk15on.jar/org/bouncycastle/LICENSE.class
   JD: libs/bcprov-jdk15on.jar/org/bouncycastle/asn1/ASN1BitString.class
   JD: libs/bcprov-jdk15on.jar/org/bouncycastle/asn1/ASN1Object.class
   JD: libs/bcprov-jdk15on.jar/org/bouncycastle/asn1/ASN1OutputStream.class
   JD: libs/bcprov-jdk15on.jar/org/bouncycastle/asn1/ASN1Sequence$1.class
   JD: libs/bcprov-jdk15on.jar/org/bouncycastle/asn1/ASN1Set$1.class
   JD: libs/bcprov-jdk15on.jar/org/bouncycastle/asn1/ASN1TaggedObject.class
   JD: libs/bcprov-jdk15on.jar/org/bouncycastle/asn1/BERConstructedOctetString.class.removed
   JD: libs/bcprov-jdk15on.jar/org/bouncycastle/asn1/BEROctetString$1.class
   JD: libs/bcprov-jdk15on.jar/org/bouncycastle/asn1/BEROctetString$2.class
   JD: libs/bcprov-jdk15on.jar/org/bouncycastle/asn1/BEROctetString.class
   JD: libs/bcprov-jdk15on.jar/org/bouncycastle/asn1/BEROutputStream.class
   JD: libs/bcprov-jdk15on.jar/org/bouncycastle/asn1/DEREncodableVector.class.removed
   JD: libs/bcprov-jdk15on.jar/org/bouncycastle/asn1/DEREnumerated.class.removed
   JD: libs/bcprov-jdk15on.jar/org/bouncycastle/asn1/DERInteger.class.removed
   JD: libs/bcprov-jdk15on.jar/org/bouncycastle/asn1/DERNull.class
   JD: libs/bcprov-jdk15on.jar/org/bouncycastle/asn1/DERObjectIdentifier.class.removed
   JD: libs/bcprov-jdk15on.jar/org/bouncycastle/asn1/DEROutputStream.class
   JD: libs/bcprov-jdk15on.jar/org/bouncycastle/asn1/DERSequenceParser.class.removed
   JD: libs/bcprov-jdk15on.jar/org/bouncycastle/asn1/DERSetParser.class.removed
   JD: libs/bcprov-jdk15on.jar/org/bouncycastle/asn1/DERT61UTF8String.class.removed
   JD: libs/bcprov-jdk15on.jar/org/bouncycastle/asn1/DERTags.class.removed
   JD: libs/bcprov-jdk15on.jar/org/bouncycastle/asn1/DLOutputStream.class
   JD: libs/bcprov-jdk15on.jar/org/bouncycastle/asn1/DLSequenceParser.class
   JD: libs/bcprov-jdk15on.jar/org/bouncycastle/asn1/DLSetParser.class
   JD: libs/bcprov-jdk15on.jar/org/bouncycastle/asn1/LazyConstructionEnumeration.class
   JD: libs/bcprov-jdk15on.jar/org/bouncycastle/asn1/cmp/CertOrEncCert.class
   JD: libs/bcprov-jdk15on.jar/org/bouncycastle/asn1/cmp/CertifiedKeyPair.class
   JD: libs/bcprov-jdk15on.jar/org/bouncycastle/asn1/cms/TimeStampedDataParser.class
   JD: libs/bcprov-jdk15on.jar/org/bouncycastle/asn1/cryptopro/ECGOST3410NamedCurves.class
   JD: libs/bcprov-jdk15on.jar/org/bouncycastle/asn1/misc/MiscObjectIdentifiers.class
   JD: libs/bcprov-jdk15on.jar/org/bouncycastle/asn1/ocsp/OCSPResponseStatus.class
   JD: libs/bcprov-jdk15on.jar/org/bouncycastle/asn1/tsp/ArchiveTimeStamp.class
   JD: libs/bcprov-jdk15on.jar/org/bouncycastle/asn1/x500/style/BCStyle.class
   JD: libs/bcprov-jdk15on.jar/org/bouncycastle/asn1/x509/X509Name.class
   JD: libs/bcprov-jdk15on.jar/org/bouncycastle/asn1/x9/ECNamedCurveTable.class
   JD: libs/bcprov-jdk15on.jar/org/bouncycastle/crypto/digests/Blake2bDigest.class
   JD: libs/bcprov-jdk15on.jar/org/bouncycastle/crypto/digests/KeccakDigest.class
   JD: libs/bcprov-jdk15on.jar/org/bouncycastle/crypto/encodings/OAEPEncoding.class
   JD: libs/bcprov-jdk15on.jar/org/bouncycastle/crypto/encodings/PKCS1Encoding$1.class.removed
   JD: libs/bcprov-jdk15on.jar/org/bouncycastle/crypto/encodings/PKCS1Encoding$2.class.removed
   JD: libs/bcprov-jdk15on.jar/org/bouncycastle/crypto/encodings/PKCS1Encoding.class
   JD: libs/bcprov-jdk15on.jar/org/bouncycastle/crypto/engines/AESEngine.class
   JD: libs/bcprov-jdk15on.jar/org/bouncycastle/crypto/engines/AESFastEngine.class
   JD: libs/bcprov-jdk15on.jar/org/bouncycastle/crypto/engines/AESLightEngine.class
   JD: libs/bcprov-jdk15on.jar/org/bouncycastle/crypto/engines/ChaChaEngine.class
   JD: libs/bcprov-jdk15on.jar/org/bouncycastle/crypto/engines/NoekeonEngine.class
   JD: libs/bcprov-jdk15on.jar/org/bouncycastle/crypto/engines/RFC5649WrapEngine.class
   JD: libs/bcprov-jdk15on.jar/org/bouncycastle/crypto/engines/RSABlindedEngine.class
   JD: libs/bcprov-jdk15on.jar/org/bouncycastle/crypto/engines/RSABlindingEngine.class
   JD: libs/bcprov-jdk15on.jar/org/bouncycastle/crypto/engines/Salsa20Engine.class
   JD: libs/bcprov-jdk15on.jar/org/bouncycastle/crypto/generators/Argon2BytesGenerator$Block.class
   JD: libs/bcprov-jdk15on.jar/org/bouncycastle/crypto/generators/Argon2BytesGenerator$FillBlock.class
   JD: libs/bcprov-jdk15on.jar/org/bouncycastle/crypto/generators/Argon2BytesGenerator$Position.class
   JD: libs/bcprov-jdk15on.jar/org/bouncycastle/crypto/generators/Argon2BytesGenerator.class
   JD: libs/bcprov-jdk15on.jar/org/bouncycastle/crypto/generators/OpenBSDBCrypt.class
   JD: libs/bcprov-jdk15on.jar/org/bouncycastle/crypto/generators/RSAKeyPairGenerator.class
   JD: libs/bcprov-jdk15on.jar/org/bouncycastle/crypto/kems/ECIESKeyEncapsulation.class
   JD: libs/bcprov-jdk15on.jar/org/bouncycastle/crypto/macs/KMAC.class
   JD: libs/bcprov-jdk15on.jar/org/bouncycastle/crypto/modes/CFBBlockCipher.class
   JD: libs/bcprov-jdk15on.jar/org/bouncycastle/crypto/modes/OFBBlockCipher.class
   JD: libs/bcprov-jdk15on.jar/org/bouncycastle/crypto/modes/gcm/GCMUtil.class
   JD: libs/bcprov-jdk15on.jar/org/bouncycastle/crypto/params/ECDomainParameters.class
   JD: libs/bcprov-jdk15on.jar/org/bouncycastle/crypto/params/ECGOST3410Parameters.class
   JD: libs/bcprov-jdk15on.jar/org/bouncycastle/crypto/params/ECNamedDomainParameters.class
   JD: libs/bcprov-jdk15on.jar/org/bouncycastle/crypto/signers/DSASigner.class
   JD: libs/bcprov-jdk15on.jar/org/bouncycastle/crypto/signers/ECDSASigner.class
   JD: libs/bcprov-jdk15on.jar/org/bouncycastle/crypto/signers/ECGOST3410Signer.class
   JD: libs/bcprov-jdk15on.jar/org/bouncycastle/crypto/signers/ECGOST3410_2012Signer.class
   JD: libs/bcprov-jdk15on.jar/org/bouncycastle/crypto/signers/SM2Signer.class
   JD: libs/bcprov-jdk15on.jar/org/bouncycastle/crypto/util/OpenSSHPrivateKeyUtil.class
   JD: libs/bcprov-jdk15on.jar/org/bouncycastle/crypto/util/OpenSSHPublicKeyUtil.class
   JD: libs/bcprov-jdk15on.jar/org/bouncycastle/crypto/util/PrivateKeyFactory.class
   JD: libs/bcprov-jdk15on.jar/org/bouncycastle/crypto/util/PublicKeyFactory$ECConverter.class
   JD: libs/bcprov-jdk15on.jar/org/bouncycastle/crypto/util/PublicKeyFactory$GOST3410_2001Converter.class
   JD: libs/bcprov-jdk15on.jar/org/bouncycastle/crypto/util/PublicKeyFactory$GOST3410_2012Converter.class
   JD: libs/bcprov-jdk15on.jar/org/bouncycastle/its/
   JD: libs/bcprov-jdk15on.jar/org/bouncycastle/its/asn1/
   JD: libs/bcprov-jdk15on.jar/org/bouncycastle/its/asn1/AesCcmCiphertext.class
   JD: libs/bcprov-jdk15on.jar/org/bouncycastle/its/asn1/BitmapSspRange.class
   JD: libs/bcprov-jdk15on.jar/org/bouncycastle/its/asn1/CertificateBase.class
   JD: libs/bcprov-jdk15on.jar/org/bouncycastle/its/asn1/CertificateType.class
   JD: libs/bcprov-jdk15on.jar/org/bouncycastle/its/asn1/CircularRegion.class
   JD: libs/bcprov-jdk15on.jar/org/bouncycastle/its/asn1/Duration.class
   JD: libs/bcprov-jdk15on.jar/org/bouncycastle/its/asn1/EncryptedData.class
   JD: libs/bcprov-jdk15on.jar/org/bouncycastle/its/asn1/EndEntityType.class
   JD: libs/bcprov-jdk15on.jar/org/bouncycastle/its/asn1/EtsiTs103097Module.class
   JD: libs/bcprov-jdk15on.jar/org/bouncycastle/its/asn1/ExplicitCertificate.class
   JD: libs/bcprov-jdk15on.jar/org/bouncycastle/its/asn1/GeographicRegion.class
   JD: libs/bcprov-jdk15on.jar/org/bouncycastle/its/asn1/GroupLinkageValue.class
   JD: libs/bcprov-jdk15on.jar/org/bouncycastle/its/asn1/HashAlgorithm.class
   JD: libs/bcprov-jdk15on.jar/org/bouncycastle/its/asn1/HashedData.class
   JD: libs/bcprov-jdk15on.jar/org/bouncycastle/its/asn1/HeaderInfo.class
   JD: libs/bcprov-jdk15on.jar/org/bouncycastle/its/asn1/IValue.class
   JD: libs/bcprov-jdk15on.jar/org/bouncycastle/its/asn1/Ieee1609Dot2Content.class
   JD: libs/bcprov-jdk15on.jar/org/bouncycastle/its/asn1/Ieee1609Dot2Data.class
   JD: libs/bcprov-jdk15on.jar/org/bouncycastle/its/asn1/ImplicitCertificate.class
   JD: libs/bcprov-jdk15on.jar/org/bouncycastle/its/asn1/IssuerIdentifier.class
   JD: libs/bcprov-jdk15on.jar/org/bouncycastle/its/asn1/Latitude.class
   JD: libs/bcprov-jdk15on.jar/org/bouncycastle/its/asn1/LinkageData.class
   JD: libs/bcprov-jdk15on.jar/org/bouncycastle/its/asn1/LinkageValue.class
   JD: libs/bcprov-jdk15on.jar/org/bouncycastle/its/asn1/Longitude.class
   JD: libs/bcprov-jdk15on.jar/org/bouncycastle/its/asn1/PKRecipientInfo.class
   JD: libs/bcprov-jdk15on.jar/org/bouncycastle/its/asn1/PolygonalRegion.class
   JD: libs/bcprov-jdk15on.jar/org/bouncycastle/its/asn1/PsidGroupPermissions.class
   JD: libs/bcprov-jdk15on.jar/org/bouncycastle/its/asn1/PsidSspRange.class
   JD: libs/bcprov-jdk15on.jar/org/bouncycastle/its/asn1/RecipientInfo.class
   JD: libs/bcprov-jdk15on.jar/org/bouncycastle/its/asn1/RectangularRegion.class
   JD: libs/bcprov-jdk15on.jar/org/bouncycastle/its/asn1/SequenceOfCertificate.class
   JD: libs/bcprov-jdk15on.jar/org/bouncycastle/its/asn1/SequenceOfOctetString.class
   JD: libs/bcprov-jdk15on.jar/org/bouncycastle/its/asn1/SequenceOfPsidGroupPermissions.class
   JD: libs/bcprov-jdk15on.jar/org/bouncycastle/its/asn1/SequenceOfRecipientInfo.class
   JD: libs/bcprov-jdk15on.jar/org/bouncycastle/its/asn1/SequenceOfRectangularRegion.class
   JD: libs/bcprov-jdk15on.jar/org/bouncycastle/its/asn1/ServiceSpecificPermissions.class
   JD: libs/bcprov-jdk15on.jar/org/bouncycastle/its/asn1/Signature.class
   JD: libs/bcprov-jdk15on.jar/org/bouncycastle/its/asn1/SignedData.class
   JD: libs/bcprov-jdk15on.jar/org/bouncycastle/its/asn1/SignedDataPayload.class
   JD: libs/bcprov-jdk15on.jar/org/bouncycastle/its/asn1/SignerIdentifier.class
   JD: libs/bcprov-jdk15on.jar/org/bouncycastle/its/asn1/SspRange.class
   JD: libs/bcprov-jdk15on.jar/org/bouncycastle/its/asn1/SubjectPermissions.class
   JD: libs/bcprov-jdk15on.jar/org/bouncycastle/its/asn1/SymmAlgorithm.class
   JD: libs/bcprov-jdk15on.jar/org/bouncycastle/its/asn1/SymmRecipientInfo.class
   JD: libs/bcprov-jdk15on.jar/org/bouncycastle/its/asn1/ToBeSignedCertificate.class
   JD: libs/bcprov-jdk15on.jar/org/bouncycastle/its/asn1/ToBeSignedData.class
   JD: libs/bcprov-jdk15on.jar/org/bouncycastle/its/asn1/TwoDLocation.class
   JD: libs/bcprov-jdk15on.jar/org/bouncycastle/its/asn1/Utils.class
   JD: libs/bcprov-jdk15on.jar/org/bouncycastle/its/asn1/ValidityPeriod.class
   JD: libs/bcprov-jdk15on.jar/org/bouncycastle/its/asn1/VerificationKeyIndicator.class
   JD: libs/bcprov-jdk15on.jar/org/bouncycastle/jcajce/CompositePrivateKey.class
   JD: libs/bcprov-jdk15on.jar/org/bouncycastle/jcajce/CompositePublicKey.class
   JD: libs/bcprov-jdk15on.jar/org/bouncycastle/jcajce/PKIXCertRevocationChecker.class
   JD: libs/bcprov-jdk15on.jar/org/bouncycastle/jcajce/PKIXExtendedParameters$Builder.class
   JD: libs/bcprov-jdk15on.jar/org/bouncycastle/jcajce/PKIXExtendedParameters.class
   JD: libs/bcprov-jdk15on.jar/org/bouncycastle/jcajce/provider/asymmetric/COMPOSITE$CompositeKeyInfoConverter.class
   JD: libs/bcprov-jdk15on.jar/org/bouncycastle/jcajce/provider/asymmetric/COMPOSITE$KeyFactory.class
   JD: libs/bcprov-jdk15on.jar/org/bouncycastle/jcajce/provider/asymmetric/COMPOSITE$Mappings.class
   JD: libs/bcprov-jdk15on.jar/org/bouncycastle/jcajce/provider/asymmetric/COMPOSITE.class
   JD: libs/bcprov-jdk15on.jar/org/bouncycastle/jcajce/provider/asymmetric/RSA$Mappings.class
   JD: libs/bcprov-jdk15on.jar/org/bouncycastle/jcajce/provider/asymmetric/dsa/BCDSAPublicKey.class
   JD: libs/bcprov-jdk15on.jar/org/bouncycastle/jcajce/provider/asymmetric/dsa/DSASigner.class
   JD: libs/bcprov-jdk15on.jar/org/bouncycastle/jcajce/provider/asymmetric/dstu/SignatureSpi.class
   JD: libs/bcprov-jdk15on.jar/org/bouncycastle/jcajce/provider/asymmetric/ec/KeyFactorySpi.class
   JD: libs/bcprov-jdk15on.jar/org/bouncycastle/jcajce/provider/asymmetric/ec/SignatureSpi.class
   JD: libs/bcprov-jdk15on.jar/org/bouncycastle/jcajce/provider/asymmetric/ecgost/BCECGOST3410PrivateKey.class
   JD: libs/bcprov-jdk15on.jar/org/bouncycastle/jcajce/provider/asymmetric/ecgost/KeyPairGeneratorSpi.class
   JD: libs/bcprov-jdk15on.jar/org/bouncycastle/jcajce/provider/asymmetric/ecgost/SignatureSpi.class
   JD: libs/bcprov-jdk15on.jar/org/bouncycastle/jcajce/provider/asymmetric/ecgost12/BCECGOST3410_2012PrivateKey.class
   JD: libs/bcprov-jdk15on.jar/org/bouncycastle/jcajce/provider/asymmetric/ecgost12/ECGOST2012SignatureSpi256.class
   JD: libs/bcprov-jdk15on.jar/org/bouncycastle/jcajce/provider/asymmetric/ecgost12/ECGOST2012SignatureSpi512.class
   JD: libs/bcprov-jdk15on.jar/org/bouncycastle/jcajce/provider/asymmetric/ecgost12/KeyPairGeneratorSpi.class
   JD: libs/bcprov-jdk15on.jar/org/bouncycastle/jcajce/provider/asymmetric/edec/KeyPairGeneratorSpi.class
   JD: libs/bcprov-jdk15on.jar/org/bouncycastle/jcajce/provider/asymmetric/edec/SignatureSpi.class
   JD: libs/bcprov-jdk15on.jar/org/bouncycastle/jcajce/provider/asymmetric/rsa/KeyFactorySpi.class
   JD: libs/bcprov-jdk15on.jar/org/bouncycastle/jcajce/provider/asymmetric/util/EC5Util.class
   JD: libs/bcprov-jdk15on.jar/org/bouncycastle/jcajce/provider/asymmetric/util/ECUtil.class
   JD: libs/bcprov-jdk15on.jar/org/bouncycastle/jcajce/provider/asymmetric/x509/SignatureCreator.class
   JD: libs/bcprov-jdk15on.jar/org/bouncycastle/jcajce/provider/asymmetric/x509/X509CRLImpl$1.class
   JD: libs/bcprov-jdk15on.jar/org/bouncycastle/jcajce/provider/asymmetric/x509/X509CRLImpl$2.class
   JD: libs/bcprov-jdk15on.jar/org/bouncycastle/jcajce/provider/asymmetric/x509/X509CRLImpl$3.class
   JD: libs/bcprov-jdk15on.jar/org/bouncycastle/jcajce/provider/asymmetric/x509/X509CRLImpl.class
   JD: libs/bcprov-jdk15on.jar/org/bouncycastle/jcajce/provider/asymmetric/x509/X509CertificateImpl$1.class
   JD: libs/bcprov-jdk15on.jar/org/bouncycastle/jcajce/provider/asymmetric/x509/X509CertificateImpl$2.class
   JD: libs/bcprov-jdk15on.jar/org/bouncycastle/jcajce/provider/asymmetric/x509/X509CertificateImpl$3.class
   JD: libs/bcprov-jdk15on.jar/org/bouncycastle/jcajce/provider/asymmetric/x509/X509CertificateImpl.class
   JD: libs/bcprov-jdk15on.jar/org/bouncycastle/jcajce/provider/asymmetric/x509/X509SignatureUtil.class
   JD: libs/bcprov-jdk15on.jar/org/bouncycastle/jcajce/provider/config/ConfigurableProvider.class
   JD: libs/bcprov-jdk15on.jar/org/bouncycastle/jcajce/provider/keystore/bc/BcKeyStoreSpi$StoreEntry.class
   JD: libs/bcprov-jdk15on.jar/org/bouncycastle/jcajce/provider/symmetric/CAST5$AlgParams.class
   JD: libs/bcprov-jdk15on.jar/org/bouncycastle/jcajce/provider/symmetric/IDEA$AlgParams.class
   JD: libs/bcprov-jdk15on.jar/org/bouncycastle/jcajce/provider/symmetric/OpenSSLPBKDF$PBKDF.class
   JD: libs/bcprov-jdk15on.jar/org/bouncycastle/jcajce/provider/symmetric/PBEPBKDF1$AlgParams.class
   JD: libs/bcprov-jdk15on.jar/org/bouncycastle/jcajce/provider/symmetric/PBEPBKDF2$AlgParams.class
   JD: libs/bcprov-jdk15on.jar/org/bouncycastle/jcajce/provider/symmetric/PBEPKCS12$AlgParams.class
   JD: libs/bcprov-jdk15on.jar/org/bouncycastle/jcajce/provider/symmetric/RC2$AlgParams.class
   JD: libs/bcprov-jdk15on.jar/org/bouncycastle/jcajce/provider/symmetric/util/BaseBlockCipher.class
   JD: libs/bcprov-jdk15on.jar/org/bouncycastle/jcajce/provider/symmetric/util/BaseStreamCipher.class
   JD: libs/bcprov-jdk15on.jar/org/bouncycastle/jcajce/provider/symmetric/util/BaseWrapCipher.class
   JD: libs/bcprov-jdk15on.jar/org/bouncycastle/jcajce/provider/symmetric/util/SpecUtil.class
   JD: libs/bcprov-jdk15on.jar/org/bouncycastle/jcajce/spec/CompositeAlgorithmSpec$Builder.class
   JD: libs/bcprov-jdk15on.jar/org/bouncycastle/jcajce/spec/CompositeAlgorithmSpec.class
   JD: libs/bcprov-jdk15on.jar/org/bouncycastle/jce/ECGOST3410NamedCurveTable.class
   JD: libs/bcprov-jdk15on.jar/org/bouncycastle/jce/provider/BouncyCastleProvider.class
   JD: libs/bcprov-jdk15on.jar/org/bouncycastle/jce/provider/CertPathValidatorUtilities.class
   JD: libs/bcprov-jdk15on.jar/org/bouncycastle/jce/provider/OcspCache.class
   JD: libs/bcprov-jdk15on.jar/org/bouncycastle/jce/provider/PKIXAttrCertPathBuilderSpi.class
   JD: libs/bcprov-jdk15on.jar/org/bouncycastle/jce/provider/PKIXAttrCertPathValidatorSpi.class
   JD: libs/bcprov-jdk15on.jar/org/bouncycastle/jce/provider/PKIXCRLUtil.class
   JD: libs/bcprov-jdk15on.jar/org/bouncycastle/jce/provider/PKIXCertPathValidatorSpi.class
   JD: libs/bcprov-jdk15on.jar/org/bouncycastle/jce/provider/PKIXCertPathValidatorSpi_8.class
   JD: libs/bcprov-jdk15on.jar/org/bouncycastle/jce/provider/ProvCrlRevocationChecker.class
   JD: libs/bcprov-jdk15on.jar/org/bouncycastle/jce/provider/ProvOcspRevocationChecker.class
   JD: libs/bcprov-jdk15on.jar/org/bouncycastle/jce/provider/ProvRevocationChecker.class
   JD: libs/bcprov-jdk15on.jar/org/bouncycastle/jce/provider/RFC3280CertPathUtilities.class
   JD: libs/bcprov-jdk15on.jar/org/bouncycastle/jce/provider/RFC3281CertPathUtilities.class
   JD: libs/bcprov-jdk15on.jar/org/bouncycastle/jce/provider/WrappedRevocationChecker.class
   JD: libs/bcprov-jdk15on.jar/org/bouncycastle/math/ec/DoubleAddMultiplier.class.removed
   JD: libs/bcprov-jdk15on.jar/org/bouncycastle/math/ec/ECCurve$Fp.class
   JD: libs/bcprov-jdk15on.jar/org/bouncycastle/math/ec/ECCurve.class
   JD: libs/bcprov-jdk15on.jar/org/bouncycastle/math/ec/ECFieldElement$F2m.class
   JD: libs/bcprov-jdk15on.jar/org/bouncycastle/math/ec/ECFieldElement$Fp.class
   JD: libs/bcprov-jdk15on.jar/org/bouncycastle/math/ec/MixedNafR2LMultiplier.class.removed
   JD: libs/bcprov-jdk15on.jar/org/bouncycastle/math/ec/MontgomeryLadderMultiplier.class.removed
   JD: libs/bcprov-jdk15on.jar/org/bouncycastle/math/ec/NafL2RMultiplier.class.removed
   JD: libs/bcprov-jdk15on.jar/org/bouncycastle/math/ec/NafR2LMultiplier.class.removed
   JD: libs/bcprov-jdk15on.jar/org/bouncycastle/math/ec/ReferenceMultiplier.class.removed
   JD: libs/bcprov-jdk15on.jar/org/bouncycastle/math/ec/WNafUtil$2.class
   JD: libs/bcprov-jdk15on.jar/org/bouncycastle/math/ec/WNafUtil$3.class
   JD: libs/bcprov-jdk15on.jar/org/bouncycastle/math/ec/WNafUtil$4.class.removed
   JD: libs/bcprov-jdk15on.jar/org/bouncycastle/math/ec/WNafUtil.class
   JD: libs/bcprov-jdk15on.jar/org/bouncycastle/math/ec/ZSignedDigitL2RMultiplier.class.removed
   JD: libs/bcprov-jdk15on.jar/org/bouncycastle/math/ec/ZSignedDigitR2LMultiplier.class.removed
   JD: libs/bcprov-jdk15on.jar/org/bouncycastle/math/ec/custom/djb/Curve25519.class
   JD: libs/bcprov-jdk15on.jar/org/bouncycastle/math/ec/custom/djb/Curve25519Field.class
   JD: libs/bcprov-jdk15on.jar/org/bouncycastle/math/ec/custom/djb/Curve25519FieldElement.class
   JD: libs/bcprov-jdk15on.jar/org/bouncycastle/math/ec/custom/gm/SM2P256V1Curve.class
   JD: libs/bcprov-jdk15on.jar/org/bouncycastle/math/ec/custom/gm/SM2P256V1Field.class
   JD: libs/bcprov-jdk15on.jar/org/bouncycastle/math/ec/custom/gm/SM2P256V1FieldElement.class
   JD: libs/bcprov-jdk15on.jar/org/bouncycastle/math/ec/custom/sec/SecP128R1Curve.class
   JD: libs/bcprov-jdk15on.jar/org/bouncycastle/math/ec/custom/sec/SecP128R1Field.class
   JD: libs/bcprov-jdk15on.jar/org/bouncycastle/math/ec/custom/sec/SecP128R1FieldElement.class
   JD: libs/bcprov-jdk15on.jar/org/bouncycastle/math/ec/custom/sec/SecP160K1Curve.class
   JD: libs/bcprov-jdk15on.jar/org/bouncycastle/math/ec/custom/sec/SecP160R1Curve.class
   JD: libs/bcprov-jdk15on.jar/org/bouncycastle/math/ec/custom/sec/SecP160R1Field.class
   JD: libs/bcprov-jdk15on.jar/org/bouncycastle/math/ec/custom/sec/SecP160R1FieldElement.class
   JD: libs/bcprov-jdk15on.jar/org/bouncycastle/math/ec/custom/sec/SecP160R2Curve.class
   JD: libs/bcprov-jdk15on.jar/org/bouncycastle/math/ec/custom/sec/SecP160R2Field.class
   JD: libs/bcprov-jdk15on.jar/org/bouncycastle/math/ec/custom/sec/SecP160R2FieldElement.class
   JD: libs/bcprov-jdk15on.jar/org/bouncycastle/math/ec/custom/sec/SecP192K1Curve.class
   JD: libs/bcprov-jdk15on.jar/org/bouncycastle/math/ec/custom/sec/SecP192K1Field.class
   JD: libs/bcprov-jdk15on.jar/org/bouncycastle/math/ec/custom/sec/SecP192K1FieldElement.class
   JD: libs/bcprov-jdk15on.jar/org/bouncycastle/math/ec/custom/sec/SecP192R1Curve.class
   JD: libs/bcprov-jdk15on.jar/org/bouncycastle/math/ec/custom/sec/SecP192R1Field.class
   JD: libs/bcprov-jdk15on.jar/org/bouncycastle/math/ec/custom/sec/SecP192R1FieldElement.class
   JD: libs/bcprov-jdk15on.jar/org/bouncycastle/math/ec/custom/sec/SecP224K1Curve.class
   JD: libs/bcprov-jdk15on.jar/org/bouncycastle/math/ec/custom/sec/SecP224K1Field.class
   JD: libs/bcprov-jdk15on.jar/org/bouncycastle/math/ec/custom/sec/SecP224K1FieldElement.class
   JD: libs/bcprov-jdk15on.jar/org/bouncycastle/math/ec/custom/sec/SecP224R1Curve.class
   JD: libs/bcprov-jdk15on.jar/org/bouncycastle/math/ec/custom/sec/SecP224R1Field.class
   JD: libs/bcprov-jdk15on.jar/org/bouncycastle/math/ec/custom/sec/SecP224R1FieldElement.class
   JD: libs/bcprov-jdk15on.jar/org/bouncycastle/math/ec/custom/sec/SecP256K1Field.class
   JD: libs/bcprov-jdk15on.jar/org/bouncycastle/math/ec/custom/sec/SecP256R1Field.class
   JD: libs/bcprov-jdk15on.jar/org/bouncycastle/math/ec/custom/sec/SecP384R1Field.class
   JD: libs/bcprov-jdk15on.jar/org/bouncycastle/math/ec/custom/sec/SecP521R1Field.class
   JD: libs/bcprov-jdk15on.jar/org/bouncycastle/math/ec/custom/sec/SecT113Field.class
   JD: libs/bcprov-jdk15on.jar/org/bouncycastle/math/ec/custom/sec/SecT131Field.class
   JD: libs/bcprov-jdk15on.jar/org/bouncycastle/math/ec/custom/sec/SecT163Field.class
   JD: libs/bcprov-jdk15on.jar/org/bouncycastle/math/ec/custom/sec/SecT193Field.class
   JD: libs/bcprov-jdk15on.jar/org/bouncycastle/math/ec/custom/sec/SecT233Field.class
   JD: libs/bcprov-jdk15on.jar/org/bouncycastle/math/ec/custom/sec/SecT239Field.class
   JD: libs/bcprov-jdk15on.jar/org/bouncycastle/math/ec/custom/sec/SecT283Field.class
   JD: libs/bcprov-jdk15on.jar/org/bouncycastle/math/ec/custom/sec/SecT409Field.class
   JD: libs/bcprov-jdk15on.jar/org/bouncycastle/math/ec/custom/sec/SecT571Field.class
   JD: libs/bcprov-jdk15on.jar/org/bouncycastle/math/ec/rfc7748/X25519$F.class
   JD: libs/bcprov-jdk15on.jar/org/bouncycastle/math/ec/rfc7748/X25519.class
   JD: libs/bcprov-jdk15on.jar/org/bouncycastle/math/ec/rfc7748/X25519Field.class
   JD: libs/bcprov-jdk15on.jar/org/bouncycastle/math/ec/rfc7748/X448$F.class
   JD: libs/bcprov-jdk15on.jar/org/bouncycastle/math/ec/rfc7748/X448.class
   JD: libs/bcprov-jdk15on.jar/org/bouncycastle/math/ec/rfc7748/X448Field.class
   JD: libs/bcprov-jdk15on.jar/org/bouncycastle/math/ec/rfc8032/Ed25519$F.class
   JD: libs/bcprov-jdk15on.jar/org/bouncycastle/math/ec/rfc8032/Ed25519$PointAccum.class
   JD: libs/bcprov-jdk15on.jar/org/bouncycastle/math/ec/rfc8032/Ed25519$PointAffine.class
   JD: libs/bcprov-jdk15on.jar/org/bouncycastle/math/ec/rfc8032/Ed25519$PointExt.class
   JD: libs/bcprov-jdk15on.jar/org/bouncycastle/math/ec/rfc8032/Ed25519$PointPrecomp.class
   JD: libs/bcprov-jdk15on.jar/org/bouncycastle/math/ec/rfc8032/Ed25519.class
   JD: libs/bcprov-jdk15on.jar/org/bouncycastle/math/ec/rfc8032/Ed448$F.class
   JD: libs/bcprov-jdk15on.jar/org/bouncycastle/math/ec/rfc8032/Ed448$PointExt.class
   JD: libs/bcprov-jdk15on.jar/org/bouncycastle/math/ec/rfc8032/Ed448$PointPrecomp.class
   JD: libs/bcprov-jdk15on.jar/org/bouncycastle/math/ec/rfc8032/Ed448.class
   JD: libs/bcprov-jdk15on.jar/org/bouncycastle/math/field/FiniteFields.class
   JD: libs/bcprov-jdk15on.jar/org/bouncycastle/math/raw/Bits.class
   JD: libs/bcprov-jdk15on.jar/org/bouncycastle/math/raw/Interleave.class
   JD: libs/bcprov-jdk15on.jar/org/bouncycastle/math/raw/Mod.class
   JD: libs/bcprov-jdk15on.jar/org/bouncycastle/math/raw/Nat.class
   JD: libs/bcprov-jdk15on.jar/org/bouncycastle/math/raw/Nat128.class
   JD: libs/bcprov-jdk15on.jar/org/bouncycastle/math/raw/Nat160.class
   JD: libs/bcprov-jdk15on.jar/org/bouncycastle/math/raw/Nat192.class
   JD: libs/bcprov-jdk15on.jar/org/bouncycastle/math/raw/Nat224.class
   JD: libs/bcprov-jdk15on.jar/org/bouncycastle/math/raw/Nat256.class
   JD: libs/bcprov-jdk15on.jar/org/bouncycastle/math/raw/Nat320.class
   JD: libs/bcprov-jdk15on.jar/org/bouncycastle/math/raw/Nat448.class
   JD: libs/bcprov-jdk15on.jar/org/bouncycastle/math/raw/Nat576.class
   JD: libs/bcprov-jdk15on.jar/org/bouncycastle/pqc/crypto/gmss/Treehash.class
   JD: libs/bcprov-jdk15on.jar/org/bouncycastle/pqc/crypto/lms/LMS.class
   JD: libs/bcprov-jdk15on.jar/org/bouncycastle/pqc/crypto/lms/LMSPublicKeyParameters.class
   JD: libs/bcprov-jdk15on.jar/org/bouncycastle/pqc/crypto/newhope/NHSecretKeyProcessor$1.class
   JD: libs/bcprov-jdk15on.jar/org/bouncycastle/pqc/crypto/newhope/NHSecretKeyProcessor$PartyUBuilder.class
   JD: libs/bcprov-jdk15on.jar/org/bouncycastle/pqc/crypto/newhope/NHSecretKeyProcessor$PartyVBuilder.class
   JD: libs/bcprov-jdk15on.jar/org/bouncycastle/pqc/crypto/newhope/NHSecretKeyProcessor.class
   JD: libs/bcprov-jdk15on.jar/org/bouncycastle/pqc/crypto/xmss/XMSSPublicKeyParameters.class
   JD: libs/bcprov-jdk15on.jar/org/bouncycastle/pqc/jcajce/provider/BouncyCastlePQCProvider.class
   JD: libs/bcprov-jdk15on.jar/org/bouncycastle/pqc/jcajce/provider/mceliece/McEliecePKCSCipherSpi.class
   JD: libs/bcprov-jdk15on.jar/org/bouncycastle/pqc/math/linearalgebra/IntegerFunctions.class
   JD: libs/bcprov-jdk15on.jar/org/bouncycastle/util/Arrays.class
   JD: libs/bcprov-jdk15on.jar/org/bouncycastle/util/BigIntegers.class
   JD: libs/bcprov-jdk15on.jar/org/bouncycastle/util/Doubles.class
   JD: libs/bcprov-jdk15on.jar/org/bouncycastle/util/Integers.class
   JD: libs/bcprov-jdk15on.jar/org/bouncycastle/util/Longs.class
   JD: libs/bcprov-jdk15on.jar/org/bouncycastle/util/Pack.class
   JD: libs/bcprov-jdk15on.jar/org/bouncycastle/util/Properties.class
   JD: libs/bcprov-jdk15on.jar/org/bouncycastle/util/encoders/HexEncoder.class
   JD: libs/bcprov-jdk15on.jar/org/bouncycastle/x509/CertPathReviewerException.class
   JD: libs/bcprov-jdk15on.jar/org/bouncycastle/x509/CertPathReviewerMessages.properties
   JD: libs/bcprov-jdk15on.jar/org/bouncycastle/x509/CertPathReviewerMessages_de.properties
   JD: libs/bcprov-jdk15on.jar/org/bouncycastle/x509/CertPathValidatorUtilities.class
   JD: libs/bcprov-jdk15on.jar/org/bouncycastle/x509/PKIXCRLUtil.class
   JD: libs/bcprov-jdk15on.jar/org/bouncycastle/x509/PKIXCertPathReviewer.class
   JD: libs/bctls-jdk15on.jar/META-INF/BC1024KE.DSA
   JD: libs/bctls-jdk15on.jar/META-INF/BC1024KE.SF
   JD: libs/bctls-jdk15on.jar/META-INF/BC2048KE.DSA
   JD: libs/bctls-jdk15on.jar/META-INF/BC2048KE.SF
   JD: libs/bctls-jdk15on.jar/META-INF/MANIFEST.MF
   JD: libs/bctls-jdk15on.jar/META-INF/versions/9/org/bouncycastle/jsse/BCSSLSocket.class
   JD: libs/bctls-jdk15on.jar/META-INF/versions/9/org/bouncycastle/jsse/BCX509ExtendedKeyManager.class
   JD: libs/bctls-jdk15on.jar/META-INF/versions/9/org/bouncycastle/jsse/BCX509Key.class
   JD: libs/bctls-jdk15on.jar/META-INF/versions/9/org/bouncycastle/jsse/provider/BouncyCastleJsseProvider$1.class
   JD: libs/bctls-jdk15on.jar/META-INF/versions/9/org/bouncycastle/jsse/provider/BouncyCastleJsseProvider$2.class
   JD: libs/bctls-jdk15on.jar/META-INF/versions/9/org/bouncycastle/jsse/provider/BouncyCastleJsseProvider$3.class
   JD: libs/bctls-jdk15on.jar/META-INF/versions/9/org/bouncycastle/jsse/provider/BouncyCastleJsseProvider$4.class
   JD: libs/bctls-jdk15on.jar/META-INF/versions/9/org/bouncycastle/jsse/provider/BouncyCastleJsseProvider$5.class
   JD: libs/bctls-jdk15on.jar/META-INF/versions/9/org/bouncycastle/jsse/provider/BouncyCastleJsseProvider$6.class
   JD: libs/bctls-jdk15on.jar/META-INF/versions/9/org/bouncycastle/jsse/provider/BouncyCastleJsseProvider$7.class
   JD: libs/bctls-jdk15on.jar/META-INF/versions/9/org/bouncycastle/jsse/provider/BouncyCastleJsseProvider$8.class
   JD: libs/bctls-jdk15on.jar/META-INF/versions/9/org/bouncycastle/jsse/provider/BouncyCastleJsseProvider$BcJsseService.class
   JD: libs/bctls-jdk15on.jar/META-INF/versions/9/org/bouncycastle/jsse/provider/BouncyCastleJsseProvider.class
   JD: libs/bctls-jdk15on.jar/META-INF/versions/9/org/bouncycastle/jsse/provider/ContextData.class
   JD: libs/bctls-jdk15on.jar/META-INF/versions/9/org/bouncycastle/jsse/provider/DummyX509KeyManager.class
   JD: libs/bctls-jdk15on.jar/META-INF/versions/9/org/bouncycastle/jsse/provider/ImportX509KeyManager.class
   JD: libs/bctls-jdk15on.jar/META-INF/versions/9/org/bouncycastle/jsse/provider/ImportX509KeyManager_4.class
   JD: libs/bctls-jdk15on.jar/META-INF/versions/9/org/bouncycastle/jsse/provider/ImportX509KeyManager_5.class
   JD: libs/bctls-jdk15on.jar/META-INF/versions/9/org/bouncycastle/jsse/provider/ImportX509TrustManager_5.class
   JD: libs/bctls-jdk15on.jar/META-INF/versions/9/org/bouncycastle/jsse/provider/JsseSessionParameters.class
   JD: libs/bctls-jdk15on.jar/META-INF/versions/9/org/bouncycastle/jsse/provider/JsseUtils$BCUnknownServerName.class
   JD: libs/bctls-jdk15on.jar/META-INF/versions/9/org/bouncycastle/jsse/provider/JsseUtils.class
   JD: libs/bctls-jdk15on.jar/META-INF/versions/9/org/bouncycastle/jsse/provider/NamedGroupInfo$All.class
   JD: libs/bctls-jdk15on.jar/META-INF/versions/9/org/bouncycastle/jsse/provider/NamedGroupInfo$PerConnection.class
   JD: libs/bctls-jdk15on.jar/META-INF/versions/9/org/bouncycastle/jsse/provider/NamedGroupInfo$PerContext.class
   JD: libs/bctls-jdk15on.jar/META-INF/versions/9/org/bouncycastle/jsse/provider/NamedGroupInfo.class
   JD: libs/bctls-jdk15on.jar/META-INF/versions/9/org/bouncycastle/jsse/provider/PropertyUtils.class
   JD: libs/bctls-jdk15on.jar/META-INF/versions/9/org/bouncycastle/jsse/provider/ProvAlgorithmChecker.class
   JD: libs/bctls-jdk15on.jar/META-INF/versions/9/org/bouncycastle/jsse/provider/ProvKeyManagerFactorySpi.class
   JD: libs/bctls-jdk15on.jar/META-INF/versions/9/org/bouncycastle/jsse/provider/ProvSSLContextSpi$1.class
   JD: libs/bctls-jdk15on.jar/META-INF/versions/9/org/bouncycastle/jsse/provider/ProvSSLContextSpi.class
   JD: libs/bctls-jdk15on.jar/META-INF/versions/9/org/bouncycastle/jsse/provider/ProvSSLEngine.class
   JD: libs/bctls-jdk15on.jar/META-INF/versions/9/org/bouncycastle/jsse/provider/ProvSSLServerSocket.class
   JD: libs/bctls-jdk15on.jar/META-INF/versions/9/org/bouncycastle/jsse/provider/ProvSSLSession.class
   JD: libs/bctls-jdk15on.jar/META-INF/versions/9/org/bouncycastle/jsse/provider/ProvSSLSessionBase$1.class
   JD: libs/bctls-jdk15on.jar/META-INF/versions/9/org/bouncycastle/jsse/provider/ProvSSLSessionBase$X509CertificateWrapper.class
   JD: libs/bctls-jdk15on.jar/META-INF/versions/9/org/bouncycastle/jsse/provider/ProvSSLSessionBase.class
   JD: libs/bctls-jdk15on.jar/META-INF/versions/9/org/bouncycastle/jsse/provider/ProvSSLSessionContext$SessionEntry.class
   JD: libs/bctls-jdk15on.jar/META-INF/versions/9/org/bouncycastle/jsse/provider/ProvSSLSessionContext.class
   JD: libs/bctls-jdk15on.jar/META-INF/versions/9/org/bouncycastle/jsse/provider/ProvSSLSocketBase$1.class
   JD: libs/bctls-jdk15on.jar/META-INF/versions/9/org/bouncycastle/jsse/provider/ProvSSLSocketBase$2$1.class
   JD: libs/bctls-jdk15on.jar/META-INF/versions/9/org/bouncycastle/jsse/provider/ProvSSLSocketBase$2.class
   JD: libs/bctls-jdk15on.jar/META-INF/versions/9/org/bouncycastle/jsse/provider/ProvSSLSocketBase.class
   JD: libs/bctls-jdk15on.jar/META-INF/versions/9/org/bouncycastle/jsse/provider/ProvSSLSocketDirect$AppDataInput.class
   JD: libs/bctls-jdk15on.jar/META-INF/versions/9/org/bouncycastle/jsse/provider/ProvSSLSocketDirect$AppDataOutput.class
   JD: libs/bctls-jdk15on.jar/META-INF/versions/9/org/bouncycastle/jsse/provider/ProvSSLSocketDirect.class
   JD: libs/bctls-jdk15on.jar/META-INF/versions/9/org/bouncycastle/jsse/provider/ProvSSLSocketWrap$AppDataInput.class
   JD: libs/bctls-jdk15on.jar/META-INF/versions/9/org/bouncycastle/jsse/provider/ProvSSLSocketWrap$AppDataOutput.class
   JD: libs/bctls-jdk15on.jar/META-INF/versions/9/org/bouncycastle/jsse/provider/ProvSSLSocketWrap.class
   JD: libs/bctls-jdk15on.jar/META-INF/versions/9/org/bouncycastle/jsse/provider/ProvTlsClient$1.class
   JD: libs/bctls-jdk15on.jar/META-INF/versions/9/org/bouncycastle/jsse/provider/ProvTlsClient.class
   JD: libs/bctls-jdk15on.jar/META-INF/versions/9/org/bouncycastle/jsse/provider/ProvTlsManager.class
   JD: libs/bctls-jdk15on.jar/META-INF/versions/9/org/bouncycastle/jsse/provider/ProvTlsServer.class
   JD: libs/bctls-jdk15on.jar/META-INF/versions/9/org/bouncycastle/jsse/provider/ProvTrustManagerFactorySpi.class
   JD: libs/bctls-jdk15on.jar/META-INF/versions/9/org/bouncycastle/jsse/provider/ProvX509Key.class
   JD: libs/bctls-jdk15on.jar/META-INF/versions/9/org/bouncycastle/jsse/provider/ProvX509KeyManager$1.class
   JD: libs/bctls-jdk15on.jar/META-INF/versions/9/org/bouncycastle/jsse/provider/ProvX509KeyManager$Match$Quality.class
   JD: libs/bctls-jdk15on.jar/META-INF/versions/9/org/bouncycastle/jsse/provider/ProvX509KeyManager$Match.class
   JD: libs/bctls-jdk15on.jar/META-INF/versions/9/org/bouncycastle/jsse/provider/ProvX509KeyManager$PublicKeyFilter.class
   JD: libs/bctls-jdk15on.jar/META-INF/versions/9/org/bouncycastle/jsse/provider/ProvX509KeyManager.class
   JD: libs/bctls-jdk15on.jar/META-INF/versions/9/org/bouncycastle/jsse/provider/ProvX509KeyManagerSimple$Credential.class
   JD: libs/bctls-jdk15on.jar/META-INF/versions/9/org/bouncycastle/jsse/provider/ProvX509KeyManagerSimple$Match$Quality.class
   JD: libs/bctls-jdk15on.jar/META-INF/versions/9/org/bouncycastle/jsse/provider/ProvX509KeyManagerSimple$Match.class
   JD: libs/bctls-jdk15on.jar/META-INF/versions/9/org/bouncycastle/jsse/provider/ProvX509KeyManagerSimple$PublicKeyFilter.class
   JD: libs/bctls-jdk15on.jar/META-INF/versions/9/org/bouncycastle/jsse/provider/ProvX509KeyManagerSimple.class
   JD: libs/bctls-jdk15on.jar/META-INF/versions/9/org/bouncycastle/jsse/provider/ProvX509TrustManager$1.class
   JD: libs/bctls-jdk15on.jar/META-INF/versions/9/org/bouncycastle/jsse/provider/ProvX509TrustManager.class
   JD: libs/bctls-jdk15on.jar/META-INF/versions/9/org/bouncycastle/jsse/provider/X509KeyManagerUtil.class
   JD: libs/bctls-jdk15on.jar/META-INF/versions/9/org/bouncycastle/jsse/provider/X509TrustManagerUtil.class
   JD: libs/bctls-jdk15on.jar/META-INF/versions/9/org/bouncycastle/tls/AbstractTlsClient.class
   JD: libs/bctls-jdk15on.jar/META-INF/versions/9/org/bouncycastle/tls/AbstractTlsContext.class
   JD: libs/bctls-jdk15on.jar/META-INF/versions/9/org/bouncycastle/tls/AbstractTlsPeer.class
   JD: libs/bctls-jdk15on.jar/META-INF/versions/9/org/bouncycastle/tls/AbstractTlsServer.class
   JD: libs/bctls-jdk15on.jar/META-INF/versions/9/org/bouncycastle/tls/Certificate.class
   JD: libs/bctls-jdk15on.jar/META-INF/versions/9/org/bouncycastle/tls/CertificateRequest.class
   JD: libs/bctls-jdk15on.jar/META-INF/versions/9/org/bouncycastle/tls/ClientHello.class
   JD: libs/bctls-jdk15on.jar/META-INF/versions/9/org/bouncycastle/tls/ContentType.class
   JD: libs/bctls-jdk15on.jar/META-INF/versions/9/org/bouncycastle/tls/ExtensionType.class
   JD: libs/bctls-jdk15on.jar/META-INF/versions/9/org/bouncycastle/tls/HandshakeMessageOutput.class
   JD: libs/bctls-jdk15on.jar/META-INF/versions/9/org/bouncycastle/tls/HandshakeType.class
   JD: libs/bctls-jdk15on.jar/META-INF/versions/9/org/bouncycastle/tls/KeyUpdateRequest.class
   JD: libs/bctls-jdk15on.jar/META-INF/versions/9/org/bouncycastle/tls/ProtocolVersion.class
   JD: libs/bctls-jdk15on.jar/META-INF/versions/9/org/bouncycastle/tls/RecordPreview.class
   JD: libs/bctls-jdk15on.jar/META-INF/versions/9/org/bouncycastle/tls/RecordStream$Record.class
   JD: libs/bctls-jdk15on.jar/META-INF/versions/9/org/bouncycastle/tls/RecordStream$SequenceNumber.class
   JD: libs/bctls-jdk15on.jar/META-INF/versions/9/org/bouncycastle/tls/RecordStream.class
   JD: libs/bctls-jdk15on.jar/META-INF/versions/9/org/bouncycastle/tls/SecurityParameters.class
   JD: libs/bctls-jdk15on.jar/META-INF/versions/9/org/bouncycastle/tls/ServerHello.class
   JD: libs/bctls-jdk15on.jar/META-INF/versions/9/org/bouncycastle/tls/SignatureAndHashAlgorithm.class
   JD: libs/bctls-jdk15on.jar/META-INF/versions/9/org/bouncycastle/tls/TlsClientProtocol.class
   JD: libs/bctls-jdk15on.jar/META-INF/versions/9/org/bouncycastle/tls/TlsExtensionsUtils.class
   JD: libs/bctls-jdk15on.jar/META-INF/versions/9/org/bouncycastle/tls/TlsFatalAlert.class
   JD: libs/bctls-jdk15on.jar/META-INF/versions/9/org/bouncycastle/tls/TlsInputStream.class
   JD: libs/bctls-jdk15on.jar/META-INF/versions/9/org/bouncycastle/tls/TlsOutputStream.class
   JD: libs/bctls-jdk15on.jar/META-INF/versions/9/org/bouncycastle/tls/TlsPeer.class
   JD: libs/bctls-jdk15on.jar/META-INF/versions/9/org/bouncycastle/tls/TlsProtocol.class
   JD: libs/bctls-jdk15on.jar/META-INF/versions/9/org/bouncycastle/tls/TlsServer.class
   JD: libs/bctls-jdk15on.jar/META-INF/versions/9/org/bouncycastle/tls/TlsServerProtocol.class
   JD: libs/bctls-jdk15on.jar/META-INF/versions/9/org/bouncycastle/tls/TlsUtils.class
   JD: libs/bctls-jdk15on.jar/META-INF/versions/9/org/bouncycastle/tls/crypto/TlsCryptoParameters.class
   JD: libs/bctls-jdk15on.jar/META-INF/versions/9/org/bouncycastle/tls/crypto/impl/TlsAEADCipher.class
   JD: libs/bctls-jdk15on.jar/META-INF/versions/9/org/bouncycastle/tls/crypto/impl/jcajce/JcaTlsCertificate.class
   JD: libs/bctls-jdk15on.jar/META-INF/versions/9/org/bouncycastle/tls/crypto/impl/jcajce/JcaTlsCrypto$1.class
   JD: libs/bctls-jdk15on.jar/META-INF/versions/9/org/bouncycastle/tls/crypto/impl/jcajce/JcaTlsCrypto$2.class
   JD: libs/bctls-jdk15on.jar/META-INF/versions/9/org/bouncycastle/tls/crypto/impl/jcajce/JcaTlsCrypto$3.class
   JD: libs/bctls-jdk15on.jar/META-INF/versions/9/org/bouncycastle/tls/crypto/impl/jcajce/JcaTlsCrypto$4.class
   JD: libs/bctls-jdk15on.jar/META-INF/versions/9/org/bouncycastle/tls/crypto/impl/jcajce/JcaTlsCrypto.class
   JD: libs/bctls-jdk15on.jar/META-INF/versions/9/org/bouncycastle/tls/crypto/impl/jcajce/JcaTlsDSSSigner.class
   JD: libs/bctls-jdk15on.jar/META-INF/versions/9/org/bouncycastle/tls/crypto/impl/jcajce/JcaTlsDSSVerifier.class
   JD: libs/bctls-jdk15on.jar/META-INF/versions/9/org/bouncycastle/tls/crypto/impl/jcajce/JcaTlsEdDSASigner.class
   JD: libs/bctls-jdk15on.jar/META-INF/versions/9/org/bouncycastle/tls/crypto/impl/jcajce/JcaTlsEdDSAVerifier.class
   JD: libs/bctls-jdk15on.jar/META-INF/versions/9/org/bouncycastle/tls/crypto/impl/jcajce/JcaTlsRSAPSSSigner.class
   JD: libs/bctls-jdk15on.jar/META-INF/versions/9/org/bouncycastle/tls/crypto/impl/jcajce/JcaTlsRSAPSSVerifier.class
   JD: libs/bctls-jdk15on.jar/META-INF/versions/9/org/bouncycastle/tls/crypto/impl/jcajce/JcaTlsRSASigner.class
   JD: libs/bctls-jdk15on.jar/META-INF/versions/9/org/bouncycastle/tls/crypto/impl/jcajce/JcaTlsRSAVerifier.class
   JD: libs/bctls-jdk15on.jar/org/bouncycastle/jsse/BCSSLSocket.class
   JD: libs/bctls-jdk15on.jar/org/bouncycastle/jsse/BCX509ExtendedKeyManager.class
   JD: libs/bctls-jdk15on.jar/org/bouncycastle/jsse/BCX509Key.class
   JD: libs/bctls-jdk15on.jar/org/bouncycastle/jsse/provider/BouncyCastleJsseProvider$1.class
   JD: libs/bctls-jdk15on.jar/org/bouncycastle/jsse/provider/BouncyCastleJsseProvider$2.class
   JD: libs/bctls-jdk15on.jar/org/bouncycastle/jsse/provider/BouncyCastleJsseProvider$7.class
   JD: libs/bctls-jdk15on.jar/org/bouncycastle/jsse/provider/BouncyCastleJsseProvider.class
   JD: libs/bctls-jdk15on.jar/org/bouncycastle/jsse/provider/ContextData.class
   JD: libs/bctls-jdk15on.jar/org/bouncycastle/jsse/provider/DummyX509KeyManager.class
   JD: libs/bctls-jdk15on.jar/org/bouncycastle/jsse/provider/ImportX509KeyManager.class
   JD: libs/bctls-jdk15on.jar/org/bouncycastle/jsse/provider/ImportX509KeyManager_4.class
   JD: libs/bctls-jdk15on.jar/org/bouncycastle/jsse/provider/ImportX509KeyManager_5.class
   JD: libs/bctls-jdk15on.jar/org/bouncycastle/jsse/provider/ImportX509TrustManager_5.class
   JD: libs/bctls-jdk15on.jar/org/bouncycastle/jsse/provider/JsseSessionParameters.class
   JD: libs/bctls-jdk15on.jar/org/bouncycastle/jsse/provider/JsseUtils.class
   JD: libs/bctls-jdk15on.jar/org/bouncycastle/jsse/provider/NamedGroupInfo$All.class
   JD: libs/bctls-jdk15on.jar/org/bouncycastle/jsse/provider/NamedGroupInfo$PerConnection.class
   JD: libs/bctls-jdk15on.jar/org/bouncycastle/jsse/provider/NamedGroupInfo$PerContext.class
   JD: libs/bctls-jdk15on.jar/org/bouncycastle/jsse/provider/NamedGroupInfo.class
   JD: libs/bctls-jdk15on.jar/org/bouncycastle/jsse/provider/PropertyUtils.class
   JD: libs/bctls-jdk15on.jar/org/bouncycastle/jsse/provider/ProvAlgorithmChecker.class
   JD: libs/bctls-jdk15on.jar/org/bouncycastle/jsse/provider/ProvKeyManagerFactorySpi.class
   JD: libs/bctls-jdk15on.jar/org/bouncycastle/jsse/provider/ProvSSLContextSpi.class
   JD: libs/bctls-jdk15on.jar/org/bouncycastle/jsse/provider/ProvSSLEngine.class
   JD: libs/bctls-jdk15on.jar/org/bouncycastle/jsse/provider/ProvSSLServerSocket.class
   JD: libs/bctls-jdk15on.jar/org/bouncycastle/jsse/provider/ProvSSLSession.class
   JD: libs/bctls-jdk15on.jar/org/bouncycastle/jsse/provider/ProvSSLSessionBase$1.class
   JD: libs/bctls-jdk15on.jar/org/bouncycastle/jsse/provider/ProvSSLSessionBase$X509CertificateWrapper.class
   JD: libs/bctls-jdk15on.jar/org/bouncycastle/jsse/provider/ProvSSLSessionBase.class
   JD: libs/bctls-jdk15on.jar/org/bouncycastle/jsse/provider/ProvSSLSessionContext.class
   JD: libs/bctls-jdk15on.jar/org/bouncycastle/jsse/provider/ProvSSLSocketBase.class
   JD: libs/bctls-jdk15on.jar/org/bouncycastle/jsse/provider/ProvSSLSocketDirect$AppDataInput.class
   JD: libs/bctls-jdk15on.jar/org/bouncycastle/jsse/provider/ProvSSLSocketDirect$AppDataOutput.class
   JD: libs/bctls-jdk15on.jar/org/bouncycastle/jsse/provider/ProvSSLSocketDirect.class
   JD: libs/bctls-jdk15on.jar/org/bouncycastle/jsse/provider/ProvSSLSocketWrap$AppDataOutput.class
   JD: libs/bctls-jdk15on.jar/org/bouncycastle/jsse/provider/ProvSSLSocketWrap.class
   JD: libs/bctls-jdk15on.jar/org/bouncycastle/jsse/provider/ProvTlsClient$1.class
   JD: libs/bctls-jdk15on.jar/org/bouncycastle/jsse/provider/ProvTlsClient.class
   JD: libs/bctls-jdk15on.jar/org/bouncycastle/jsse/provider/ProvTlsManager.class
   JD: libs/bctls-jdk15on.jar/org/bouncycastle/jsse/provider/ProvTlsServer.class
   JD: libs/bctls-jdk15on.jar/org/bouncycastle/jsse/provider/ProvTrustManagerFactorySpi.class
   JD: libs/bctls-jdk15on.jar/org/bouncycastle/jsse/provider/ProvX509Key.class
   JD: libs/bctls-jdk15on.jar/org/bouncycastle/jsse/provider/ProvX509KeyManager$Match$Quality.class
   JD: libs/bctls-jdk15on.jar/org/bouncycastle/jsse/provider/ProvX509KeyManager$Match.class
   JD: libs/bctls-jdk15on.jar/org/bouncycastle/jsse/provider/ProvX509KeyManager.class
   JD: libs/bctls-jdk15on.jar/org/bouncycastle/jsse/provider/ProvX509KeyManagerSimple$Credential.class
   JD: libs/bctls-jdk15on.jar/org/bouncycastle/jsse/provider/ProvX509KeyManagerSimple$Match$Quality.class
   JD: libs/bctls-jdk15on.jar/org/bouncycastle/jsse/provider/ProvX509KeyManagerSimple$Match.class
   JD: libs/bctls-jdk15on.jar/org/bouncycastle/jsse/provider/ProvX509KeyManagerSimple$PublicKeyFilter.class
   JD: libs/bctls-jdk15on.jar/org/bouncycastle/jsse/provider/ProvX509KeyManagerSimple.class
   JD: libs/bctls-jdk15on.jar/org/bouncycastle/jsse/provider/ProvX509TrustManager$1.class
   JD: libs/bctls-jdk15on.jar/org/bouncycastle/jsse/provider/ProvX509TrustManager.class
   JD: libs/bctls-jdk15on.jar/org/bouncycastle/jsse/provider/X509KeyManagerUtil.class
   JD: libs/bctls-jdk15on.jar/org/bouncycastle/jsse/provider/X509TrustManagerUtil.class
   JD: libs/bctls-jdk15on.jar/org/bouncycastle/tls/AbstractTlsClient.class
   JD: libs/bctls-jdk15on.jar/org/bouncycastle/tls/AbstractTlsContext.class
   JD: libs/bctls-jdk15on.jar/org/bouncycastle/tls/AbstractTlsPeer.class
   JD: libs/bctls-jdk15on.jar/org/bouncycastle/tls/AbstractTlsServer.class
   JD: libs/bctls-jdk15on.jar/org/bouncycastle/tls/Certificate.class
   JD: libs/bctls-jdk15on.jar/org/bouncycastle/tls/CertificateRequest.class
   JD: libs/bctls-jdk15on.jar/org/bouncycastle/tls/ClientHello.class
   JD: libs/bctls-jdk15on.jar/org/bouncycastle/tls/ContentType.class
   JD: libs/bctls-jdk15on.jar/org/bouncycastle/tls/DTLSServerProtocol.class
   JD: libs/bctls-jdk15on.jar/org/bouncycastle/tls/ExtensionType.class
   JD: libs/bctls-jdk15on.jar/org/bouncycastle/tls/HandshakeMessageOutput.class
   JD: libs/bctls-jdk15on.jar/org/bouncycastle/tls/HandshakeType.class
   JD: libs/bctls-jdk15on.jar/org/bouncycastle/tls/PSKTlsClient.class
   JD: libs/bctls-jdk15on.jar/org/bouncycastle/tls/PSKTlsServer.class
   JD: libs/bctls-jdk15on.jar/org/bouncycastle/tls/ProtocolVersion.class
   JD: libs/bctls-jdk15on.jar/org/bouncycastle/tls/RecordPreview.class
   JD: libs/bctls-jdk15on.jar/org/bouncycastle/tls/RecordStream$SequenceNumber.class
   JD: libs/bctls-jdk15on.jar/org/bouncycastle/tls/RecordStream.class
   JD: libs/bctls-jdk15on.jar/org/bouncycastle/tls/SRPTlsClient.class
   JD: libs/bctls-jdk15on.jar/org/bouncycastle/tls/SRPTlsServer.class
   JD: libs/bctls-jdk15on.jar/org/bouncycastle/tls/SecurityParameters.class
   JD: libs/bctls-jdk15on.jar/org/bouncycastle/tls/ServerHello.class
   JD: libs/bctls-jdk15on.jar/org/bouncycastle/tls/SignatureAndHashAlgorithm.class
   JD: libs/bctls-jdk15on.jar/org/bouncycastle/tls/TlsClientProtocol.class
   JD: libs/bctls-jdk15on.jar/org/bouncycastle/tls/TlsFatalAlert.class
   JD: libs/bctls-jdk15on.jar/org/bouncycastle/tls/TlsInputStream.class
   JD: libs/bctls-jdk15on.jar/org/bouncycastle/tls/TlsOutputStream.class
   JD: libs/bctls-jdk15on.jar/org/bouncycastle/tls/TlsPeer.class
   JD: libs/bctls-jdk15on.jar/org/bouncycastle/tls/TlsProtocol.class
   JD: libs/bctls-jdk15on.jar/org/bouncycastle/tls/TlsServer.class
   JD: libs/bctls-jdk15on.jar/org/bouncycastle/tls/TlsServerProtocol.class
   JD: libs/bctls-jdk15on.jar/org/bouncycastle/tls/TlsUtils.class
   JD: libs/bctls-jdk15on.jar/org/bouncycastle/tls/crypto/TlsCryptoParameters.class
   JD: libs/bctls-jdk15on.jar/org/bouncycastle/tls/crypto/impl/TlsAEADCipher.class
   JD: libs/bctls-jdk15on.jar/org/bouncycastle/tls/crypto/impl/bc/BcTlsCertificate.class
   JD: libs/bctls-jdk15on.jar/org/bouncycastle/tls/crypto/impl/bc/BcTlsDSSSigner.class
   JD: libs/bctls-jdk15on.jar/org/bouncycastle/tls/crypto/impl/bc/BcTlsDSSVerifier.class
   JD: libs/bctls-jdk15on.jar/org/bouncycastle/tls/crypto/impl/bc/BcTlsEd25519Signer.class
   JD: libs/bctls-jdk15on.jar/org/bouncycastle/tls/crypto/impl/bc/BcTlsEd25519Verifier.class
   JD: libs/bctls-jdk15on.jar/org/bouncycastle/tls/crypto/impl/bc/BcTlsEd448Signer.class
   JD: libs/bctls-jdk15on.jar/org/bouncycastle/tls/crypto/impl/bc/BcTlsEd448Verifier.class
   JD: libs/bctls-jdk15on.jar/org/bouncycastle/tls/crypto/impl/bc/BcTlsRSAPSSSigner.class
   JD: libs/bctls-jdk15on.jar/org/bouncycastle/tls/crypto/impl/bc/BcTlsRSAPSSVerifier.class
   JD: libs/bctls-jdk15on.jar/org/bouncycastle/tls/crypto/impl/bc/BcTlsRSASigner.class
   JD: libs/bctls-jdk15on.jar/org/bouncycastle/tls/crypto/impl/bc/BcTlsRSAVerifier.class
   JD: libs/bctls-jdk15on.jar/org/bouncycastle/tls/crypto/impl/jcajce/JcaTlsCertificate.class
   JD: libs/bctls-jdk15on.jar/org/bouncycastle/tls/crypto/impl/jcajce/JcaTlsDSSSigner.class
   JD: libs/bctls-jdk15on.jar/org/bouncycastle/tls/crypto/impl/jcajce/JcaTlsDSSVerifier.class
   JD: libs/bctls-jdk15on.jar/org/bouncycastle/tls/crypto/impl/jcajce/JcaTlsEdDSASigner.class
   JD: libs/bctls-jdk15on.jar/org/bouncycastle/tls/crypto/impl/jcajce/JcaTlsEdDSAVerifier.class
   JD: libs/bctls-jdk15on.jar/org/bouncycastle/tls/crypto/impl/jcajce/JcaTlsRSAPSSSigner.class
   JD: libs/bctls-jdk15on.jar/org/bouncycastle/tls/crypto/impl/jcajce/JcaTlsRSAPSSVerifier.class
   JD: libs/bctls-jdk15on.jar/org/bouncycastle/tls/crypto/impl/jcajce/JcaTlsRSASigner.class
   JD: libs/bctls-jdk15on.jar/org/bouncycastle/tls/crypto/impl/jcajce/JcaTlsRSAVerifier.class
   JD: libs/cons.jar/org/jdownloader/container/JD2Import.class
   JD: libs/jna.jar/META-INF/AL2.0
   JD: libs/jna.jar/META-INF/LGPL2.1
   JD: libs/jna.jar/META-INF/LICENSE
   JD: libs/jna.jar/META-INF/MANIFEST.MF
   JD: libs/jna.jar/com/sun/jna/Callback.class
   JD: libs/jna.jar/com/sun/jna/CallbackParameterContext.class
   JD: libs/jna.jar/com/sun/jna/CallbackProxy.class
   JD: libs/jna.jar/com/sun/jna/CallbackReference$AttachOptions.class
   JD: libs/jna.jar/com/sun/jna/CallbackReference$DefaultCallbackProxy.class
   JD: libs/jna.jar/com/sun/jna/CallbackReference$NativeFunctionHandler.class
   JD: libs/jna.jar/com/sun/jna/CallbackReference.class
   JD: libs/jna.jar/com/sun/jna/CallbackResultContext.class
   JD: libs/jna.jar/com/sun/jna/CallbackThreadInitializer.class
   JD: libs/jna.jar/com/sun/jna/DefaultTypeMapper$Entry.class
   JD: libs/jna.jar/com/sun/jna/DefaultTypeMapper.class
   JD: libs/jna.jar/com/sun/jna/ELFAnalyser$1.class
   JD: libs/jna.jar/com/sun/jna/ELFAnalyser$ArmAeabiAttributesTag$ParameterType.class
   JD: libs/jna.jar/com/sun/jna/ELFAnalyser$ArmAeabiAttributesTag.class
   JD: libs/jna.jar/com/sun/jna/ELFAnalyser$ELFSectionHeaderEntry.class
   JD: libs/jna.jar/com/sun/jna/ELFAnalyser$ELFSectionHeaders.class
   JD: libs/jna.jar/com/sun/jna/ELFAnalyser.class
   JD: libs/jna.jar/com/sun/jna/FromNativeContext.class
   JD: libs/jna.jar/com/sun/jna/FromNativeConverter.class
   JD: libs/jna.jar/com/sun/jna/Function$NativeMappedArray.class
   JD: libs/jna.jar/com/sun/jna/Function$PointerArray.class
   JD: libs/jna.jar/com/sun/jna/Function.class
   JD: libs/jna.jar/com/sun/jna/FunctionParameterContext.class
   JD: libs/jna.jar/com/sun/jna/FunctionResultContext.class
   JD: libs/jna.jar/com/sun/jna/IntegerType.class
   JD: libs/jna.jar/com/sun/jna/JNIEnv.class
   JD: libs/jna.jar/com/sun/jna/Klass.class
   JD: libs/jna.jar/com/sun/jna/LastErrorException.class
   JD: libs/jna.jar/com/sun/jna/Library$1.class.removed
   JD: libs/jna.jar/com/sun/jna/Library$Handler$FunctionInfo.class
   JD: libs/jna.jar/com/sun/jna/Library$Handler.class
   JD: libs/jna.jar/com/sun/jna/Library.class
   JD: libs/jna.jar/com/sun/jna/Memory$SharedMemory.class
   JD: libs/jna.jar/com/sun/jna/Memory.class
   JD: libs/jna.jar/com/sun/jna/MethodParameterContext.class
   JD: libs/jna.jar/com/sun/jna/MethodResultContext.class
   JD: libs/jna.jar/com/sun/jna/Native$1.class
   JD: libs/jna.jar/com/sun/jna/Native$2.class
   JD: libs/jna.jar/com/sun/jna/Native$3.class
   JD: libs/jna.jar/com/sun/jna/Native$4.class
   JD: libs/jna.jar/com/sun/jna/Native$5.class
   JD: libs/jna.jar/com/sun/jna/Native$6.class
   JD: libs/jna.jar/com/sun/jna/Native$7.class
   JD: libs/jna.jar/com/sun/jna/Native$8.class.removed
   JD: libs/jna.jar/com/sun/jna/Native$AWT.class
   JD: libs/jna.jar/com/sun/jna/Native$Buffers.class
   JD: libs/jna.jar/com/sun/jna/Native.class
   JD: libs/jna.jar/com/sun/jna/NativeLibrary$1.class
   JD: libs/jna.jar/com/sun/jna/NativeLibrary$2.class
   JD: libs/jna.jar/com/sun/jna/NativeLibrary.class
   JD: libs/jna.jar/com/sun/jna/NativeLong.class
   JD: libs/jna.jar/com/sun/jna/NativeMapped.class
   JD: libs/jna.jar/com/sun/jna/NativeMappedConverter.class
   JD: libs/jna.jar/com/sun/jna/NativeString$StringMemory.class
   JD: libs/jna.jar/com/sun/jna/NativeString.class
   JD: libs/jna.jar/com/sun/jna/Platform.class
   JD: libs/jna.jar/com/sun/jna/Pointer$1.class
   JD: libs/jna.jar/com/sun/jna/Pointer$Opaque.class
   JD: libs/jna.jar/com/sun/jna/Pointer.class
   JD: libs/jna.jar/com/sun/jna/PointerType.class
   JD: libs/jna.jar/com/sun/jna/StringArray.class
   JD: libs/jna.jar/com/sun/jna/Structure$1.class
   JD: libs/jna.jar/com/sun/jna/Structure$2$StructureSet.class.removed
   JD: libs/jna.jar/com/sun/jna/Structure$2.class
   JD: libs/jna.jar/com/sun/jna/Structure$3.class
   JD: libs/jna.jar/com/sun/jna/Structure$AutoAllocated.class
   JD: libs/jna.jar/com/sun/jna/Structure$FFIType$FFITypes.class
   JD: libs/jna.jar/com/sun/jna/Structure$FFIType$size_t.class
   JD: libs/jna.jar/com/sun/jna/Structure$FFIType.class
   JD: libs/jna.jar/com/sun/jna/Structure$FieldOrder.class
   JD: libs/jna.jar/com/sun/jna/Structure$LayoutInfo.class
   JD: libs/jna.jar/com/sun/jna/Structure$StructField.class
   JD: libs/jna.jar/com/sun/jna/Structure$StructureSet.class
   JD: libs/jna.jar/com/sun/jna/Structure.class
   JD: libs/jna.jar/com/sun/jna/StructureReadContext.class
   JD: libs/jna.jar/com/sun/jna/StructureWriteContext.class
   JD: libs/jna.jar/com/sun/jna/ToNativeContext.class
   JD: libs/jna.jar/com/sun/jna/ToNativeConverter.class
   JD: libs/jna.jar/com/sun/jna/TypeMapper.class
   JD: libs/jna.jar/com/sun/jna/Union.class
   JD: libs/jna.jar/com/sun/jna/VarArgsChecker$1.class
   JD: libs/jna.jar/com/sun/jna/VarArgsChecker$NoVarArgsChecker.class
   JD: libs/jna.jar/com/sun/jna/VarArgsChecker$RealVarArgsChecker.class
   JD: libs/jna.jar/com/sun/jna/VarArgsChecker.class
   JD: libs/jna.jar/com/sun/jna/Version.class
   JD: libs/jna.jar/com/sun/jna/WString.class
   JD: libs/jna.jar/com/sun/jna/WeakIdentityHashMap$1.class.removed
   JD: libs/jna.jar/com/sun/jna/WeakIdentityHashMap$IdentityWeakReference.class.removed
   JD: libs/jna.jar/com/sun/jna/WeakIdentityHashMap.class.removed
   JD: libs/jna.jar/com/sun/jna/WeakMemoryHolder.class
   JD: libs/jna.jar/com/sun/jna/aix-ppc/
   JD: libs/jna.jar/com/sun/jna/aix-ppc/libjnidispatch.a
   JD: libs/jna.jar/com/sun/jna/aix-ppc64/
   JD: libs/jna.jar/com/sun/jna/aix-ppc64/libjnidispatch.a
   JD: libs/jna.jar/com/sun/jna/darwin/libjnidispatch.jnilib
   JD: libs/jna.jar/com/sun/jna/freebsd-x86-64/libjnidispatch.so
   JD: libs/jna.jar/com/sun/jna/freebsd-x86/libjnidispatch.so
   JD: libs/jna.jar/com/sun/jna/internal/
   JD: libs/jna.jar/com/sun/jna/internal/ReflectionUtils.class
   JD: libs/jna.jar/com/sun/jna/linux-aarch64/
   JD: libs/jna.jar/com/sun/jna/linux-aarch64/libjnidispatch.so
   JD: libs/jna.jar/com/sun/jna/linux-arm/libjnidispatch.so
   JD: libs/jna.jar/com/sun/jna/linux-armel/
   JD: libs/jna.jar/com/sun/jna/linux-armel/libjnidispatch.so
   JD: libs/jna.jar/com/sun/jna/linux-mips64el/
   JD: libs/jna.jar/com/sun/jna/linux-mips64el/libjnidispatch.so
   JD: libs/jna.jar/com/sun/jna/linux-ppc/
   JD: libs/jna.jar/com/sun/jna/linux-ppc/libjnidispatch.so
   JD: libs/jna.jar/com/sun/jna/linux-ppc64le/
   JD: libs/jna.jar/com/sun/jna/linux-ppc64le/libjnidispatch.so
   JD: libs/jna.jar/com/sun/jna/linux-s390x/
   JD: libs/jna.jar/com/sun/jna/linux-s390x/libjnidispatch.so
   JD: libs/jna.jar/com/sun/jna/linux-x86-64/libjnidispatch.so
   JD: libs/jna.jar/com/sun/jna/linux-x86/libjnidispatch.so
   JD: libs/jna.jar/com/sun/jna/openbsd-x86-64/libjnidispatch.so
   JD: libs/jna.jar/com/sun/jna/openbsd-x86/libjnidispatch.so
   JD: libs/jna.jar/com/sun/jna/ptr/ByReference.class
   JD: libs/jna.jar/com/sun/jna/ptr/ByteByReference.class
   JD: libs/jna.jar/com/sun/jna/ptr/DoubleByReference.class
   JD: libs/jna.jar/com/sun/jna/ptr/FloatByReference.class
   JD: libs/jna.jar/com/sun/jna/ptr/IntByReference.class
   JD: libs/jna.jar/com/sun/jna/ptr/LongByReference.class
   JD: libs/jna.jar/com/sun/jna/ptr/NativeLongByReference.class
   JD: libs/jna.jar/com/sun/jna/ptr/PointerByReference.class
   JD: libs/jna.jar/com/sun/jna/ptr/ShortByReference.class
   JD: libs/jna.jar/com/sun/jna/sunos-sparc/libjnidispatch.so
   JD: libs/jna.jar/com/sun/jna/sunos-sparcv9/libjnidispatch.so
   JD: libs/jna.jar/com/sun/jna/sunos-x86-64/libjnidispatch.so
   JD: libs/jna.jar/com/sun/jna/sunos-x86/libjnidispatch.so
   JD: libs/jna.jar/com/sun/jna/w32ce-arm.removed
   JD: libs/jna.jar/com/sun/jna/w32ce-arm/jnidispatch.dll.removed
   JD: libs/jna.jar/com/sun/jna/win32-x86-64/jnidispatch.dll
   JD: libs/jna.jar/com/sun/jna/win32-x86/jnidispatch.dll
   JD: libs/jna.jar/com/sun/jna/win32/StdCallFunctionMapper.class
   JD: libs/jna.jar/com/sun/jna/win32/StdCallLibrary.class
   JD: libs/jna.jar/com/sun/jna/win32/W32APIFunctionMapper.class
   JD: libs/jna.jar/com/sun/jna/win32/W32APIOptions$1.class
   JD: libs/jna.jar/com/sun/jna/win32/W32APIOptions$2.class
   JD: libs/jna.jar/com/sun/jna/win32/W32APIOptions.class
   JD: libs/jna.jar/com/sun/jna/win32/W32APITypeMapper$1.class
   JD: libs/jna.jar/com/sun/jna/win32/W32APITypeMapper$2.class
   JD: libs/jna.jar/com/sun/jna/win32/W32APITypeMapper.class
   JD: libs/jna_platform.jar/META-INF/AL2.0
   JD: libs/jna_platform.jar/META-INF/LGPL2.1
   JD: libs/jna_platform.jar/META-INF/LICENSE
   JD: libs/jna_platform.jar/META-INF/MANIFEST.MF
   JD: libs/jna_platform.jar/com/sun/jna/platform/DesktopWindow.class
   JD: libs/jna_platform.jar/com/sun/jna/platform/EnumConverter.class
   JD: libs/jna_platform.jar/com/sun/jna/platform/EnumUtils.class
   JD: libs/jna_platform.jar/com/sun/jna/platform/FileMonitor$FileEvent.class
   JD: libs/jna_platform.jar/com/sun/jna/platform/FileMonitor$Holder.class
   JD: libs/jna_platform.jar/com/sun/jna/platform/FileMonitor.class
   JD: libs/jna_platform.jar/com/sun/jna/platform/FileUtils$1.class
   JD: libs/jna_platform.jar/com/sun/jna/platform/FileUtils$DefaultFileUtils.class
   JD: libs/jna_platform.jar/com/sun/jna/platform/FileUtils$Holder.class
   JD: libs/jna_platform.jar/com/sun/jna/platform/FileUtils.class
   JD: libs/jna_platform.jar/com/sun/jna/platform/KeyboardUtils$1.class
   JD: libs/jna_platform.jar/com/sun/jna/platform/KeyboardUtils$MacKeyboardUtils.class
   JD: libs/jna_platform.jar/com/sun/jna/platform/KeyboardUtils$NativeKeyboardUtils.class
   JD: libs/jna_platform.jar/com/sun/jna/platform/KeyboardUtils$W32KeyboardUtils.class
   JD: libs/jna_platform.jar/com/sun/jna/platform/KeyboardUtils$X11KeyboardUtils.class
   JD: libs/jna_platform.jar/com/sun/jna/platform/KeyboardUtils.class
   JD: libs/jna_platform.jar/com/sun/jna/platform/RasterRangesUtils$1.class
   JD: libs/jna_platform.jar/com/sun/jna/platform/RasterRangesUtils.class
   JD: libs/jna_platform.jar/com/sun/jna/platform/WindowUtils$1.class
   JD: libs/jna_platform.jar/com/sun/jna/platform/WindowUtils$HeavyweightForcer.class
   JD: libs/jna_platform.jar/com/sun/jna/platform/WindowUtils$Holder.class
   JD: libs/jna_platform.jar/com/sun/jna/platform/WindowUtils$MacWindowUtils$1.class
   JD: libs/jna_platform.jar/com/sun/jna/platform/WindowUtils$MacWindowUtils$OSXMaskingContentPane.class
   JD: libs/jna_platform.jar/com/sun/jna/platform/WindowUtils$MacWindowUtils.class
   JD: libs/jna_platform.jar/com/sun/jna/platform/WindowUtils$NativeWindowUtils$1.class
   JD: libs/jna_platform.jar/com/sun/jna/platform/WindowUtils$NativeWindowUtils$2.class
   JD: libs/jna_platform.jar/com/sun/jna/platform/WindowUtils$NativeWindowUtils$3.class
   JD: libs/jna_platform.jar/com/sun/jna/platform/WindowUtils$NativeWindowUtils$TransparentContentPane.class
   JD: libs/jna_platform.jar/com/sun/jna/platform/WindowUtils$NativeWindowUtils.class
   JD: libs/jna_platform.jar/com/sun/jna/platform/WindowUtils$RepaintTrigger$Listener.class
   JD: libs/jna_platform.jar/com/sun/jna/platform/WindowUtils$RepaintTrigger.class
   JD: libs/jna_platform.jar/com/sun/jna/platform/WindowUtils$W32WindowUtils$1.class
   JD: libs/jna_platform.jar/com/sun/jna/platform/WindowUtils$W32WindowUtils$2.class
   JD: libs/jna_platform.jar/com/sun/jna/platform/WindowUtils$W32WindowUtils$3.class
   JD: libs/jna_platform.jar/com/sun/jna/platform/WindowUtils$W32WindowUtils$4.class
   JD: libs/jna_platform.jar/com/sun/jna/platform/WindowUtils$W32WindowUtils$5.class
   JD: libs/jna_platform.jar/com/sun/jna/platform/WindowUtils$W32WindowUtils$W32TransparentContentPane.class
   JD: libs/jna_platform.jar/com/sun/jna/platform/WindowUtils$W32WindowUtils.class
   JD: libs/jna_platform.jar/com/sun/jna/platform/WindowUtils$X11WindowUtils$1.class
   JD: libs/jna_platform.jar/com/sun/jna/platform/WindowUtils$X11WindowUtils$2.class
   JD: libs/jna_platform.jar/com/sun/jna/platform/WindowUtils$X11WindowUtils$3.class
   JD: libs/jna_platform.jar/com/sun/jna/platform/WindowUtils$X11WindowUtils$4.class
   JD: libs/jna_platform.jar/com/sun/jna/platform/WindowUtils$X11WindowUtils$5.class
   JD: libs/jna_platform.jar/com/sun/jna/platform/WindowUtils$X11WindowUtils$X11TransparentContentPane.class
   JD: libs/jna_platform.jar/com/sun/jna/platform/WindowUtils$X11WindowUtils.class
   JD: libs/jna_platform.jar/com/sun/jna/platform/WindowUtils.class
   JD: libs/jna_platform.jar/com/sun/jna/platform/dnd/DragHandler.class
   JD: libs/jna_platform.jar/com/sun/jna/platform/dnd/DropHandler.class
   JD: libs/jna_platform.jar/com/sun/jna/platform/dnd/GhostedDragImage$1.class
   JD: libs/jna_platform.jar/com/sun/jna/platform/dnd/GhostedDragImage$2.class
   JD: libs/jna_platform.jar/com/sun/jna/platform/dnd/GhostedDragImage$3.class
   JD: libs/jna_platform.jar/com/sun/jna/platform/dnd/GhostedDragImage.class
   JD: libs/jna_platform.jar/com/sun/jna/platform/linux/
   JD: libs/jna_platform.jar/com/sun/jna/platform/linux/ErrNo.class
   JD: libs/jna_platform.jar/com/sun/jna/platform/linux/Fcntl.class
   JD: libs/jna_platform.jar/com/sun/jna/platform/linux/LibC$Statvfs.class
   JD: libs/jna_platform.jar/com/sun/jna/platform/linux/LibC$Sysinfo.class
   JD: libs/jna_platform.jar/com/sun/jna/platform/linux/LibC.class
   JD: libs/jna_platform.jar/com/sun/jna/platform/linux/LibRT.class
   JD: libs/jna_platform.jar/com/sun/jna/platform/linux/Mman.class
   JD: libs/jna_platform.jar/com/sun/jna/platform/linux/Udev$UdevContext.class
   JD: libs/jna_platform.jar/com/sun/jna/platform/linux/Udev$UdevDevice.class
   JD: libs/jna_platform.jar/com/sun/jna/platform/linux/Udev$UdevEnumerate.class
   JD: libs/jna_platform.jar/com/sun/jna/platform/linux/Udev$UdevListEntry.class
   JD: libs/jna_platform.jar/com/sun/jna/platform/linux/Udev.class
   JD: libs/jna_platform.jar/com/sun/jna/platform/linux/XAttr$size_t.class
   JD: libs/jna_platform.jar/com/sun/jna/platform/linux/XAttr$ssize_t.class
   JD: libs/jna_platform.jar/com/sun/jna/platform/linux/XAttr.class
   JD: libs/jna_platform.jar/com/sun/jna/platform/linux/XAttrUtil.class
   JD: libs/jna_platform.jar/com/sun/jna/platform/linux/package.html
   JD: libs/jna_platform.jar/com/sun/jna/platform/mac/Carbon$EventHotKeyID$ByValue.class
   JD: libs/jna_platform.jar/com/sun/jna/platform/mac/Carbon$EventHotKeyID.class
   JD: libs/jna_platform.jar/com/sun/jna/platform/mac/Carbon$EventTypeSpec.class
   JD: libs/jna_platform.jar/com/sun/jna/platform/mac/Carbon.class
   JD: libs/jna_platform.jar/com/sun/jna/platform/mac/CoreFoundation$CFAllocatorRef.class
   JD: libs/jna_platform.jar/com/sun/jna/platform/mac/CoreFoundation$CFArrayRef.class
   JD: libs/jna_platform.jar/com/sun/jna/platform/mac/CoreFoundation$CFBooleanRef.class
   JD: libs/jna_platform.jar/com/sun/jna/platform/mac/CoreFoundation$CFDataRef.class
   JD: libs/jna_platform.jar/com/sun/jna/platform/mac/CoreFoundation$CFDictionaryRef.class
   JD: libs/jna_platform.jar/com/sun/jna/platform/mac/CoreFoundation$CFIndex.class
   JD: libs/jna_platform.jar/com/sun/jna/platform/mac/CoreFoundation$CFMutableDictionaryRef.class
   JD: libs/jna_platform.jar/com/sun/jna/platform/mac/CoreFoundation$CFNumberRef.class
   JD: libs/jna_platform.jar/com/sun/jna/platform/mac/CoreFoundation$CFNumberType.class
   JD: libs/jna_platform.jar/com/sun/jna/platform/mac/CoreFoundation$CFStringRef.class
   JD: libs/jna_platform.jar/com/sun/jna/platform/mac/CoreFoundation$CFTypeID.class
   JD: libs/jna_platform.jar/com/sun/jna/platform/mac/CoreFoundation$CFTypeRef.class
   JD: libs/jna_platform.jar/com/sun/jna/platform/mac/CoreFoundation.class
   JD: libs/jna_platform.jar/com/sun/jna/platform/mac/DiskArbitration$DADiskRef.class
   JD: libs/jna_platform.jar/com/sun/jna/platform/mac/DiskArbitration$DASessionRef.class
   JD: libs/jna_platform.jar/com/sun/jna/platform/mac/DiskArbitration.class
   JD: libs/jna_platform.jar/com/sun/jna/platform/mac/IOKit$IOConnect.class
   JD: libs/jna_platform.jar/com/sun/jna/platform/mac/IOKit$IOIterator.class
   JD: libs/jna_platform.jar/com/sun/jna/platform/mac/IOKit$IOObject.class
   JD: libs/jna_platform.jar/com/sun/jna/platform/mac/IOKit$IORegistryEntry.class
   JD: libs/jna_platform.jar/com/sun/jna/platform/mac/IOKit$IOService.class
   JD: libs/jna_platform.jar/com/sun/jna/platform/mac/IOKit.class
   JD: libs/jna_platform.jar/com/sun/jna/platform/mac/IOKitUtil.class
   JD: libs/jna_platform.jar/com/sun/jna/platform/mac/IOReturnException.class
   JD: libs/jna_platform.jar/com/sun/jna/platform/mac/MacFileUtils$FileManager$FSRef.class
   JD: libs/jna_platform.jar/com/sun/jna/platform/mac/MacFileUtils$FileManager.class
   JD: libs/jna_platform.jar/com/sun/jna/platform/mac/MacFileUtils.class
   JD: libs/jna_platform.jar/com/sun/jna/platform/mac/SystemB$Group.class
   JD: libs/jna_platform.jar/com/sun/jna/platform/mac/SystemB$HostCpuLoadInfo.class
   JD: libs/jna_platform.jar/com/sun/jna/platform/mac/SystemB$HostLoadInfo.class
   JD: libs/jna_platform.jar/com/sun/jna/platform/mac/SystemB$IFdata.class
   JD: libs/jna_platform.jar/com/sun/jna/platform/mac/SystemB$IFdata64.class
   JD: libs/jna_platform.jar/com/sun/jna/platform/mac/SystemB$IFmsgHdr.class
   JD: libs/jna_platform.jar/com/sun/jna/platform/mac/SystemB$IFmsgHdr2.class
   JD: libs/jna_platform.jar/com/sun/jna/platform/mac/SystemB$Passwd.class
   JD: libs/jna_platform.jar/com/sun/jna/platform/mac/SystemB$ProcBsdInfo.class
   JD: libs/jna_platform.jar/com/sun/jna/platform/mac/SystemB$ProcTaskAllInfo.class
   JD: libs/jna_platform.jar/com/sun/jna/platform/mac/SystemB$ProcTaskInfo.class
   JD: libs/jna_platform.jar/com/sun/jna/platform/mac/SystemB$RUsageInfoV2.class
   JD: libs/jna_platform.jar/com/sun/jna/platform/mac/SystemB$Statfs.class
   JD: libs/jna_platform.jar/com/sun/jna/platform/mac/SystemB$Timeval.class
   JD: libs/jna_platform.jar/com/sun/jna/platform/mac/SystemB$Timezone.class
   JD: libs/jna_platform.jar/com/sun/jna/platform/mac/SystemB$VMMeter.class
   JD: libs/jna_platform.jar/com/sun/jna/platform/mac/SystemB$VMStatistics.class
   JD: libs/jna_platform.jar/com/sun/jna/platform/mac/SystemB$VMStatistics64.class
   JD: libs/jna_platform.jar/com/sun/jna/platform/mac/SystemB$VnodeInfoPath.class
   JD: libs/jna_platform.jar/com/sun/jna/platform/mac/SystemB$VnodePathInfo.class
   JD: libs/jna_platform.jar/com/sun/jna/platform/mac/SystemB$XswUsage.class
   JD: libs/jna_platform.jar/com/sun/jna/platform/mac/SystemB.class
   JD: libs/jna_platform.jar/com/sun/jna/platform/mac/XAttr.class
   JD: libs/jna_platform.jar/com/sun/jna/platform/mac/XAttrUtil.class
   JD: libs/jna_platform.jar/com/sun/jna/platform/unix/LibC.class
   JD: libs/jna_platform.jar/com/sun/jna/platform/unix/LibCAPI$size_t.class
   JD: libs/jna_platform.jar/com/sun/jna/platform/unix/LibCAPI$ssize_t.class
   JD: libs/jna_platform.jar/com/sun/jna/platform/unix/LibCAPI.class
   JD: libs/jna_platform.jar/com/sun/jna/platform/unix/LibCUtil.class
   JD: libs/jna_platform.jar/com/sun/jna/platform/unix/Reboot.class
   JD: libs/jna_platform.jar/com/sun/jna/platform/unix/Resource$Rlimit.class
   JD: libs/jna_platform.jar/com/sun/jna/platform/unix/Resource.class
   JD: libs/jna_platform.jar/com/sun/jna/platform/unix/X11$Atom.class
   JD: libs/jna_platform.jar/com/sun/jna/platform/unix/X11$AtomByReference.class
   JD: libs/jna_platform.jar/com/sun/jna/platform/unix/X11$Colormap.class
   JD: libs/jna_platform.jar/com/sun/jna/platform/unix/X11$Cursor.class
   JD: libs/jna_platform.jar/com/sun/jna/platform/unix/X11$Display.class
   JD: libs/jna_platform.jar/com/sun/jna/platform/unix/X11$Drawable.class
   JD: libs/jna_platform.jar/com/sun/jna/platform/unix/X11$Font.class
   JD: libs/jna_platform.jar/com/sun/jna/platform/unix/X11$GC.class
   JD: libs/jna_platform.jar/com/sun/jna/platform/unix/X11$KeySym.class
   JD: libs/jna_platform.jar/com/sun/jna/platform/unix/X11$Pixmap.class
   JD: libs/jna_platform.jar/com/sun/jna/platform/unix/X11$Screen.class
   JD: libs/jna_platform.jar/com/sun/jna/platform/unix/X11$Visual.class
   JD: libs/jna_platform.jar/com/sun/jna/platform/unix/X11$VisualID.class
   JD: libs/jna_platform.jar/com/sun/jna/platform/unix/X11$Window.class
   JD: libs/jna_platform.jar/com/sun/jna/platform/unix/X11$WindowByReference.class
   JD: libs/jna_platform.jar/com/sun/jna/platform/unix/X11$XAnyEvent.class
   JD: libs/jna_platform.jar/com/sun/jna/platform/unix/X11$XButtonEvent.class
   JD: libs/jna_platform.jar/com/sun/jna/platform/unix/X11$XButtonPressedEvent.class
   JD: libs/jna_platform.jar/com/sun/jna/platform/unix/X11$XButtonReleasedEvent.class
   JD: libs/jna_platform.jar/com/sun/jna/platform/unix/X11$XCirculateEvent.class
   JD: libs/jna_platform.jar/com/sun/jna/platform/unix/X11$XCirculateRequestEvent.class
   JD: libs/jna_platform.jar/com/sun/jna/platform/unix/X11$XClientMessageEvent$Data.class
   JD: libs/jna_platform.jar/com/sun/jna/platform/unix/X11$XClientMessageEvent.class
   JD: libs/jna_platform.jar/com/sun/jna/platform/unix/X11$XColormapEvent.class
   JD: libs/jna_platform.jar/com/sun/jna/platform/unix/X11$XConfigureEvent.class
   JD: libs/jna_platform.jar/com/sun/jna/platform/unix/X11$XConfigureRequestEvent.class
   JD: libs/jna_platform.jar/com/sun/jna/platform/unix/X11$XCreateWindowEvent.class
   JD: libs/jna_platform.jar/com/sun/jna/platform/unix/X11$XCrossingEvent.class
   JD: libs/jna_platform.jar/com/sun/jna/platform/unix/X11$XDestroyWindowEvent.class
   JD: libs/jna_platform.jar/com/sun/jna/platform/unix/X11$XDeviceByReference.class
   JD: libs/jna_platform.jar/com/sun/jna/platform/unix/X11$XEnterWindowEvent.class
   JD: libs/jna_platform.jar/com/sun/jna/platform/unix/X11$XErrorEvent.class
   JD: libs/jna_platform.jar/com/sun/jna/platform/unix/X11$XEvent.class
   JD: libs/jna_platform.jar/com/sun/jna/platform/unix/X11$XExposeEvent.class
   JD: libs/jna_platform.jar/com/sun/jna/platform/unix/X11$XFocusChangeEvent.class
   JD: libs/jna_platform.jar/com/sun/jna/platform/unix/X11$XFocusInEvent.class
   JD: libs/jna_platform.jar/com/sun/jna/platform/unix/X11$XFocusOutEvent.class
   JD: libs/jna_platform.jar/com/sun/jna/platform/unix/X11$XGCValues.class
   JD: libs/jna_platform.jar/com/sun/jna/platform/unix/X11$XGraphicsExposeEvent.class
   JD: libs/jna_platform.jar/com/sun/jna/platform/unix/X11$XGravityEvent.class
   JD: libs/jna_platform.jar/com/sun/jna/platform/unix/X11$XID.class
   JD: libs/jna_platform.jar/com/sun/jna/platform/unix/X11$XImage.class
   JD: libs/jna_platform.jar/com/sun/jna/platform/unix/X11$XInputClassInfoByReference.class
   JD: libs/jna_platform.jar/com/sun/jna/platform/unix/X11$XKeyEvent.class
   JD: libs/jna_platform.jar/com/sun/jna/platform/unix/X11$XKeyboardControlRef.class
   JD: libs/jna_platform.jar/com/sun/jna/platform/unix/X11$XKeyboardStateRef.class
   JD: libs/jna_platform.jar/com/sun/jna/platform/unix/X11$XKeymapEvent.class
   JD: libs/jna_platform.jar/com/sun/jna/platform/unix/X11$XLeaveWindowEvent.class
   JD: libs/jna_platform.jar/com/sun/jna/platform/unix/X11$XMapEvent.class
   JD: libs/jna_platform.jar/com/sun/jna/platform/unix/X11$XMapRequestEvent.class
   JD: libs/jna_platform.jar/com/sun/jna/platform/unix/X11$XMappingEvent.class
   JD: libs/jna_platform.jar/com/sun/jna/platform/unix/X11$XModifierKeymapRef.class
   JD: libs/jna_platform.jar/com/sun/jna/platform/unix/X11$XMotionEvent.class
   JD: libs/jna_platform.jar/com/sun/jna/platform/unix/X11$XNoExposeEvent.class
   JD: libs/jna_platform.jar/com/sun/jna/platform/unix/X11$XPoint.class
   JD: libs/jna_platform.jar/com/sun/jna/platform/unix/X11$XPointerMovedEvent.class
   JD: libs/jna_platform.jar/com/sun/jna/platform/unix/X11$XPropertyEvent.class
   JD: libs/jna_platform.jar/com/sun/jna/platform/unix/X11$XRectangle.class
   JD: libs/jna_platform.jar/com/sun/jna/platform/unix/X11$XReparentEvent.class
   JD: libs/jna_platform.jar/com/sun/jna/platform/unix/X11$XResizeRequestEvent.class
   JD: libs/jna_platform.jar/com/sun/jna/platform/unix/X11$XSelectionClearEvent.class
   JD: libs/jna_platform.jar/com/sun/jna/platform/unix/X11$XSelectionEvent.class
   JD: libs/jna_platform.jar/com/sun/jna/platform/unix/X11$XSelectionRequestEvent.class
   JD: libs/jna_platform.jar/com/sun/jna/platform/unix/X11$XSetWindowAttributes.class
   JD: libs/jna_platform.jar/com/sun/jna/platform/unix/X11$XSizeHints$Aspect.class
   JD: libs/jna_platform.jar/com/sun/jna/platform/unix/X11$XSizeHints.class
   JD: libs/jna_platform.jar/com/sun/jna/platform/unix/X11$XTest.class
   JD: libs/jna_platform.jar/com/sun/jna/platform/unix/X11$XTextProperty.class
   JD: libs/jna_platform.jar/com/sun/jna/platform/unix/X11$XUnmapEvent.class
   JD: libs/jna_platform.jar/com/sun/jna/platform/unix/X11$XVisibilityEvent.class
   JD: libs/jna_platform.jar/com/sun/jna/platform/unix/X11$XVisualInfo.class
   JD: libs/jna_platform.jar/com/sun/jna/platform/unix/X11$XWMHints.class
   JD: libs/jna_platform.jar/com/sun/jna/platform/unix/X11$XWindowAttributes.class
   JD: libs/jna_platform.jar/com/sun/jna/platform/unix/X11$Xevie.class
   JD: libs/jna_platform.jar/com/sun/jna/platform/unix/X11$Xext.class
   JD: libs/jna_platform.jar/com/sun/jna/platform/unix/X11$Xrender$PictFormat.class
   JD: libs/jna_platform.jar/com/sun/jna/platform/unix/X11$Xrender$XRenderDirectFormat.class
   JD: libs/jna_platform.jar/com/sun/jna/platform/unix/X11$Xrender$XRenderPictFormat.class
   JD: libs/jna_platform.jar/com/sun/jna/platform/unix/X11$Xrender.class
   JD: libs/jna_platform.jar/com/sun/jna/platform/unix/X11.class
   JD: libs/jna_platform.jar/com/sun/jna/platform/unix/solaris/
   JD: libs/jna_platform.jar/com/sun/jna/platform/unix/solaris/LibKstat$Kstat.class
   JD: libs/jna_platform.jar/com/sun/jna/platform/unix/solaris/LibKstat$KstatCtl.class
   JD: libs/jna_platform.jar/com/sun/jna/platform/unix/solaris/LibKstat$KstatIO.class
   JD: libs/jna_platform.jar/com/sun/jna/platform/unix/solaris/LibKstat$KstatIntr.class
   JD: libs/jna_platform.jar/com/sun/jna/platform/unix/solaris/LibKstat$KstatNamed$UNION$STR.class
   JD: libs/jna_platform.jar/com/sun/jna/platform/unix/solaris/LibKstat$KstatNamed$UNION.class
   JD: libs/jna_platform.jar/com/sun/jna/platform/unix/solaris/LibKstat$KstatNamed.class
   JD: libs/jna_platform.jar/com/sun/jna/platform/unix/solaris/LibKstat$KstatTimer.class
   JD: libs/jna_platform.jar/com/sun/jna/platform/unix/solaris/LibKstat.class
   JD: libs/jna_platform.jar/com/sun/jna/platform/unix/solaris/package.html
   JD: libs/jna_platform.jar/com/sun/jna/platform/win32/AccCtrl$SE_OBJECT_TYPE.class
   JD: libs/jna_platform.jar/com/sun/jna/platform/win32/AccCtrl.class
   JD: libs/jna_platform.jar/com/sun/jna/platform/win32/Advapi32.class
   JD: libs/jna_platform.jar/com/sun/jna/platform/win32/Advapi32Util$1.class
   JD: libs/jna_platform.jar/com/sun/jna/platform/win32/Advapi32Util$2.class
   JD: libs/jna_platform.jar/com/sun/jna/platform/win32/Advapi32Util$AccessCheckPermission.class
   JD: libs/jna_platform.jar/com/sun/jna/platform/win32/Advapi32Util$Account.class
   JD: libs/jna_platform.jar/com/sun/jna/platform/win32/Advapi32Util$EnumKey.class
   JD: libs/jna_platform.jar/com/sun/jna/platform/win32/Advapi32Util$EventLogIterator.class
   JD: libs/jna_platform.jar/com/sun/jna/platform/win32/Advapi32Util$EventLogRecord.class
   JD: libs/jna_platform.jar/com/sun/jna/platform/win32/Advapi32Util$EventLogType.class
   JD: libs/jna_platform.jar/com/sun/jna/platform/win32/Advapi32Util$InfoKey.class
   JD: libs/jna_platform.jar/com/sun/jna/platform/win32/Advapi32Util$Privilege.class
   JD: libs/jna_platform.jar/com/sun/jna/platform/win32/Advapi32Util.class
   JD: libs/jna_platform.jar/com/sun/jna/platform/win32/BaseTSD$DWORD_PTR.class
   JD: libs/jna_platform.jar/com/sun/jna/platform/win32/BaseTSD$LONG_PTR.class
   JD: libs/jna_platform.jar/com/sun/jna/platform/win32/BaseTSD$SIZE_T.class
   JD: libs/jna_platform.jar/com/sun/jna/platform/win32/BaseTSD$SSIZE_T.class
   JD: libs/jna_platform.jar/com/sun/jna/platform/win32/BaseTSD$ULONG_PTR.class
   JD: libs/jna_platform.jar/com/sun/jna/platform/win32/BaseTSD$ULONG_PTRByReference.class
   JD: libs/jna_platform.jar/com/sun/jna/platform/win32/BaseTSD.class
   JD: libs/jna_platform.jar/com/sun/jna/platform/win32/COM/COMBindingBaseObject.class
   JD: libs/jna_platform.jar/com/sun/jna/platform/win32/COM/COMEarlyBindingObject.class
   JD: libs/jna_platform.jar/com/sun/jna/platform/win32/COM/COMException.class
   JD: libs/jna_platform.jar/com/sun/jna/platform/win32/COM/COMInvokeException.class
   JD: libs/jna_platform.jar/com/sun/jna/platform/win32/COM/COMInvoker.class
   JD: libs/jna_platform.jar/com/sun/jna/platform/win32/COM/COMLateBindingObject.class
   JD: libs/jna_platform.jar/com/sun/jna/platform/win32/COM/COMUtils$COMInfo.class
   JD: libs/jna_platform.jar/com/sun/jna/platform/win32/COM/COMUtils.class
   JD: libs/jna_platform.jar/com/sun/jna/platform/win32/COM/ConnectionPoint.class
   JD: libs/jna_platform.jar/com/sun/jna/platform/win32/COM/ConnectionPointContainer.class
   JD: libs/jna_platform.jar/com/sun/jna/platform/win32/COM/Dispatch$ByReference.class
   JD: libs/jna_platform.jar/com/sun/jna/platform/win32/COM/Dispatch.class
   JD: libs/jna_platform.jar/com/sun/jna/platform/win32/COM/DispatchListener$1.class
   JD: libs/jna_platform.jar/com/sun/jna/platform/win32/COM/DispatchListener$2.class
   JD: libs/jna_platform.jar/com/sun/jna/platform/win32/COM/DispatchListener$3.class
   JD: libs/jna_platform.jar/com/sun/jna/platform/win32/COM/DispatchListener$4.class
   JD: libs/jna_platform.jar/com/sun/jna/platform/win32/COM/DispatchListener$5.class
   JD: libs/jna_platform.jar/com/sun/jna/platform/win32/COM/DispatchListener$6.class
   JD: libs/jna_platform.jar/com/sun/jna/platform/win32/COM/DispatchListener$7.class
   JD: libs/jna_platform.jar/com/sun/jna/platform/win32/COM/DispatchListener.class
   JD: libs/jna_platform.jar/com/sun/jna/platform/win32/COM/DispatchVTable$AddRefCallback.class
   JD: libs/jna_platform.jar/com/sun/jna/platform/win32/COM/DispatchVTable$ByReference.class
   JD: libs/jna_platform.jar/com/sun/jna/platform/win32/COM/DispatchVTable$GetIDsOfNamesCallback.class
   JD: libs/jna_platform.jar/com/sun/jna/platform/win32/COM/DispatchVTable$GetTypeInfoCallback.class
   JD: libs/jna_platform.jar/com/sun/jna/platform/win32/COM/DispatchVTable$GetTypeInfoCountCallback.class
   JD: libs/jna_platform.jar/com/sun/jna/platform/win32/COM/DispatchVTable$InvokeCallback.class
   JD: libs/jna_platform.jar/com/sun/jna/platform/win32/COM/DispatchVTable$QueryInterfaceCallback.class
   JD: libs/jna_platform.jar/com/sun/jna/platform/win32/COM/DispatchVTable$ReleaseCallback.class
   JD: libs/jna_platform.jar/com/sun/jna/platform/win32/COM/DispatchVTable.class
   JD: libs/jna_platform.jar/com/sun/jna/platform/win32/COM/EnumMoniker.class
   JD: libs/jna_platform.jar/com/sun/jna/platform/win32/COM/EnumVariant.class
   JD: libs/jna_platform.jar/com/sun/jna/platform/win32/COM/IComEnumVariantIterator.class
   JD: libs/jna_platform.jar/com/sun/jna/platform/win32/COM/IConnectionPoint.class
   JD: libs/jna_platform.jar/com/sun/jna/platform/win32/COM/IConnectionPointContainer.class
   JD: libs/jna_platform.jar/com/sun/jna/platform/win32/COM/IDispatch.class
   JD: libs/jna_platform.jar/com/sun/jna/platform/win32/COM/IDispatchCallback.class
   JD: libs/jna_platform.jar/com/sun/jna/platform/win32/COM/IEnumIDList$Converter$1.class
   JD: libs/jna_platform.jar/com/sun/jna/platform/win32/COM/IEnumIDList$Converter.class
   JD: libs/jna_platform.jar/com/sun/jna/platform/win32/COM/IEnumIDList.class
   JD: libs/jna_platform.jar/com/sun/jna/platform/win32/COM/IEnumMoniker.class
   JD: libs/jna_platform.jar/com/sun/jna/platform/win32/COM/IEnumVariant.class
   JD: libs/jna_platform.jar/com/sun/jna/platform/win32/COM/IMoniker.class
   JD: libs/jna_platform.jar/com/sun/jna/platform/win32/COM/IPersist.class
   JD: libs/jna_platform.jar/com/sun/jna/platform/win32/COM/IPersistStream.class
   JD: libs/jna_platform.jar/com/sun/jna/platform/win32/COM/IRecordInfo.class
   JD: libs/jna_platform.jar/com/sun/jna/platform/win32/COM/IRunningObjectTable.class
   JD: libs/jna_platform.jar/com/sun/jna/platform/win32/COM/IShellFolder$Converter$1.class
   JD: libs/jna_platform.jar/com/sun/jna/platform/win32/COM/IShellFolder$Converter.class
   JD: libs/jna_platform.jar/com/sun/jna/platform/win32/COM/IShellFolder.class
   JD: libs/jna_platform.jar/com/sun/jna/platform/win32/COM/IStream.class
   JD: libs/jna_platform.jar/com/sun/jna/platform/win32/COM/ITypeLib.class
   JD: libs/jna_platform.jar/com/sun/jna/platform/win32/COM/IUnknown.class
   JD: libs/jna_platform.jar/com/sun/jna/platform/win32/COM/IUnknownCallback.class
   JD: libs/jna_platform.jar/com/sun/jna/platform/win32/COM/Moniker$ByReference.class
   JD: libs/jna_platform.jar/com/sun/jna/platform/win32/COM/Moniker.class
   JD: libs/jna_platform.jar/com/sun/jna/platform/win32/COM/RecordInfo$ByReference.class
   JD: libs/jna_platform.jar/com/sun/jna/platform/win32/COM/RecordInfo.class
   JD: libs/jna_platform.jar/com/sun/jna/platform/win32/COM/RunningObjectTable$ByReference.class
   JD: libs/jna_platform.jar/com/sun/jna/platform/win32/COM/RunningObjectTable.class
   JD: libs/jna_platform.jar/com/sun/jna/platform/win32/COM/TypeComp$ByReference.class
   JD: libs/jna_platform.jar/com/sun/jna/platform/win32/COM/TypeComp.class
   JD: libs/jna_platform.jar/com/sun/jna/platform/win32/COM/TypeInfo$ByReference.class
   JD: libs/jna_platform.jar/com/sun/jna/platform/win32/COM/TypeInfo.class
   JD: libs/jna_platform.jar/com/sun/jna/platform/win32/COM/TypeInfoUtil$ContainingTypeLib.class
   JD: libs/jna_platform.jar/com/sun/jna/platform/win32/COM/TypeInfoUtil$DllEntry.class
   JD: libs/jna_platform.jar/com/sun/jna/platform/win32/COM/TypeInfoUtil$Invoke.class
   JD: libs/jna_platform.jar/com/sun/jna/platform/win32/COM/TypeInfoUtil$TypeInfoDoc.class
   JD: libs/jna_platform.jar/com/sun/jna/platform/win32/COM/TypeInfoUtil.class
   JD: libs/jna_platform.jar/com/sun/jna/platform/win32/COM/TypeLib$ByReference.class
   JD: libs/jna_platform.jar/com/sun/jna/platform/win32/COM/TypeLib.class
   JD: libs/jna_platform.jar/com/sun/jna/platform/win32/COM/TypeLibUtil$FindName.class
   JD: libs/jna_platform.jar/com/sun/jna/platform/win32/COM/TypeLibUtil$IsName.class
   JD: libs/jna_platform.jar/com/sun/jna/platform/win32/COM/TypeLibUtil$TypeLibDoc.class
   JD: libs/jna_platform.jar/com/sun/jna/platform/win32/COM/TypeLibUtil.class
   JD: libs/jna_platform.jar/com/sun/jna/platform/win32/COM/Unknown$ByReference.class
   JD: libs/jna_platform.jar/com/sun/jna/platform/win32/COM/Unknown.class
   JD: libs/jna_platform.jar/com/sun/jna/platform/win32/COM/UnknownListener$1.class
   JD: libs/jna_platform.jar/com/sun/jna/platform/win32/COM/UnknownListener$2.class
   JD: libs/jna_platform.jar/com/sun/jna/platform/win32/COM/UnknownListener$3.class
   JD: libs/jna_platform.jar/com/sun/jna/platform/win32/COM/UnknownListener.class
   JD: libs/jna_platform.jar/com/sun/jna/platform/win32/COM/UnknownVTable$AddRefCallback.class
   JD: libs/jna_platform.jar/com/sun/jna/platform/win32/COM/UnknownVTable$ByReference.class
   JD: libs/jna_platform.jar/com/sun/jna/platform/win32/COM/UnknownVTable$QueryInterfaceCallback.class
   JD: libs/jna_platform.jar/com/sun/jna/platform/win32/COM/UnknownVTable$ReleaseCallback.class
   JD: libs/jna_platform.jar/com/sun/jna/platform/win32/COM/UnknownVTable.class
   JD: libs/jna_platform.jar/com/sun/jna/platform/win32/COM/Wbemcli$IEnumWbemClassObject.class
   JD: libs/jna_platform.jar/com/sun/jna/platform/win32/COM/Wbemcli$IWbemClassObject.class
   JD: libs/jna_platform.jar/com/sun/jna/platform/win32/COM/Wbemcli$IWbemContext.class
   JD: libs/jna_platform.jar/com/sun/jna/platform/win32/COM/Wbemcli$IWbemLocator.class
   JD: libs/jna_platform.jar/com/sun/jna/platform/win32/COM/Wbemcli$IWbemServices.class
   JD: libs/jna_platform.jar/com/sun/jna/platform/win32/COM/Wbemcli$WBEM_CONDITION_FLAG_TYPE.class
   JD: libs/jna_platform.jar/com/sun/jna/platform/win32/COM/Wbemcli.class
   JD: libs/jna_platform.jar/com/sun/jna/platform/win32/COM/WbemcliUtil$NamespaceProperty.class
   JD: libs/jna_platform.jar/com/sun/jna/platform/win32/COM/WbemcliUtil$WmiQuery.class
   JD: libs/jna_platform.jar/com/sun/jna/platform/win32/COM/WbemcliUtil$WmiResult.class
   JD: libs/jna_platform.jar/com/sun/jna/platform/win32/COM/WbemcliUtil.class
   JD: libs/jna_platform.jar/com/sun/jna/platform/win32/COM/tlb/TlbImp.class
   JD: libs/jna_platform.jar/com/sun/jna/platform/win32/COM/tlb/imp/TlbAbstractMethod.class
   JD: libs/jna_platform.jar/com/sun/jna/platform/win32/COM/tlb/imp/TlbBase.class
   JD: libs/jna_platform.jar/com/sun/jna/platform/win32/COM/tlb/imp/TlbCmdlineArgs.class
   JD: libs/jna_platform.jar/com/sun/jna/platform/win32/COM/tlb/imp/TlbCoClass.class
   JD: libs/jna_platform.jar/com/sun/jna/platform/win32/COM/tlb/imp/TlbCoClass.template
   JD: libs/jna_platform.jar/com/sun/jna/platform/win32/COM/tlb/imp/TlbDispInterface.class
   JD: libs/jna_platform.jar/com/sun/jna/platform/win32/COM/tlb/imp/TlbDispInterface.template
   JD: libs/jna_platform.jar/com/sun/jna/platform/win32/COM/tlb/imp/TlbEnum.class
   JD: libs/jna_platform.jar/com/sun/jna/platform/win32/COM/tlb/imp/TlbEnum.template
   JD: libs/jna_platform.jar/com/sun/jna/platform/win32/COM/tlb/imp/TlbFunctionDispId.class
   JD: libs/jna_platform.jar/com/sun/jna/platform/win32/COM/tlb/imp/TlbFunctionDispId.template
   JD: libs/jna_platform.jar/com/sun/jna/platform/win32/COM/tlb/imp/TlbFunctionStub.class
   JD: libs/jna_platform.jar/com/sun/jna/platform/win32/COM/tlb/imp/TlbFunctionStub.template
   JD: libs/jna_platform.jar/com/sun/jna/platform/win32/COM/tlb/imp/TlbFunctionVTable.class
   JD: libs/jna_platform.jar/com/sun/jna/platform/win32/COM/tlb/imp/TlbFunctionVTable.template
   JD: libs/jna_platform.jar/com/sun/jna/platform/win32/COM/tlb/imp/TlbInterface.class
   JD: libs/jna_platform.jar/com/sun/jna/platform/win32/COM/tlb/imp/TlbInterface.template
   JD: libs/jna_platform.jar/com/sun/jna/platform/win32/COM/tlb/imp/TlbParameterNotFoundException.class
   JD: libs/jna_platform.jar/com/sun/jna/platform/win32/COM/tlb/imp/TlbPropertyGet.class
   JD: libs/jna_platform.jar/com/sun/jna/platform/win32/COM/tlb/imp/TlbPropertyGet.template
   JD: libs/jna_platform.jar/com/sun/jna/platform/win32/COM/tlb/imp/TlbPropertyGetStub.class
   JD: libs/jna_platform.jar/com/sun/jna/platform/win32/COM/tlb/imp/TlbPropertyGetStub.template
   JD: libs/jna_platform.jar/com/sun/jna/platform/win32/COM/tlb/imp/TlbPropertyPut.class
   JD: libs/jna_platform.jar/com/sun/jna/platform/win32/COM/tlb/imp/TlbPropertyPut.template
   JD: libs/jna_platform.jar/com/sun/jna/platform/win32/COM/tlb/imp/TlbPropertyPutStub.class
   JD: libs/jna_platform.jar/com/sun/jna/platform/win32/COM/tlb/imp/TlbPropertyPutStub.template
   JD: libs/jna_platform.jar/com/sun/jna/platform/win32/COM/util/
   JD: libs/jna_platform.jar/com/sun/jna/platform/win32/COM/util/AbstractComEventCallbackListener.class
   JD: libs/jna_platform.jar/com/sun/jna/platform/win32/COM/util/CallbackProxy.class
   JD: libs/jna_platform.jar/com/sun/jna/platform/win32/COM/util/ComEventCallbackCookie.class
   JD: libs/jna_platform.jar/com/sun/jna/platform/win32/COM/util/ComThread$1.class
   JD: libs/jna_platform.jar/com/sun/jna/platform/win32/COM/util/ComThread$2$1.class
   JD: libs/jna_platform.jar/com/sun/jna/platform/win32/COM/util/ComThread$2.class
   JD: libs/jna_platform.jar/com/sun/jna/platform/win32/COM/util/ComThread$3.class
   JD: libs/jna_platform.jar/com/sun/jna/platform/win32/COM/util/ComThread.class
   JD: libs/jna_platform.jar/com/sun/jna/platform/win32/COM/util/Convert.class
   JD: libs/jna_platform.jar/com/sun/jna/platform/win32/COM/util/EnumMoniker$1.class
   JD: libs/jna_platform.jar/com/sun/jna/platform/win32/COM/util/EnumMoniker.class
   JD: libs/jna_platform.jar/com/sun/jna/platform/win32/COM/util/Factory$1.class
   JD: libs/jna_platform.jar/com/sun/jna/platform/win32/COM/util/Factory$2.class
   JD: libs/jna_platform.jar/com/sun/jna/platform/win32/COM/util/Factory$3.class
   JD: libs/jna_platform.jar/com/sun/jna/platform/win32/COM/util/Factory$4.class
   JD: libs/jna_platform.jar/com/sun/jna/platform/win32/COM/util/Factory$CallbackProxy2.class
   JD: libs/jna_platform.jar/com/sun/jna/platform/win32/COM/util/Factory$ProxyObject2$1.class
   JD: libs/jna_platform.jar/com/sun/jna/platform/win32/COM/util/Factory$ProxyObject2.class
   JD: libs/jna_platform.jar/com/sun/jna/platform/win32/COM/util/Factory.class
   JD: libs/jna_platform.jar/com/sun/jna/platform/win32/COM/util/IComEnum.class
   JD: libs/jna_platform.jar/com/sun/jna/platform/win32/COM/util/IComEventCallbackCookie.class
   JD: libs/jna_platform.jar/com/sun/jna/platform/win32/COM/util/IComEventCallbackListener.class
   JD: libs/jna_platform.jar/com/sun/jna/platform/win32/COM/util/IConnectionPoint.class
   JD: libs/jna_platform.jar/com/sun/jna/platform/win32/COM/util/IConnectionPointContainer.class
   JD: libs/jna_platform.jar/com/sun/jna/platform/win32/COM/util/IDispatch.class
   JD: libs/jna_platform.jar/com/sun/jna/platform/win32/COM/util/IRawDispatchHandle.class
   JD: libs/jna_platform.jar/com/sun/jna/platform/win32/COM/util/IRunningObjectTable.class
   JD: libs/jna_platform.jar/com/sun/jna/platform/win32/COM/util/IUnknown.class
   JD: libs/jna_platform.jar/com/sun/jna/platform/win32/COM/util/ObjectFactory.class
   JD: libs/jna_platform.jar/com/sun/jna/platform/win32/COM/util/ProxyObject.class
   JD: libs/jna_platform.jar/com/sun/jna/platform/win32/COM/util/RunningObjectTable.class
   JD: libs/jna_platform.jar/com/sun/jna/platform/win32/COM/util/annotation/
   JD: libs/jna_platform.jar/com/sun/jna/platform/win32/COM/util/annotation/ComEventCallback.class
   JD: libs/jna_platform.jar/com/sun/jna/platform/win32/COM/util/annotation/ComInterface.class
   JD: libs/jna_platform.jar/com/sun/jna/platform/win32/COM/util/annotation/ComMethod.class
   JD: libs/jna_platform.jar/com/sun/jna/platform/win32/COM/util/annotation/ComObject.class
   JD: libs/jna_platform.jar/com/sun/jna/platform/win32/COM/util/annotation/ComProperty.class
   JD: libs/jna_platform.jar/com/sun/jna/platform/win32/Cfgmgr32.class
   JD: libs/jna_platform.jar/com/sun/jna/platform/win32/Cfgmgr32Util$Cfgmgr32Exception.class
   JD: libs/jna_platform.jar/com/sun/jna/platform/win32/Cfgmgr32Util.class
   JD: libs/jna_platform.jar/com/sun/jna/platform/win32/Crypt32.class
   JD: libs/jna_platform.jar/com/sun/jna/platform/win32/Crypt32Util.class
   JD: libs/jna_platform.jar/com/sun/jna/platform/win32/Cryptui.class
   JD: libs/jna_platform.jar/com/sun/jna/platform/win32/DBT$DEV_BROADCAST_DEVICEINTERFACE.class
   JD: libs/jna_platform.jar/com/sun/jna/platform/win32/DBT$DEV_BROADCAST_DEVNODE.class
   JD: libs/jna_platform.jar/com/sun/jna/platform/win32/DBT$DEV_BROADCAST_HANDLE.class
   JD: libs/jna_platform.jar/com/sun/jna/platform/win32/DBT$DEV_BROADCAST_HDR.class
   JD: libs/jna_platform.jar/com/sun/jna/platform/win32/DBT$DEV_BROADCAST_NET.class
   JD: libs/jna_platform.jar/com/sun/jna/platform/win32/DBT$DEV_BROADCAST_OEM.class
   JD: libs/jna_platform.jar/com/sun/jna/platform/win32/DBT$DEV_BROADCAST_PORT.class
   JD: libs/jna_platform.jar/com/sun/jna/platform/win32/DBT$DEV_BROADCAST_VOLUME.class
   JD: libs/jna_platform.jar/com/sun/jna/platform/win32/DBT.class
   JD: libs/jna_platform.jar/com/sun/jna/platform/win32/Ddeml$CONVCONTEXT.class
   JD: libs/jna_platform.jar/com/sun/jna/platform/win32/Ddeml$CONVINFO.class
   JD: libs/jna_platform.jar/com/sun/jna/platform/win32/Ddeml$DDEML_MSG_HOOK_DATA.class
   JD: libs/jna_platform.jar/com/sun/jna/platform/win32/Ddeml$DdeCallback.class
   JD: libs/jna_platform.jar/com/sun/jna/platform/win32/Ddeml$HCONV.class
   JD: libs/jna_platform.jar/com/sun/jna/platform/win32/Ddeml$HCONVLIST.class
   JD: libs/jna_platform.jar/com/sun/jna/platform/win32/Ddeml$HDDEDATA.class
   JD: libs/jna_platform.jar/com/sun/jna/platform/win32/Ddeml$HSZ.class
   JD: libs/jna_platform.jar/com/sun/jna/platform/win32/Ddeml$HSZPAIR.class
   JD: libs/jna_platform.jar/com/sun/jna/platform/win32/Ddeml$MONCBSTRUCT.class
   JD: libs/jna_platform.jar/com/sun/jna/platform/win32/Ddeml$MONCONVSTRUCT.class
   JD: libs/jna_platform.jar/com/sun/jna/platform/win32/Ddeml$MONERRSTRUCT.class
   JD: libs/jna_platform.jar/com/sun/jna/platform/win32/Ddeml$MONHSZSTRUCT.class
   JD: libs/jna_platform.jar/com/sun/jna/platform/win32/Ddeml$MONLINKSTRUCT.class
   JD: libs/jna_platform.jar/com/sun/jna/platform/win32/Ddeml$MONMSGSTRUCT.class
   JD: libs/jna_platform.jar/com/sun/jna/platform/win32/Ddeml.class
   JD: libs/jna_platform.jar/com/sun/jna/platform/win32/DdemlUtil$AdvdataHandler.class
   JD: libs/jna_platform.jar/com/sun/jna/platform/win32/DdemlUtil$AdvreqHandler.class
   JD: libs/jna_platform.jar/com/sun/jna/platform/win32/DdemlUtil$AdvstartHandler.class
   JD: libs/jna_platform.jar/com/sun/jna/platform/win32/DdemlUtil$AdvstopHandler.class
   JD: libs/jna_platform.jar/com/sun/jna/platform/win32/DdemlUtil$ConnectConfirmHandler.class
   JD: libs/jna_platform.jar/com/sun/jna/platform/win32/DdemlUtil$ConnectHandler.class
   JD: libs/jna_platform.jar/com/sun/jna/platform/win32/DdemlUtil$DdeAdapter$BlockException.class
   JD: libs/jna_platform.jar/com/sun/jna/platform/win32/DdemlUtil$DdeAdapter.class
   JD: libs/jna_platform.jar/com/sun/jna/platform/win32/DdemlUtil$DdeClient.class
   JD: libs/jna_platform.jar/com/sun/jna/platform/win32/DdemlUtil$DdeConnection.class
   JD: libs/jna_platform.jar/com/sun/jna/platform/win32/DdemlUtil$DdeConnectionList.class
   JD: libs/jna_platform.jar/com/sun/jna/platform/win32/DdemlUtil$DdemlException.class
   JD: libs/jna_platform.jar/com/sun/jna/platform/win32/DdemlUtil$DisconnectHandler.class
   JD: libs/jna_platform.jar/com/sun/jna/platform/win32/DdemlUtil$ErrorHandler.class
   JD: libs/jna_platform.jar/com/sun/jna/platform/win32/DdemlUtil$ExecuteHandler.class
   JD: libs/jna_platform.jar/com/sun/jna/platform/win32/DdemlUtil$IDdeClient.class
   JD: libs/jna_platform.jar/com/sun/jna/platform/win32/DdemlUtil$IDdeConnection.class
   JD: libs/jna_platform.jar/com/sun/jna/platform/win32/DdemlUtil$IDdeConnectionList.class
   JD: libs/jna_platform.jar/com/sun/jna/platform/win32/DdemlUtil$MessageLoopWrapper.class
   JD: libs/jna_platform.jar/com/sun/jna/platform/win32/DdemlUtil$MonitorHandler.class
   JD: libs/jna_platform.jar/com/sun/jna/platform/win32/DdemlUtil$PokeHandler.class
   JD: libs/jna_platform.jar/com/sun/jna/platform/win32/DdemlUtil$RegisterHandler.class
   JD: libs/jna_platform.jar/com/sun/jna/platform/win32/DdemlUtil$RequestHandler.class
   JD: libs/jna_platform.jar/com/sun/jna/platform/win32/DdemlUtil$StandaloneDdeClient.class
   JD: libs/jna_platform.jar/com/sun/jna/platform/win32/DdemlUtil$UnregisterHandler.class
   JD: libs/jna_platform.jar/com/sun/jna/platform/win32/DdemlUtil$WildconnectHandler.class
   JD: libs/jna_platform.jar/com/sun/jna/platform/win32/DdemlUtil$XactCompleteHandler.class
   JD: libs/jna_platform.jar/com/sun/jna/platform/win32/DdemlUtil.class
   JD: libs/jna_platform.jar/com/sun/jna/platform/win32/DsGetDC$DOMAIN_CONTROLLER_INFO$ByReference.class
   JD: libs/jna_platform.jar/com/sun/jna/platform/win32/DsGetDC$DOMAIN_CONTROLLER_INFO.class
   JD: libs/jna_platform.jar/com/sun/jna/platform/win32/DsGetDC$DS_DOMAIN_TRUSTS$ByReference.class
   JD: libs/jna_platform.jar/com/sun/jna/platform/win32/DsGetDC$DS_DOMAIN_TRUSTS.class
   JD: libs/jna_platform.jar/com/sun/jna/platform/win32/DsGetDC$PDOMAIN_CONTROLLER_INFO$ByReference.class
   JD: libs/jna_platform.jar/com/sun/jna/platform/win32/DsGetDC$PDOMAIN_CONTROLLER_INFO.class
   JD: libs/jna_platform.jar/com/sun/jna/platform/win32/DsGetDC.class
   JD: libs/jna_platform.jar/com/sun/jna/platform/win32/Dxva2$1$1.class
   JD: libs/jna_platform.jar/com/sun/jna/platform/win32/Dxva2$1.class
   JD: libs/jna_platform.jar/com/sun/jna/platform/win32/Dxva2.class
   JD: libs/jna_platform.jar/com/sun/jna/platform/win32/FlagEnum.class
   JD: libs/jna_platform.jar/com/sun/jna/platform/win32/GDI32.class
   JD: libs/jna_platform.jar/com/sun/jna/platform/win32/GDI32Util.class
   JD: libs/jna_platform.jar/com/sun/jna/platform/win32/GL.class
   JD: libs/jna_platform.jar/com/sun/jna/platform/win32/Guid$CLSID$ByReference.class
   JD: libs/jna_platform.jar/com/sun/jna/platform/win32/Guid$CLSID.class
   JD: libs/jna_platform.jar/com/sun/jna/platform/win32/Guid$GUID$ByReference.class
   JD: libs/jna_platform.jar/com/sun/jna/platform/win32/Guid$GUID$ByValue.class
   JD: libs/jna_platform.jar/com/sun/jna/platform/win32/Guid$GUID.class
   JD: libs/jna_platform.jar/com/sun/jna/platform/win32/Guid$IID.class
   JD: libs/jna_platform.jar/com/sun/jna/platform/win32/Guid$REFIID.class
   JD: libs/jna_platform.jar/com/sun/jna/platform/win32/Guid.class
   JD: libs/jna_platform.jar/com/sun/jna/platform/win32/HighLevelMonitorConfigurationAPI$MC_CAPS.class
   JD: libs/jna_platform.jar/com/sun/jna/platform/win32/HighLevelMonitorConfigurationAPI$MC_COLOR_TEMPERATURE$ByReference.class
   JD: libs/jna_platform.jar/com/sun/jna/platform/win32/HighLevelMonitorConfigurationAPI$MC_COLOR_TEMPERATURE.class
   JD: libs/jna_platform.jar/com/sun/jna/platform/win32/HighLevelMonitorConfigurationAPI$MC_DISPLAY_TECHNOLOGY_TYPE$ByReference.class
   JD: libs/jna_platform.jar/com/sun/jna/platform/win32/HighLevelMonitorConfigurationAPI$MC_DISPLAY_TECHNOLOGY_TYPE.class
   JD: libs/jna_platform.jar/com/sun/jna/platform/win32/HighLevelMonitorConfigurationAPI$MC_DRIVE_TYPE.class
   JD: libs/jna_platform.jar/com/sun/jna/platform/win32/HighLevelMonitorConfigurationAPI$MC_GAIN_TYPE.class
   JD: libs/jna_platform.jar/com/sun/jna/platform/win32/HighLevelMonitorConfigurationAPI$MC_POSITION_TYPE.class
   JD: libs/jna_platform.jar/com/sun/jna/platform/win32/HighLevelMonitorConfigurationAPI$MC_SIZE_TYPE.class
   JD: libs/jna_platform.jar/com/sun/jna/platform/win32/HighLevelMonitorConfigurationAPI$MC_SUPPORTED_COLOR_TEMPERATURE.class
   JD: libs/jna_platform.jar/com/sun/jna/platform/win32/HighLevelMonitorConfigurationAPI.class
   JD: libs/jna_platform.jar/com/sun/jna/platform/win32/IPHlpAPI$FIXED_INFO.class
   JD: libs/jna_platform.jar/com/sun/jna/platform/win32/IPHlpAPI$IP_ADDRESS_STRING.class
   JD: libs/jna_platform.jar/com/sun/jna/platform/win32/IPHlpAPI$IP_ADDR_STRING$ByReference.class
   JD: libs/jna_platform.jar/com/sun/jna/platform/win32/IPHlpAPI$IP_ADDR_STRING.class
   JD: libs/jna_platform.jar/com/sun/jna/platform/win32/IPHlpAPI$MIB_IFROW.class
   JD: libs/jna_platform.jar/com/sun/jna/platform/win32/IPHlpAPI$MIB_IF_ROW2.class
   JD: libs/jna_platform.jar/com/sun/jna/platform/win32/IPHlpAPI$MIB_TCPSTATS.class
   JD: libs/jna_platform.jar/com/sun/jna/platform/win32/IPHlpAPI$MIB_UDPSTATS.class
   JD: libs/jna_platform.jar/com/sun/jna/platform/win32/IPHlpAPI.class
   JD: libs/jna_platform.jar/com/sun/jna/platform/win32/Kernel32.class
   JD: libs/jna_platform.jar/com/sun/jna/platform/win32/Kernel32Util$1.class
   JD: libs/jna_platform.jar/com/sun/jna/platform/win32/Kernel32Util$2.class
   JD: libs/jna_platform.jar/com/sun/jna/platform/win32/Kernel32Util.class
   JD: libs/jna_platform.jar/com/sun/jna/platform/win32/KnownFolders.class
   JD: libs/jna_platform.jar/com/sun/jna/platform/win32/LMAccess$GROUP_INFO_0.class
   JD: libs/jna_platform.jar/com/sun/jna/platform/win32/LMAccess$GROUP_INFO_1.class
   JD: libs/jna_platform.jar/com/sun/jna/platform/win32/LMAccess$GROUP_INFO_2.class
   JD: libs/jna_platform.jar/com/sun/jna/platform/win32/LMAccess$GROUP_INFO_3.class
   JD: libs/jna_platform.jar/com/sun/jna/platform/win32/LMAccess$GROUP_USERS_INFO_0.class
   JD: libs/jna_platform.jar/com/sun/jna/platform/win32/LMAccess$LOCALGROUP_INFO_0.class
   JD: libs/jna_platform.jar/com/sun/jna/platform/win32/LMAccess$LOCALGROUP_INFO_1.class
   JD: libs/jna_platform.jar/com/sun/jna/platform/win32/LMAccess$LOCALGROUP_USERS_INFO_0.class
   JD: libs/jna_platform.jar/com/sun/jna/platform/win32/LMAccess$USER_INFO_0.class
   JD: libs/jna_platform.jar/com/sun/jna/platform/win32/LMAccess$USER_INFO_1.class
   JD: libs/jna_platform.jar/com/sun/jna/platform/win32/LMAccess$USER_INFO_23.class
   JD: libs/jna_platform.jar/com/sun/jna/platform/win32/LMAccess.class
   JD: libs/jna_platform.jar/com/sun/jna/platform/win32/LMCons.class
   JD: libs/jna_platform.jar/com/sun/jna/platform/win32/LMErr.class
   JD: libs/jna_platform.jar/com/sun/jna/platform/win32/LMJoin$NETSETUP_JOIN_STATUS.class
   JD: libs/jna_platform.jar/com/sun/jna/platform/win32/LMJoin.class
   JD: libs/jna_platform.jar/com/sun/jna/platform/win32/LMShare$SHARE_INFO_2.class
   JD: libs/jna_platform.jar/com/sun/jna/platform/win32/LMShare$SHARE_INFO_502.class
   JD: libs/jna_platform.jar/com/sun/jna/platform/win32/LMShare.class
   JD: libs/jna_platform.jar/com/sun/jna/platform/win32/LowLevelMonitorConfigurationAPI$MC_TIMING_REPORT.class
   JD: libs/jna_platform.jar/com/sun/jna/platform/win32/LowLevelMonitorConfigurationAPI$MC_VCP_CODE_TYPE$ByReference.class
   JD: libs/jna_platform.jar/com/sun/jna/platform/win32/LowLevelMonitorConfigurationAPI$MC_VCP_CODE_TYPE.class
   JD: libs/jna_platform.jar/com/sun/jna/platform/win32/LowLevelMonitorConfigurationAPI.class
   JD: libs/jna_platform.jar/com/sun/jna/platform/win32/Mpr.class
   JD: libs/jna_platform.jar/com/sun/jna/platform/win32/Msi.class
   JD: libs/jna_platform.jar/com/sun/jna/platform/win32/NTSecApi$LSA_FOREST_TRUST_BINARY_DATA.class
   JD: libs/jna_platform.jar/com/sun/jna/platform/win32/NTSecApi$LSA_FOREST_TRUST_DOMAIN_INFO.class
   JD: libs/jna_platform.jar/com/sun/jna/platform/win32/NTSecApi$LSA_FOREST_TRUST_INFORMATION$ByReference.class
   JD: libs/jna_platform.jar/com/sun/jna/platform/win32/NTSecApi$LSA_FOREST_TRUST_INFORMATION.class
   JD: libs/jna_platform.jar/com/sun/jna/platform/win32/NTSecApi$LSA_FOREST_TRUST_RECORD$ByReference.class
   JD: libs/jna_platform.jar/com/sun/jna/platform/win32/NTSecApi$LSA_FOREST_TRUST_RECORD$UNION$ByReference.class
   JD: libs/jna_platform.jar/com/sun/jna/platform/win32/NTSecApi$LSA_FOREST_TRUST_RECORD$UNION.class
   JD: libs/jna_platform.jar/com/sun/jna/platform/win32/NTSecApi$LSA_FOREST_TRUST_RECORD.class
   JD: libs/jna_platform.jar/com/sun/jna/platform/win32/NTSecApi$LSA_UNICODE_STRING$ByReference.class
   JD: libs/jna_platform.jar/com/sun/jna/platform/win32/NTSecApi$LSA_UNICODE_STRING.class
   JD: libs/jna_platform.jar/com/sun/jna/platform/win32/NTSecApi$PLSA_FOREST_TRUST_INFORMATION$ByReference.class
   JD: libs/jna_platform.jar/com/sun/jna/platform/win32/NTSecApi$PLSA_FOREST_TRUST_INFORMATION.class
   JD: libs/jna_platform.jar/com/sun/jna/platform/win32/NTSecApi$PLSA_FOREST_TRUST_RECORD$ByReference.class
   JD: libs/jna_platform.jar/com/sun/jna/platform/win32/NTSecApi$PLSA_FOREST_TRUST_RECORD.class
   JD: libs/jna_platform.jar/com/sun/jna/platform/win32/NTSecApi$PLSA_UNICODE_STRING$ByReference.class
   JD: libs/jna_platform.jar/com/sun/jna/platform/win32/NTSecApi$PLSA_UNICODE_STRING.class
   JD: libs/jna_platform.jar/com/sun/jna/platform/win32/NTSecApi.class
   JD: libs/jna_platform.jar/com/sun/jna/platform/win32/NTStatus.class
   JD: libs/jna_platform.jar/com/sun/jna/platform/win32/Netapi32$SESSION_INFO_10.class
   JD: libs/jna_platform.jar/com/sun/jna/platform/win32/Netapi32.class
   JD: libs/jna_platform.jar/com/sun/jna/platform/win32/Netapi32Util$DomainController.class
   JD: libs/jna_platform.jar/com/sun/jna/platform/win32/Netapi32Util$DomainTrust.class
   JD: libs/jna_platform.jar/com/sun/jna/platform/win32/Netapi32Util$Group.class
   JD: libs/jna_platform.jar/com/sun/jna/platform/win32/Netapi32Util$LocalGroup.class
   JD: libs/jna_platform.jar/com/sun/jna/platform/win32/Netapi32Util$User.class
   JD: libs/jna_platform.jar/com/sun/jna/platform/win32/Netapi32Util$UserInfo.class
   JD: libs/jna_platform.jar/com/sun/jna/platform/win32/Netapi32Util.class
   JD: libs/jna_platform.jar/com/sun/jna/platform/win32/NtDll.class
   JD: libs/jna_platform.jar/com/sun/jna/platform/win32/NtDllUtil.class
   JD: libs/jna_platform.jar/com/sun/jna/platform/win32/Ntifs$GenericReparseBuffer$ByReference.class
   JD: libs/jna_platform.jar/com/sun/jna/platform/win32/Ntifs$GenericReparseBuffer.class
   JD: libs/jna_platform.jar/com/sun/jna/platform/win32/Ntifs$MountPointReparseBuffer$ByReference.class
   JD: libs/jna_platform.jar/com/sun/jna/platform/win32/Ntifs$MountPointReparseBuffer.class
   JD: libs/jna_platform.jar/com/sun/jna/platform/win32/Ntifs$REPARSE_DATA_BUFFER$ByReference.class
   JD: libs/jna_platform.jar/com/sun/jna/platform/win32/Ntifs$REPARSE_DATA_BUFFER$REPARSE_UNION$ByReference.class
   JD: libs/jna_platform.jar/com/sun/jna/platform/win32/Ntifs$REPARSE_DATA_BUFFER$REPARSE_UNION.class
   JD: libs/jna_platform.jar/com/sun/jna/platform/win32/Ntifs$REPARSE_DATA_BUFFER.class
   JD: libs/jna_platform.jar/com/sun/jna/platform/win32/Ntifs$SymbolicLinkReparseBuffer$ByReference.class
   JD: libs/jna_platform.jar/com/sun/jna/platform/win32/Ntifs$SymbolicLinkReparseBuffer.class
   JD: libs/jna_platform.jar/com/sun/jna/platform/win32/Ntifs.class
   JD: libs/jna_platform.jar/com/sun/jna/platform/win32/OaIdl$ARRAYDESC$ByReference.class
   JD: libs/jna_platform.jar/com/sun/jna/platform/win32/OaIdl$ARRAYDESC.class
   JD: libs/jna_platform.jar/com/sun/jna/platform/win32/OaIdl$BINDPTR$ByReference.class
   JD: libs/jna_platform.jar/com/sun/jna/platform/win32/OaIdl$BINDPTR.class
   JD: libs/jna_platform.jar/com/sun/jna/platform/win32/OaIdl$CALLCONV$ByReference.class
   JD: libs/jna_platform.jar/com/sun/jna/platform/win32/OaIdl$CALLCONV.class
   JD: libs/jna_platform.jar/com/sun/jna/platform/win32/OaIdl$CURRENCY$ByReference.class
   JD: libs/jna_platform.jar/com/sun/jna/platform/win32/OaIdl$CURRENCY$_CURRENCY.class
   JD: libs/jna_platform.jar/com/sun/jna/platform/win32/OaIdl$CURRENCY.class
   JD: libs/jna_platform.jar/com/sun/jna/platform/win32/OaIdl$DATE$ByReference.class
   JD: libs/jna_platform.jar/com/sun/jna/platform/win32/OaIdl$DATE.class
   JD: libs/jna_platform.jar/com/sun/jna/platform/win32/OaIdl$DECIMAL$ByReference.class
   JD: libs/jna_platform.jar/com/sun/jna/platform/win32/OaIdl$DECIMAL$_DECIMAL1$_DECIMAL1_DECIMAL.class
   JD: libs/jna_platform.jar/com/sun/jna/platform/win32/OaIdl$DECIMAL$_DECIMAL1.class
   JD: libs/jna_platform.jar/com/sun/jna/platform/win32/OaIdl$DECIMAL$_DECIMAL2$_DECIMAL2_DECIMAL.class
   JD: libs/jna_platform.jar/com/sun/jna/platform/win32/OaIdl$DECIMAL$_DECIMAL2.class
   JD: libs/jna_platform.jar/com/sun/jna/platform/win32/OaIdl$DECIMAL.class
   JD: libs/jna_platform.jar/com/sun/jna/platform/win32/OaIdl$DESCKIND$ByReference.class
   JD: libs/jna_platform.jar/com/sun/jna/platform/win32/OaIdl$DESCKIND.class
   JD: libs/jna_platform.jar/com/sun/jna/platform/win32/OaIdl$DISPID.class
   JD: libs/jna_platform.jar/com/sun/jna/platform/win32/OaIdl$DISPIDByReference.class
   JD: libs/jna_platform.jar/com/sun/jna/platform/win32/OaIdl$ELEMDESC$ByReference.class
   JD: libs/jna_platform.jar/com/sun/jna/platform/win32/OaIdl$ELEMDESC$_ELEMDESC$ByReference.class
   JD: libs/jna_platform.jar/com/sun/jna/platform/win32/OaIdl$ELEMDESC$_ELEMDESC.class
   JD: libs/jna_platform.jar/com/sun/jna/platform/win32/OaIdl$ELEMDESC.class
   JD: libs/jna_platform.jar/com/sun/jna/platform/win32/OaIdl$EXCEPINFO$ByReference.class
   JD: libs/jna_platform.jar/com/sun/jna/platform/win32/OaIdl$EXCEPINFO.class
   JD: libs/jna_platform.jar/com/sun/jna/platform/win32/OaIdl$ElemDescArg$ByReference.class
   JD: libs/jna_platform.jar/com/sun/jna/platform/win32/OaIdl$ElemDescArg.class
   JD: libs/jna_platform.jar/com/sun/jna/platform/win32/OaIdl$FUNCDESC$ByReference.class
   JD: libs/jna_platform.jar/com/sun/jna/platform/win32/OaIdl$FUNCDESC.class
   JD: libs/jna_platform.jar/com/sun/jna/platform/win32/OaIdl$FUNCKIND$ByReference.class
   JD: libs/jna_platform.jar/com/sun/jna/platform/win32/OaIdl$FUNCKIND.class
   JD: libs/jna_platform.jar/com/sun/jna/platform/win32/OaIdl$HREFTYPE.class
   JD: libs/jna_platform.jar/com/sun/jna/platform/win32/OaIdl$HREFTYPEByReference.class
   JD: libs/jna_platform.jar/com/sun/jna/platform/win32/OaIdl$IDLDESC$ByReference.class
   JD: libs/jna_platform.jar/com/sun/jna/platform/win32/OaIdl$IDLDESC.class
   JD: libs/jna_platform.jar/com/sun/jna/platform/win32/OaIdl$INVOKEKIND$ByReference.class
   JD: libs/jna_platform.jar/com/sun/jna/platform/win32/OaIdl$INVOKEKIND.class
   JD: libs/jna_platform.jar/com/sun/jna/platform/win32/OaIdl$LIBFLAGS$ByReference.class
   JD: libs/jna_platform.jar/com/sun/jna/platform/win32/OaIdl$LIBFLAGS.class
   JD: libs/jna_platform.jar/com/sun/jna/platform/win32/OaIdl$MEMBERID.class
   JD: libs/jna_platform.jar/com/sun/jna/platform/win32/OaIdl$MEMBERIDByReference.class
   JD: libs/jna_platform.jar/com/sun/jna/platform/win32/OaIdl$PARAMDESC$ByReference.class
   JD: libs/jna_platform.jar/com/sun/jna/platform/win32/OaIdl$PARAMDESC.class
   JD: libs/jna_platform.jar/com/sun/jna/platform/win32/OaIdl$PARAMDESCEX$ByReference.class
   JD: libs/jna_platform.jar/com/sun/jna/platform/win32/OaIdl$PARAMDESCEX.class
   JD: libs/jna_platform.jar/com/sun/jna/platform/win32/OaIdl$SAFEARRAY$ByReference.class
   JD: libs/jna_platform.jar/com/sun/jna/platform/win32/OaIdl$SAFEARRAY.class
   JD: libs/jna_platform.jar/com/sun/jna/platform/win32/OaIdl$SAFEARRAYBOUND$ByReference.class
   JD: libs/jna_platform.jar/com/sun/jna/platform/win32/OaIdl$SAFEARRAYBOUND.class
   JD: libs/jna_platform.jar/com/sun/jna/platform/win32/OaIdl$SAFEARRAYByReference.class
   JD: libs/jna_platform.jar/com/sun/jna/platform/win32/OaIdl$SYSKIND$ByReference.class
   JD: libs/jna_platform.jar/com/sun/jna/platform/win32/OaIdl$SYSKIND.class
   JD: libs/jna_platform.jar/com/sun/jna/platform/win32/OaIdl$ScodeArg$ByReference.class
   JD: libs/jna_platform.jar/com/sun/jna/platform/win32/OaIdl$ScodeArg.class
   JD: libs/jna_platform.jar/com/sun/jna/platform/win32/OaIdl$TLIBATTR$ByReference.class
   JD: libs/jna_platform.jar/com/sun/jna/platform/win32/OaIdl$TLIBATTR.class
   JD: libs/jna_platform.jar/com/sun/jna/platform/win32/OaIdl$TYPEATTR$ByReference.class
   JD: libs/jna_platform.jar/com/sun/jna/platform/win32/OaIdl$TYPEATTR.class
   JD: libs/jna_platform.jar/com/sun/jna/platform/win32/OaIdl$TYPEDESC$ByReference.class
   JD: libs/jna_platform.jar/com/sun/jna/platform/win32/OaIdl$TYPEDESC$_TYPEDESC.class
   JD: libs/jna_platform.jar/com/sun/jna/platform/win32/OaIdl$TYPEDESC.class
   JD: libs/jna_platform.jar/com/sun/jna/platform/win32/OaIdl$TYPEKIND$ByReference.class
   JD: libs/jna_platform.jar/com/sun/jna/platform/win32/OaIdl$TYPEKIND.class
   JD: libs/jna_platform.jar/com/sun/jna/platform/win32/OaIdl$VARDESC$ByReference.class
   JD: libs/jna_platform.jar/com/sun/jna/platform/win32/OaIdl$VARDESC$_VARDESC$ByReference.class
   JD: libs/jna_platform.jar/com/sun/jna/platform/win32/OaIdl$VARDESC$_VARDESC.class
   JD: libs/jna_platform.jar/com/sun/jna/platform/win32/OaIdl$VARDESC.class
   JD: libs/jna_platform.jar/com/sun/jna/platform/win32/OaIdl$VARIANT_BOOL.class
   JD: libs/jna_platform.jar/com/sun/jna/platform/win32/OaIdl$VARIANT_BOOLByReference.class
   JD: libs/jna_platform.jar/com/sun/jna/platform/win32/OaIdl$VARKIND$ByReference.class
   JD: libs/jna_platform.jar/com/sun/jna/platform/win32/OaIdl$VARKIND.class
   JD: libs/jna_platform.jar/com/sun/jna/platform/win32/OaIdl$_VARIANT_BOOL.class
   JD: libs/jna_platform.jar/com/sun/jna/platform/win32/OaIdl$_VARIANT_BOOLByReference.class
   JD: libs/jna_platform.jar/com/sun/jna/platform/win32/OaIdl.class
   JD: libs/jna_platform.jar/com/sun/jna/platform/win32/OaIdlUtil.class
   JD: libs/jna_platform.jar/com/sun/jna/platform/win32/ObjBase.class
   JD: libs/jna_platform.jar/com/sun/jna/platform/win32/Ole32.class
   JD: libs/jna_platform.jar/com/sun/jna/platform/win32/Ole32Util.class
   JD: libs/jna_platform.jar/com/sun/jna/platform/win32/OleAuto$DISPPARAMS$ByReference.class
   JD: libs/jna_platform.jar/com/sun/jna/platform/win32/OleAuto$DISPPARAMS.class
   JD: libs/jna_platform.jar/com/sun/jna/platform/win32/OleAuto.class
   JD: libs/jna_platform.jar/com/sun/jna/platform/win32/OleAutoUtil.class.removed
   JD: libs/jna_platform.jar/com/sun/jna/platform/win32/OpenGL32.class
   JD: libs/jna_platform.jar/com/sun/jna/platform/win32/OpenGL32Util.class
   JD: libs/jna_platform.jar/com/sun/jna/platform/win32/Pdh$PDH_COUNTER_PATH_ELEMENTS.class
   JD: libs/jna_platform.jar/com/sun/jna/platform/win32/Pdh$PDH_RAW_COUNTER.class
   JD: libs/jna_platform.jar/com/sun/jna/platform/win32/Pdh$PDH_TIME_INFO.class
   JD: libs/jna_platform.jar/com/sun/jna/platform/win32/Pdh.class
   JD: libs/jna_platform.jar/com/sun/jna/platform/win32/PdhMsg.class
   JD: libs/jna_platform.jar/com/sun/jna/platform/win32/PdhUtil$PdhEnumObjectItems.class
   JD: libs/jna_platform.jar/com/sun/jna/platform/win32/PdhUtil$PdhException.class
   JD: libs/jna_platform.jar/com/sun/jna/platform/win32/PdhUtil.class
   JD: libs/jna_platform.jar/com/sun/jna/platform/win32/PhysicalMonitorEnumerationAPI$PHYSICAL_MONITOR.class
   JD: libs/jna_platform.jar/com/sun/jna/platform/win32/PhysicalMonitorEnumerationAPI.class
   JD: libs/jna_platform.jar/com/sun/jna/platform/win32/PowrProf$POWER_INFORMATION_LEVEL.class
   JD: libs/jna_platform.jar/com/sun/jna/platform/win32/PowrProf.class
   JD: libs/jna_platform.jar/com/sun/jna/platform/win32/Psapi$MODULEINFO.class
   JD: libs/jna_platform.jar/com/sun/jna/platform/win32/Psapi$PERFORMANCE_INFORMATION.class
   JD: libs/jna_platform.jar/com/sun/jna/platform/win32/Psapi.class
   JD: libs/jna_platform.jar/com/sun/jna/platform/win32/PsapiUtil.class
   JD: libs/jna_platform.jar/com/sun/jna/platform/win32/Rasapi32.class
   JD: libs/jna_platform.jar/com/sun/jna/platform/win32/Rasapi32Util$Ras32Exception.class
   JD: libs/jna_platform.jar/com/sun/jna/platform/win32/Rasapi32Util.class
   JD: libs/jna_platform.jar/com/sun/jna/platform/win32/Secur32$EXTENDED_NAME_FORMAT.class
   JD: libs/jna_platform.jar/com/sun/jna/platform/win32/Secur32.class
   JD: libs/jna_platform.jar/com/sun/jna/platform/win32/Secur32Util$SecurityPackage.class
   JD: libs/jna_platform.jar/com/sun/jna/platform/win32/Secur32Util.class
   JD: libs/jna_platform.jar/com/sun/jna/platform/win32/SetupApi$SP_DEVICE_INTERFACE_DATA$ByReference.class
   JD: libs/jna_platform.jar/com/sun/jna/platform/win32/SetupApi$SP_DEVICE_INTERFACE_DATA.class
   JD: libs/jna_platform.jar/com/sun/jna/platform/win32/SetupApi$SP_DEVINFO_DATA$ByReference.class
   JD: libs/jna_platform.jar/com/sun/jna/platform/win32/SetupApi$SP_DEVINFO_DATA.class
   JD: libs/jna_platform.jar/com/sun/jna/platform/win32/SetupApi.class
   JD: libs/jna_platform.jar/com/sun/jna/platform/win32/ShTypes$STRRET$UNION$ByReference.class
   JD: libs/jna_platform.jar/com/sun/jna/platform/win32/ShTypes$STRRET$UNION.class
   JD: libs/jna_platform.jar/com/sun/jna/platform/win32/ShTypes$STRRET.class
   JD: libs/jna_platform.jar/com/sun/jna/platform/win32/ShTypes.class
   JD: libs/jna_platform.jar/com/sun/jna/platform/win32/Shell32.class
   JD: libs/jna_platform.jar/com/sun/jna/platform/win32/Shell32Util.class
   JD: libs/jna_platform.jar/com/sun/jna/platform/win32/ShellAPI$APPBARDATA$ByReference.class
   JD: libs/jna_platform.jar/com/sun/jna/platform/win32/ShellAPI$APPBARDATA.class
   JD: libs/jna_platform.jar/com/sun/jna/platform/win32/ShellAPI$SHELLEXECUTEINFO.class
   JD: libs/jna_platform.jar/com/sun/jna/platform/win32/ShellAPI$SHFILEOPSTRUCT.class
   JD: libs/jna_platform.jar/com/sun/jna/platform/win32/ShellAPI.class
   JD: libs/jna_platform.jar/com/sun/jna/platform/win32/ShlObj$KNOWN_FOLDER_FLAG.class
   JD: libs/jna_platform.jar/com/sun/jna/platform/win32/ShlObj.class
   JD: libs/jna_platform.jar/com/sun/jna/platform/win32/Shlwapi.class
   JD: libs/jna_platform.jar/com/sun/jna/platform/win32/Sspi$CredHandle.class
   JD: libs/jna_platform.jar/com/sun/jna/platform/win32/Sspi$CtxtHandle.class
   JD: libs/jna_platform.jar/com/sun/jna/platform/win32/Sspi$PSecHandle$ByReference.class
   JD: libs/jna_platform.jar/com/sun/jna/platform/win32/Sspi$PSecHandle.class
   JD: libs/jna_platform.jar/com/sun/jna/platform/win32/Sspi$PSecPkgInfo$ByReference.class
   JD: libs/jna_platform.jar/com/sun/jna/platform/win32/Sspi$PSecPkgInfo.class
   JD: libs/jna_platform.jar/com/sun/jna/platform/win32/Sspi$SECURITY_INTEGER.class
   JD: libs/jna_platform.jar/com/sun/jna/platform/win32/Sspi$SEC_WINNT_AUTH_IDENTITY.class
   JD: libs/jna_platform.jar/com/sun/jna/platform/win32/Sspi$SecBuffer$ByReference.class
   JD: libs/jna_platform.jar/com/sun/jna/platform/win32/Sspi$SecBuffer.class
   JD: libs/jna_platform.jar/com/sun/jna/platform/win32/Sspi$SecBufferDesc.class
   JD: libs/jna_platform.jar/com/sun/jna/platform/win32/Sspi$SecHandle$ByReference.class
   JD: libs/jna_platform.jar/com/sun/jna/platform/win32/Sspi$SecHandle.class
   JD: libs/jna_platform.jar/com/sun/jna/platform/win32/Sspi$SecPkgContext_Flags$ByReference.class
   JD: libs/jna_platform.jar/com/sun/jna/platform/win32/Sspi$SecPkgContext_Flags.class
   JD: libs/jna_platform.jar/com/sun/jna/platform/win32/Sspi$SecPkgContext_KeyInfo.class
   JD: libs/jna_platform.jar/com/sun/jna/platform/win32/Sspi$SecPkgContext_Lifespan$ByReference.class
   JD: libs/jna_platform.jar/com/sun/jna/platform/win32/Sspi$SecPkgContext_Lifespan.class
   JD: libs/jna_platform.jar/com/sun/jna/platform/win32/Sspi$SecPkgContext_NegotiationInfo$ByReference.class
   JD: libs/jna_platform.jar/com/sun/jna/platform/win32/Sspi$SecPkgContext_NegotiationInfo.class
   JD: libs/jna_platform.jar/com/sun/jna/platform/win32/Sspi$SecPkgContext_PackageInfo$ByReference.class
   JD: libs/jna_platform.jar/com/sun/jna/platform/win32/Sspi$SecPkgContext_PackageInfo.class
   JD: libs/jna_platform.jar/com/sun/jna/platform/win32/Sspi$SecPkgContext_SessionKey$ByReference.class
   JD: libs/jna_platform.jar/com/sun/jna/platform/win32/Sspi$SecPkgContext_SessionKey.class
   JD: libs/jna_platform.jar/com/sun/jna/platform/win32/Sspi$SecPkgContext_Sizes$ByReference.class
   JD: libs/jna_platform.jar/com/sun/jna/platform/win32/Sspi$SecPkgContext_Sizes.class
   JD: libs/jna_platform.jar/com/sun/jna/platform/win32/Sspi$SecPkgCredentials_Names$ByReference.class
   JD: libs/jna_platform.jar/com/sun/jna/platform/win32/Sspi$SecPkgCredentials_Names.class
   JD: libs/jna_platform.jar/com/sun/jna/platform/win32/Sspi$SecPkgInfo$ByReference.class
   JD: libs/jna_platform.jar/com/sun/jna/platform/win32/Sspi$SecPkgInfo.class
   JD: libs/jna_platform.jar/com/sun/jna/platform/win32/Sspi$TimeStamp.class
   JD: libs/jna_platform.jar/com/sun/jna/platform/win32/Sspi.class
   JD: libs/jna_platform.jar/com/sun/jna/platform/win32/SspiUtil$ManagedSecBufferDesc.class
   JD: libs/jna_platform.jar/com/sun/jna/platform/win32/SspiUtil.class
   JD: libs/jna_platform.jar/com/sun/jna/platform/win32/Tlhelp32$MODULEENTRY32W$ByReference.class
   JD: libs/jna_platform.jar/com/sun/jna/platform/win32/Tlhelp32$MODULEENTRY32W.class
   JD: libs/jna_platform.jar/com/sun/jna/platform/win32/Tlhelp32$PROCESSENTRY32$ByReference.class
   JD: libs/jna_platform.jar/com/sun/jna/platform/win32/Tlhelp32$PROCESSENTRY32.class
   JD: libs/jna_platform.jar/com/sun/jna/platform/win32/Tlhelp32$THREADENTRY32$ByReference.class
   JD: libs/jna_platform.jar/com/sun/jna/platform/win32/Tlhelp32$THREADENTRY32.class
   JD: libs/jna_platform.jar/com/sun/jna/platform/win32/Tlhelp32.class
   JD: libs/jna_platform.jar/com/sun/jna/platform/win32/User32.class
   JD: libs/jna_platform.jar/com/sun/jna/platform/win32/User32Util$MessageLoopThread$Handler$1.class
   JD: libs/jna_platform.jar/com/sun/jna/platform/win32/User32Util$MessageLoopThread$Handler.class
   JD: libs/jna_platform.jar/com/sun/jna/platform/win32/User32Util$MessageLoopThread.class
   JD: libs/jna_platform.jar/com/sun/jna/platform/win32/User32Util.class
   JD: libs/jna_platform.jar/com/sun/jna/platform/win32/Variant$VARIANT$ByReference.class
   JD: libs/jna_platform.jar/com/sun/jna/platform/win32/Variant$VARIANT$ByValue.class
   JD: libs/jna_platform.jar/com/sun/jna/platform/win32/Variant$VARIANT$_VARIANT$__VARIANT$BRECORD$ByReference.class
   JD: libs/jna_platform.jar/com/sun/jna/platform/win32/Variant$VARIANT$_VARIANT$__VARIANT$BRECORD.class
   JD: libs/jna_platform.jar/com/sun/jna/platform/win32/Variant$VARIANT$_VARIANT$__VARIANT.class
   JD: libs/jna_platform.jar/com/sun/jna/platform/win32/Variant$VARIANT$_VARIANT.class
   JD: libs/jna_platform.jar/com/sun/jna/platform/win32/Variant$VARIANT.class
   JD: libs/jna_platform.jar/com/sun/jna/platform/win32/Variant$VariantArg$ByReference.class
   JD: libs/jna_platform.jar/com/sun/jna/platform/win32/Variant$VariantArg.class
   JD: libs/jna_platform.jar/com/sun/jna/platform/win32/Variant.class
   JD: libs/jna_platform.jar/com/sun/jna/platform/win32/VerRsrc$VS_FIXEDFILEINFO$ByReference.class
   JD: libs/jna_platform.jar/com/sun/jna/platform/win32/VerRsrc$VS_FIXEDFILEINFO.class
   JD: libs/jna_platform.jar/com/sun/jna/platform/win32/VerRsrc.class
   JD: libs/jna_platform.jar/com/sun/jna/platform/win32/Version.class
   JD: libs/jna_platform.jar/com/sun/jna/platform/win32/VersionHelpers.class
   JD: libs/jna_platform.jar/com/sun/jna/platform/win32/VersionUtil.class
   JD: libs/jna_platform.jar/com/sun/jna/platform/win32/W32Errors.class
   JD: libs/jna_platform.jar/com/sun/jna/platform/win32/W32FileMonitor$1.class
   JD: libs/jna_platform.jar/com/sun/jna/platform/win32/W32FileMonitor$FileInfo.class
   JD: libs/jna_platform.jar/com/sun/jna/platform/win32/W32FileMonitor.class
   JD: libs/jna_platform.jar/com/sun/jna/platform/win32/W32FileUtils.class
   JD: libs/jna_platform.jar/com/sun/jna/platform/win32/W32Service.class
   JD: libs/jna_platform.jar/com/sun/jna/platform/win32/W32ServiceManager.class
   JD: libs/jna_platform.jar/com/sun/jna/platform/win32/WTypes$BSTR$ByReference.class.removed
   JD: libs/jna_platform.jar/com/sun/jna/platform/win32/WTypes$BSTR.class
   JD: libs/jna_platform.jar/com/sun/jna/platform/win32/WTypes$BSTRByReference.class
   JD: libs/jna_platform.jar/com/sun/jna/platform/win32/WTypes$LPOLESTR$ByReference.class
   JD: libs/jna_platform.jar/com/sun/jna/platform/win32/WTypes$LPOLESTR.class
   JD: libs/jna_platform.jar/com/sun/jna/platform/win32/WTypes$LPSTR$ByReference.class
   JD: libs/jna_platform.jar/com/sun/jna/platform/win32/WTypes$LPSTR.class
   JD: libs/jna_platform.jar/com/sun/jna/platform/win32/WTypes$LPWSTR$ByReference.class
   JD: libs/jna_platform.jar/com/sun/jna/platform/win32/WTypes$LPWSTR.class
   JD: libs/jna_platform.jar/com/sun/jna/platform/win32/WTypes$VARTYPE.class
   JD: libs/jna_platform.jar/com/sun/jna/platform/win32/WTypes$VARTYPEByReference.class
   JD: libs/jna_platform.jar/com/sun/jna/platform/win32/WTypes.class
   JD: libs/jna_platform.jar/com/sun/jna/platform/win32/Wdm$KEY_BASIC_INFORMATION.class
   JD: libs/jna_platform.jar/com/sun/jna/platform/win32/Wdm$KEY_INFORMATION_CLASS.class
   JD: libs/jna_platform.jar/com/sun/jna/platform/win32/Wdm.class
   JD: libs/jna_platform.jar/com/sun/jna/platform/win32/Wevtapi.class
   JD: libs/jna_platform.jar/com/sun/jna/platform/win32/WevtapiUtil.class
   JD: libs/jna_platform.jar/com/sun/jna/platform/win32/Win32Exception.class
   JD: libs/jna_platform.jar/com/sun/jna/platform/win32/Win32VK.class
   JD: libs/jna_platform.jar/com/sun/jna/platform/win32/WinBase$COMMTIMEOUTS.class
   JD: libs/jna_platform.jar/com/sun/jna/platform/win32/WinBase$COMPUTER_NAME_FORMAT.class
   JD: libs/jna_platform.jar/com/sun/jna/platform/win32/WinBase$DCB$DCBControllBits.class
   JD: libs/jna_platform.jar/com/sun/jna/platform/win32/WinBase$DCB.class
   JD: libs/jna_platform.jar/com/sun/jna/platform/win32/WinBase$EnumResNameProc.class
   JD: libs/jna_platform.jar/com/sun/jna/platform/win32/WinBase$EnumResTypeProc.class
   JD: libs/jna_platform.jar/com/sun/jna/platform/win32/WinBase$FE_EXPORT_FUNC.class
   JD: libs/jna_platform.jar/com/sun/jna/platform/win32/WinBase$FE_IMPORT_FUNC.class
   JD: libs/jna_platform.jar/com/sun/jna/platform/win32/WinBase$FILETIME$ByReference.class
   JD: libs/jna_platform.jar/com/sun/jna/platform/win32/WinBase$FILETIME.class
   JD: libs/jna_platform.jar/com/sun/jna/platform/win32/WinBase$FILE_ATTRIBUTE_TAG_INFO$ByReference.class
   JD: libs/jna_platform.jar/com/sun/jna/platform/win32/WinBase$FILE_ATTRIBUTE_TAG_INFO.class
   JD: libs/jna_platform.jar/com/sun/jna/platform/win32/WinBase$FILE_BASIC_INFO$ByReference.class
   JD: libs/jna_platform.jar/com/sun/jna/platform/win32/WinBase$FILE_BASIC_INFO.class
   JD: libs/jna_platform.jar/com/sun/jna/platform/win32/WinBase$FILE_COMPRESSION_INFO$ByReference.class
   JD: libs/jna_platform.jar/com/sun/jna/platform/win32/WinBase$FILE_COMPRESSION_INFO.class
   JD: libs/jna_platform.jar/com/sun/jna/platform/win32/WinBase$FILE_DISPOSITION_INFO$ByReference.class
   JD: libs/jna_platform.jar/com/sun/jna/platform/win32/WinBase$FILE_DISPOSITION_INFO.class
   JD: libs/jna_platform.jar/com/sun/jna/platform/win32/WinBase$FILE_ID_INFO$ByReference.class
   JD: libs/jna_platform.jar/com/sun/jna/platform/win32/WinBase$FILE_ID_INFO$FILE_ID_128.class
   JD: libs/jna_platform.jar/com/sun/jna/platform/win32/WinBase$FILE_ID_INFO.class
   JD: libs/jna_platform.jar/com/sun/jna/platform/win32/WinBase$FILE_STANDARD_INFO$ByReference.class
   JD: libs/jna_platform.jar/com/sun/jna/platform/win32/WinBase$FILE_STANDARD_INFO.class
   JD: libs/jna_platform.jar/com/sun/jna/platform/win32/WinBase$FOREIGN_THREAD_START_ROUTINE.class
   JD: libs/jna_platform.jar/com/sun/jna/platform/win32/WinBase$MEMORYSTATUSEX.class
   JD: libs/jna_platform.jar/com/sun/jna/platform/win32/WinBase$OVERLAPPED.class
   JD: libs/jna_platform.jar/com/sun/jna/platform/win32/WinBase$PROCESS_INFORMATION$ByReference.class
   JD: libs/jna_platform.jar/com/sun/jna/platform/win32/WinBase$PROCESS_INFORMATION.class
   JD: libs/jna_platform.jar/com/sun/jna/platform/win32/WinBase$SECURITY_ATTRIBUTES.class
   JD: libs/jna_platform.jar/com/sun/jna/platform/win32/WinBase$STARTUPINFO.class
   JD: libs/jna_platform.jar/com/sun/jna/platform/win32/WinBase$SYSTEMTIME.class
   JD: libs/jna_platform.jar/com/sun/jna/platform/win32/WinBase$SYSTEM_INFO$PI$ByReference.class
   JD: libs/jna_platform.jar/com/sun/jna/platform/win32/WinBase$SYSTEM_INFO$PI.class
   JD: libs/jna_platform.jar/com/sun/jna/platform/win32/WinBase$SYSTEM_INFO$UNION$ByReference.class
   JD: libs/jna_platform.jar/com/sun/jna/platform/win32/WinBase$SYSTEM_INFO$UNION.class
   JD: libs/jna_platform.jar/com/sun/jna/platform/win32/WinBase$SYSTEM_INFO.class
   JD: libs/jna_platform.jar/com/sun/jna/platform/win32/WinBase$THREAD_START_ROUTINE.class
   JD: libs/jna_platform.jar/com/sun/jna/platform/win32/WinBase$TIME_ZONE_INFORMATION.class
   JD: libs/jna_platform.jar/com/sun/jna/platform/win32/WinBase$WIN32_FIND_DATA$ByReference.class
   JD: libs/jna_platform.jar/com/sun/jna/platform/win32/WinBase$WIN32_FIND_DATA.class
   JD: libs/jna_platform.jar/com/sun/jna/platform/win32/WinBase.class
   JD: libs/jna_platform.jar/com/sun/jna/platform/win32/WinCrypt$CERT_CHAIN_CONTEXT$ByReference.class
   JD: libs/jna_platform.jar/com/sun/jna/platform/win32/WinCrypt$CERT_CHAIN_CONTEXT.class
   JD: libs/jna_platform.jar/com/sun/jna/platform/win32/WinCrypt$CERT_CHAIN_ELEMENT$ByReference.class
   JD: libs/jna_platform.jar/com/sun/jna/platform/win32/WinCrypt$CERT_CHAIN_ELEMENT.class
   JD: libs/jna_platform.jar/com/sun/jna/platform/win32/WinCrypt$CERT_CHAIN_PARA$ByReference.class
   JD: libs/jna_platform.jar/com/sun/jna/platform/win32/WinCrypt$CERT_CHAIN_PARA.class
   JD: libs/jna_platform.jar/com/sun/jna/platform/win32/WinCrypt$CERT_CHAIN_POLICY_PARA$ByReference.class
   JD: libs/jna_platform.jar/com/sun/jna/platform/win32/WinCrypt$CERT_CHAIN_POLICY_PARA.class
   JD: libs/jna_platform.jar/com/sun/jna/platform/win32/WinCrypt$CERT_CHAIN_POLICY_STATUS$ByReference.class
   JD: libs/jna_platform.jar/com/sun/jna/platform/win32/WinCrypt$CERT_CHAIN_POLICY_STATUS.class
   JD: libs/jna_platform.jar/com/sun/jna/platform/win32/WinCrypt$CERT_CONTEXT$ByReference.class
   JD: libs/jna_platform.jar/com/sun/jna/platform/win32/WinCrypt$CERT_CONTEXT.class
   JD: libs/jna_platform.jar/com/sun/jna/platform/win32/WinCrypt$CERT_EXTENSION$ByReference.class
   JD: libs/jna_platform.jar/com/sun/jna/platform/win32/WinCrypt$CERT_EXTENSION.class
   JD: libs/jna_platform.jar/com/sun/jna/platform/win32/WinCrypt$CERT_EXTENSIONS$ByReference.class
   JD: libs/jna_platform.jar/com/sun/jna/platform/win32/WinCrypt$CERT_EXTENSIONS.class
   JD: libs/jna_platform.jar/com/sun/jna/platform/win32/WinCrypt$CERT_INFO$ByReference.class
   JD: libs/jna_platform.jar/com/sun/jna/platform/win32/WinCrypt$CERT_INFO.class
   JD: libs/jna_platform.jar/com/sun/jna/platform/win32/WinCrypt$CERT_PUBLIC_KEY_INFO$ByReference.class
   JD: libs/jna_platform.jar/com/sun/jna/platform/win32/WinCrypt$CERT_PUBLIC_KEY_INFO.class
   JD: libs/jna_platform.jar/com/sun/jna/platform/win32/WinCrypt$CERT_REVOCATION_CRL_INFO$ByReference.class
   JD: libs/jna_platform.jar/com/sun/jna/platform/win32/WinCrypt$CERT_REVOCATION_CRL_INFO.class
   JD: libs/jna_platform.jar/com/sun/jna/platform/win32/WinCrypt$CERT_REVOCATION_INFO$ByReference.class
   JD: libs/jna_platform.jar/com/sun/jna/platform/win32/WinCrypt$CERT_REVOCATION_INFO.class
   JD: libs/jna_platform.jar/com/sun/jna/platform/win32/WinCrypt$CERT_SIMPLE_CHAIN$ByReference.class
   JD: libs/jna_platform.jar/com/sun/jna/platform/win32/WinCrypt$CERT_SIMPLE_CHAIN.class
   JD: libs/jna_platform.jar/com/sun/jna/platform/win32/WinCrypt$CERT_STRONG_SIGN_PARA$ByReference.class
   JD: libs/jna_platform.jar/com/sun/jna/platform/win32/WinCrypt$CERT_STRONG_SIGN_PARA$DUMMYUNION.class
   JD: libs/jna_platform.jar/com/sun/jna/platform/win32/WinCrypt$CERT_STRONG_SIGN_PARA.class
   JD: libs/jna_platform.jar/com/sun/jna/platform/win32/WinCrypt$CERT_STRONG_SIGN_SERIALIZED_INFO$ByReference.class
   JD: libs/jna_platform.jar/com/sun/jna/platform/win32/WinCrypt$CERT_STRONG_SIGN_SERIALIZED_INFO.class
   JD: libs/jna_platform.jar/com/sun/jna/platform/win32/WinCrypt$CERT_TRUST_LIST_INFO$ByReference.class
   JD: libs/jna_platform.jar/com/sun/jna/platform/win32/WinCrypt$CERT_TRUST_LIST_INFO.class
   JD: libs/jna_platform.jar/com/sun/jna/platform/win32/WinCrypt$CERT_TRUST_STATUS$ByReference.class
   JD: libs/jna_platform.jar/com/sun/jna/platform/win32/WinCrypt$CERT_TRUST_STATUS.class
   JD: libs/jna_platform.jar/com/sun/jna/platform/win32/WinCrypt$CERT_USAGE_MATCH$ByReference.class
   JD: libs/jna_platform.jar/com/sun/jna/platform/win32/WinCrypt$CERT_USAGE_MATCH.class
   JD: libs/jna_platform.jar/com/sun/jna/platform/win32/WinCrypt$CRL_CONTEXT$ByReference.class
   JD: libs/jna_platform.jar/com/sun/jna/platform/win32/WinCrypt$CRL_CONTEXT.class
   JD: libs/jna_platform.jar/com/sun/jna/platform/win32/WinCrypt$CRL_ENTRY$ByReference.class
   JD: libs/jna_platform.jar/com/sun/jna/platform/win32/WinCrypt$CRL_ENTRY.class
   JD: libs/jna_platform.jar/com/sun/jna/platform/win32/WinCrypt$CRL_INFO$ByReference.class
   JD: libs/jna_platform.jar/com/sun/jna/platform/win32/WinCrypt$CRL_INFO.class
   JD: libs/jna_platform.jar/com/sun/jna/platform/win32/WinCrypt$CRYPTPROTECT_PROMPTSTRUCT.class
   JD: libs/jna_platform.jar/com/sun/jna/platform/win32/WinCrypt$CRYPT_ALGORITHM_IDENTIFIER$ByReference.class
   JD: libs/jna_platform.jar/com/sun/jna/platform/win32/WinCrypt$CRYPT_ALGORITHM_IDENTIFIER.class
   JD: libs/jna_platform.jar/com/sun/jna/platform/win32/WinCrypt$CRYPT_ATTRIBUTE$ByReference.class
   JD: libs/jna_platform.jar/com/sun/jna/platform/win32/WinCrypt$CRYPT_ATTRIBUTE.class
   JD: libs/jna_platform.jar/com/sun/jna/platform/win32/WinCrypt$CRYPT_BIT_BLOB$ByReference.class
   JD: libs/jna_platform.jar/com/sun/jna/platform/win32/WinCrypt$CRYPT_BIT_BLOB.class
   JD: libs/jna_platform.jar/com/sun/jna/platform/win32/WinCrypt$CRYPT_KEY_PROV_INFO$ByReference.class
   JD: libs/jna_platform.jar/com/sun/jna/platform/win32/WinCrypt$CRYPT_KEY_PROV_INFO.class
   JD: libs/jna_platform.jar/com/sun/jna/platform/win32/WinCrypt$CRYPT_KEY_PROV_PARAM$ByReference.class
   JD: libs/jna_platform.jar/com/sun/jna/platform/win32/WinCrypt$CRYPT_KEY_PROV_PARAM.class
   JD: libs/jna_platform.jar/com/sun/jna/platform/win32/WinCrypt$CRYPT_SIGN_MESSAGE_PARA$ByReference.class
   JD: libs/jna_platform.jar/com/sun/jna/platform/win32/WinCrypt$CRYPT_SIGN_MESSAGE_PARA.class
   JD: libs/jna_platform.jar/com/sun/jna/platform/win32/WinCrypt$CRYPT_VERIFY_MESSAGE_PARA$ByReference.class
   JD: libs/jna_platform.jar/com/sun/jna/platform/win32/WinCrypt$CRYPT_VERIFY_MESSAGE_PARA.class
   JD: libs/jna_platform.jar/com/sun/jna/platform/win32/WinCrypt$CTL_CONTEXT$ByReference.class
   JD: libs/jna_platform.jar/com/sun/jna/platform/win32/WinCrypt$CTL_CONTEXT.class
   JD: libs/jna_platform.jar/com/sun/jna/platform/win32/WinCrypt$CTL_ENTRY$ByReference.class
   JD: libs/jna_platform.jar/com/sun/jna/platform/win32/WinCrypt$CTL_ENTRY.class
   JD: libs/jna_platform.jar/com/sun/jna/platform/win32/WinCrypt$CTL_INFO$ByReference.class
   JD: libs/jna_platform.jar/com/sun/jna/platform/win32/WinCrypt$CTL_INFO.class
   JD: libs/jna_platform.jar/com/sun/jna/platform/win32/WinCrypt$CTL_USAGE$ByReference.class
   JD: libs/jna_platform.jar/com/sun/jna/platform/win32/WinCrypt$CTL_USAGE.class
   JD: libs/jna_platform.jar/com/sun/jna/platform/win32/WinCrypt$CryptGetSignerCertificateCallback.class
   JD: libs/jna_platform.jar/com/sun/jna/platform/win32/WinCrypt$DATA_BLOB$ByReference.class
   JD: libs/jna_platform.jar/com/sun/jna/platform/win32/WinCrypt$DATA_BLOB.class
   JD: libs/jna_platform.jar/com/sun/jna/platform/win32/WinCrypt$HCERTCHAINENGINE.class
   JD: libs/jna_platform.jar/com/sun/jna/platform/win32/WinCrypt$HCERTSTORE.class
   JD: libs/jna_platform.jar/com/sun/jna/platform/win32/WinCrypt$HCRYPTMSG.class
   JD: libs/jna_platform.jar/com/sun/jna/platform/win32/WinCrypt$HCRYPTPROV_LEGACY.class
   JD: libs/jna_platform.jar/com/sun/jna/platform/win32/WinCrypt.class
   JD: libs/jna_platform.jar/com/sun/jna/platform/win32/WinCryptUtil$MANAGED_CRYPT_SIGN_MESSAGE_PARA.class
   JD: libs/jna_platform.jar/com/sun/jna/platform/win32/WinCryptUtil.class
   JD: libs/jna_platform.jar/com/sun/jna/platform/win32/WinDef$ATOM.class
   JD: libs/jna_platform.jar/com/sun/jna/platform/win32/WinDef$BOOL.class
   JD: libs/jna_platform.jar/com/sun/jna/platform/win32/WinDef$BOOLByReference.class
   JD: libs/jna_platform.jar/com/sun/jna/platform/win32/WinDef$BYTE.class
   JD: libs/jna_platform.jar/com/sun/jna/platform/win32/WinDef$CHAR.class
   JD: libs/jna_platform.jar/com/sun/jna/platform/win32/WinDef$CHARByReference.class
   JD: libs/jna_platform.jar/com/sun/jna/platform/win32/WinDef$DWORD.class
   JD: libs/jna_platform.jar/com/sun/jna/platform/win32/WinDef$DWORDByReference.class
   JD: libs/jna_platform.jar/com/sun/jna/platform/win32/WinDef$DWORDLONG.class
   JD: libs/jna_platform.jar/com/sun/jna/platform/win32/WinDef$HBITMAP.class
   JD: libs/jna_platform.jar/com/sun/jna/platform/win32/WinDef$HBRUSH.class
   JD: libs/jna_platform.jar/com/sun/jna/platform/win32/WinDef$HCURSOR.class
   JD: libs/jna_platform.jar/com/sun/jna/platform/win32/WinDef$HDC.class
   JD: libs/jna_platform.jar/com/sun/jna/platform/win32/WinDef$HFONT.class
   JD: libs/jna_platform.jar/com/sun/jna/platform/win32/WinDef$HGLRC.class
   JD: libs/jna_platform.jar/com/sun/jna/platform/win32/WinDef$HGLRCByReference.class
   JD: libs/jna_platform.jar/com/sun/jna/platform/win32/WinDef$HICON.class
   JD: libs/jna_platform.jar/com/sun/jna/platform/win32/WinDef$HINSTANCE.class
   JD: libs/jna_platform.jar/com/sun/jna/platform/win32/WinDef$HKL.class
   JD: libs/jna_platform.jar/com/sun/jna/platform/win32/WinDef$HMENU.class
   JD: libs/jna_platform.jar/com/sun/jna/platform/win32/WinDef$HMODULE.class
   JD: libs/jna_platform.jar/com/sun/jna/platform/win32/WinDef$HPALETTE.class
   JD: libs/jna_platform.jar/com/sun/jna/platform/win32/WinDef$HPEN.class
   JD: libs/jna_platform.jar/com/sun/jna/platform/win32/WinDef$HRGN.class
   JD: libs/jna_platform.jar/com/sun/jna/platform/win32/WinDef$HRSRC.class
   JD: libs/jna_platform.jar/com/sun/jna/platform/win32/WinDef$HWND.class
   JD: libs/jna_platform.jar/com/sun/jna/platform/win32/WinDef$INT_PTR.class
   JD: libs/jna_platform.jar/com/sun/jna/platform/win32/WinDef$LCID.class
   JD: libs/jna_platform.jar/com/sun/jna/platform/win32/WinDef$LONG.class
   JD: libs/jna_platform.jar/com/sun/jna/platform/win32/WinDef$LONGByReference.class
   JD: libs/jna_platform.jar/com/sun/jna/platform/win32/WinDef$LONGLONG.class
   JD: libs/jna_platform.jar/com/sun/jna/platform/win32/WinDef$LONGLONGByReference.class
   JD: libs/jna_platform.jar/com/sun/jna/platform/win32/WinDef$LPARAM.class
   JD: libs/jna_platform.jar/com/sun/jna/platform/win32/WinDef$LPVOID.class
   JD: libs/jna_platform.jar/com/sun/jna/platform/win32/WinDef$LRESULT.class
   JD: libs/jna_platform.jar/com/sun/jna/platform/win32/WinDef$POINT$ByReference.class
   JD: libs/jna_platform.jar/com/sun/jna/platform/win32/WinDef$POINT$ByValue.class
   JD: libs/jna_platform.jar/com/sun/jna/platform/win32/WinDef$POINT.class
   JD: libs/jna_platform.jar/com/sun/jna/platform/win32/WinDef$PVOID.class
   JD: libs/jna_platform.jar/com/sun/jna/platform/win32/WinDef$RECT.class
   JD: libs/jna_platform.jar/com/sun/jna/platform/win32/WinDef$SCODE.class
   JD: libs/jna_platform.jar/com/sun/jna/platform/win32/WinDef$SCODEByReference.class
   JD: libs/jna_platform.jar/com/sun/jna/platform/win32/WinDef$SHORT.class
   JD: libs/jna_platform.jar/com/sun/jna/platform/win32/WinDef$UCHAR.class
   JD: libs/jna_platform.jar/com/sun/jna/platform/win32/WinDef$UINT.class
   JD: libs/jna_platform.jar/com/sun/jna/platform/win32/WinDef$UINTByReference.class
   JD: libs/jna_platform.jar/com/sun/jna/platform/win32/WinDef$UINT_PTR.class
   JD: libs/jna_platform.jar/com/sun/jna/platform/win32/WinDef$ULONG.class
   JD: libs/jna_platform.jar/com/sun/jna/platform/win32/WinDef$ULONGByReference.class
   JD: libs/jna_platform.jar/com/sun/jna/platform/win32/WinDef$ULONGLONG.class
   JD: libs/jna_platform.jar/com/sun/jna/platform/win32/WinDef$ULONGLONGByReference.class
   JD: libs/jna_platform.jar/com/sun/jna/platform/win32/WinDef$USHORT.class
   JD: libs/jna_platform.jar/com/sun/jna/platform/win32/WinDef$USHORTByReference.class
   JD: libs/jna_platform.jar/com/sun/jna/platform/win32/WinDef$WORD.class
   JD: libs/jna_platform.jar/com/sun/jna/platform/win32/WinDef$WORDByReference.class
   JD: libs/jna_platform.jar/com/sun/jna/platform/win32/WinDef$WPARAM.class
   JD: libs/jna_platform.jar/com/sun/jna/platform/win32/WinDef.class
   JD: libs/jna_platform.jar/com/sun/jna/platform/win32/WinError.class
   JD: libs/jna_platform.jar/com/sun/jna/platform/win32/WinGDI$BITMAP.class
   JD: libs/jna_platform.jar/com/sun/jna/platform/win32/WinGDI$BITMAPINFO.class
   JD: libs/jna_platform.jar/com/sun/jna/platform/win32/WinGDI$BITMAPINFOHEADER.class
   JD: libs/jna_platform.jar/com/sun/jna/platform/win32/WinGDI$DIBSECTION.class
   JD: libs/jna_platform.jar/com/sun/jna/platform/win32/WinGDI$ICONINFO.class
   JD: libs/jna_platform.jar/com/sun/jna/platform/win32/WinGDI$PIXELFORMATDESCRIPTOR$ByReference.class
   JD: libs/jna_platform.jar/com/sun/jna/platform/win32/WinGDI$PIXELFORMATDESCRIPTOR.class
   JD: libs/jna_platform.jar/com/sun/jna/platform/win32/WinGDI$RGBQUAD.class
   JD: libs/jna_platform.jar/com/sun/jna/platform/win32/WinGDI$RGNDATA.class
   JD: libs/jna_platform.jar/com/sun/jna/platform/win32/WinGDI$RGNDATAHEADER.class
   JD: libs/jna_platform.jar/com/sun/jna/platform/win32/WinGDI.class
   JD: libs/jna_platform.jar/com/sun/jna/platform/win32/WinNT$ACCESS_ACEStructure.class
   JD: libs/jna_platform.jar/com/sun/jna/platform/win32/WinNT$ACCESS_ALLOWED_ACE.class
   JD: libs/jna_platform.jar/com/sun/jna/platform/win32/WinNT$ACCESS_DENIED_ACE.class
   JD: libs/jna_platform.jar/com/sun/jna/platform/win32/WinNT$ACEStructure.class.removed
   JD: libs/jna_platform.jar/com/sun/jna/platform/win32/WinNT$ACE_HEADER.class
   JD: libs/jna_platform.jar/com/sun/jna/platform/win32/WinNT$ACL.class
   JD: libs/jna_platform.jar/com/sun/jna/platform/win32/WinNT$BATTERY_REPORTING_SCALE.class
   JD: libs/jna_platform.jar/com/sun/jna/platform/win32/WinNT$CACHE_DESCRIPTOR.class
   JD: libs/jna_platform.jar/com/sun/jna/platform/win32/WinNT$CACHE_RELATIONSHIP.class
   JD: libs/jna_platform.jar/com/sun/jna/platform/win32/WinNT$EVENTLOGRECORD.class
   JD: libs/jna_platform.jar/com/sun/jna/platform/win32/WinNT$FILE_NOTIFY_INFORMATION.class
   JD: libs/jna_platform.jar/com/sun/jna/platform/win32/WinNT$GENERIC_MAPPING$ByReference.class
   JD: libs/jna_platform.jar/com/sun/jna/platform/win32/WinNT$GENERIC_MAPPING.class
   JD: libs/jna_platform.jar/com/sun/jna/platform/win32/WinNT$GROUP_AFFINITY.class
   JD: libs/jna_platform.jar/com/sun/jna/platform/win32/WinNT$GROUP_RELATIONSHIP.class
   JD: libs/jna_platform.jar/com/sun/jna/platform/win32/WinNT$HANDLE.class
   JD: libs/jna_platform.jar/com/sun/jna/platform/win32/WinNT$HANDLEByReference.class
   JD: libs/jna_platform.jar/com/sun/jna/platform/win32/WinNT$HRESULT.class
   JD: libs/jna_platform.jar/com/sun/jna/platform/win32/WinNT$IO_COUNTERS.class
   JD: libs/jna_platform.jar/com/sun/jna/platform/win32/WinNT$LARGE_INTEGER$ByReference.class
   JD: libs/jna_platform.jar/com/sun/jna/platform/win32/WinNT$LARGE_INTEGER$LowHigh.class
   JD: libs/jna_platform.jar/com/sun/jna/platform/win32/WinNT$LARGE_INTEGER$UNION.class
   JD: libs/jna_platform.jar/com/sun/jna/platform/win32/WinNT$LARGE_INTEGER.class
   JD: libs/jna_platform.jar/com/sun/jna/platform/win32/WinNT$LUID.class
   JD: libs/jna_platform.jar/com/sun/jna/platform/win32/WinNT$LUID_AND_ATTRIBUTES.class
   JD: libs/jna_platform.jar/com/sun/jna/platform/win32/WinNT$LocaleMacros.class
   JD: libs/jna_platform.jar/com/sun/jna/platform/win32/WinNT$MEMORY_BASIC_INFORMATION.class
   JD: libs/jna_platform.jar/com/sun/jna/platform/win32/WinNT$NUMA_NODE_RELATIONSHIP.class
   JD: libs/jna_platform.jar/com/sun/jna/platform/win32/WinNT$OSVERSIONINFO.class
   JD: libs/jna_platform.jar/com/sun/jna/platform/win32/WinNT$OSVERSIONINFOEX.class
   JD: libs/jna_platform.jar/com/sun/jna/platform/win32/WinNT$PACLByReference.class
   JD: libs/jna_platform.jar/com/sun/jna/platform/win32/WinNT$POWER_ACTION.class
   JD: libs/jna_platform.jar/com/sun/jna/platform/win32/WinNT$POWER_ACTION_POLICY.class
   JD: libs/jna_platform.jar/com/sun/jna/platform/win32/WinNT$PRIVILEGE_SET.class
   JD: libs/jna_platform.jar/com/sun/jna/platform/win32/WinNT$PROCESSOR_CACHE_TYPE.class
   JD: libs/jna_platform.jar/com/sun/jna/platform/win32/WinNT$PROCESSOR_GROUP_INFO.class
   JD: libs/jna_platform.jar/com/sun/jna/platform/win32/WinNT$PROCESSOR_POWER_INFORMATION.class
   JD: libs/jna_platform.jar/com/sun/jna/platform/win32/WinNT$PROCESSOR_RELATIONSHIP.class
   JD: libs/jna_platform.jar/com/sun/jna/platform/win32/WinNT$PSID$ByReference.class
   JD: libs/jna_platform.jar/com/sun/jna/platform/win32/WinNT$PSID.class
   JD: libs/jna_platform.jar/com/sun/jna/platform/win32/WinNT$PSIDByReference.class
   JD: libs/jna_platform.jar/com/sun/jna/platform/win32/WinNT$SECURITY_DESCRIPTOR$ByReference.class
   JD: libs/jna_platform.jar/com/sun/jna/platform/win32/WinNT$SECURITY_DESCRIPTOR.class
   JD: libs/jna_platform.jar/com/sun/jna/platform/win32/WinNT$SECURITY_DESCRIPTOR_RELATIVE$ByReference.class
   JD: libs/jna_platform.jar/com/sun/jna/platform/win32/WinNT$SECURITY_DESCRIPTOR_RELATIVE.class
   JD: libs/jna_platform.jar/com/sun/jna/platform/win32/WinNT$SECURITY_IMPERSONATION_LEVEL.class
   JD: libs/jna_platform.jar/com/sun/jna/platform/win32/WinNT$SECURITY_QUALITY_OF_SERVICE.class
   JD: libs/jna_platform.jar/com/sun/jna/platform/win32/WinNT$SID_AND_ATTRIBUTES.class
   JD: libs/jna_platform.jar/com/sun/jna/platform/win32/WinNT$SID_NAME_USE.class
   JD: libs/jna_platform.jar/com/sun/jna/platform/win32/WinNT$SYSTEM_BATTERY_STATE.class
   JD: libs/jna_platform.jar/com/sun/jna/platform/win32/WinNT$SYSTEM_LOGICAL_PROCESSOR_INFORMATION$AnonymousStructNumaNode.class
   JD: libs/jna_platform.jar/com/sun/jna/platform/win32/WinNT$SYSTEM_LOGICAL_PROCESSOR_INFORMATION$AnonymousStructProcessorCore.class
   JD: libs/jna_platform.jar/com/sun/jna/platform/win32/WinNT$SYSTEM_LOGICAL_PROCESSOR_INFORMATION$AnonymousUnionPayload.class
   JD: libs/jna_platform.jar/com/sun/jna/platform/win32/WinNT$SYSTEM_LOGICAL_PROCESSOR_INFORMATION.class
   JD: libs/jna_platform.jar/com/sun/jna/platform/win32/WinNT$SYSTEM_LOGICAL_PROCESSOR_INFORMATION_EX.class
   JD: libs/jna_platform.jar/com/sun/jna/platform/win32/WinNT$SYSTEM_POWER_CAPABILITIES.class
   JD: libs/jna_platform.jar/com/sun/jna/platform/win32/WinNT$SYSTEM_POWER_INFORMATION.class
   JD: libs/jna_platform.jar/com/sun/jna/platform/win32/WinNT$SYSTEM_POWER_LEVEL.class
   JD: libs/jna_platform.jar/com/sun/jna/platform/win32/WinNT$SYSTEM_POWER_POLICY.class
   JD: libs/jna_platform.jar/com/sun/jna/platform/win32/WinNT$SYSTEM_POWER_STATE.class
   JD: libs/jna_platform.jar/com/sun/jna/platform/win32/WinNT$TOKEN_GROUPS.class
   JD: libs/jna_platform.jar/com/sun/jna/platform/win32/WinNT$TOKEN_INFORMATION_CLASS.class
   JD: libs/jna_platform.jar/com/sun/jna/platform/win32/WinNT$TOKEN_OWNER.class
   JD: libs/jna_platform.jar/com/sun/jna/platform/win32/WinNT$TOKEN_PRIMARY_GROUP.class
   JD: libs/jna_platform.jar/com/sun/jna/platform/win32/WinNT$TOKEN_PRIVILEGES.class
   JD: libs/jna_platform.jar/com/sun/jna/platform/win32/WinNT$TOKEN_TYPE.class
   JD: libs/jna_platform.jar/com/sun/jna/platform/win32/WinNT$TOKEN_USER.class
   JD: libs/jna_platform.jar/com/sun/jna/platform/win32/WinNT$WELL_KNOWN_SID_TYPE.class
   JD: libs/jna_platform.jar/com/sun/jna/platform/win32/WinNT.class
   JD: libs/jna_platform.jar/com/sun/jna/platform/win32/WinPerf$PERF_COUNTER_BLOCK.class
   JD: libs/jna_platform.jar/com/sun/jna/platform/win32/WinPerf$PERF_COUNTER_DEFINITION.class
   JD: libs/jna_platform.jar/com/sun/jna/platform/win32/WinPerf$PERF_DATA_BLOCK.class
   JD: libs/jna_platform.jar/com/sun/jna/platform/win32/WinPerf$PERF_INSTANCE_DEFINITION.class
   JD: libs/jna_platform.jar/com/sun/jna/platform/win32/WinPerf$PERF_OBJECT_TYPE.class
   JD: libs/jna_platform.jar/com/sun/jna/platform/win32/WinPerf.class
   JD: libs/jna_platform.jar/com/sun/jna/platform/win32/WinRas$RASCONN$ByReference.class
   JD: libs/jna_platform.jar/com/sun/jna/platform/win32/WinRas$RASCONN.class
   JD: libs/jna_platform.jar/com/sun/jna/platform/win32/WinRas$RASCONNSTATUS.class
   JD: libs/jna_platform.jar/com/sun/jna/platform/win32/WinRas$RASCREDENTIALS$ByReference.class
   JD: libs/jna_platform.jar/com/sun/jna/platform/win32/WinRas$RASCREDENTIALS.class
   JD: libs/jna_platform.jar/com/sun/jna/platform/win32/WinRas$RASDEVSPECIFICINFO.class
   JD: libs/jna_platform.jar/com/sun/jna/platform/win32/WinRas$RASDIALEXTENSIONS$ByReference.class
   JD: libs/jna_platform.jar/com/sun/jna/platform/win32/WinRas$RASDIALEXTENSIONS.class
   JD: libs/jna_platform.jar/com/sun/jna/platform/win32/WinRas$RASDIALPARAMS$ByReference.class
   JD: libs/jna_platform.jar/com/sun/jna/platform/win32/WinRas$RASDIALPARAMS.class
   JD: libs/jna_platform.jar/com/sun/jna/platform/win32/WinRas$RASEAPINFO.class
   JD: libs/jna_platform.jar/com/sun/jna/platform/win32/WinRas$RASENTRY$ByReference.class
   JD: libs/jna_platform.jar/com/sun/jna/platform/win32/WinRas$RASENTRY.class
   JD: libs/jna_platform.jar/com/sun/jna/platform/win32/WinRas$RASIPADDR.class
   JD: libs/jna_platform.jar/com/sun/jna/platform/win32/WinRas$RASIPV4ADDR.class
   JD: libs/jna_platform.jar/com/sun/jna/platform/win32/WinRas$RASIPV6ADDR.class
   JD: libs/jna_platform.jar/com/sun/jna/platform/win32/WinRas$RASPPPIP$ByReference.class
   JD: libs/jna_platform.jar/com/sun/jna/platform/win32/WinRas$RASPPPIP.class
   JD: libs/jna_platform.jar/com/sun/jna/platform/win32/WinRas$RASTUNNELENDPOINT$UNION$ByReference.class
   JD: libs/jna_platform.jar/com/sun/jna/platform/win32/WinRas$RASTUNNELENDPOINT$UNION.class
   JD: libs/jna_platform.jar/com/sun/jna/platform/win32/WinRas$RASTUNNELENDPOINT.class
   JD: libs/jna_platform.jar/com/sun/jna/platform/win32/WinRas$RAS_STATS.class
   JD: libs/jna_platform.jar/com/sun/jna/platform/win32/WinRas.class
   JD: libs/jna_platform.jar/com/sun/jna/platform/win32/WinReg$HKEY.class
   JD: libs/jna_platform.jar/com/sun/jna/platform/win32/WinReg$HKEYByReference.class
   JD: libs/jna_platform.jar/com/sun/jna/platform/win32/WinReg.class
   JD: libs/jna_platform.jar/com/sun/jna/platform/win32/WinUser$BLENDFUNCTION.class
   JD: libs/jna_platform.jar/com/sun/jna/platform/win32/WinUser$COPYDATASTRUCT.class
   JD: libs/jna_platform.jar/com/sun/jna/platform/win32/WinUser$CWPSTRUCT.class
   JD: libs/jna_platform.jar/com/sun/jna/platform/win32/WinUser$FLASHWINFO.class
   JD: libs/jna_platform.jar/com/sun/jna/platform/win32/WinUser$GUITHREADINFO.class
   JD: libs/jna_platform.jar/com/sun/jna/platform/win32/WinUser$HARDWAREINPUT$ByReference.class
   JD: libs/jna_platform.jar/com/sun/jna/platform/win32/WinUser$HARDWAREINPUT.class
   JD: libs/jna_platform.jar/com/sun/jna/platform/win32/WinUser$HDEVNOTIFY.class
   JD: libs/jna_platform.jar/com/sun/jna/platform/win32/WinUser$HHOOK.class
   JD: libs/jna_platform.jar/com/sun/jna/platform/win32/WinUser$HMONITOR.class
   JD: libs/jna_platform.jar/com/sun/jna/platform/win32/WinUser$INPUT$ByReference.class
   JD: libs/jna_platform.jar/com/sun/jna/platform/win32/WinUser$INPUT$INPUT_UNION.class
   JD: libs/jna_platform.jar/com/sun/jna/platform/win32/WinUser$INPUT.class
   JD: libs/jna_platform.jar/com/sun/jna/platform/win32/WinUser$KBDLLHOOKSTRUCT.class
   JD: libs/jna_platform.jar/com/sun/jna/platform/win32/WinUser$KEYBDINPUT$ByReference.class
   JD: libs/jna_platform.jar/com/sun/jna/platform/win32/WinUser$KEYBDINPUT.class
   JD: libs/jna_platform.jar/com/sun/jna/platform/win32/WinUser$LASTINPUTINFO.class
   JD: libs/jna_platform.jar/com/sun/jna/platform/win32/WinUser$MONITORENUMPROC.class
   JD: libs/jna_platform.jar/com/sun/jna/platform/win32/WinUser$MONITORINFO.class
   JD: libs/jna_platform.jar/com/sun/jna/platform/win32/WinUser$MONITORINFOEX.class
   JD: libs/jna_platform.jar/com/sun/jna/platform/win32/WinUser$MOUSEINPUT$ByReference.class
   JD: libs/jna_platform.jar/com/sun/jna/platform/win32/WinUser$MOUSEINPUT.class
   JD: libs/jna_platform.jar/com/sun/jna/platform/win32/WinUser$MSG.class
   JD: libs/jna_platform.jar/com/sun/jna/platform/win32/WinUser$RAWINPUTDEVICELIST.class
   JD: libs/jna_platform.jar/com/sun/jna/platform/win32/WinUser$SIZE.class
   JD: libs/jna_platform.jar/com/sun/jna/platform/win32/WinUser$WINDOWINFO.class
   JD: libs/jna_platform.jar/com/sun/jna/platform/win32/WinUser$WINDOWPLACEMENT.class
   JD: libs/jna_platform.jar/com/sun/jna/platform/win32/WinUser$WNDCLASSEX$ByReference.class
   JD: libs/jna_platform.jar/com/sun/jna/platform/win32/WinUser$WNDCLASSEX.class
   JD: libs/jna_platform.jar/com/sun/jna/platform/win32/WinUser$WinEventProc.class
   JD: libs/jna_platform.jar/com/sun/jna/platform/win32/WinUser$WindowProc.class
   JD: libs/jna_platform.jar/com/sun/jna/platform/win32/WinUser.class
   JD: libs/jna_platform.jar/com/sun/jna/platform/win32/Wincon$CONSOLE_SCREEN_BUFFER_INFO.class
   JD: libs/jna_platform.jar/com/sun/jna/platform/win32/Wincon$COORD.class
   JD: libs/jna_platform.jar/com/sun/jna/platform/win32/Wincon$INPUT_RECORD$Event.class
   JD: libs/jna_platform.jar/com/sun/jna/platform/win32/Wincon$INPUT_RECORD.class
   JD: libs/jna_platform.jar/com/sun/jna/platform/win32/Wincon$KEY_EVENT_RECORD.class
   JD: libs/jna_platform.jar/com/sun/jna/platform/win32/Wincon$MOUSE_EVENT_RECORD.class
   JD: libs/jna_platform.jar/com/sun/jna/platform/win32/Wincon$SMALL_RECT.class
   JD: libs/jna_platform.jar/com/sun/jna/platform/win32/Wincon$WINDOW_BUFFER_SIZE_RECORD.class
   JD: libs/jna_platform.jar/com/sun/jna/platform/win32/Wincon.class
   JD: libs/jna_platform.jar/com/sun/jna/platform/win32/Winevt$1.class
   JD: libs/jna_platform.jar/com/sun/jna/platform/win32/Winevt$EVT_CHANNEL_CLOCK_TYPE.class
   JD: libs/jna_platform.jar/com/sun/jna/platform/win32/Winevt$EVT_CHANNEL_CONFIG_PROPERTY_ID.class
   JD: libs/jna_platform.jar/com/sun/jna/platform/win32/Winevt$EVT_CHANNEL_ISOLATION_TYPE.class
   JD: libs/jna_platform.jar/com/sun/jna/platform/win32/Winevt$EVT_CHANNEL_REFERENCE_FLAGS.class
   JD: libs/jna_platform.jar/com/sun/jna/platform/win32/Winevt$EVT_CHANNEL_SID_TYPE.class
   JD: libs/jna_platform.jar/com/sun/jna/platform/win32/Winevt$EVT_CHANNEL_TYPE.class
   JD: libs/jna_platform.jar/com/sun/jna/platform/win32/Winevt$EVT_EVENT_METADATA_PROPERTY_ID.class
   JD: libs/jna_platform.jar/com/sun/jna/platform/win32/Winevt$EVT_EVENT_PROPERTY_ID.class
   JD: libs/jna_platform.jar/com/sun/jna/platform/win32/Winevt$EVT_EXPORTLOG_FLAGS.class
   JD: libs/jna_platform.jar/com/sun/jna/platform/win32/Winevt$EVT_FORMAT_MESSAGE_FLAGS.class
   JD: libs/jna_platform.jar/com/sun/jna/platform/win32/Winevt$EVT_HANDLE.class
   JD: libs/jna_platform.jar/com/sun/jna/platform/win32/Winevt$EVT_LOGIN_CLASS.class
   JD: libs/jna_platform.jar/com/sun/jna/platform/win32/Winevt$EVT_LOG_PROPERTY_ID.class
   JD: libs/jna_platform.jar/com/sun/jna/platform/win32/Winevt$EVT_OPEN_LOG_FLAGS.class
   JD: libs/jna_platform.jar/com/sun/jna/platform/win32/Winevt$EVT_PUBLISHER_METADATA_PROPERTY_ID.class
   JD: libs/jna_platform.jar/com/sun/jna/platform/win32/Winevt$EVT_QUERY_FLAGS.class
   JD: libs/jna_platform.jar/com/sun/jna/platform/win32/Winevt$EVT_QUERY_PROPERTY_ID.class
   JD: libs/jna_platform.jar/com/sun/jna/platform/win32/Winevt$EVT_RENDER_CONTEXT_FLAGS.class
   JD: libs/jna_platform.jar/com/sun/jna/platform/win32/Winevt$EVT_RENDER_FLAGS.class
   JD: libs/jna_platform.jar/com/sun/jna/platform/win32/Winevt$EVT_RPC_LOGIN$ByReference.class
   JD: libs/jna_platform.jar/com/sun/jna/platform/win32/Winevt$EVT_RPC_LOGIN$ByValue.class
   JD: libs/jna_platform.jar/com/sun/jna/platform/win32/Winevt$EVT_RPC_LOGIN.class
   JD: libs/jna_platform.jar/com/sun/jna/platform/win32/Winevt$EVT_RPC_LOGIN_FLAGS.class
   JD: libs/jna_platform.jar/com/sun/jna/platform/win32/Winevt$EVT_SEEK_FLAGS.class
   JD: libs/jna_platform.jar/com/sun/jna/platform/win32/Winevt$EVT_SUBSCRIBE_FLAGS.class
   JD: libs/jna_platform.jar/com/sun/jna/platform/win32/Winevt$EVT_SUBSCRIBE_NOTIFY_ACTION.class
   JD: libs/jna_platform.jar/com/sun/jna/platform/win32/Winevt$EVT_SYSTEM_PROPERTY_ID.class
   JD: libs/jna_platform.jar/com/sun/jna/platform/win32/Winevt$EVT_VARIANT$ByReference.class
   JD: libs/jna_platform.jar/com/sun/jna/platform/win32/Winevt$EVT_VARIANT$ByValue.class
   JD: libs/jna_platform.jar/com/sun/jna/platform/win32/Winevt$EVT_VARIANT$field1_union.class
   JD: libs/jna_platform.jar/com/sun/jna/platform/win32/Winevt$EVT_VARIANT.class
   JD: libs/jna_platform.jar/com/sun/jna/platform/win32/Winevt$EVT_VARIANT_TYPE.class
   JD: libs/jna_platform.jar/com/sun/jna/platform/win32/Winevt.class
   JD: libs/jna_platform.jar/com/sun/jna/platform/win32/Wininet$INTERNET_CACHE_ENTRY_INFO$UNION.class
   JD: libs/jna_platform.jar/com/sun/jna/platform/win32/Wininet$INTERNET_CACHE_ENTRY_INFO.class
   JD: libs/jna_platform.jar/com/sun/jna/platform/win32/Wininet.class
   JD: libs/jna_platform.jar/com/sun/jna/platform/win32/WininetUtil.class
   JD: libs/jna_platform.jar/com/sun/jna/platform/win32/Winioctl$STORAGE_DEVICE_NUMBER$ByReference.class
   JD: libs/jna_platform.jar/com/sun/jna/platform/win32/Winioctl$STORAGE_DEVICE_NUMBER.class
   JD: libs/jna_platform.jar/com/sun/jna/platform/win32/Winioctl.class
   JD: libs/jna_platform.jar/com/sun/jna/platform/win32/WinioctlUtil.class
   JD: libs/jna_platform.jar/com/sun/jna/platform/win32/Winnetwk$ConnectFlag.class
   JD: libs/jna_platform.jar/com/sun/jna/platform/win32/Winnetwk$NETRESOURCE$ByReference.class
   JD: libs/jna_platform.jar/com/sun/jna/platform/win32/Winnetwk$NETRESOURCE.class
   JD: libs/jna_platform.jar/com/sun/jna/platform/win32/Winnetwk$REMOTE_NAME_INFO$ByReference.class
   JD: libs/jna_platform.jar/com/sun/jna/platform/win32/Winnetwk$REMOTE_NAME_INFO.class
   JD: libs/jna_platform.jar/com/sun/jna/platform/win32/Winnetwk$RESOURCEDISPLAYTYPE.class
   JD: libs/jna_platform.jar/com/sun/jna/platform/win32/Winnetwk$RESOURCESCOPE.class
   JD: libs/jna_platform.jar/com/sun/jna/platform/win32/Winnetwk$RESOURCETYPE.class
   JD: libs/jna_platform.jar/com/sun/jna/platform/win32/Winnetwk$RESOURCEUSAGE.class
   JD: libs/jna_platform.jar/com/sun/jna/platform/win32/Winnetwk$UNIVERSAL_NAME_INFO$ByReference.class
   JD: libs/jna_platform.jar/com/sun/jna/platform/win32/Winnetwk$UNIVERSAL_NAME_INFO.class
   JD: libs/jna_platform.jar/com/sun/jna/platform/win32/Winnetwk.class
   JD: libs/jna_platform.jar/com/sun/jna/platform/win32/Winsock2.class
   JD: libs/jna_platform.jar/com/sun/jna/platform/win32/Winspool$JOB_INFO_1.class
   JD: libs/jna_platform.jar/com/sun/jna/platform/win32/Winspool$LPPRINTER_DEFAULTS.class
   JD: libs/jna_platform.jar/com/sun/jna/platform/win32/Winspool$PRINTER_INFO_1.class
   JD: libs/jna_platform.jar/com/sun/jna/platform/win32/Winspool$PRINTER_INFO_2.class
   JD: libs/jna_platform.jar/com/sun/jna/platform/win32/Winspool$PRINTER_INFO_4.class
   JD: libs/jna_platform.jar/com/sun/jna/platform/win32/Winspool.class
   JD: libs/jna_platform.jar/com/sun/jna/platform/win32/WinspoolUtil.class
   JD: libs/jna_platform.jar/com/sun/jna/platform/win32/Winsvc$ChangeServiceConfig2Info.class
   JD: libs/jna_platform.jar/com/sun/jna/platform/win32/Winsvc$ENUM_SERVICE_STATUS.class
   JD: libs/jna_platform.jar/com/sun/jna/platform/win32/Winsvc$ENUM_SERVICE_STATUS_PROCESS.class
   JD: libs/jna_platform.jar/com/sun/jna/platform/win32/Winsvc$Handler.class
   JD: libs/jna_platform.jar/com/sun/jna/platform/win32/Winsvc$HandlerEx.class
   JD: libs/jna_platform.jar/com/sun/jna/platform/win32/Winsvc$SC_ACTION$ByReference.class
   JD: libs/jna_platform.jar/com/sun/jna/platform/win32/Winsvc$SC_ACTION.class
   JD: libs/jna_platform.jar/com/sun/jna/platform/win32/Winsvc$SC_HANDLE.class
   JD: libs/jna_platform.jar/com/sun/jna/platform/win32/Winsvc$SC_STATUS_TYPE.class
   JD: libs/jna_platform.jar/com/sun/jna/platform/win32/Winsvc$SERVICE_DESCRIPTION.class
   JD: libs/jna_platform.jar/com/sun/jna/platform/win32/Winsvc$SERVICE_FAILURE_ACTIONS$ByReference.class
   JD: libs/jna_platform.jar/com/sun/jna/platform/win32/Winsvc$SERVICE_FAILURE_ACTIONS.class
   JD: libs/jna_platform.jar/com/sun/jna/platform/win32/Winsvc$SERVICE_FAILURE_ACTIONS_FLAG.class
   JD: libs/jna_platform.jar/com/sun/jna/platform/win32/Winsvc$SERVICE_MAIN_FUNCTION.class
   JD: libs/jna_platform.jar/com/sun/jna/platform/win32/Winsvc$SERVICE_STATUS.class
   JD: libs/jna_platform.jar/com/sun/jna/platform/win32/Winsvc$SERVICE_STATUS_HANDLE.class
   JD: libs/jna_platform.jar/com/sun/jna/platform/win32/Winsvc$SERVICE_STATUS_PROCESS.class
   JD: libs/jna_platform.jar/com/sun/jna/platform/win32/Winsvc$SERVICE_TABLE_ENTRY.class
   JD: libs/jna_platform.jar/com/sun/jna/platform/win32/Winsvc.class
   JD: libs/jna_platform.jar/com/sun/jna/platform/win32/Wtsapi32$WTSINFO.class
   JD: libs/jna_platform.jar/com/sun/jna/platform/win32/Wtsapi32$WTS_CLIENT_ADDRESS.class
   JD: libs/jna_platform.jar/com/sun/jna/platform/win32/Wtsapi32$WTS_CONNECTSTATE_CLASS.class
   JD: libs/jna_platform.jar/com/sun/jna/platform/win32/Wtsapi32$WTS_INFO_CLASS.class
   JD: libs/jna_platform.jar/com/sun/jna/platform/win32/Wtsapi32$WTS_PROCESS_INFO_EX.class
   JD: libs/jna_platform.jar/com/sun/jna/platform/win32/Wtsapi32$WTS_SESSION_INFO.class
   JD: libs/jna_platform.jar/com/sun/jna/platform/win32/Wtsapi32.class
   JD: libs/jna_platform.jar/com/sun/jna/platform/wince/CoreDLL.class
   JD: libs/sevenzipjbinding.jar/META-INF/MANIFEST.MF
   JD: libs/sevenzipjbinding.jar/net/sf/sevenzipjbinding/ArchiveFormat.class
   JD: libs/sevenzipjbinding.jar/net/sf/sevenzipjbinding/ExtractAskMode.class
   JD: libs/sevenzipjbinding.jar/net/sf/sevenzipjbinding/ExtractOperationResult.class
   JD: libs/sevenzipjbinding.jar/net/sf/sevenzipjbinding/IInArchive.class
   JD: libs/sevenzipjbinding.jar/net/sf/sevenzipjbinding/IInStream.class
   JD: libs/sevenzipjbinding.jar/net/sf/sevenzipjbinding/IOutArchive.class
   JD: libs/sevenzipjbinding.jar/net/sf/sevenzipjbinding/IOutArchiveBase.class
   JD: libs/sevenzipjbinding.jar/net/sf/sevenzipjbinding/IOutCreateArchive.class
   JD: libs/sevenzipjbinding.jar/net/sf/sevenzipjbinding/IOutCreateArchive7z.class
   JD: libs/sevenzipjbinding.jar/net/sf/sevenzipjbinding/IOutCreateArchiveBZip2.class
   JD: libs/sevenzipjbinding.jar/net/sf/sevenzipjbinding/IOutCreateArchiveGZip.class
   JD: libs/sevenzipjbinding.jar/net/sf/sevenzipjbinding/IOutCreateArchiveTar.class
   JD: libs/sevenzipjbinding.jar/net/sf/sevenzipjbinding/IOutCreateArchiveZip.class
   JD: libs/sevenzipjbinding.jar/net/sf/sevenzipjbinding/IOutCreateCallback.class
   JD: libs/sevenzipjbinding.jar/net/sf/sevenzipjbinding/IOutFeatureSetEncryptHeader.class
   JD: libs/sevenzipjbinding.jar/net/sf/sevenzipjbinding/IOutFeatureSetLevel.class
   JD: libs/sevenzipjbinding.jar/net/sf/sevenzipjbinding/IOutFeatureSetMultithreading.class
   JD: libs/sevenzipjbinding.jar/net/sf/sevenzipjbinding/IOutFeatureSetSolid.class
   JD: libs/sevenzipjbinding.jar/net/sf/sevenzipjbinding/IOutItem7z.class
   JD: libs/sevenzipjbinding.jar/net/sf/sevenzipjbinding/IOutItemAllFormats.class
   JD: libs/sevenzipjbinding.jar/net/sf/sevenzipjbinding/IOutItemBZip2.class
   JD: libs/sevenzipjbinding.jar/net/sf/sevenzipjbinding/IOutItemBase.class
   JD: libs/sevenzipjbinding.jar/net/sf/sevenzipjbinding/IOutItemGZip.class
   JD: libs/sevenzipjbinding.jar/net/sf/sevenzipjbinding/IOutItemTar.class
   JD: libs/sevenzipjbinding.jar/net/sf/sevenzipjbinding/IOutItemZip.class
   JD: libs/sevenzipjbinding.jar/net/sf/sevenzipjbinding/IOutStream.class
   JD: libs/sevenzipjbinding.jar/net/sf/sevenzipjbinding/IOutUpdateArchive.class
   JD: libs/sevenzipjbinding.jar/net/sf/sevenzipjbinding/IOutUpdateArchive7z.class
   JD: libs/sevenzipjbinding.jar/net/sf/sevenzipjbinding/IOutUpdateArchiveBZip2.class
   JD: libs/sevenzipjbinding.jar/net/sf/sevenzipjbinding/IOutUpdateArchiveGZip.class
   JD: libs/sevenzipjbinding.jar/net/sf/sevenzipjbinding/IOutUpdateArchiveTar.class
   JD: libs/sevenzipjbinding.jar/net/sf/sevenzipjbinding/IOutUpdateArchiveZip.class
   JD: libs/sevenzipjbinding.jar/net/sf/sevenzipjbinding/ISeekableStream.class
   JD: libs/sevenzipjbinding.jar/net/sf/sevenzipjbinding/ISequentialInStream.class
   JD: libs/sevenzipjbinding.jar/net/sf/sevenzipjbinding/ISevenZipInArchive.class.removed
   JD: libs/sevenzipjbinding.jar/net/sf/sevenzipjbinding/NCoderPropID.class
   JD: libs/sevenzipjbinding.jar/net/sf/sevenzipjbinding/NFileTimeType.class
   JD: libs/sevenzipjbinding.jar/net/sf/sevenzipjbinding/PropID$AttributesBitMask.class
   JD: libs/sevenzipjbinding.jar/net/sf/sevenzipjbinding/PropID.class
   JD: libs/sevenzipjbinding.jar/net/sf/sevenzipjbinding/PropertyInfo.class
   JD: libs/sevenzipjbinding.jar/net/sf/sevenzipjbinding/SevenZip$1.class
   JD: libs/sevenzipjbinding.jar/net/sf/sevenzipjbinding/SevenZip$ArchiveOpenCryptoCallback.class
   JD: libs/sevenzipjbinding.jar/net/sf/sevenzipjbinding/SevenZip$DummyOpenArchiveCallback.class
   JD: libs/sevenzipjbinding.jar/net/sf/sevenzipjbinding/SevenZip$Version.class
   JD: libs/sevenzipjbinding.jar/net/sf/sevenzipjbinding/SevenZip.class
   JD: libs/sevenzipjbinding.jar/net/sf/sevenzipjbinding/SevenZipException$PrintStreamWriter.class
   JD: libs/sevenzipjbinding.jar/net/sf/sevenzipjbinding/SevenZipException$StackTraceWriter.class
   JD: libs/sevenzipjbinding.jar/net/sf/sevenzipjbinding/SevenZipException.class
   JD: libs/sevenzipjbinding.jar/net/sf/sevenzipjbinding/impl/InArchiveImpl$1.class
   JD: libs/sevenzipjbinding.jar/net/sf/sevenzipjbinding/impl/InArchiveImpl$ExtractSlowCallback.class
   JD: libs/sevenzipjbinding.jar/net/sf/sevenzipjbinding/impl/InArchiveImpl$ExtractSlowCryptoCallback.class
   JD: libs/sevenzipjbinding.jar/net/sf/sevenzipjbinding/impl/InArchiveImpl.class
   JD: libs/sevenzipjbinding.jar/net/sf/sevenzipjbinding/impl/InputStreamSequentialInStream.class
   JD: libs/sevenzipjbinding.jar/net/sf/sevenzipjbinding/impl/OutArchive7zImpl.class
   JD: libs/sevenzipjbinding.jar/net/sf/sevenzipjbinding/impl/OutArchiveBZip2Impl.class
   JD: libs/sevenzipjbinding.jar/net/sf/sevenzipjbinding/impl/OutArchiveGZipImpl.class
   JD: libs/sevenzipjbinding.jar/net/sf/sevenzipjbinding/impl/OutArchiveImpl.class
   JD: libs/sevenzipjbinding.jar/net/sf/sevenzipjbinding/impl/OutArchiveTarImpl.class
   JD: libs/sevenzipjbinding.jar/net/sf/sevenzipjbinding/impl/OutArchiveZipImpl.class
   JD: libs/sevenzipjbinding.jar/net/sf/sevenzipjbinding/impl/OutItem.class
   JD: libs/sevenzipjbinding.jar/net/sf/sevenzipjbinding/impl/OutItemFactory$1.class
   JD: libs/sevenzipjbinding.jar/net/sf/sevenzipjbinding/impl/OutItemFactory.class
   JD: libs/sevenzipjbinding.jar/net/sf/sevenzipjbinding/impl/RandomAccessFileInStream.class
   JD: libs/sevenzipjbinding.jar/net/sf/sevenzipjbinding/impl/RandomAccessFileOutStream.class
   JD: libs/sevenzipjbinding.jar/net/sf/sevenzipjbinding/impl/SequentialInStreamImpl.class
   JD: libs/sevenzipjbinding.jar/net/sf/sevenzipjbinding/impl/VolumedArchiveInStream.class
   JD: libs/sevenzipjbinding.jar/net/sf/sevenzipjbinding/simple/impl/SimpleInArchiveImpl.class
   JD: libs/sevenzipjbinding.jar/net/sf/sevenzipjbinding/simple/impl/SimpleInArchiveItemImpl.class
   JD: libs/sevenzipjbinding.jar/net/sf/sevenzipjbinding/util/
   JD: libs/sevenzipjbinding.jar/net/sf/sevenzipjbinding/util/ByteArrayStream.class
   JD: libs/sevenzipjbindingWin.jar/META-INF/MANIFEST.MF
   JD: libs/sevenzipjbindingWin.jar/Windows-amd64/lib7-Zip-JBinding.dll
   JD: libs/sevenzipjbindingWin.jar/Windows-amd64/libgcc_s_sjlj-1.dll.removed
   JD: libs/sevenzipjbindingWin.jar/Windows-amd64/sevenzipjbinding-lib.properties
   JD: libs/sevenzipjbindingWin.jar/Windows-x86/lib7-Zip-JBinding.dll
   JD: libs/sevenzipjbindingWin.jar/Windows-x86/sevenzipjbinding-lib.properties
   libs/JAntiCaptcha.jar
   libs/JDGUI.jar
   libs/JDHttp.jar
   libs/bcpkix-jdk15on.jar
   libs/bcprov-jdk15on.jar
   libs/bctls-jdk15on.jar
   libs/cons.jar
   libs/jna.jar
   libs/jna_platform.jar
   libs/laf/flatlaf.license
   libs/sevenzipjbinding.jar
   libs/sevenzipjbindingWin.jar
   licenses/bcpkix-jdk15on.jar.info
   licenses/bcprov-jdk15on.jar.info
   licenses/bctls-jdk15on.jar.info
   licenses/jna.jar.info
   licenses/jna_platform.jar.info
   licenses/sevenzipjbindings.jar.info
