Fri May 07 00:31:52 CST 2021
Package: package_1620318700215.awf
Install
Write Revision: 15181
----------------Plugins----------------
   jd/plugins/decrypter/AdfLy.class
   jd/plugins/decrypter/AnimeYoutubeCom.class.removed
   jd/plugins/decrypter/AparatCom.class
   jd/plugins/decrypter/ArchiveOrg.class
   jd/plugins/decrypter/Ardmediathek.class
   jd/plugins/decrypter/ArteMediathekDecrypter$1.class
   jd/plugins/decrypter/ArteMediathekDecrypter$SubtitleLanguage.class
   jd/plugins/decrypter/ArteMediathekDecrypter$SubtitleType.class
   jd/plugins/decrypter/ArteMediathekDecrypter$VersionType.class
   jd/plugins/decrypter/ArteMediathekDecrypter$VideoLanguage.class
   jd/plugins/decrypter/ArteMediathekDecrypter.class
   jd/plugins/decrypter/AtvAt$1.class
   jd/plugins/decrypter/AtvAt.class
   jd/plugins/decrypter/AudioMackComDecrypter.class
   jd/plugins/decrypter/AudionowDe.class
   jd/plugins/decrypter/AvxHmeW$1.class
   jd/plugins/decrypter/AvxHmeW.class
   jd/plugins/decrypter/BcVc.class
   jd/plugins/decrypter/BiqleRu.class
   jd/plugins/decrypter/BitchuteComChannel.class
   jd/plugins/decrypter/BoxCom.class
   jd/plugins/decrypter/BppasteCom.class
   jd/plugins/decrypter/BsTo.class
   jd/plugins/decrypter/CamvideosOrg.class
   jd/plugins/decrypter/ChoMikujPl.class
   jd/plugins/decrypter/Cloud1und1De.class
   jd/plugins/decrypter/CrackHub.class
   jd/plugins/decrypter/CtrlvIt.class.removed
   jd/plugins/decrypter/DaddyScriptsDaddysLinkProtector.class
   jd/plugins/decrypter/DanbooruDonmaiUs.class
   jd/plugins/decrypter/DecrypterForRedirectServicesWithoutDirectRedirects.class
   jd/plugins/decrypter/DegooCom.class
   jd/plugins/decrypter/DesixnxxNet.class
   jd/plugins/decrypter/DeviantClipComGallery.class.removed
   jd/plugins/decrypter/DiskYandexNetFolder.class
   jd/plugins/decrypter/DlPrteCom.class
   jd/plugins/decrypter/DlcryptNet.class
   jd/plugins/decrypter/DownloadSaikoanimesNetFolder.class
   jd/plugins/decrypter/DropBoxCom.class
   jd/plugins/decrypter/DuboxComFolder.class
   jd/plugins/decrypter/EmbedyCc.class
   jd/plugins/decrypter/FEmbedDecrypter.class
   jd/plugins/decrypter/FaceBookComGallery$1.class
   jd/plugins/decrypter/FaceBookComGallery.class
   jd/plugins/decrypter/FbjavNet.class
   jd/plugins/decrypter/FcLc$1.class
   jd/plugins/decrypter/FcLc$2.class
   jd/plugins/decrypter/FcLc.class
   jd/plugins/decrypter/FexNet.class
   jd/plugins/decrypter/FileAlFolder.class.removed
   jd/plugins/decrypter/FileCryptCc.class
   jd/plugins/decrypter/FileUploadNetFolder.class
   jd/plugins/decrypter/Flr.class
   jd/plugins/decrypter/FourSharedComFolder.class
   jd/plugins/decrypter/FrancetelevisionsCom.class
   jd/plugins/decrypter/GelbooruCom.class
   jd/plugins/decrypter/GenericAutoContainer.class
   jd/plugins/decrypter/GenericHTTPDirectoryIndexCrawler$1.class
   jd/plugins/decrypter/GenericHTTPDirectoryIndexCrawler$DirectoryListingMode.class
   jd/plugins/decrypter/GenericHTTPDirectoryIndexCrawler.class
   jd/plugins/decrypter/GenericRedirectors.class
   jd/plugins/decrypter/GenericXFileShareProFolder.class
   jd/plugins/decrypter/GenericXFileShareProShortUrlCrawler.class.removed
   jd/plugins/decrypter/GenericYetiShareFolder.class
   jd/plugins/decrypter/GetComics.class
   jd/plugins/decrypter/GldSlTo.class
   jd/plugins/decrypter/GoFileIo.class
   jd/plugins/decrypter/GoGoStream.class
   jd/plugins/decrypter/GoloadyCom.class.removed
   jd/plugins/decrypter/GoogleDrive.class
   jd/plugins/decrypter/GoogleDriveDirectoryIndex.class
   jd/plugins/decrypter/GoogleShortURL.class
   jd/plugins/decrypter/GpasteUs.class
   jd/plugins/decrypter/GuardLink.class
   jd/plugins/decrypter/HddTomskRu.class
   jd/plugins/decrypter/HentainexusCom.class.removed
   jd/plugins/decrypter/HeymangaMe.class.removed
   jd/plugins/decrypter/HfilesRo.class.removed
   jd/plugins/decrypter/HighWayMeFolder.class
   jd/plugins/decrypter/HighpornNet.class
   jd/plugins/decrypter/HitomiLa.class
   jd/plugins/decrypter/HotfilEs.class
   jd/plugins/decrypter/HotflickNet.class.removed
   jd/plugins/decrypter/HqMatureTubeCom.class
   jd/plugins/decrypter/HqMirrorDe.class.removed
   jd/plugins/decrypter/HrnOxCm.class
   jd/plugins/decrypter/HulkShareComFolder.class
   jd/plugins/decrypter/ISubsMovies.class.removed
   jd/plugins/decrypter/IcloudCom.class
   jd/plugins/decrypter/IframeSecureCom.class.removed
   jd/plugins/decrypter/IgnCom.class
   jd/plugins/decrypter/ImageHosterDecrypter.class
   jd/plugins/decrypter/ImagesHackCom.class
   jd/plugins/decrypter/ImgSrcRu.class
   jd/plugins/decrypter/ImgurComGallery$1.class
   jd/plugins/decrypter/ImgurComGallery.class
   jd/plugins/decrypter/IndianpornvideosCom.class
   jd/plugins/decrypter/InstaGramComDecrypter.class
   jd/plugins/decrypter/IrfreeCm.class.removed
   jd/plugins/decrypter/ItJstLnkCm.class.removed
   jd/plugins/decrypter/JamendoCom.class
   jd/plugins/decrypter/JavFembed.class
   jd/plugins/decrypter/JavQD.class.removed
   jd/plugins/decrypter/JavStream.class
   jd/plugins/decrypter/JavfreeSh.class
   jd/plugins/decrypter/JumploadsComFolder.class
   jd/plugins/decrypter/KTo.class.removed
   jd/plugins/decrypter/KamababaComCrawler.class
   jd/plugins/decrypter/KeezMoviesComDecrypter.class.removed
   jd/plugins/decrypter/KickAssAnime.class.removed
   jd/plugins/decrypter/KinoDomTv.class.removed
   jd/plugins/decrypter/KinoxTo.class
   jd/plugins/decrypter/KrakenfilesComFolder.class
   jd/plugins/decrypter/LdRtifyCom.class.removed
   jd/plugins/decrypter/Lhtranslation.class
   jd/plugins/decrypter/LhtranslationCom.class.removed
   jd/plugins/decrypter/LikeurOrg.class.removed
   jd/plugins/decrypter/LinkhubIcu.class
   jd/plugins/decrypter/LinksDashProtectionCom.class
   jd/plugins/decrypter/LinksProtectionCom.class
   jd/plugins/decrypter/LinksSafetyCom.class
   jd/plugins/decrypter/LinksafeOrg.class.removed
   jd/plugins/decrypter/LiveDriveComFolder.class
   jd/plugins/decrypter/LnkBcks.class.removed
   jd/plugins/decrypter/LnkCrptWs$JavaScriptUnpacker.class.removed
   jd/plugins/decrypter/LnkCrptWs.class.removed
   jd/plugins/decrypter/LnkPrtctn.class.removed
   jd/plugins/decrypter/LnkShnkNt.class.removed
   jd/plugins/decrypter/LnkTNt.class
   jd/plugins/decrypter/LnkTl.class.removed
   jd/plugins/decrypter/LovelyAnime.class.removed
   jd/plugins/decrypter/LsnTo.class.removed
   jd/plugins/decrypter/LtrstrWzCom.class.removed
   jd/plugins/decrypter/LupasteCom.class
   jd/plugins/decrypter/LusciousNetAlbum.class
   jd/plugins/decrypter/MFS_ShortUrlScript.class
   jd/plugins/decrypter/MagentaCloudDe.class
   jd/plugins/decrypter/MagentaMusik360.class
   jd/plugins/decrypter/MangaInnCom.class.removed
   jd/plugins/decrypter/MangaLelCom.class.removed
   jd/plugins/decrypter/MangaPandaCom.class.removed
   jd/plugins/decrypter/MangaVolumeCom.class.removed
   jd/plugins/decrypter/MangadexOrg.class
   jd/plugins/decrypter/Mangakakalot.class
   jd/plugins/decrypter/MangaparkCom.class
   jd/plugins/decrypter/MangatownCom.class
   jd/plugins/decrypter/McAnimeNet.class.removed
   jd/plugins/decrypter/MediafireComFolder.class
   jd/plugins/decrypter/MegaDpUaFolder.class
   jd/plugins/decrypter/MegaSearchCo.class.removed
   jd/plugins/decrypter/MetArt.class
   jd/plugins/decrypter/MightyScriptAdLinkFly$1.class
   jd/plugins/decrypter/MightyScriptAdLinkFly$CaptchaType.class
   jd/plugins/decrypter/MightyScriptAdLinkFly.class
   jd/plugins/decrypter/MirroredTo.class
   jd/plugins/decrypter/MixCloudCom.class
   jd/plugins/decrypter/MixerCom.class.removed
   jd/plugins/decrypter/MltLadCz.class.removed
   jd/plugins/decrypter/MoeSt.class.removed
   jd/plugins/decrypter/MotherLessCom.class
   jd/plugins/decrypter/Movie25Org.class.removed
   jd/plugins/decrypter/MovieDream.class.removed
   jd/plugins/decrypter/MovierlsNet.class
   jd/plugins/decrypter/MovizProtectCom.class.removed
   jd/plugins/decrypter/MuzykaInteriaPl.class
   jd/plugins/decrypter/Mv25Com.class.removed
   jd/plugins/decrypter/Mv2kTo.class.removed
   jd/plugins/decrypter/MyCloudPlayersCom.class.removed
   jd/plugins/decrypter/MyComicPosts.class.removed
   jd/plugins/decrypter/MyLinkGenCom.class.removed
   jd/plugins/decrypter/MylinkLi.class
   jd/plugins/decrypter/NaughtyBlgOrg$1.class
   jd/plugins/decrypter/NaughtyBlgOrg$Category.class
   jd/plugins/decrypter/NaughtyBlgOrg.class
   jd/plugins/decrypter/NewAsianTv.class
   jd/plugins/decrypter/NewEpisodesCo.class.removed
   jd/plugins/decrypter/NexusmodsCom.class
   jd/plugins/decrypter/NfScRlCm.class
   jd/plugins/decrypter/NhentaiNet.class
   jd/plugins/decrypter/NitroFlareCom.class
   jd/plugins/decrypter/NmStrm24Com.class.removed
   jd/plugins/decrypter/NormanVideosCom.class.removed
   jd/plugins/decrypter/NowoscimuzyczneEu.class.removed
   jd/plugins/decrypter/NsKhD.class
   jd/plugins/decrypter/NwzFndCm.class.removed
   jd/plugins/decrypter/NzbClubCom.class.removed
   jd/plugins/decrypter/NzbSearchNet.class.removed
   jd/plugins/decrypter/ORFMediathekDecrypter.class
   jd/plugins/decrypter/OdMscNt.class.removed
   jd/plugins/decrypter/OdriveCom.class
   jd/plugins/decrypter/OkanimeCom.class.removed
   jd/plugins/decrypter/OneChannelCh.class
   jd/plugins/decrypter/OneFichierComFolder.class
   jd/plugins/decrypter/OneFiveThreeNews.class
   jd/plugins/decrypter/OneInkCc.class
   jd/plugins/decrypter/OrangedoxCom.class
   jd/plugins/decrypter/OrfAt$1.class
   jd/plugins/decrypter/OrfAt.class
   jd/plugins/decrypter/PanBaiduCom.class
   jd/plugins/decrypter/PasteBinCom.class
   jd/plugins/decrypter/PasteByteCom.class.removed
   jd/plugins/decrypter/PasteHereXyz.class
   jd/plugins/decrypter/PastecaSh.class.removed
   jd/plugins/decrypter/PastedCo.class
   jd/plugins/decrypter/PasteeOrg.class.removed
   jd/plugins/decrypter/PastensnCom.class.removed
   jd/plugins/decrypter/PastewitalyTk.class.removed
   jd/plugins/decrypter/PastrIo.class.removed
   jd/plugins/decrypter/PegatextoNet.class.removed
   jd/plugins/decrypter/PerpLinksCom.class.removed
   jd/plugins/decrypter/PhoenixDe.class
   jd/plugins/decrypter/PhotoShareRu.class
   jd/plugins/decrypter/PicsVc.class
   jd/plugins/decrypter/PietSmietDe.class.removed
   jd/plugins/decrypter/PinterestComDecrypter.class
   jd/plugins/decrypter/PonyFm.class
   jd/plugins/decrypter/PornComixInfo.class
   jd/plugins/decrypter/PornComixInfoIComixzillaCom.class
   jd/plugins/decrypter/PornComixInfoIlikeComixIo.class.removed
   jd/plugins/decrypter/PornComixInfoPornComixOne.class
   jd/plugins/decrypter/PornEmbedParser.class
   jd/plugins/decrypter/PornHubCom.class
   jd/plugins/decrypter/PornHubComGallery.class
   jd/plugins/decrypter/PornadoCo.class
   jd/plugins/decrypter/PrimeJailBaitCom.class.removed
   jd/plugins/decrypter/ProjectFreeTvAg.class.removed
   jd/plugins/decrypter/ProtectDdlIslandRu.class.removed
   jd/plugins/decrypter/ProtegeDdlCom.class.removed
   jd/plugins/decrypter/PrrpLinkIn.class
   jd/plugins/decrypter/PruteklyncsXyz.class
   jd/plugins/decrypter/PubizaCom.class
   jd/plugins/decrypter/RaiItDecrypter.class
   jd/plugins/decrypter/RedditCom.class
   jd/plugins/decrypter/Redmp3Su.class.removed
   jd/plugins/decrypter/RefSo.class.removed
   jd/plugins/decrypter/RlCtCm.class
   jd/plugins/decrypter/SaveTvDecrypter.class
   jd/plugins/decrypter/SecurityLinksCom.class
   jd/plugins/decrypter/SerienStreamTo$1.class
   jd/plugins/decrypter/SerienStreamTo.class
   jd/plugins/decrypter/ShinkMe.class
   jd/plugins/decrypter/ShoRtifyCom.class
   jd/plugins/decrypter/SimpleHtmlBasedGalleryPlugin.class
   jd/plugins/decrypter/SoundCloudComDecrypter$1.class
   jd/plugins/decrypter/SoundCloudComDecrypter.class
   jd/plugins/decrypter/SpiegelDe.class
   jd/plugins/decrypter/SweetpornOrg.class
   jd/plugins/decrypter/SwrMediathekDeDecrypter.class
   jd/plugins/decrypter/TbCmV2$3.class
   jd/plugins/decrypter/TbCmV2$4.class
   jd/plugins/decrypter/TbCmV2$5.class
   jd/plugins/decrypter/TbCmV2$6.class
   jd/plugins/decrypter/TbCmV2$7.class
   jd/plugins/decrypter/TbCmV2$8.class
   jd/plugins/decrypter/TbCmV2.class
   jd/plugins/decrypter/ThinfiCom.class
   jd/plugins/decrypter/TuPasteInfo.class
   jd/plugins/decrypter/TumblrComDecrypter.class
   jd/plugins/decrypter/TumblrComShorturls.class
   jd/plugins/decrypter/TwitterCom.class
   jd/plugins/decrypter/U115ComFolder.class
   jd/plugins/decrypter/UlozToFolder.class
   jd/plugins/decrypter/VKontakteRu$1.class
   jd/plugins/decrypter/VKontakteRu.class
   jd/plugins/decrypter/VideaCesky.class
   jd/plugins/decrypter/VideoOneLife.class
   jd/plugins/decrypter/VimeoComDecrypter$1.class
   jd/plugins/decrypter/VimeoComDecrypter.class
   jd/plugins/decrypter/VmallComFolder.class
   jd/plugins/decrypter/VolaFileOrg.class
   jd/plugins/decrypter/WeTransferComFolder.class
   jd/plugins/decrypter/WikifeetCom.class
   jd/plugins/decrypter/Wrdprss.class
   jd/plugins/decrypter/XvideosComProfile.class
   jd/plugins/decrypter/YunpanCn.class
   jd/plugins/decrypter/ZDFMediathekDecrypter.class
   jd/plugins/hoster/AbcvideoCc.class
   jd/plugins/hoster/AkvideoStream.class
   jd/plugins/hoster/AlfafileNet.class
   jd/plugins/hoster/AllDebridCom.class
   jd/plugins/hoster/AniStreamCom.class
   jd/plugins/hoster/AnimePremiumTv.class.removed
   jd/plugins/hoster/AnimeoutCom.class
   jd/plugins/hoster/AnonymNinja.class
   jd/plugins/hoster/AnoticNet.class
   jd/plugins/hoster/AnyhentaiCom.class
   jd/plugins/hoster/AparatCam.class.removed
   jd/plugins/hoster/ArchiveOrg.class
   jd/plugins/hoster/ArchivosMe.class
   jd/plugins/hoster/ArteTv$1.class
   jd/plugins/hoster/ArteTv$2.class
   jd/plugins/hoster/ArteTv.class
   jd/plugins/hoster/AudioMa.class
   jd/plugins/hoster/AusfileCom.class
   jd/plugins/hoster/AvxHmeW.class
   jd/plugins/hoster/BangbrosCom.class
   jd/plugins/hoster/BayFilesCom.class
   jd/plugins/hoster/BeegCom.class
   jd/plugins/hoster/BinGe.class
   jd/plugins/hoster/BitSharesCom.class
   jd/plugins/hoster/BoostfilesNet.class.removed
   jd/plugins/hoster/BrfilesCom.class
   jd/plugins/hoster/BtafileCom.class
   jd/plugins/hoster/CamwhoreshdCom.class
   jd/plugins/hoster/ChoMikujPl.class
   jd/plugins/hoster/ClicknuploadOrg.class
   jd/plugins/hoster/ClipwatchingCom.class.removed
   jd/plugins/hoster/CloudMailRu.class
   jd/plugins/hoster/CloudbateCom.class
   jd/plugins/hoster/CloudvideoTv.class
   jd/plugins/hoster/CosmoBoxOrg.class
   jd/plugins/hoster/CrunchyRollCom.class
   jd/plugins/hoster/DanbooruDonmaiUs$1.class
   jd/plugins/hoster/DanbooruDonmaiUs.class
   jd/plugins/hoster/DaofileCom.class
   jd/plugins/hoster/DatPiffCom.class
   jd/plugins/hoster/DbuploadIn.class.removed
   jd/plugins/hoster/DdownloadCom.class
   jd/plugins/hoster/DebridLinkFr$1.class.removed
   jd/plugins/hoster/DebridLinkFr.class.removed
   jd/plugins/hoster/DebridLinkFr2$1.class
   jd/plugins/hoster/DebridLinkFr2$2.class
   jd/plugins/hoster/DebridLinkFr2$3.class
   jd/plugins/hoster/DebridLinkFr2$4.class
   jd/plugins/hoster/DebridLinkFr2$5.class
   jd/plugins/hoster/DebridLinkFr2$6.class
   jd/plugins/hoster/DebridLinkFr2.class
   jd/plugins/hoster/DebridplanetCom.class.removed
   jd/plugins/hoster/DebridplanetCom2.class
   jd/plugins/hoster/DeepbridCom.class
   jd/plugins/hoster/DegooCom.class
   jd/plugins/hoster/DeimosClick.class
   jd/plugins/hoster/DepoFileInfo.class.removed
   jd/plugins/hoster/DepositFiles.class
   jd/plugins/hoster/DesixnxxNet.class
   jd/plugins/hoster/DevdriveCloud.class
   jd/plugins/hoster/DeviantClipCom.class.removed
   jd/plugins/hoster/DirectHTTP$1.class
   jd/plugins/hoster/DirectHTTP$2.class
   jd/plugins/hoster/DirectHTTP.class
   jd/plugins/hoster/DiskYandexNet$1.class
   jd/plugins/hoster/DiskYandexNet.class
   jd/plugins/hoster/DlFileCom.class
   jd/plugins/hoster/DlFreeFr.class
   jd/plugins/hoster/DocdroidNet.class
   jd/plugins/hoster/DoodriveCom.class
   jd/plugins/hoster/DoodstreamCom.class
   jd/plugins/hoster/DorauploadCom.class
   jd/plugins/hoster/DosyaTv.class
   jd/plugins/hoster/DosyayukleClub.class
   jd/plugins/hoster/DramafeverCom.class.removed
   jd/plugins/hoster/DropboxCom$1.class
   jd/plugins/hoster/DropboxCom$DropboxAccountFactory$1.class
   jd/plugins/hoster/DropboxCom$DropboxAccountFactory.class
   jd/plugins/hoster/DropboxCom.class
   jd/plugins/hoster/DropgalaxyIn$1.class
   jd/plugins/hoster/DropgalaxyIn.class
   jd/plugins/hoster/DropmefilesCom.class
   jd/plugins/hoster/DropmyfilesCom.class
   jd/plugins/hoster/DuboxCom$1.class
   jd/plugins/hoster/DuboxCom$2.class
   jd/plugins/hoster/DuboxCom.class
   jd/plugins/hoster/DufileCom.class
   jd/plugins/hoster/EasyBytezCom.class
   jd/plugins/hoster/EasyloadIo.class.removed
   jd/plugins/hoster/EasyuploadIo.class
   jd/plugins/hoster/EraiDdlthreeInfo.class
   jd/plugins/hoster/EvoloadIo$1.class
   jd/plugins/hoster/EvoloadIo.class
   jd/plugins/hoster/ExtremeTubeCom.class.removed
   jd/plugins/hoster/FEmbedCom.class
   jd/plugins/hoster/FShareVn$1.class
   jd/plugins/hoster/FShareVn.class
   jd/plugins/hoster/FaceBookComVideos$1.class
   jd/plugins/hoster/FaceBookComVideos.class
   jd/plugins/hoster/FastDownCom.class
   jd/plugins/hoster/FastDriveIo.class
   jd/plugins/hoster/FastShareCz.class
   jd/plugins/hoster/FastfileCc.class
   jd/plugins/hoster/FayloobmennikCloud.class
   jd/plugins/hoster/FeimaoyunCom.class
   jd/plugins/hoster/FhscriptCom.class
   jd/plugins/hoster/FileAl.class
   jd/plugins/hoster/FileBoomMe$1.class
   jd/plugins/hoster/FileBoomMe.class
   jd/plugins/hoster/FileFactory.class
   jd/plugins/hoster/FileJokerNet.class
   jd/plugins/hoster/FileStoreComUa.class
   jd/plugins/hoster/FileUploadDotnet.class
   jd/plugins/hoster/FilecadCom.class
   jd/plugins/hoster/FileddCom.class
   jd/plugins/hoster/FilefoxCc.class
   jd/plugins/hoster/FileloxCom.class
   jd/plugins/hoster/FilesUploadOrg.class
   jd/plugins/hoster/FilespaceCom.class
   jd/plugins/hoster/FilestoreTo.class
   jd/plugins/hoster/FileupOrg.class
   jd/plugins/hoster/FirefileCc$1.class
   jd/plugins/hoster/FirefileCc$2.class
   jd/plugins/hoster/FirefileCc$3.class
   jd/plugins/hoster/FirefileCc$4.class
   jd/plugins/hoster/FirefileCc.class
   jd/plugins/hoster/FlashxNet.class
   jd/plugins/hoster/FlickrCom.class
   jd/plugins/hoster/FlimmitCom.class
   jd/plugins/hoster/FlorenfileCom.class
   jd/plugins/hoster/FourSharedCom.class
   jd/plugins/hoster/FourfileNet.class
   jd/plugins/hoster/FreeDiscPl.class
   jd/plugins/hoster/FrprnCom.class
   jd/plugins/hoster/FruitpanCom.class
   jd/plugins/hoster/FuraffinityNet.class
   jd/plugins/hoster/GfyCatCom$1.class
   jd/plugins/hoster/GfyCatCom.class
   jd/plugins/hoster/GigaDownCom.class
   jd/plugins/hoster/GofileIo.class
   jd/plugins/hoster/GoloadyCom.class.removed
   jd/plugins/hoster/GoogleDrive$1.class
   jd/plugins/hoster/GoogleDrive$2.class
   jd/plugins/hoster/GoogleDrive.class
   jd/plugins/hoster/GotpornCom.class
   jd/plugins/hoster/GounlimitedTo.class
   jd/plugins/hoster/GrabItShareCom.class
   jd/plugins/hoster/HardSexTubeCom.class.removed
   jd/plugins/hoster/HddTomskRu.class
   jd/plugins/hoster/HentainexusCom.class.removed
   jd/plugins/hoster/HighWayMe$1.class
   jd/plugins/hoster/HighWayMe.class
   jd/plugins/hoster/HighstreamTv.class
   jd/plugins/hoster/HotlinkCc.class
   jd/plugins/hoster/HqMirrorDe.class.removed
   jd/plugins/hoster/HshopEristaMe.class
   jd/plugins/hoster/HulkLoadCom.class.removed
   jd/plugins/hoster/HulkShareCom.class
   jd/plugins/hoster/IcloudCom.class
   jd/plugins/hoster/IdtboxCom.class.removed
   jd/plugins/hoster/ImDbCom.class
   jd/plugins/hoster/ImageFap.class
   jd/plugins/hoster/ImagetwistCom.class
   jd/plugins/hoster/ImfbXyz.class
   jd/plugins/hoster/ImgBabesCom.class
   jd/plugins/hoster/ImgSrcRu.class
   jd/plugins/hoster/ImgbaronCom.class
   jd/plugins/hoster/ImgmazeCom.class
   jd/plugins/hoster/ImgurComHoster$1.class
   jd/plugins/hoster/ImgurComHoster$2.class
   jd/plugins/hoster/ImgurComHoster$3.class
   jd/plugins/hoster/ImgurComHoster$4.class
   jd/plugins/hoster/ImgurComHoster$5.class
   jd/plugins/hoster/ImgurComHoster$6.class
   jd/plugins/hoster/ImgurComHoster$RESPONSE_TYPE.class
   jd/plugins/hoster/ImgurComHoster.class
   jd/plugins/hoster/IndiShareMe.class
   jd/plugins/hoster/IndianPornVideosCom.class
   jd/plugins/hoster/Indowebster.class.removed
   jd/plugins/hoster/InstaGramCom.class
   jd/plugins/hoster/JamendoCom.class
   jd/plugins/hoster/JavynowCom.class
   jd/plugins/hoster/JdLog$1.class
   jd/plugins/hoster/JdLog$2.class
   jd/plugins/hoster/JdLog$3.class
   jd/plugins/hoster/JdLog.class
   jd/plugins/hoster/JianguoyunCom.class
   jd/plugins/hoster/JkpanCc.class
   jd/plugins/hoster/JumploadsCom.class
   jd/plugins/hoster/K2SApi$1.class
   jd/plugins/hoster/K2SApi$2.class
   jd/plugins/hoster/K2SApi$3.class
   jd/plugins/hoster/K2SApi$CAPTCHA.class
   jd/plugins/hoster/K2SApi.class
   jd/plugins/hoster/KamababaCom.class
   jd/plugins/hoster/KatfileCom.class
   jd/plugins/hoster/Keep2ShareCc$1.class
   jd/plugins/hoster/Keep2ShareCc.class
   jd/plugins/hoster/KeezMoviesCom$1.class.removed
   jd/plugins/hoster/KeezMoviesCom$BouncyCastleAESCounterModeDecrypt.class.removed
   jd/plugins/hoster/KeezMoviesCom.class.removed
   jd/plugins/hoster/KernelVideoSharingComV2$1.class
   jd/plugins/hoster/KernelVideoSharingComV2.class
   jd/plugins/hoster/KernelVideoSharingComV2HostsDefault.class
   jd/plugins/hoster/KikuploadXyz.class.removed
   jd/plugins/hoster/KrakenfilesCom.class
   jd/plugins/hoster/KsharedCom.class
   jd/plugins/hoster/LbryTv.class
   jd/plugins/hoster/LemonStreamMe.class
   jd/plugins/hoster/LetsuploadCo.class
   jd/plugins/hoster/LinkSnappyCom$1.class
   jd/plugins/hoster/LinkSnappyCom.class
   jd/plugins/hoster/LinkifierCom.class
   jd/plugins/hoster/LiteroticaCom.class
   jd/plugins/hoster/LiveMixTapesCom.class
   jd/plugins/hoster/LuckfileCom.class.removed
   jd/plugins/hoster/LunaticFilesCom.class
   jd/plugins/hoster/LusciousNet.class
   jd/plugins/hoster/MediafireCom$1.class
   jd/plugins/hoster/MediafireCom$PasswordSolver.class
   jd/plugins/hoster/MediafireCom.class
   jd/plugins/hoster/MegaConz$1.class
   jd/plugins/hoster/MegaConz$2.class
   jd/plugins/hoster/MegaConz$3.class
   jd/plugins/hoster/MegaConz$MegaDownloadLinkDownloadable.class
   jd/plugins/hoster/MegaConz$MegaHashCheck$1.class
   jd/plugins/hoster/MegaConz$MegaHashCheck.class
   jd/plugins/hoster/MegaConz.class
   jd/plugins/hoster/MegaCrypter$1.class
   jd/plugins/hoster/MegaCrypter$2.class
   jd/plugins/hoster/MegaCrypter$MegaCrypterComApiErrorCodes.class
   jd/plugins/hoster/MegaCrypter.class
   jd/plugins/hoster/MegaDpUa.class
   jd/plugins/hoster/MegaupNet.class
   jd/plugins/hoster/MetArtCom.class
   jd/plugins/hoster/MexashareCom.class
   jd/plugins/hoster/MixCloudCom.class
   jd/plugins/hoster/MixSharedCom.class
   jd/plugins/hoster/MixdropCo$1.class
   jd/plugins/hoster/MixdropCo.class
   jd/plugins/hoster/MobilismOrg.class
   jd/plugins/hoster/MonpartageFr.class
   jd/plugins/hoster/MotherLessCom.class
   jd/plugins/hoster/Mp4UploadCom.class
   jd/plugins/hoster/MrdeepfakesCom.class
   jd/plugins/hoster/MyStreamTo.class
   jd/plugins/hoster/MyqloudOrg.class
   jd/plugins/hoster/MyzcloudMe.class
   jd/plugins/hoster/NewsGroupDirectCom.class
   jd/plugins/hoster/NexusmodsCom$NexusmodsAccountFactory$1.class
   jd/plugins/hoster/NexusmodsCom$NexusmodsAccountFactory.class
   jd/plugins/hoster/NexusmodsCom.class
   jd/plugins/hoster/NinecloudUs.class
   jd/plugins/hoster/NinjastreamTo$1.class
   jd/plugins/hoster/NinjastreamTo.class
   jd/plugins/hoster/NitroFlareCom.class
   jd/plugins/hoster/NovaFileCom.class
   jd/plugins/hoster/Offline.class
   jd/plugins/hoster/OkRu.class
   jd/plugins/hoster/OkstreamCc.class
   jd/plugins/hoster/OneFichierCom$1.class
   jd/plugins/hoster/OneFichierCom$OnefichierAccountFactory$1.class
   jd/plugins/hoster/OneFichierCom$OnefichierAccountFactory.class
   jd/plugins/hoster/OneFichierCom.class
   jd/plugins/hoster/OnehundredThirtyNineFileCom.class
   jd/plugins/hoster/OnlystreamTv.class
   jd/plugins/hoster/OrtoFilesCom.class
   jd/plugins/hoster/OxycloudCom.class
   jd/plugins/hoster/OzoFilesCom.class.removed
   jd/plugins/hoster/PCloudCom.class
   jd/plugins/hoster/PhoenixDe.class
   jd/plugins/hoster/PhotobucketCom.class
   jd/plugins/hoster/PicbaronCom.class
   jd/plugins/hoster/PieshareMe.class
   jd/plugins/hoster/PinterestCom$1.class
   jd/plugins/hoster/PinterestCom$2.class
   jd/plugins/hoster/PinterestCom.class
   jd/plugins/hoster/PlayFourtyFourNet.class.removed
   jd/plugins/hoster/PlaytubeWs.class
   jd/plugins/hoster/PornHostCom.class
   jd/plugins/hoster/PornHubCom$BouncyCastleAESCounterModeDecrypt.class
   jd/plugins/hoster/PornHubCom.class
   jd/plugins/hoster/PorndoeCom$1.class
   jd/plugins/hoster/PorndoeCom.class
   jd/plugins/hoster/PornktuBe.class
   jd/plugins/hoster/PreFilesCom.class
   jd/plugins/hoster/ProSevenDe.class
   jd/plugins/hoster/PrzeslijCom.class
   jd/plugins/hoster/Publish2Me$1.class
   jd/plugins/hoster/Publish2Me.class
   jd/plugins/hoster/QtyFilesCom.class
   jd/plugins/hoster/RGhostRu.class
   jd/plugins/hoster/RapidrarCom$1.class
   jd/plugins/hoster/RapidrarCom$2.class
   jd/plugins/hoster/RapidrarCom$3.class.removed
   jd/plugins/hoster/RapidrarCom$enjStorable.class
   jd/plugins/hoster/RapidrarCom.class
   jd/plugins/hoster/RapidshareSpace.class.removed
   jd/plugins/hoster/RapidtrafficPl$1.class
   jd/plugins/hoster/RapidtrafficPl$2.class
   jd/plugins/hoster/RapidtrafficPl.class
   jd/plugins/hoster/RareFileNet.class
   jd/plugins/hoster/RarlinkCom.class
   jd/plugins/hoster/Redmp3Cc.class.removed
   jd/plugins/hoster/RestFileCom.class
   jd/plugins/hoster/RockFileCo.class
   jd/plugins/hoster/RosefileNet.class
   jd/plugins/hoster/SankakucomplexCom.class
   jd/plugins/hoster/SaveTv.class
   jd/plugins/hoster/SecretfileNet.class
   jd/plugins/hoster/SendfoxOrg.class
   jd/plugins/hoster/SendspaceCom.class
   jd/plugins/hoster/SendvidCom.class
   jd/plugins/hoster/ServusCom.class
   jd/plugins/hoster/SeventeeSixFengyunCom.class
   jd/plugins/hoster/SeventySevenFileCom.class.removed
   jd/plugins/hoster/ShareOnlineTo.class.removed
   jd/plugins/hoster/Shareplacecom.class
   jd/plugins/hoster/SharingWtf.class
   jd/plugins/hoster/SnipboardIo.class
   jd/plugins/hoster/SoftPediaCom.class
   jd/plugins/hoster/SolidFilesCom.class
   jd/plugins/hoster/SoliddriveCo.class
   jd/plugins/hoster/SoundcloudCom.class
   jd/plugins/hoster/SpankWireCom.class.removed
   jd/plugins/hoster/SpeedVideoNet.class
   jd/plugins/hoster/SpiegelDe.class.removed
   jd/plugins/hoster/SproutVideoCom.class
   jd/plugins/hoster/StreamplayTo.class
   jd/plugins/hoster/StreamsbNet.class
   jd/plugins/hoster/StreamtapeCom.class
   jd/plugins/hoster/SuFileCom.class
   jd/plugins/hoster/SubyShareCom.class
   jd/plugins/hoster/SundryfilesCom.class
   jd/plugins/hoster/SundryshareCom.class
   jd/plugins/hoster/SupervideoTv.class
   jd/plugins/hoster/SvtSe.class
   jd/plugins/hoster/SwrMediathekDe.class.removed
   jd/plugins/hoster/TadaigouCom.class
   jd/plugins/hoster/TakefileLink.class
   jd/plugins/hoster/Tb7Pl.class
   jd/plugins/hoster/TezFilesCom$1.class
   jd/plugins/hoster/TezFilesCom.class
   jd/plugins/hoster/ThreeplusTv.class.removed
   jd/plugins/hoster/TiktokCom.class
   jd/plugins/hoster/TinyfilesCom.class
   jd/plugins/hoster/TruefileCc.class
   jd/plugins/hoster/TumblrCom$1.class
   jd/plugins/hoster/TumblrCom.class
   jd/plugins/hoster/TurboBitNet$1.class
   jd/plugins/hoster/TurboBitNet.class
   jd/plugins/hoster/TusfilesCom.class
   jd/plugins/hoster/TvnowDe.class
   jd/plugins/hoster/TwoSharedCom.class
   jd/plugins/hoster/TwofileWin.class
   jd/plugins/hoster/UFileNet.class
   jd/plugins/hoster/UfileIo.class
   jd/plugins/hoster/UlozTo.class
   jd/plugins/hoster/UnknownPornScript3.class.removed
   jd/plugins/hoster/UnknownPornScript8.class
   jd/plugins/hoster/UnknownPornScript9.class
   jd/plugins/hoster/Up4everCom.class
   jd/plugins/hoster/UpFileCom.class
   jd/plugins/hoster/UpToBoxCom$1.class
   jd/plugins/hoster/UpToBoxCom$UptoboxAccountFactory$1.class
   jd/plugins/hoster/UpToBoxCom$UptoboxAccountFactory.class
   jd/plugins/hoster/UpToBoxCom.class
   jd/plugins/hoster/UpfordownXyz.class
   jd/plugins/hoster/Upload24x7Com.class
   jd/plugins/hoster/UploadEe.class
   jd/plugins/hoster/Uploadedto.class
   jd/plugins/hoster/UploaderJp.class
   jd/plugins/hoster/UploadhavenCom.class
   jd/plugins/hoster/UploadhubIo.class
   jd/plugins/hoster/UploadshipCom.class
   jd/plugins/hoster/UplodNet.class
   jd/plugins/hoster/UpstoRe.class
   jd/plugins/hoster/UpstreamTo.class
   jd/plugins/hoster/UpvideoTo.class
   jd/plugins/hoster/UserloadCo.class
   jd/plugins/hoster/UsersCloudCom.class
   jd/plugins/hoster/UsersdriveCom.class
   jd/plugins/hoster/VKontakteRuHoster.class
   jd/plugins/hoster/VeryfilesCom.class
   jd/plugins/hoster/VideoFCTwoCom.class
   jd/plugins/hoster/VideoGoogle.class
   jd/plugins/hoster/VideoYandexRu.class
   jd/plugins/hoster/VidozaNet.class
   jd/plugins/hoster/VimeoCom$1.class
   jd/plugins/hoster/VimeoCom$VIMEO_URL_TYPE.class
   jd/plugins/hoster/VimeoCom$WrongRefererException.class
   jd/plugins/hoster/VimeoCom.class
   jd/plugins/hoster/VisharePl.class
   jd/plugins/hoster/VivoSx.class
   jd/plugins/hoster/VmallCom.class
   jd/plugins/hoster/VoeSx.class
   jd/plugins/hoster/VupTo.class.removed
   jd/plugins/hoster/VuploadCom.class
   jd/plugins/hoster/WatchvideoUs.class
   jd/plugins/hoster/WeTransferCom.class
   jd/plugins/hoster/WeltDeMediathek.class
   jd/plugins/hoster/WolfstreamTv.class
   jd/plugins/hoster/WorkuploadCom.class
   jd/plugins/hoster/WrzucajplikiPl.class
   jd/plugins/hoster/WstreamVideo.class
   jd/plugins/hoster/XHamsterCom.class
   jd/plugins/hoster/XimagesharingCom.class
   jd/plugins/hoster/XueqiupanCom.class
   jd/plugins/hoster/XunNiuCom.class
   jd/plugins/hoster/XupIn.class
   jd/plugins/hoster/XvideosCom.class
   jd/plugins/hoster/XvideosharingCom.class
   jd/plugins/hoster/YandexAlbum.class
   jd/plugins/hoster/YimuheCom.class
   jd/plugins/hoster/YouWatchOrg.class
   jd/plugins/hoster/YourFreePornTv.class
   jd/plugins/hoster/YourFreePornUs.class.removed
   jd/plugins/hoster/YoutubeDashV2$11.class
   jd/plugins/hoster/YoutubeDashV2$12.class
   jd/plugins/hoster/YoutubeDashV2$13.class
   jd/plugins/hoster/YoutubeDashV2$14.class
   jd/plugins/hoster/YoutubeDashV2$15.class
   jd/plugins/hoster/YoutubeDashV2$16$1.class
   jd/plugins/hoster/YoutubeDashV2$16.class
   jd/plugins/hoster/YoutubeDashV2.class
   jd/plugins/hoster/YunPanCn.class
   jd/plugins/hoster/YuvutuCom.class
----------------Extensions----------------
   extensions/Extraction.jar
----------------Direct Files----------------
   build.json
   translations/org/appwork/update/standalone/translate/StandaloneUpdaterTranslation.en.lng
   translations/org/appwork/update/updateclient/translation/UpdateTranslation.en.lng
   translations/org/appwork/utils/locale/AWUTranslation.hu.lng
   translations/org/appwork/utils/locale/AWUTranslation.zh__hant.lng
   translations/org/appwork/utils/logging2/sendlogs/LogSenderTranslation.hu.lng
   translations/org/appwork/utils/logging2/sendlogs/LogSenderTranslation.pt_BR.lng
   translations/org/appwork/utils/logging2/sendlogs/LogSenderTranslation.zh__hant.lng
   translations/org/jdownloader/gui/jdtrayicon/translate/TrayiconTranslation.hu.lng
   translations/org/jdownloader/gui/jdtrayicon/translate/TrayiconTranslation.zh__hant.lng
   translations/org/jdownloader/gui/translate/GuiTranslation.de.lng
   translations/org/jdownloader/gui/translate/GuiTranslation.en.lng
   translations/org/jdownloader/gui/translate/GuiTranslation.en_AU.lng
   translations/org/jdownloader/gui/translate/GuiTranslation.hu.lng
   translations/org/jdownloader/gui/translate/GuiTranslation.pt_BR.lng
   translations/org/jdownloader/gui/translate/GuiTranslation.zh__hant.lng
   translations/org/jdownloader/translate/JdownloaderTranslation.en.lng
   translations/org/jdownloader/translate/JdownloaderTranslation.hu.lng
----------------Core Files----------------
   Core.jar
   JD: Core.jar/jd/SecondLevelLaunch$1.class
   JD: Core.jar/jd/SecondLevelLaunch$10.class
   JD: Core.jar/jd/SecondLevelLaunch$11.class
   JD: Core.jar/jd/SecondLevelLaunch$12.class
   JD: Core.jar/jd/SecondLevelLaunch$13$1.class
   JD: Core.jar/jd/SecondLevelLaunch$13.class
   JD: Core.jar/jd/SecondLevelLaunch$14.class
   JD: Core.jar/jd/SecondLevelLaunch$2.class
   JD: Core.jar/jd/SecondLevelLaunch$3.class
   JD: Core.jar/jd/SecondLevelLaunch$4.class
   JD: Core.jar/jd/SecondLevelLaunch$5.class
   JD: Core.jar/jd/SecondLevelLaunch$6.class
   JD: Core.jar/jd/SecondLevelLaunch$7$1.class
   JD: Core.jar/jd/SecondLevelLaunch$7.class
   JD: Core.jar/jd/SecondLevelLaunch$8.class
   JD: Core.jar/jd/SecondLevelLaunch$9$1$1.class
   JD: Core.jar/jd/SecondLevelLaunch$9$1$2.class
   JD: Core.jar/jd/SecondLevelLaunch$9$1$3.class
   JD: Core.jar/jd/SecondLevelLaunch$9$1$4$1$1.class
   JD: Core.jar/jd/SecondLevelLaunch$9$1$4$1$2.class
   JD: Core.jar/jd/SecondLevelLaunch$9$1$4$1$3.class
   JD: Core.jar/jd/SecondLevelLaunch$9$1$4$1.class
   JD: Core.jar/jd/SecondLevelLaunch$9$1$4$2.class
   JD: Core.jar/jd/SecondLevelLaunch$9$1$4.class
   JD: Core.jar/jd/SecondLevelLaunch$9$1$5$1$1.class
   JD: Core.jar/jd/SecondLevelLaunch$9$1$5$1$2.class
   JD: Core.jar/jd/SecondLevelLaunch$9$1$5$1.class
   JD: Core.jar/jd/SecondLevelLaunch$9$1$5.class
   JD: Core.jar/jd/SecondLevelLaunch$9$1$6$1.class
   JD: Core.jar/jd/SecondLevelLaunch$9$1$6.class
   JD: Core.jar/jd/SecondLevelLaunch$9$1$7.class
   JD: Core.jar/jd/SecondLevelLaunch$9$1.class
   JD: Core.jar/jd/SecondLevelLaunch$9.class
   JD: Core.jar/jd/SecondLevelLaunch.class
   JD: Core.jar/jd/config/Property.class
   JD: Core.jar/jd/config/SubConfiguration$1.class
   JD: Core.jar/jd/config/SubConfiguration$2.class
   JD: Core.jar/jd/config/SubConfiguration$3.class
   JD: Core.jar/jd/config/SubConfiguration.class
   JD: Core.jar/jd/controlling/AccountController$7.class
   JD: Core.jar/jd/controlling/AccountController$8.class
   JD: Core.jar/jd/controlling/AccountController.class
   JD: Core.jar/jd/controlling/ClipboardMonitoring$1$1.class
   JD: Core.jar/jd/controlling/ClipboardMonitoring$1$2.class
   JD: Core.jar/jd/controlling/ClipboardMonitoring$1.class
   JD: Core.jar/jd/controlling/ClipboardMonitoring$2.class
   JD: Core.jar/jd/controlling/ClipboardMonitoring$3.class
   JD: Core.jar/jd/controlling/ClipboardMonitoring$4.class
   JD: Core.jar/jd/controlling/ClipboardMonitoring$5.class
   JD: Core.jar/jd/controlling/ClipboardMonitoring$ClipboardChangeDetector$CHANGE_FLAG.class
   JD: Core.jar/jd/controlling/ClipboardMonitoring$ClipboardChangeDetector.class
   JD: Core.jar/jd/controlling/ClipboardMonitoring$ClipboardContent.class
   JD: Core.jar/jd/controlling/ClipboardMonitoring$ClipboardHash.class
   JD: Core.jar/jd/controlling/ClipboardMonitoring$HTMLFragment.class
   JD: Core.jar/jd/controlling/ClipboardMonitoring$IGNORE.class
   JD: Core.jar/jd/controlling/ClipboardMonitoring$WindowsClipboardHack.class.removed
   JD: Core.jar/jd/controlling/ClipboardMonitoring.class
   JD: Core.jar/jd/controlling/WindowsClipboardChangeDetector$1.class.removed
   JD: Core.jar/jd/controlling/WindowsClipboardChangeDetector$2.class.removed
   JD: Core.jar/jd/controlling/WindowsClipboardChangeDetector$3.class.removed
   JD: Core.jar/jd/controlling/WindowsClipboardChangeDetector.class
   JD: Core.jar/jd/controlling/downloadcontroller/DiskSpaceChecker.class
   JD: Core.jar/jd/controlling/downloadcontroller/DiskSpaceChecker17.class
   JD: Core.jar/jd/controlling/downloadcontroller/DiskSpaceManager$1.class.removed
   JD: Core.jar/jd/controlling/downloadcontroller/DiskSpaceManager$DISKSPACERESERVATIONRESULT.class
   JD: Core.jar/jd/controlling/downloadcontroller/DiskSpaceManager.class
   JD: Core.jar/jd/controlling/downloadcontroller/DiskSpaceReservation.class
   JD: Core.jar/jd/controlling/downloadcontroller/DownloadWatchDog$1.class
   JD: Core.jar/jd/controlling/downloadcontroller/DownloadWatchDog$10$1.class
   JD: Core.jar/jd/controlling/downloadcontroller/DownloadWatchDog$10.class
   JD: Core.jar/jd/controlling/downloadcontroller/DownloadWatchDog$11.class
   JD: Core.jar/jd/controlling/downloadcontroller/DownloadWatchDog$12$1.class
   JD: Core.jar/jd/controlling/downloadcontroller/DownloadWatchDog$12.class
   JD: Core.jar/jd/controlling/downloadcontroller/DownloadWatchDog$13$1.class
   JD: Core.jar/jd/controlling/downloadcontroller/DownloadWatchDog$13.class
   JD: Core.jar/jd/controlling/downloadcontroller/DownloadWatchDog$14.class
   JD: Core.jar/jd/controlling/downloadcontroller/DownloadWatchDog$15.class
   JD: Core.jar/jd/controlling/downloadcontroller/DownloadWatchDog$16.class
   JD: Core.jar/jd/controlling/downloadcontroller/DownloadWatchDog$17.class
   JD: Core.jar/jd/controlling/downloadcontroller/DownloadWatchDog$18.class
   JD: Core.jar/jd/controlling/downloadcontroller/DownloadWatchDog$19.class
   JD: Core.jar/jd/controlling/downloadcontroller/DownloadWatchDog$2.class
   JD: Core.jar/jd/controlling/downloadcontroller/DownloadWatchDog$20.class
   JD: Core.jar/jd/controlling/downloadcontroller/DownloadWatchDog$21.class
   JD: Core.jar/jd/controlling/downloadcontroller/DownloadWatchDog$22$1.class
   JD: Core.jar/jd/controlling/downloadcontroller/DownloadWatchDog$22.class
   JD: Core.jar/jd/controlling/downloadcontroller/DownloadWatchDog$23$1.class
   JD: Core.jar/jd/controlling/downloadcontroller/DownloadWatchDog$23.class
   JD: Core.jar/jd/controlling/downloadcontroller/DownloadWatchDog$24.class
   JD: Core.jar/jd/controlling/downloadcontroller/DownloadWatchDog$25.class
   JD: Core.jar/jd/controlling/downloadcontroller/DownloadWatchDog$26.class
   JD: Core.jar/jd/controlling/downloadcontroller/DownloadWatchDog$27$1.class
   JD: Core.jar/jd/controlling/downloadcontroller/DownloadWatchDog$27.class
   JD: Core.jar/jd/controlling/downloadcontroller/DownloadWatchDog$28.class
   JD: Core.jar/jd/controlling/downloadcontroller/DownloadWatchDog$29$1.class
   JD: Core.jar/jd/controlling/downloadcontroller/DownloadWatchDog$29.class
   JD: Core.jar/jd/controlling/downloadcontroller/DownloadWatchDog$3$1.class
   JD: Core.jar/jd/controlling/downloadcontroller/DownloadWatchDog$3.class
   JD: Core.jar/jd/controlling/downloadcontroller/DownloadWatchDog$30.class
   JD: Core.jar/jd/controlling/downloadcontroller/DownloadWatchDog$31.class
   JD: Core.jar/jd/controlling/downloadcontroller/DownloadWatchDog$32.class
   JD: Core.jar/jd/controlling/downloadcontroller/DownloadWatchDog$33$1.class
   JD: Core.jar/jd/controlling/downloadcontroller/DownloadWatchDog$33.class
   JD: Core.jar/jd/controlling/downloadcontroller/DownloadWatchDog$34$1.class
   JD: Core.jar/jd/controlling/downloadcontroller/DownloadWatchDog$34$2$1$1$1.class
   JD: Core.jar/jd/controlling/downloadcontroller/DownloadWatchDog$34$2$1$1.class
   JD: Core.jar/jd/controlling/downloadcontroller/DownloadWatchDog$34$2$1.class
   JD: Core.jar/jd/controlling/downloadcontroller/DownloadWatchDog$34$2.class
   JD: Core.jar/jd/controlling/downloadcontroller/DownloadWatchDog$34$3$1.class
   JD: Core.jar/jd/controlling/downloadcontroller/DownloadWatchDog$34$3.class
   JD: Core.jar/jd/controlling/downloadcontroller/DownloadWatchDog$34$4$1.class
   JD: Core.jar/jd/controlling/downloadcontroller/DownloadWatchDog$34$4.class
   JD: Core.jar/jd/controlling/downloadcontroller/DownloadWatchDog$34$5$1.class
   JD: Core.jar/jd/controlling/downloadcontroller/DownloadWatchDog$34$5$2.class
   JD: Core.jar/jd/controlling/downloadcontroller/DownloadWatchDog$34$5$3.class
   JD: Core.jar/jd/controlling/downloadcontroller/DownloadWatchDog$34$5$4.class
   JD: Core.jar/jd/controlling/downloadcontroller/DownloadWatchDog$34$5$5.class
   JD: Core.jar/jd/controlling/downloadcontroller/DownloadWatchDog$34$5$6.class
   JD: Core.jar/jd/controlling/downloadcontroller/DownloadWatchDog$34$5.class
   JD: Core.jar/jd/controlling/downloadcontroller/DownloadWatchDog$34$6.class
   JD: Core.jar/jd/controlling/downloadcontroller/DownloadWatchDog$34$7.class
   JD: Core.jar/jd/controlling/downloadcontroller/DownloadWatchDog$34$8.class
   JD: Core.jar/jd/controlling/downloadcontroller/DownloadWatchDog$34$9.class
   JD: Core.jar/jd/controlling/downloadcontroller/DownloadWatchDog$34.class
   JD: Core.jar/jd/controlling/downloadcontroller/DownloadWatchDog$35.class
   JD: Core.jar/jd/controlling/downloadcontroller/DownloadWatchDog$36.class
   JD: Core.jar/jd/controlling/downloadcontroller/DownloadWatchDog$37.class
   JD: Core.jar/jd/controlling/downloadcontroller/DownloadWatchDog$38$1.class
   JD: Core.jar/jd/controlling/downloadcontroller/DownloadWatchDog$38$2.class
   JD: Core.jar/jd/controlling/downloadcontroller/DownloadWatchDog$38.class
   JD: Core.jar/jd/controlling/downloadcontroller/DownloadWatchDog$39.class
   JD: Core.jar/jd/controlling/downloadcontroller/DownloadWatchDog$4$1.class
   JD: Core.jar/jd/controlling/downloadcontroller/DownloadWatchDog$4.class
   JD: Core.jar/jd/controlling/downloadcontroller/DownloadWatchDog$40.class
   JD: Core.jar/jd/controlling/downloadcontroller/DownloadWatchDog$41.class
   JD: Core.jar/jd/controlling/downloadcontroller/DownloadWatchDog$42.class
   JD: Core.jar/jd/controlling/downloadcontroller/DownloadWatchDog$43.class
   JD: Core.jar/jd/controlling/downloadcontroller/DownloadWatchDog$44.class
   JD: Core.jar/jd/controlling/downloadcontroller/DownloadWatchDog$45.class
   JD: Core.jar/jd/controlling/downloadcontroller/DownloadWatchDog$5$1.class
   JD: Core.jar/jd/controlling/downloadcontroller/DownloadWatchDog$5.class
   JD: Core.jar/jd/controlling/downloadcontroller/DownloadWatchDog$6$1.class
   JD: Core.jar/jd/controlling/downloadcontroller/DownloadWatchDog$6.class
   JD: Core.jar/jd/controlling/downloadcontroller/DownloadWatchDog$7$1.class
   JD: Core.jar/jd/controlling/downloadcontroller/DownloadWatchDog$7.class
   JD: Core.jar/jd/controlling/downloadcontroller/DownloadWatchDog$8.class
   JD: Core.jar/jd/controlling/downloadcontroller/DownloadWatchDog$9$1.class
   JD: Core.jar/jd/controlling/downloadcontroller/DownloadWatchDog$9.class
   JD: Core.jar/jd/controlling/downloadcontroller/DownloadWatchDog$ReconnectThread$1.class
   JD: Core.jar/jd/controlling/downloadcontroller/DownloadWatchDog$ReconnectThread.class
   JD: Core.jar/jd/controlling/downloadcontroller/DownloadWatchDog.class
   JD: Core.jar/jd/controlling/downloadcontroller/FilePackageStorable.class
   JD: Core.jar/jd/controlling/downloadcontroller/SingleDownloadController$2$1.class
   JD: Core.jar/jd/controlling/downloadcontroller/SingleDownloadController$2.class
   JD: Core.jar/jd/controlling/downloadcontroller/SingleDownloadController$3.class
   JD: Core.jar/jd/controlling/downloadcontroller/SingleDownloadController$4.class
   JD: Core.jar/jd/controlling/downloadcontroller/SingleDownloadController.class
   JD: Core.jar/jd/controlling/linkcollector/CrawledPackageStorable$1.class
   JD: Core.jar/jd/controlling/linkcollector/CrawledPackageStorable$2.class
   JD: Core.jar/jd/controlling/linkcollector/CrawledPackageStorable$3.class
   JD: Core.jar/jd/controlling/linkcollector/CrawledPackageStorable$4.class
   JD: Core.jar/jd/controlling/linkcollector/CrawledPackageStorable$TYPE.class
   JD: Core.jar/jd/controlling/linkcollector/CrawledPackageStorable.class
   JD: Core.jar/jd/controlling/linkcollector/LinkCollector$1$1.class
   JD: Core.jar/jd/controlling/linkcollector/LinkCollector$1.class
   JD: Core.jar/jd/controlling/linkcollector/LinkCollector$10.class
   JD: Core.jar/jd/controlling/linkcollector/LinkCollector$11.class
   JD: Core.jar/jd/controlling/linkcollector/LinkCollector$12.class
   JD: Core.jar/jd/controlling/linkcollector/LinkCollector$13.class
   JD: Core.jar/jd/controlling/linkcollector/LinkCollector$14.class
   JD: Core.jar/jd/controlling/linkcollector/LinkCollector$15.class
   JD: Core.jar/jd/controlling/linkcollector/LinkCollector$16.class
   JD: Core.jar/jd/controlling/linkcollector/LinkCollector$17.class
   JD: Core.jar/jd/controlling/linkcollector/LinkCollector$18$1.class.removed
   JD: Core.jar/jd/controlling/linkcollector/LinkCollector$18.class
   JD: Core.jar/jd/controlling/linkcollector/LinkCollector$19$1.class
   JD: Core.jar/jd/controlling/linkcollector/LinkCollector$19.class
   JD: Core.jar/jd/controlling/linkcollector/LinkCollector$2$1.class
   JD: Core.jar/jd/controlling/linkcollector/LinkCollector$2.class
   JD: Core.jar/jd/controlling/linkcollector/LinkCollector$20.class
   JD: Core.jar/jd/controlling/linkcollector/LinkCollector$21.class
   JD: Core.jar/jd/controlling/linkcollector/LinkCollector$22.class
   JD: Core.jar/jd/controlling/linkcollector/LinkCollector$23$1.class.removed
   JD: Core.jar/jd/controlling/linkcollector/LinkCollector$23$2.class.removed
   JD: Core.jar/jd/controlling/linkcollector/LinkCollector$23.class
   JD: Core.jar/jd/controlling/linkcollector/LinkCollector$24$1.class
   JD: Core.jar/jd/controlling/linkcollector/LinkCollector$24$2.class
   JD: Core.jar/jd/controlling/linkcollector/LinkCollector$24.class
   JD: Core.jar/jd/controlling/linkcollector/LinkCollector$25$1.class
   JD: Core.jar/jd/controlling/linkcollector/LinkCollector$25.class
   JD: Core.jar/jd/controlling/linkcollector/LinkCollector$26$1.class.removed
   JD: Core.jar/jd/controlling/linkcollector/LinkCollector$26.class
   JD: Core.jar/jd/controlling/linkcollector/LinkCollector$27$1.class
   JD: Core.jar/jd/controlling/linkcollector/LinkCollector$27$2.class.removed
   JD: Core.jar/jd/controlling/linkcollector/LinkCollector$27.class
   JD: Core.jar/jd/controlling/linkcollector/LinkCollector$28$1.class
   JD: Core.jar/jd/controlling/linkcollector/LinkCollector$28$2.class
   JD: Core.jar/jd/controlling/linkcollector/LinkCollector$28.class
   JD: Core.jar/jd/controlling/linkcollector/LinkCollector$29.class
   JD: Core.jar/jd/controlling/linkcollector/LinkCollector$3$1.class
   JD: Core.jar/jd/controlling/linkcollector/LinkCollector$3.class
   JD: Core.jar/jd/controlling/linkcollector/LinkCollector$30.class
   JD: Core.jar/jd/controlling/linkcollector/LinkCollector$31.class
   JD: Core.jar/jd/controlling/linkcollector/LinkCollector$32.class
   JD: Core.jar/jd/controlling/linkcollector/LinkCollector$33.class
   JD: Core.jar/jd/controlling/linkcollector/LinkCollector$4.class
   JD: Core.jar/jd/controlling/linkcollector/LinkCollector$5.class
   JD: Core.jar/jd/controlling/linkcollector/LinkCollector$6.class
   JD: Core.jar/jd/controlling/linkcollector/LinkCollector$7.class
   JD: Core.jar/jd/controlling/linkcollector/LinkCollector$8.class
   JD: Core.jar/jd/controlling/linkcollector/LinkCollector$9.class
   JD: Core.jar/jd/controlling/linkcollector/LinkCollector$CrawledPackageMappingID.class
   JD: Core.jar/jd/controlling/linkcollector/LinkCollector$JobLinkChecker.class
   JD: Core.jar/jd/controlling/linkcollector/LinkCollector$JobLinkCrawler$1.class
   JD: Core.jar/jd/controlling/linkcollector/LinkCollector$JobLinkCrawler.class
   JD: Core.jar/jd/controlling/linkcollector/LinkCollector$LoadedPackage.class
   JD: Core.jar/jd/controlling/linkcollector/LinkCollector$MoveLinksMode.class
   JD: Core.jar/jd/controlling/linkcollector/LinkCollector$MoveLinksSettings.class
   JD: Core.jar/jd/controlling/linkcollector/LinkCollector.class
   JD: Core.jar/jd/controlling/linkcollector/LinkCollectorConfig.class
   JD: Core.jar/jd/controlling/linkcollector/LinknameCleaner.class
   JD: Core.jar/jd/controlling/linkcrawler/CrawledPackage$3.class
   JD: Core.jar/jd/controlling/linkcrawler/CrawledPackage.class
   JD: Core.jar/jd/controlling/linkcrawler/LinkCrawler$10.class
   JD: Core.jar/jd/controlling/linkcrawler/LinkCrawler$11.class
   JD: Core.jar/jd/controlling/linkcrawler/LinkCrawler$12.class
   JD: Core.jar/jd/controlling/linkcrawler/LinkCrawler$13.class
   JD: Core.jar/jd/controlling/linkcrawler/LinkCrawler$14.class
   JD: Core.jar/jd/controlling/linkcrawler/LinkCrawler$15.class
   JD: Core.jar/jd/controlling/linkcrawler/LinkCrawler$16.class
   JD: Core.jar/jd/controlling/linkcrawler/LinkCrawler$17.class
   JD: Core.jar/jd/controlling/linkcrawler/LinkCrawler$18.class
   JD: Core.jar/jd/controlling/linkcrawler/LinkCrawler$19.class
   JD: Core.jar/jd/controlling/linkcrawler/LinkCrawler$20.class
   JD: Core.jar/jd/controlling/linkcrawler/LinkCrawler$21.class
   JD: Core.jar/jd/controlling/linkcrawler/LinkCrawler$22.class
   JD: Core.jar/jd/controlling/linkcrawler/LinkCrawler$23.class
   JD: Core.jar/jd/controlling/linkcrawler/LinkCrawler$24$1.class
   JD: Core.jar/jd/controlling/linkcrawler/LinkCrawler$24.class
   JD: Core.jar/jd/controlling/linkcrawler/LinkCrawler$25$1.class
   JD: Core.jar/jd/controlling/linkcrawler/LinkCrawler$25.class
   JD: Core.jar/jd/controlling/linkcrawler/LinkCrawler$26.class
   JD: Core.jar/jd/controlling/linkcrawler/LinkCrawler$27.class
   JD: Core.jar/jd/controlling/linkcrawler/LinkCrawler$28.class
   JD: Core.jar/jd/controlling/linkcrawler/LinkCrawler$29.class
   JD: Core.jar/jd/controlling/linkcrawler/LinkCrawler$5.class
   JD: Core.jar/jd/controlling/linkcrawler/LinkCrawler$6.class
   JD: Core.jar/jd/controlling/linkcrawler/LinkCrawler$7.class
   JD: Core.jar/jd/controlling/linkcrawler/LinkCrawler$8.class
   JD: Core.jar/jd/controlling/linkcrawler/LinkCrawler$9.class
   JD: Core.jar/jd/controlling/linkcrawler/LinkCrawler.class
   JD: Core.jar/jd/controlling/linkcrawler/LinkCrawlerConfig.class
   JD: Core.jar/jd/controlling/linkcrawler/LinkCrawlerDeepInspector.class
   JD: Core.jar/jd/controlling/packagecontroller/AbstractPackageNode.class
   JD: Core.jar/jd/parser/html/HTMLParser$HexHtmlParserCharSequence.class
   JD: Core.jar/jd/parser/html/HTMLParser$HtmlParserCharSequence.class
   JD: Core.jar/jd/parser/html/HTMLParser$HtmlParserOptions.class
   JD: Core.jar/jd/parser/html/HTMLParser$HtmlParserResultSet.class
   JD: Core.jar/jd/parser/html/HTMLParser$Httppattern.class
   JD: Core.jar/jd/parser/html/HTMLParser.class
   JD: Core.jar/jd/plugins/AccountInfo.class
   JD: Core.jar/jd/plugins/DecrypterException.class
   JD: Core.jar/jd/plugins/DownloadLink$1.class
   JD: Core.jar/jd/plugins/DownloadLink$2.class
   JD: Core.jar/jd/plugins/DownloadLink$3.class
   JD: Core.jar/jd/plugins/DownloadLink$4.class
   JD: Core.jar/jd/plugins/DownloadLink$5.class
   JD: Core.jar/jd/plugins/DownloadLink$AvailableStatus.class
   JD: Core.jar/jd/plugins/DownloadLink.class
   JD: Core.jar/jd/plugins/FilePackage.class
   JD: Core.jar/jd/plugins/Plugin$1.class
   JD: Core.jar/jd/plugins/Plugin$2.class
   JD: Core.jar/jd/plugins/Plugin$3.class
   JD: Core.jar/jd/plugins/Plugin$4.class
   JD: Core.jar/jd/plugins/Plugin.class
   JD: Core.jar/jd/plugins/PluginConfigPanelNG$10.class
   JD: Core.jar/jd/plugins/PluginConfigPanelNG$8.class
   JD: Core.jar/jd/plugins/PluginConfigPanelNG$9.class
   JD: Core.jar/jd/plugins/PluginConfigPanelNG.class
   JD: Core.jar/jd/plugins/PluginForDecrypt$1.class
   JD: Core.jar/jd/plugins/PluginForDecrypt$2.class
   JD: Core.jar/jd/plugins/PluginForDecrypt.class
   JD: Core.jar/jd/plugins/PluginForHost$1.class
   JD: Core.jar/jd/plugins/PluginForHost$10$1.class
   JD: Core.jar/jd/plugins/PluginForHost$10$2.class
   JD: Core.jar/jd/plugins/PluginForHost$10.class
   JD: Core.jar/jd/plugins/PluginForHost$11.class
   JD: Core.jar/jd/plugins/PluginForHost$12.class
   JD: Core.jar/jd/plugins/PluginForHost$2.class
   JD: Core.jar/jd/plugins/PluginForHost$3.class
   JD: Core.jar/jd/plugins/PluginForHost$4.class
   JD: Core.jar/jd/plugins/PluginForHost$5$1.class
   JD: Core.jar/jd/plugins/PluginForHost$5$2$1.class
   JD: Core.jar/jd/plugins/PluginForHost$5$2.class
   JD: Core.jar/jd/plugins/PluginForHost$5.class
   JD: Core.jar/jd/plugins/PluginForHost$6$1.class
   JD: Core.jar/jd/plugins/PluginForHost$6$2$1.class
   JD: Core.jar/jd/plugins/PluginForHost$6$2$2.class
   JD: Core.jar/jd/plugins/PluginForHost$6$2.class
   JD: Core.jar/jd/plugins/PluginForHost$6.class
   JD: Core.jar/jd/plugins/PluginForHost$7.class
   JD: Core.jar/jd/plugins/PluginForHost$8.class
   JD: Core.jar/jd/plugins/PluginForHost$9.class
   JD: Core.jar/jd/plugins/PluginForHost$FilePair.class
   JD: Core.jar/jd/plugins/PluginForHost.class
   JD: Core.jar/jd/plugins/components/SiteType$SiteTemplate.class
   JD: Core.jar/jd/plugins/download/DownloadLinkDownloadable$2.class
   JD: Core.jar/jd/plugins/download/DownloadLinkDownloadable$3.class
   JD: Core.jar/jd/plugins/download/DownloadLinkDownloadable$4.class
   JD: Core.jar/jd/plugins/download/DownloadLinkDownloadable.class
   JD: Core.jar/org/jdownloader/api/DeprecatedAPIServer$1.class
   JD: Core.jar/org/jdownloader/api/DeprecatedAPIServer$2.class
   JD: Core.jar/org/jdownloader/api/DeprecatedAPIServer$3$1.class
   JD: Core.jar/org/jdownloader/api/DeprecatedAPIServer$3.class
   JD: Core.jar/org/jdownloader/api/DeprecatedAPIServer$4.class
   JD: Core.jar/org/jdownloader/api/DeprecatedAPIServer$5$1.class
   JD: Core.jar/org/jdownloader/api/DeprecatedAPIServer$5.class
   JD: Core.jar/org/jdownloader/api/DeprecatedAPIServer$APICert.class
   JD: Core.jar/org/jdownloader/api/DeprecatedAPIServer$CustomHttpConnection.class
   JD: Core.jar/org/jdownloader/api/DeprecatedAPIServer$DeprecatedGetRequest.class
   JD: Core.jar/org/jdownloader/api/DeprecatedAPIServer$DeprecatedHeadRequest.class
   JD: Core.jar/org/jdownloader/api/DeprecatedAPIServer$DeprecatedOptionsRequest.class
   JD: Core.jar/org/jdownloader/api/DeprecatedAPIServer$DeprecatedPostRequest.class
   JD: Core.jar/org/jdownloader/api/DeprecatedAPIServer.class
   JD: Core.jar/org/jdownloader/api/jd/JDAPIImpl$1.class
   JD: Core.jar/org/jdownloader/api/jd/JDAPIImpl.class
   JD: Core.jar/org/jdownloader/api/logs/LogAPIImpl.class
   JD: Core.jar/org/jdownloader/api/myjdownloader/MyJDownloaderController$1.class
   JD: Core.jar/org/jdownloader/api/myjdownloader/MyJDownloaderController$2.class
   JD: Core.jar/org/jdownloader/api/myjdownloader/MyJDownloaderController$3.class
   JD: Core.jar/org/jdownloader/api/myjdownloader/MyJDownloaderController$4.class
   JD: Core.jar/org/jdownloader/api/myjdownloader/MyJDownloaderController.class
   JD: Core.jar/org/jdownloader/api/myjdownloader/MyJDownloaderSettings$DeviceNameFactory.class
   JD: Core.jar/org/jdownloader/api/system/SystemAPIImpl$1.class
   JD: Core.jar/org/jdownloader/api/system/SystemAPIImpl.class
   JD: Core.jar/org/jdownloader/api/system/SystemAPIImpl17.class
   JD: Core.jar/org/jdownloader/api/utils/PackageControllerUtils$1.class
   JD: Core.jar/org/jdownloader/api/utils/PackageControllerUtils$2.class
   JD: Core.jar/org/jdownloader/api/utils/PackageControllerUtils$3.class
   JD: Core.jar/org/jdownloader/api/utils/PackageControllerUtils.class
   JD: Core.jar/org/jdownloader/captcha/api/CaptchaForwarder$1$1$1.class
   JD: Core.jar/org/jdownloader/captcha/api/CaptchaForwarder$1$1.class
   JD: Core.jar/org/jdownloader/captcha/api/CaptchaForwarder$1.class
   JD: Core.jar/org/jdownloader/captcha/api/CaptchaForwarder$2.class
   JD: Core.jar/org/jdownloader/captcha/api/CaptchaForwarder$Job.class
   JD: Core.jar/org/jdownloader/captcha/api/CaptchaForwarder.class
   JD: Core.jar/org/jdownloader/captcha/v2/AbstractCaptchaDialog$1.class
   JD: Core.jar/org/jdownloader/captcha/v2/AbstractCaptchaDialog$10.class
   JD: Core.jar/org/jdownloader/captcha/v2/AbstractCaptchaDialog$11.class
   JD: Core.jar/org/jdownloader/captcha/v2/AbstractCaptchaDialog$12.class
   JD: Core.jar/org/jdownloader/captcha/v2/AbstractCaptchaDialog$2.class
   JD: Core.jar/org/jdownloader/captcha/v2/AbstractCaptchaDialog$3.class
   JD: Core.jar/org/jdownloader/captcha/v2/AbstractCaptchaDialog$4.class
   JD: Core.jar/org/jdownloader/captcha/v2/AbstractCaptchaDialog$5.class
   JD: Core.jar/org/jdownloader/captcha/v2/AbstractCaptchaDialog$6.class
   JD: Core.jar/org/jdownloader/captcha/v2/AbstractCaptchaDialog$7$1.class
   JD: Core.jar/org/jdownloader/captcha/v2/AbstractCaptchaDialog$7$2.class
   JD: Core.jar/org/jdownloader/captcha/v2/AbstractCaptchaDialog$7.class
   JD: Core.jar/org/jdownloader/captcha/v2/AbstractCaptchaDialog$8$1.class
   JD: Core.jar/org/jdownloader/captcha/v2/AbstractCaptchaDialog$8$2.class
   JD: Core.jar/org/jdownloader/captcha/v2/AbstractCaptchaDialog$8$3.class
   JD: Core.jar/org/jdownloader/captcha/v2/AbstractCaptchaDialog$8$4.class
   JD: Core.jar/org/jdownloader/captcha/v2/AbstractCaptchaDialog$8.class
   JD: Core.jar/org/jdownloader/captcha/v2/AbstractCaptchaDialog$9.class
   JD: Core.jar/org/jdownloader/captcha/v2/AbstractCaptchaDialog.class
   JD: Core.jar/org/jdownloader/captcha/v2/challenge/recaptcha/v2/AbstractRecaptchaV2$1.class
   JD: Core.jar/org/jdownloader/captcha/v2/challenge/recaptcha/v2/AbstractRecaptchaV2.class
   JD: Core.jar/org/jdownloader/captcha/v2/challenge/recaptcha/v2/Recaptcha2BrowserViewport.class
   JD: Core.jar/org/jdownloader/captcha/v2/challenge/recaptcha/v2/RecaptchaV2Challenge$1.class
   JD: Core.jar/org/jdownloader/captcha/v2/challenge/recaptcha/v2/RecaptchaV2Challenge$10.class
   JD: Core.jar/org/jdownloader/captcha/v2/challenge/recaptcha/v2/RecaptchaV2Challenge$2.class
   JD: Core.jar/org/jdownloader/captcha/v2/challenge/recaptcha/v2/RecaptchaV2Challenge$3.class
   JD: Core.jar/org/jdownloader/captcha/v2/challenge/recaptcha/v2/RecaptchaV2Challenge$4.class
   JD: Core.jar/org/jdownloader/captcha/v2/challenge/recaptcha/v2/RecaptchaV2Challenge$5.class
   JD: Core.jar/org/jdownloader/captcha/v2/challenge/recaptcha/v2/RecaptchaV2Challenge$6.class
   JD: Core.jar/org/jdownloader/captcha/v2/challenge/recaptcha/v2/RecaptchaV2Challenge$7.class
   JD: Core.jar/org/jdownloader/captcha/v2/challenge/recaptcha/v2/RecaptchaV2Challenge$8.class
   JD: Core.jar/org/jdownloader/captcha/v2/challenge/recaptcha/v2/RecaptchaV2Challenge$9.class
   JD: Core.jar/org/jdownloader/captcha/v2/challenge/recaptcha/v2/RecaptchaV2Challenge$RecaptchaV2APIStorable.class
   JD: Core.jar/org/jdownloader/captcha/v2/challenge/recaptcha/v2/RecaptchaV2Challenge.class
   JD: Core.jar/org/jdownloader/captcha/v2/solver/browser/AbstractBrowserChallenge.class
   JD: Core.jar/org/jdownloader/captcha/v2/solver/browser/BrowserCaptchaDialog$1.class
   JD: Core.jar/org/jdownloader/captcha/v2/solver/browser/BrowserCaptchaDialog$10.class
   JD: Core.jar/org/jdownloader/captcha/v2/solver/browser/BrowserCaptchaDialog$11.class
   JD: Core.jar/org/jdownloader/captcha/v2/solver/browser/BrowserCaptchaDialog$12.class
   JD: Core.jar/org/jdownloader/captcha/v2/solver/browser/BrowserCaptchaDialog$13.class
   JD: Core.jar/org/jdownloader/captcha/v2/solver/browser/BrowserCaptchaDialog$14.class
   JD: Core.jar/org/jdownloader/captcha/v2/solver/browser/BrowserCaptchaDialog$15$1.class
   JD: Core.jar/org/jdownloader/captcha/v2/solver/browser/BrowserCaptchaDialog$15.class
   JD: Core.jar/org/jdownloader/captcha/v2/solver/browser/BrowserCaptchaDialog$16.class
   JD: Core.jar/org/jdownloader/captcha/v2/solver/browser/BrowserCaptchaDialog$2.class
   JD: Core.jar/org/jdownloader/captcha/v2/solver/browser/BrowserCaptchaDialog$3.class
   JD: Core.jar/org/jdownloader/captcha/v2/solver/browser/BrowserCaptchaDialog$4.class
   JD: Core.jar/org/jdownloader/captcha/v2/solver/browser/BrowserCaptchaDialog$5.class
   JD: Core.jar/org/jdownloader/captcha/v2/solver/browser/BrowserCaptchaDialog$6.class
   JD: Core.jar/org/jdownloader/captcha/v2/solver/browser/BrowserCaptchaDialog$7$1.class
   JD: Core.jar/org/jdownloader/captcha/v2/solver/browser/BrowserCaptchaDialog$7$2.class
   JD: Core.jar/org/jdownloader/captcha/v2/solver/browser/BrowserCaptchaDialog$7.class
   JD: Core.jar/org/jdownloader/captcha/v2/solver/browser/BrowserCaptchaDialog$8.class
   JD: Core.jar/org/jdownloader/captcha/v2/solver/browser/BrowserCaptchaDialog$9.class
   JD: Core.jar/org/jdownloader/captcha/v2/solver/browser/BrowserCaptchaDialog.class
   JD: Core.jar/org/jdownloader/captcha/v2/solver/browser/BrowserReference$2.class
   JD: Core.jar/org/jdownloader/captcha/v2/solver/browser/BrowserReference$3.class
   JD: Core.jar/org/jdownloader/captcha/v2/solver/browser/BrowserReference.class
   JD: Core.jar/org/jdownloader/captcha/v2/solver/browser/BrowserViewport.class
   JD: Core.jar/org/jdownloader/captcha/v2/solver/browser/BrowserWindow.class
   JD: Core.jar/org/jdownloader/captcha/v2/solver/browser/ScreenResource$Block.class
   JD: Core.jar/org/jdownloader/captcha/v2/solver/browser/ScreenResource.class
   JD: Core.jar/org/jdownloader/controlling/AggregatedNumbers$AggregatedDownloadLink.class
   JD: Core.jar/org/jdownloader/controlling/AggregatedNumbers.class
   JD: Core.jar/org/jdownloader/controlling/ffmpeg/AbstractFFmpegBinary$4.class
   JD: Core.jar/org/jdownloader/controlling/ffmpeg/AbstractFFmpegBinary$5.class
   JD: Core.jar/org/jdownloader/controlling/ffmpeg/AbstractFFmpegBinary$6.class
   JD: Core.jar/org/jdownloader/controlling/ffmpeg/AbstractFFmpegBinary.class
   JD: Core.jar/org/jdownloader/controlling/ffmpeg/FFMpegException$ERROR.class
   JD: Core.jar/org/jdownloader/controlling/ffmpeg/FFMpegException.class
   JD: Core.jar/org/jdownloader/controlling/ffmpeg/FFmpeg$1.class
   JD: Core.jar/org/jdownloader/controlling/ffmpeg/FFmpeg.class
   JD: Core.jar/org/jdownloader/controlling/ffmpeg/FFmpegSetup$BinayPathValidator.class
   JD: Core.jar/org/jdownloader/controlling/ffmpeg/FFmpegSetup$DefaultFFMpegBinary.class
   JD: Core.jar/org/jdownloader/controlling/ffmpeg/FFmpegSetup$DefaultFFProbeBinary.class
   JD: Core.jar/org/jdownloader/crosssystem/windows/Win7TaskBar$MyMemory.class
   JD: Core.jar/org/jdownloader/crosssystem/windows/Win7TaskBar$User32Ex.class
   JD: Core.jar/org/jdownloader/crosssystem/windows/Win7TaskBar.class
   JD: Core.jar/org/jdownloader/donate/DONATE_EVENT$1.class
   JD: Core.jar/org/jdownloader/donate/DONATE_EVENT$2.class
   JD: Core.jar/org/jdownloader/donate/DONATE_EVENT$3.class
   JD: Core.jar/org/jdownloader/donate/DONATE_EVENT$4.class
   JD: Core.jar/org/jdownloader/donate/DONATE_EVENT$5.class
   JD: Core.jar/org/jdownloader/donate/DONATE_EVENT$6.class
   JD: Core.jar/org/jdownloader/donate/DONATE_EVENT$7.class
   JD: Core.jar/org/jdownloader/donate/DONATE_EVENT$8.class
   JD: Core.jar/org/jdownloader/donate/DONATE_EVENT$9.class
   JD: Core.jar/org/jdownloader/donate/DONATE_EVENT.class
   JD: Core.jar/org/jdownloader/downloader/hls/HLSDownloader$10.class
   JD: Core.jar/org/jdownloader/downloader/hls/HLSDownloader$6.class
   JD: Core.jar/org/jdownloader/downloader/hls/HLSDownloader$7.class
   JD: Core.jar/org/jdownloader/downloader/hls/HLSDownloader$8.class
   JD: Core.jar/org/jdownloader/downloader/hls/HLSDownloader$9.class
   JD: Core.jar/org/jdownloader/downloader/hls/HLSDownloader.class
   JD: Core.jar/org/jdownloader/gui/notify/gui/AbstractNotifyWindow$1.class
   JD: Core.jar/org/jdownloader/gui/notify/gui/AbstractNotifyWindow$2.class
   JD: Core.jar/org/jdownloader/gui/notify/gui/AbstractNotifyWindow$3.class
   JD: Core.jar/org/jdownloader/gui/notify/gui/AbstractNotifyWindow$4$1.class
   JD: Core.jar/org/jdownloader/gui/notify/gui/AbstractNotifyWindow$4.class
   JD: Core.jar/org/jdownloader/gui/notify/gui/AbstractNotifyWindow$5$1.class
   JD: Core.jar/org/jdownloader/gui/notify/gui/AbstractNotifyWindow$5.class
   JD: Core.jar/org/jdownloader/gui/notify/gui/AbstractNotifyWindow$6.class
   JD: Core.jar/org/jdownloader/gui/notify/gui/AbstractNotifyWindow$7.class
   JD: Core.jar/org/jdownloader/gui/notify/gui/AbstractNotifyWindow$8.class
   JD: Core.jar/org/jdownloader/gui/notify/gui/AbstractNotifyWindow$9.class
   JD: Core.jar/org/jdownloader/gui/notify/gui/AbstractNotifyWindow.class
   JD: Core.jar/org/jdownloader/gui/shortcuts/ShortcutSettings$DefaultTextFieldCopy.class
   JD: Core.jar/org/jdownloader/gui/shortcuts/ShortcutSettings$DefaultTextFieldCut.class
   JD: Core.jar/org/jdownloader/gui/shortcuts/ShortcutSettings$DefaultTextFieldDelete.class
   JD: Core.jar/org/jdownloader/gui/shortcuts/ShortcutSettings$DefaultTextFieldPaste.class
   JD: Core.jar/org/jdownloader/gui/shortcuts/ShortcutSettings$DefaultTextFieldSelect.class
   JD: Core.jar/org/jdownloader/gui/shortcuts/ShortcutSettings$KeyStrokeValidator.class
   JD: Core.jar/org/jdownloader/gui/translate/GuiTranslation.class
   JD: Core.jar/org/jdownloader/gui/views/components/packagetable/LinkTreeUtils$1.class
   JD: Core.jar/org/jdownloader/gui/views/components/packagetable/LinkTreeUtils.class
   JD: Core.jar/org/jdownloader/gui/views/downloads/action/SplitPackagesByHost$1.class
   JD: Core.jar/org/jdownloader/gui/views/downloads/action/SplitPackagesByHost$2.class
   JD: Core.jar/org/jdownloader/gui/views/downloads/action/SplitPackagesByHost$3.class
   JD: Core.jar/org/jdownloader/gui/views/downloads/action/SplitPackagesByHost.class
   JD: Core.jar/org/jdownloader/gui/views/downloads/columns/AddedDateColumn.class
   JD: Core.jar/org/jdownloader/gui/views/downloads/columns/FinishedDateColumn.class
   JD: Core.jar/org/jdownloader/gui/views/downloads/columns/ModifiedDateColumn.class
   JD: Core.jar/org/jdownloader/gui/views/downloads/table/DownloadsTableModel.class
   JD: Core.jar/org/jdownloader/gui/views/linkgrabber/LinkGrabberTableModel$1.class
   JD: Core.jar/org/jdownloader/gui/views/linkgrabber/LinkGrabberTableModel$3.class
   JD: Core.jar/org/jdownloader/gui/views/linkgrabber/LinkGrabberTableModel.class
   JD: Core.jar/org/jdownloader/myjdownloader/client/bindings/SystemInformationStorable.class
   JD: Core.jar/org/jdownloader/net/AutoBCSSLSocketStreamFactory$1.class
   JD: Core.jar/org/jdownloader/net/AutoBCSSLSocketStreamFactory$AutoSwitchSSLSocketStreamInterface.class
   JD: Core.jar/org/jdownloader/net/AutoBCSSLSocketStreamFactory.class
   JD: Core.jar/org/jdownloader/net/BCSSLSocketStreamFactory$1.class
   JD: Core.jar/org/jdownloader/net/BCSSLSocketStreamFactory$BCSSLSocketStreamInterface.class
   JD: Core.jar/org/jdownloader/net/BCSSLSocketStreamFactory$BCTLSSocketStreamTlsClient$1.class
   JD: Core.jar/org/jdownloader/net/BCSSLSocketStreamFactory$BCTLSSocketStreamTlsClient.class
   JD: Core.jar/org/jdownloader/net/BCSSLSocketStreamFactory.class
   JD: Core.jar/org/jdownloader/net/BCTLSSocketStreamFactory$1.class.removed
   JD: Core.jar/org/jdownloader/net/BCTLSSocketStreamFactory$BCTLSSocketStreamTlsClient$1.class.removed
   JD: Core.jar/org/jdownloader/net/BCTLSSocketStreamFactory$BCTLSSocketStreamTlsClient.class.removed
   JD: Core.jar/org/jdownloader/net/BCTLSSocketStreamFactory.class.removed
   JD: Core.jar/org/jdownloader/osevents/OperatingSystemEventSender$1.class
   JD: Core.jar/org/jdownloader/osevents/OperatingSystemEventSender$2.class
   JD: Core.jar/org/jdownloader/osevents/OperatingSystemEventSender.class
   JD: Core.jar/org/jdownloader/plugins/components/TurbobitCore$1.class
   JD: Core.jar/org/jdownloader/plugins/components/TurbobitCore$2.class
   JD: Core.jar/org/jdownloader/plugins/components/TurbobitCore$DownloadType.class
   JD: Core.jar/org/jdownloader/plugins/components/TurbobitCore.class
   JD: Core.jar/org/jdownloader/plugins/components/XFileSharingProBasic$1.class
   JD: Core.jar/org/jdownloader/plugins/components/XFileSharingProBasic$2.class
   JD: Core.jar/org/jdownloader/plugins/components/XFileSharingProBasic$XFSApiAccountFactory$1.class
   JD: Core.jar/org/jdownloader/plugins/components/XFileSharingProBasic$XFSApiAccountFactory.class
   JD: Core.jar/org/jdownloader/plugins/components/XFileSharingProBasic.class
   JD: Core.jar/org/jdownloader/plugins/components/XFileSharingProBasicSpecialFilejoker.class
   JD: Core.jar/org/jdownloader/plugins/components/YetiShareCore$1.class
   JD: Core.jar/org/jdownloader/plugins/components/YetiShareCore$2.class
   JD: Core.jar/org/jdownloader/plugins/components/YetiShareCore.class
   JD: Core.jar/org/jdownloader/plugins/components/YetiShareCoreNew.class.removed
   JD: Core.jar/org/jdownloader/plugins/components/abstractSafeLinking.class
   JD: Core.jar/org/jdownloader/plugins/components/config/BsToConfig.class
   JD: Core.jar/org/jdownloader/plugins/components/config/FileCryptConfig$1.class
   JD: Core.jar/org/jdownloader/plugins/components/config/FileCryptConfig$CrawlMode$1.class
   JD: Core.jar/org/jdownloader/plugins/components/config/FileCryptConfig$CrawlMode$2.class
   JD: Core.jar/org/jdownloader/plugins/components/config/FileCryptConfig$CrawlMode.class
   JD: Core.jar/org/jdownloader/plugins/components/config/FileCryptConfig.class
   JD: Core.jar/org/jdownloader/plugins/components/config/MetartConfig$1.class
   JD: Core.jar/org/jdownloader/plugins/components/config/MetartConfig$PhotoCrawlMode$1.class
   JD: Core.jar/org/jdownloader/plugins/components/config/MetartConfig$PhotoCrawlMode$2.class
   JD: Core.jar/org/jdownloader/plugins/components/config/MetartConfig$PhotoCrawlMode.class
   JD: Core.jar/org/jdownloader/plugins/components/config/MetartConfig.class
   JD: Core.jar/org/jdownloader/plugins/components/config/OneFichierConfigInterface.class
   JD: Core.jar/org/jdownloader/plugins/components/config/PietsmietDeConfig.class.removed
   JD: Core.jar/org/jdownloader/plugins/components/config/PorndoeComConfig$1.class
   JD: Core.jar/org/jdownloader/plugins/components/config/PorndoeComConfig$PreferredStreamQuality$1.class
   JD: Core.jar/org/jdownloader/plugins/components/config/PorndoeComConfig$PreferredStreamQuality$2.class
   JD: Core.jar/org/jdownloader/plugins/components/config/PorndoeComConfig$PreferredStreamQuality$3.class
   JD: Core.jar/org/jdownloader/plugins/components/config/PorndoeComConfig$PreferredStreamQuality$4.class
   JD: Core.jar/org/jdownloader/plugins/components/config/PorndoeComConfig$PreferredStreamQuality$5.class
   JD: Core.jar/org/jdownloader/plugins/components/config/PorndoeComConfig$PreferredStreamQuality$6.class
   JD: Core.jar/org/jdownloader/plugins/components/config/PorndoeComConfig$PreferredStreamQuality.class
   JD: Core.jar/org/jdownloader/plugins/components/config/PorndoeComConfig.class
   JD: Core.jar/org/jdownloader/plugins/components/config/TiktokConfig.class
   JD: Core.jar/org/jdownloader/plugins/components/config/TumblrComConfig$Translation.class.removed
   JD: Core.jar/org/jdownloader/plugins/components/config/TumblrComConfig.class
   JD: Core.jar/org/jdownloader/plugins/components/config/XFSConfigVideoHotlinkCc.class
   JD: Core.jar/org/jdownloader/plugins/components/config/XFSConfigVideoVupTo.class.removed
   JD: Core.jar/org/jdownloader/plugins/components/config/XFSConfigVideoVuploadCom.class
   JD: Core.jar/org/jdownloader/plugins/components/containers/VideoContainer.class
   JD: Core.jar/org/jdownloader/plugins/components/containers/VimeoContainer$Quality.class
   JD: Core.jar/org/jdownloader/plugins/components/containers/VimeoContainer$Source.class
   JD: Core.jar/org/jdownloader/plugins/components/containers/VimeoContainer.class
   JD: Core.jar/org/jdownloader/plugins/components/hls/HlsContainer$CODEC.class
   JD: Core.jar/org/jdownloader/plugins/components/hls/HlsContainer$CODEC_TYPE.class
   JD: Core.jar/org/jdownloader/plugins/components/hls/HlsContainer$StreamCodec.class
   JD: Core.jar/org/jdownloader/plugins/components/hls/HlsContainer.class
   JD: Core.jar/org/jdownloader/plugins/components/youtube/YoutubeConfig$DefaultConvertSubtitleVariantMode.class
   JD: Core.jar/org/jdownloader/plugins/components/youtube/YoutubeHelper$1.class
   JD: Core.jar/org/jdownloader/plugins/components/youtube/YoutubeHelper$10.class
   JD: Core.jar/org/jdownloader/plugins/components/youtube/YoutubeHelper$11.class
   JD: Core.jar/org/jdownloader/plugins/components/youtube/YoutubeHelper$12.class
   JD: Core.jar/org/jdownloader/plugins/components/youtube/YoutubeHelper$13.class
   JD: Core.jar/org/jdownloader/plugins/components/youtube/YoutubeHelper$14.class
   JD: Core.jar/org/jdownloader/plugins/components/youtube/YoutubeHelper$15.class
   JD: Core.jar/org/jdownloader/plugins/components/youtube/YoutubeHelper$16.class
   JD: Core.jar/org/jdownloader/plugins/components/youtube/YoutubeHelper$17.class
   JD: Core.jar/org/jdownloader/plugins/components/youtube/YoutubeHelper$18.class
   JD: Core.jar/org/jdownloader/plugins/components/youtube/YoutubeHelper$19.class
   JD: Core.jar/org/jdownloader/plugins/components/youtube/YoutubeHelper$2.class
   JD: Core.jar/org/jdownloader/plugins/components/youtube/YoutubeHelper$20.class
   JD: Core.jar/org/jdownloader/plugins/components/youtube/YoutubeHelper$21.class
   JD: Core.jar/org/jdownloader/plugins/components/youtube/YoutubeHelper$22.class
   JD: Core.jar/org/jdownloader/plugins/components/youtube/YoutubeHelper$23.class
   JD: Core.jar/org/jdownloader/plugins/components/youtube/YoutubeHelper$24.class
   JD: Core.jar/org/jdownloader/plugins/components/youtube/YoutubeHelper$25.class
   JD: Core.jar/org/jdownloader/plugins/components/youtube/YoutubeHelper$26.class
   JD: Core.jar/org/jdownloader/plugins/components/youtube/YoutubeHelper$27.class
   JD: Core.jar/org/jdownloader/plugins/components/youtube/YoutubeHelper$28.class
   JD: Core.jar/org/jdownloader/plugins/components/youtube/YoutubeHelper$29.class
   JD: Core.jar/org/jdownloader/plugins/components/youtube/YoutubeHelper$3.class
   JD: Core.jar/org/jdownloader/plugins/components/youtube/YoutubeHelper$30.class
   JD: Core.jar/org/jdownloader/plugins/components/youtube/YoutubeHelper$31.class
   JD: Core.jar/org/jdownloader/plugins/components/youtube/YoutubeHelper$32.class
   JD: Core.jar/org/jdownloader/plugins/components/youtube/YoutubeHelper$33.class
   JD: Core.jar/org/jdownloader/plugins/components/youtube/YoutubeHelper$34.class
   JD: Core.jar/org/jdownloader/plugins/components/youtube/YoutubeHelper$35.class
   JD: Core.jar/org/jdownloader/plugins/components/youtube/YoutubeHelper$36.class
   JD: Core.jar/org/jdownloader/plugins/components/youtube/YoutubeHelper$37.class
   JD: Core.jar/org/jdownloader/plugins/components/youtube/YoutubeHelper$38.class
   JD: Core.jar/org/jdownloader/plugins/components/youtube/YoutubeHelper$39.class
   JD: Core.jar/org/jdownloader/plugins/components/youtube/YoutubeHelper$4.class
   JD: Core.jar/org/jdownloader/plugins/components/youtube/YoutubeHelper$40.class
   JD: Core.jar/org/jdownloader/plugins/components/youtube/YoutubeHelper$5.class
   JD: Core.jar/org/jdownloader/plugins/components/youtube/YoutubeHelper$6.class
   JD: Core.jar/org/jdownloader/plugins/components/youtube/YoutubeHelper$7.class
   JD: Core.jar/org/jdownloader/plugins/components/youtube/YoutubeHelper$8.class
   JD: Core.jar/org/jdownloader/plugins/components/youtube/YoutubeHelper$9.class
   JD: Core.jar/org/jdownloader/plugins/components/youtube/YoutubeHelper$StreamMap.class
   JD: Core.jar/org/jdownloader/plugins/components/youtube/YoutubeHelper.class
   JD: Core.jar/org/jdownloader/plugins/components/youtube/YoutubeLinkGrabberExtender$1.class
   JD: Core.jar/org/jdownloader/plugins/components/youtube/YoutubeLinkGrabberExtender$2.class
   JD: Core.jar/org/jdownloader/plugins/components/youtube/YoutubeLinkGrabberExtender$3$1.class
   JD: Core.jar/org/jdownloader/plugins/components/youtube/YoutubeLinkGrabberExtender$3.class
   JD: Core.jar/org/jdownloader/plugins/components/youtube/YoutubeLinkGrabberExtender$4$1.class
   JD: Core.jar/org/jdownloader/plugins/components/youtube/YoutubeLinkGrabberExtender$4.class
   JD: Core.jar/org/jdownloader/plugins/components/youtube/YoutubeLinkGrabberExtender$5$1.class
   JD: Core.jar/org/jdownloader/plugins/components/youtube/YoutubeLinkGrabberExtender$5.class
   JD: Core.jar/org/jdownloader/plugins/components/youtube/YoutubeLinkGrabberExtender$6.class
   JD: Core.jar/org/jdownloader/plugins/components/youtube/YoutubeLinkGrabberExtender$7.class
   JD: Core.jar/org/jdownloader/plugins/components/youtube/YoutubeLinkGrabberExtender$8.class
   JD: Core.jar/org/jdownloader/plugins/components/youtube/YoutubeLinkGrabberExtender.class
   JD: Core.jar/org/jdownloader/plugins/components/youtube/YoutubeStreamData.class
   JD: Core.jar/org/jdownloader/plugins/config/AccountJsonConfig$1.class
   JD: Core.jar/org/jdownloader/plugins/config/AccountJsonConfig$2$1.class
   JD: Core.jar/org/jdownloader/plugins/config/AccountJsonConfig$2.class
   JD: Core.jar/org/jdownloader/plugins/config/AccountJsonConfig.class
   JD: Core.jar/org/jdownloader/plugins/controller/PluginController$1.class
   JD: Core.jar/org/jdownloader/plugins/controller/PluginController$CHECK_RESULT.class
   JD: Core.jar/org/jdownloader/plugins/controller/PluginController$PluginClassInfo.class
   JD: Core.jar/org/jdownloader/plugins/controller/PluginController.class
   JD: Core.jar/org/jdownloader/plugins/controller/PluginScannerFiles.class
   JD: Core.jar/org/jdownloader/plugins/controller/PluginScannerNIO.class
   JD: Core.jar/org/jdownloader/plugins/controller/crawler/CrawlerPluginController$1$1.class
   JD: Core.jar/org/jdownloader/plugins/controller/crawler/CrawlerPluginController$1.class
   JD: Core.jar/org/jdownloader/plugins/controller/crawler/CrawlerPluginController.class
   JD: Core.jar/org/jdownloader/plugins/controller/crawler/LazyCrawlerPluginCache.class
   JD: Core.jar/org/jdownloader/plugins/controller/host/HostPluginController$1.class
   JD: Core.jar/org/jdownloader/plugins/controller/host/HostPluginController$2$2.class
   JD: Core.jar/org/jdownloader/plugins/controller/host/HostPluginController$2$3.class
   JD: Core.jar/org/jdownloader/plugins/controller/host/HostPluginController$2$4$1.class
   JD: Core.jar/org/jdownloader/plugins/controller/host/HostPluginController$2$4.class
   JD: Core.jar/org/jdownloader/plugins/controller/host/HostPluginController$2.class
   JD: Core.jar/org/jdownloader/plugins/controller/host/HostPluginController.class
   JD: Core.jar/org/jdownloader/plugins/controller/host/LazyHostPluginCache.class
   JD: Core.jar/org/jdownloader/scripting/JavaScriptEngineFactory$1.class
   JD: Core.jar/org/jdownloader/scripting/JavaScriptEngineFactory$CustomizedScriptEngineManager.class
   JD: Core.jar/org/jdownloader/scripting/JavaScriptEngineFactory$ExternalScriptable.class
   JD: Core.jar/org/jdownloader/scripting/JavaScriptEngineFactory$InterfaceImplementor$InterfaceImplementorInvocationHandler.class
   JD: Core.jar/org/jdownloader/scripting/JavaScriptEngineFactory$InterfaceImplementor.class
   JD: Core.jar/org/jdownloader/scripting/JavaScriptEngineFactory$RhinoCompiledScript.class
   JD: Core.jar/org/jdownloader/scripting/JavaScriptEngineFactory$RhinoScriptEngine$1.class
   JD: Core.jar/org/jdownloader/scripting/JavaScriptEngineFactory$RhinoScriptEngine.class
   JD: Core.jar/org/jdownloader/scripting/JavaScriptEngineFactory$RhinoTopLevel.class
   JD: Core.jar/org/jdownloader/scripting/JavaScriptEngineFactory.class
   JD: Core.jar/org/jdownloader/settings/FrameStatus$1.class
   JD: Core.jar/org/jdownloader/settings/FrameStatus$2.class
   JD: Core.jar/org/jdownloader/settings/FrameStatus$ExtendedState.class
   JD: Core.jar/org/jdownloader/settings/FrameStatus.class
   JD: Core.jar/org/jdownloader/settings/GeneralSettings$DefaultDownloadFolder.class
   JD: Core.jar/org/jdownloader/settings/GraphicalUserInterfaceSettings$1.class
   JD: Core.jar/org/jdownloader/settings/GraphicalUserInterfaceSettings$CLIPBOARD_SKIP_MODE.class
   JD: Core.jar/org/jdownloader/settings/GraphicalUserInterfaceSettings$ConfirmIncompleteArchiveAction$1.class
   JD: Core.jar/org/jdownloader/settings/GraphicalUserInterfaceSettings$ConfirmIncompleteArchiveAction$2.class
   JD: Core.jar/org/jdownloader/settings/GraphicalUserInterfaceSettings$ConfirmIncompleteArchiveAction$3.class
   JD: Core.jar/org/jdownloader/settings/GraphicalUserInterfaceSettings$ConfirmIncompleteArchiveAction$4.class
   JD: Core.jar/org/jdownloader/settings/GraphicalUserInterfaceSettings$ConfirmIncompleteArchiveAction.class
   JD: Core.jar/org/jdownloader/settings/GraphicalUserInterfaceSettings$CustomIsConfigViewVisible.class
   JD: Core.jar/org/jdownloader/settings/GraphicalUserInterfaceSettings$DefaultLookAndFeelTheme.class
   JD: Core.jar/org/jdownloader/settings/GraphicalUserInterfaceSettings$DeleteFileOptions$1.class
   JD: Core.jar/org/jdownloader/settings/GraphicalUserInterfaceSettings$DeleteFileOptions$2.class
   JD: Core.jar/org/jdownloader/settings/GraphicalUserInterfaceSettings$DeleteFileOptions$3.class
   JD: Core.jar/org/jdownloader/settings/GraphicalUserInterfaceSettings$DeleteFileOptions.class
   JD: Core.jar/org/jdownloader/settings/GraphicalUserInterfaceSettings$DockingPosition$1.class
   JD: Core.jar/org/jdownloader/settings/GraphicalUserInterfaceSettings$DockingPosition$2.class
   JD: Core.jar/org/jdownloader/settings/GraphicalUserInterfaceSettings$DockingPosition.class
   JD: Core.jar/org/jdownloader/settings/GraphicalUserInterfaceSettings$DonateButtonState$1.class
   JD: Core.jar/org/jdownloader/settings/GraphicalUserInterfaceSettings$DonateButtonState$2.class
   JD: Core.jar/org/jdownloader/settings/GraphicalUserInterfaceSettings$DonateButtonState$3.class
   JD: Core.jar/org/jdownloader/settings/GraphicalUserInterfaceSettings$DonateButtonState$4.class
   JD: Core.jar/org/jdownloader/settings/GraphicalUserInterfaceSettings$DonateButtonState.class
   JD: Core.jar/org/jdownloader/settings/GraphicalUserInterfaceSettings$DownloadFolderChooserDialogDefaultPath$1.class
   JD: Core.jar/org/jdownloader/settings/GraphicalUserInterfaceSettings$DownloadFolderChooserDialogDefaultPath$2.class
   JD: Core.jar/org/jdownloader/settings/GraphicalUserInterfaceSettings$DownloadFolderChooserDialogDefaultPath$3.class
   JD: Core.jar/org/jdownloader/settings/GraphicalUserInterfaceSettings$DownloadFolderChooserDialogDefaultPath.class
   JD: Core.jar/org/jdownloader/settings/GraphicalUserInterfaceSettings$DownloadFolderChooserDialogSubfolder.class
   JD: Core.jar/org/jdownloader/settings/GraphicalUserInterfaceSettings$LinkDoubleClickAction.class
   JD: Core.jar/org/jdownloader/settings/GraphicalUserInterfaceSettings$LookAndFeelType$1.class
   JD: Core.jar/org/jdownloader/settings/GraphicalUserInterfaceSettings$LookAndFeelType.class
   JD: Core.jar/org/jdownloader/settings/GraphicalUserInterfaceSettings$MacDockProgressDisplay$1.class
   JD: Core.jar/org/jdownloader/settings/GraphicalUserInterfaceSettings$MacDockProgressDisplay$2.class
   JD: Core.jar/org/jdownloader/settings/GraphicalUserInterfaceSettings$MacDockProgressDisplay.class
   JD: Core.jar/org/jdownloader/settings/GraphicalUserInterfaceSettings$NewLinksInLinkgrabberAction.class
   JD: Core.jar/org/jdownloader/settings/GraphicalUserInterfaceSettings$PackageDoubleClickAction.class
   JD: Core.jar/org/jdownloader/settings/GraphicalUserInterfaceSettings$Position.class
   JD: Core.jar/org/jdownloader/settings/GraphicalUserInterfaceSettings$PremiumStatusBarDisplay.class
   JD: Core.jar/org/jdownloader/settings/GraphicalUserInterfaceSettings$RlyWarnLevel.class
   JD: Core.jar/org/jdownloader/settings/GraphicalUserInterfaceSettings$SIZEUNIT.class
   JD: Core.jar/org/jdownloader/settings/GraphicalUserInterfaceSettings$ShowSpeedInWindowTitleTrigger.class
   JD: Core.jar/org/jdownloader/settings/GraphicalUserInterfaceSettings$StartButtonAction.class
   JD: Core.jar/org/jdownloader/settings/GraphicalUserInterfaceSettings$WindowsTaskBarProgressDisplay$1.class
   JD: Core.jar/org/jdownloader/settings/GraphicalUserInterfaceSettings$WindowsTaskBarProgressDisplay$2.class
   JD: Core.jar/org/jdownloader/settings/GraphicalUserInterfaceSettings$WindowsTaskBarProgressDisplay$3.class
   JD: Core.jar/org/jdownloader/settings/GraphicalUserInterfaceSettings$WindowsTaskBarProgressDisplay.class
   JD: Core.jar/org/jdownloader/settings/GraphicalUserInterfaceSettings.class
   JD: Core.jar/org/jdownloader/settings/UrlDisplayType.class
   JD: Core.jar/org/jdownloader/settings/staticreferences/CFG_GUI.class
   JD: Core.jar/org/jdownloader/startup/Main$1.class
   JD: Core.jar/org/jdownloader/startup/Main$2.class
   JD: Core.jar/org/jdownloader/startup/Main$3$1.class
   JD: Core.jar/org/jdownloader/startup/Main$3.class
   JD: Core.jar/org/jdownloader/startup/Main$4.class
   JD: Core.jar/org/jdownloader/startup/Main.class
   JD: Core.jar/org/jdownloader/startup/commands/MyJDownloaderCommand$1.class
   JD: Core.jar/org/jdownloader/startup/commands/MyJDownloaderCommand.class
   JD: Core.jar/org/jdownloader/startup/commands/ReScanPluginsCommand$1$1.class
   JD: Core.jar/org/jdownloader/startup/commands/ReScanPluginsCommand$1.class
   JD: Core.jar/org/jdownloader/startup/commands/ReScanPluginsCommand.class
   JD: Core.jar/org/jdownloader/startup/commands/ThreadDump.class
   JD: Core.jar/org/jdownloader/translate/JdownloaderTranslation.class
   JD: extensions/Extraction.jar/org/jdownloader/extensions/extraction/CFG_EXTRACTION.class
   JD: extensions/Extraction.jar/org/jdownloader/extensions/extraction/ExtractLogFileWriter.class.removed
   JD: extensions/Extraction.jar/org/jdownloader/extensions/extraction/ExtractionConfig.class
   JD: extensions/Extraction.jar/org/jdownloader/extensions/extraction/ExtractionController$1.class
   JD: extensions/Extraction.jar/org/jdownloader/extensions/extraction/ExtractionController$2.class
   JD: extensions/Extraction.jar/org/jdownloader/extensions/extraction/ExtractionController$3.class
   JD: extensions/Extraction.jar/org/jdownloader/extensions/extraction/ExtractionController$4.class.removed
   JD: extensions/Extraction.jar/org/jdownloader/extensions/extraction/ExtractionController.class
   JD: extensions/Extraction.jar/org/jdownloader/extensions/extraction/ExtractionExtension$1$1.class
   JD: extensions/Extraction.jar/org/jdownloader/extensions/extraction/ExtractionExtension$1.class
   JD: extensions/Extraction.jar/org/jdownloader/extensions/extraction/ExtractionExtension$2$1.class
   JD: extensions/Extraction.jar/org/jdownloader/extensions/extraction/ExtractionExtension$2.class
   JD: extensions/Extraction.jar/org/jdownloader/extensions/extraction/ExtractionExtension$3.class
   JD: extensions/Extraction.jar/org/jdownloader/extensions/extraction/ExtractionExtension$4$1.class.removed
   JD: extensions/Extraction.jar/org/jdownloader/extensions/extraction/ExtractionExtension$4.class
   JD: extensions/Extraction.jar/org/jdownloader/extensions/extraction/ExtractionExtension$5.class
   JD: extensions/Extraction.jar/org/jdownloader/extensions/extraction/ExtractionExtension$6.class.removed
   JD: extensions/Extraction.jar/org/jdownloader/extensions/extraction/ExtractionExtension.class
   JD: extensions/Extraction.jar/org/jdownloader/extensions/extraction/IExtraction.class
   JD: extensions/Extraction.jar/org/jdownloader/extensions/extraction/Signature.class
   JD: extensions/Extraction.jar/org/jdownloader/extensions/extraction/bindings/downloadlink/DownloadLinkArchiveFactory$1.class
   JD: extensions/Extraction.jar/org/jdownloader/extensions/extraction/bindings/downloadlink/DownloadLinkArchiveFactory.class
   JD: extensions/Extraction.jar/org/jdownloader/extensions/extraction/contextmenu/downloadlist/action/ShowExtractionResultAction$1.class.removed
   JD: extensions/Extraction.jar/org/jdownloader/extensions/extraction/contextmenu/downloadlist/action/ShowExtractionResultAction.class.removed
   JD: extensions/Extraction.jar/org/jdownloader/extensions/extraction/mime.type
   JD: extensions/Extraction.jar/org/jdownloader/extensions/extraction/multi/Multi$1.class
   JD: extensions/Extraction.jar/org/jdownloader/extensions/extraction/multi/Multi$2.class
   JD: extensions/Extraction.jar/org/jdownloader/extensions/extraction/multi/Multi$3.class
   JD: extensions/Extraction.jar/org/jdownloader/extensions/extraction/multi/Multi.class
   JD: extensions/Extraction.jar/org/jdownloader/extensions/extraction/multi/Seven7PWCallback$1.class
   JD: extensions/Extraction.jar/org/jdownloader/extensions/extraction/multi/Seven7PWCallback.class
   JD: extensions/Extraction.jar/org/jdownloader/extensions/extraction/multi/SignatureCheckingOutStream.class
   JD: extensions/Extraction.jar/org/jdownloader/extensions/extraction/multi/Zip4J$1.class
   JD: extensions/Extraction.jar/org/jdownloader/extensions/extraction/multi/Zip4J$2.class
   JD: extensions/Extraction.jar/org/jdownloader/extensions/extraction/multi/Zip4J.class
   JD: libs/JAntiCaptcha.jar/jd/captcha/JACTrain.class
   JD: libs/JDGUI.jar/jd/gui/swing/EAWTMacOSApplicationAdapter$2$1.class
   JD: libs/JDGUI.jar/jd/gui/swing/EAWTMacOSApplicationAdapter$3$2.class
   JD: libs/JDGUI.jar/jd/gui/swing/EAWTMacOSApplicationAdapter$3$3.class
   JD: libs/JDGUI.jar/jd/gui/swing/MacOSApplicationAdapter.class
   JD: libs/JDGUI.jar/jd/gui/swing/dialog/AboutDialog$1.class
   JD: libs/JDGUI.jar/jd/gui/swing/dialog/AboutDialog$2$1.class
   JD: libs/JDGUI.jar/jd/gui/swing/dialog/AboutDialog$2.class
   JD: libs/JDGUI.jar/jd/gui/swing/dialog/AboutDialog$3.class
   JD: libs/JDGUI.jar/jd/gui/swing/dialog/AboutDialog$4.class
   JD: libs/JDGUI.jar/jd/gui/swing/dialog/AboutDialog$5.class
   JD: libs/JDGUI.jar/jd/gui/swing/dialog/AboutDialog$6$1.class
   JD: libs/JDGUI.jar/jd/gui/swing/dialog/AboutDialog$6.class
   JD: libs/JDGUI.jar/jd/gui/swing/dialog/AboutDialog.class
   JD: libs/JDGUI.jar/jd/gui/swing/jdgui/JDGui$10$1$1$1$1.class
   JD: libs/JDGUI.jar/jd/gui/swing/jdgui/JDGui$10$1$1$1.class
   JD: libs/JDGUI.jar/jd/gui/swing/jdgui/JDGui$10$1$1.class
   JD: libs/JDGUI.jar/jd/gui/swing/jdgui/JDGui$10$1.class
   JD: libs/JDGUI.jar/jd/gui/swing/jdgui/JDGui$10$2.class
   JD: libs/JDGUI.jar/jd/gui/swing/jdgui/JDGui$10.class
   JD: libs/JDGUI.jar/jd/gui/swing/jdgui/JDGui$11$1.class
   JD: libs/JDGUI.jar/jd/gui/swing/jdgui/JDGui$11.class
   JD: libs/JDGUI.jar/jd/gui/swing/jdgui/JDGui$12$1.class
   JD: libs/JDGUI.jar/jd/gui/swing/jdgui/JDGui$12.class
   JD: libs/JDGUI.jar/jd/gui/swing/jdgui/JDGui$13.class
   JD: libs/JDGUI.jar/jd/gui/swing/jdgui/JDGui$14.class
   JD: libs/JDGUI.jar/jd/gui/swing/jdgui/JDGui$15.class
   JD: libs/JDGUI.jar/jd/gui/swing/jdgui/JDGui$16$1.class
   JD: libs/JDGUI.jar/jd/gui/swing/jdgui/JDGui$16.class
   JD: libs/JDGUI.jar/jd/gui/swing/jdgui/JDGui$17.class
   JD: libs/JDGUI.jar/jd/gui/swing/jdgui/JDGui$18.class
   JD: libs/JDGUI.jar/jd/gui/swing/jdgui/JDGui$19.class
   JD: libs/JDGUI.jar/jd/gui/swing/jdgui/JDGui$20.class
   JD: libs/JDGUI.jar/jd/gui/swing/jdgui/JDGui$21$1.class
   JD: libs/JDGUI.jar/jd/gui/swing/jdgui/JDGui$21.class
   JD: libs/JDGUI.jar/jd/gui/swing/jdgui/JDGui$22.class
   JD: libs/JDGUI.jar/jd/gui/swing/jdgui/JDGui$23.class
   JD: libs/JDGUI.jar/jd/gui/swing/jdgui/JDGui$24.class
   JD: libs/JDGUI.jar/jd/gui/swing/jdgui/JDGui$25$1.class
   JD: libs/JDGUI.jar/jd/gui/swing/jdgui/JDGui$25.class
   JD: libs/JDGUI.jar/jd/gui/swing/jdgui/JDGui$26$1.class
   JD: libs/JDGUI.jar/jd/gui/swing/jdgui/JDGui$26.class
   JD: libs/JDGUI.jar/jd/gui/swing/jdgui/JDGui$27.class
   JD: libs/JDGUI.jar/jd/gui/swing/jdgui/JDGui$28.class
   JD: libs/JDGUI.jar/jd/gui/swing/jdgui/JDGui$29.class
   JD: libs/JDGUI.jar/jd/gui/swing/jdgui/JDGui$30.class
   JD: libs/JDGUI.jar/jd/gui/swing/jdgui/JDGui$31.class
   JD: libs/JDGUI.jar/jd/gui/swing/jdgui/JDGui$32.class
   JD: libs/JDGUI.jar/jd/gui/swing/jdgui/JDGui$33$1.class
   JD: libs/JDGUI.jar/jd/gui/swing/jdgui/JDGui$33$2.class
   JD: libs/JDGUI.jar/jd/gui/swing/jdgui/JDGui$33.class
   JD: libs/JDGUI.jar/jd/gui/swing/jdgui/JDGui$34$1.class
   JD: libs/JDGUI.jar/jd/gui/swing/jdgui/JDGui$34$2.class
   JD: libs/JDGUI.jar/jd/gui/swing/jdgui/JDGui$34.class
   JD: libs/JDGUI.jar/jd/gui/swing/jdgui/JDGui$35.class
   JD: libs/JDGUI.jar/jd/gui/swing/jdgui/JDGui$36.class
   JD: libs/JDGUI.jar/jd/gui/swing/jdgui/JDGui$37.class
   JD: libs/JDGUI.jar/jd/gui/swing/jdgui/JDGui.class
   JD: libs/JDGUI.jar/jd/gui/swing/jdgui/JDownloaderMainFrame$1.class
   JD: libs/JDGUI.jar/jd/gui/swing/jdgui/JDownloaderMainFrame$2.class
   JD: libs/JDGUI.jar/jd/gui/swing/jdgui/JDownloaderMainFrame$3.class
   JD: libs/JDGUI.jar/jd/gui/swing/jdgui/JDownloaderMainFrame$4.class
   JD: libs/JDGUI.jar/jd/gui/swing/jdgui/JDownloaderMainFrame.class
   JD: libs/JDGUI.jar/jd/gui/swing/jdgui/menu/actions/sendlogs/LogAction.class
   JD: libs/JDGUI.jar/jd/gui/swing/jdgui/views/settings/panels/GUISettings$1$1$1.class
   JD: libs/JDGUI.jar/jd/gui/swing/jdgui/views/settings/panels/GUISettings$1$1.class
   JD: libs/JDGUI.jar/jd/gui/swing/jdgui/views/settings/panels/GUISettings$1$2$1.class
   JD: libs/JDGUI.jar/jd/gui/swing/jdgui/views/settings/panels/GUISettings$1$2.class
   JD: libs/JDGUI.jar/jd/gui/swing/jdgui/views/settings/panels/GUISettings$1.class
   JD: libs/JDGUI.jar/jd/gui/swing/jdgui/views/settings/panels/GUISettings$10$1.class
   JD: libs/JDGUI.jar/jd/gui/swing/jdgui/views/settings/panels/GUISettings$10.class
   JD: libs/JDGUI.jar/jd/gui/swing/jdgui/views/settings/panels/GUISettings$11.class
   JD: libs/JDGUI.jar/jd/gui/swing/jdgui/views/settings/panels/GUISettings$12.class
   JD: libs/JDGUI.jar/jd/gui/swing/jdgui/views/settings/panels/GUISettings$13.class
   JD: libs/JDGUI.jar/jd/gui/swing/jdgui/views/settings/panels/GUISettings$2.class
   JD: libs/JDGUI.jar/jd/gui/swing/jdgui/views/settings/panels/GUISettings$3$1.class
   JD: libs/JDGUI.jar/jd/gui/swing/jdgui/views/settings/panels/GUISettings$3.class
   JD: libs/JDGUI.jar/jd/gui/swing/jdgui/views/settings/panels/GUISettings$4$1.class
   JD: libs/JDGUI.jar/jd/gui/swing/jdgui/views/settings/panels/GUISettings$4.class
   JD: libs/JDGUI.jar/jd/gui/swing/jdgui/views/settings/panels/GUISettings$5$1.class
   JD: libs/JDGUI.jar/jd/gui/swing/jdgui/views/settings/panels/GUISettings$5.class
   JD: libs/JDGUI.jar/jd/gui/swing/jdgui/views/settings/panels/GUISettings$6$1.class
   JD: libs/JDGUI.jar/jd/gui/swing/jdgui/views/settings/panels/GUISettings$6.class
   JD: libs/JDGUI.jar/jd/gui/swing/jdgui/views/settings/panels/GUISettings$7$1.class
   JD: libs/JDGUI.jar/jd/gui/swing/jdgui/views/settings/panels/GUISettings$7.class
   JD: libs/JDGUI.jar/jd/gui/swing/jdgui/views/settings/panels/GUISettings$8$1.class
   JD: libs/JDGUI.jar/jd/gui/swing/jdgui/views/settings/panels/GUISettings$8.class
   JD: libs/JDGUI.jar/jd/gui/swing/jdgui/views/settings/panels/GUISettings$9$1.class
   JD: libs/JDGUI.jar/jd/gui/swing/jdgui/views/settings/panels/GUISettings$9.class
   JD: libs/JDGUI.jar/jd/gui/swing/jdgui/views/settings/panels/GUISettings.class
   JD: libs/JDGUI.jar/jd/gui/swing/jdgui/views/settings/panels/MyJDownloaderSettingsPanel$11.class
   JD: libs/JDGUI.jar/jd/gui/swing/jdgui/views/settings/panels/MyJDownloaderSettingsPanel$5$1.class
   JD: libs/JDGUI.jar/jd/gui/swing/jdgui/views/settings/panels/accountmanager/PremiumAccountTableModel$1.class
   JD: libs/JDGUI.jar/jd/gui/swing/jdgui/views/settings/panels/accountmanager/PremiumAccountTableModel$10.class
   JD: libs/JDGUI.jar/jd/gui/swing/jdgui/views/settings/panels/accountmanager/PremiumAccountTableModel$11.class
   JD: libs/JDGUI.jar/jd/gui/swing/jdgui/views/settings/panels/accountmanager/PremiumAccountTableModel$12.class
   JD: libs/JDGUI.jar/jd/gui/swing/jdgui/views/settings/panels/accountmanager/PremiumAccountTableModel$2.class
   JD: libs/JDGUI.jar/jd/gui/swing/jdgui/views/settings/panels/accountmanager/PremiumAccountTableModel$3$1.class
   JD: libs/JDGUI.jar/jd/gui/swing/jdgui/views/settings/panels/accountmanager/PremiumAccountTableModel$3$2.class
   JD: libs/JDGUI.jar/jd/gui/swing/jdgui/views/settings/panels/accountmanager/PremiumAccountTableModel$3.class
   JD: libs/JDGUI.jar/jd/gui/swing/jdgui/views/settings/panels/accountmanager/PremiumAccountTableModel$4.class
   JD: libs/JDGUI.jar/jd/gui/swing/jdgui/views/settings/panels/accountmanager/PremiumAccountTableModel$5.class
   JD: libs/JDGUI.jar/jd/gui/swing/jdgui/views/settings/panels/accountmanager/PremiumAccountTableModel$6.class
   JD: libs/JDGUI.jar/jd/gui/swing/jdgui/views/settings/panels/accountmanager/PremiumAccountTableModel$7$1.class
   JD: libs/JDGUI.jar/jd/gui/swing/jdgui/views/settings/panels/accountmanager/PremiumAccountTableModel$7.class
   JD: libs/JDGUI.jar/jd/gui/swing/jdgui/views/settings/panels/accountmanager/PremiumAccountTableModel$8$1.class
   JD: libs/JDGUI.jar/jd/gui/swing/jdgui/views/settings/panels/accountmanager/PremiumAccountTableModel$8$2.class
   JD: libs/JDGUI.jar/jd/gui/swing/jdgui/views/settings/panels/accountmanager/PremiumAccountTableModel$8.class
   JD: libs/JDGUI.jar/jd/gui/swing/jdgui/views/settings/panels/accountmanager/PremiumAccountTableModel$9.class
   JD: libs/JDGUI.jar/jd/gui/swing/jdgui/views/settings/panels/accountmanager/PremiumAccountTableModel$ExpireColumn.class
   JD: libs/JDGUI.jar/jd/gui/swing/jdgui/views/settings/panels/accountmanager/PremiumAccountTableModel.class
   JD: libs/JDHttp.jar/jd/http/Browser$1.class
   JD: libs/JDHttp.jar/jd/http/Browser$2.class
   JD: libs/JDHttp.jar/jd/http/Browser$BrowserException.class
   JD: libs/JDHttp.jar/jd/http/Browser.class
   JD: libs/JDHttp.jar/jd/http/Request$1.class
   JD: libs/JDHttp.jar/jd/http/Request.class
   JD: libs/JDUtils.jar/jd/nutils/SimpleFTP$1.class
   JD: libs/JDUtils.jar/jd/nutils/SimpleFTP$2.class
   JD: libs/JDUtils.jar/jd/nutils/SimpleFTP$3.class
   JD: libs/JDUtils.jar/jd/nutils/SimpleFTP$ENCODING$1.class
   JD: libs/JDUtils.jar/jd/nutils/SimpleFTP$ENCODING$2.class
   JD: libs/JDUtils.jar/jd/nutils/SimpleFTP$ENCODING.class
   JD: libs/JDUtils.jar/jd/nutils/SimpleFTP$FEATURE.class
   JD: libs/JDUtils.jar/jd/nutils/SimpleFTP$STATE.class
   JD: libs/JDUtils.jar/jd/nutils/SimpleFTP$SimpleFTPListEntry.class
   JD: libs/JDUtils.jar/jd/nutils/SimpleFTP$TLS_MODE.class
   JD: libs/JDUtils.jar/jd/nutils/SimpleFTP$TYPE.class
   JD: libs/JDUtils.jar/jd/nutils/SimpleFTP.class
   JD: libs/cons.jar/org/jdownloader/container/sft/sftContainerV4.class
   JD: libs/cons.jar/org/jdownloader/container/sft/sftContainerV8.class
   JD: libs/jna.jar/META-INF/LICENSE
   JD: libs/jna.jar/META-INF/MANIFEST.MF
   JD: libs/jna.jar/com/sun/jna/CallbackReference$AttachOptions.class
   JD: libs/jna.jar/com/sun/jna/CallbackReference$DefaultCallbackProxy.class
   JD: libs/jna.jar/com/sun/jna/CallbackReference$NativeFunctionHandler.class
   JD: libs/jna.jar/com/sun/jna/CallbackReference.class
   JD: libs/jna.jar/com/sun/jna/Memory$LinkedReference.class
   JD: libs/jna.jar/com/sun/jna/Memory$SharedMemory.class
   JD: libs/jna.jar/com/sun/jna/Memory.class
   JD: libs/jna.jar/com/sun/jna/Native$3.class
   JD: libs/jna.jar/com/sun/jna/Native$4.class
   JD: libs/jna.jar/com/sun/jna/Native$5.class
   JD: libs/jna.jar/com/sun/jna/Native$6.class
   JD: libs/jna.jar/com/sun/jna/Native$7.class
   JD: libs/jna.jar/com/sun/jna/Native$AWT.class
   JD: libs/jna.jar/com/sun/jna/Native$Buffers.class
   JD: libs/jna.jar/com/sun/jna/Native.class
   JD: libs/jna.jar/com/sun/jna/Platform.class
   JD: libs/jna.jar/com/sun/jna/Structure$1.class
   JD: libs/jna.jar/com/sun/jna/Structure$2.class
   JD: libs/jna.jar/com/sun/jna/Structure$3.class
   JD: libs/jna.jar/com/sun/jna/Structure$AutoAllocated.class
   JD: libs/jna.jar/com/sun/jna/Structure$FFIType$FFITypes.class
   JD: libs/jna.jar/com/sun/jna/Structure$FFIType$size_t.class
   JD: libs/jna.jar/com/sun/jna/Structure$FFIType.class
   JD: libs/jna.jar/com/sun/jna/Structure$LayoutInfo.class
   JD: libs/jna.jar/com/sun/jna/Structure$NativeStringTracking.class
   JD: libs/jna.jar/com/sun/jna/Structure$StructField.class
   JD: libs/jna.jar/com/sun/jna/Structure$StructureSet.class
   JD: libs/jna.jar/com/sun/jna/Structure.class
   JD: libs/jna.jar/com/sun/jna/Version.class
   JD: libs/jna.jar/com/sun/jna/aix-ppc/libjnidispatch.a
   JD: libs/jna.jar/com/sun/jna/aix-ppc64/libjnidispatch.a
   JD: libs/jna.jar/com/sun/jna/darwin-aarch64/
   JD: libs/jna.jar/com/sun/jna/darwin-aarch64/libjnidispatch.jnilib
   JD: libs/jna.jar/com/sun/jna/darwin-x86-64/
   JD: libs/jna.jar/com/sun/jna/darwin-x86-64/libjnidispatch.jnilib
   JD: libs/jna.jar/com/sun/jna/darwin.removed
   JD: libs/jna.jar/com/sun/jna/darwin/libjnidispatch.jnilib.removed
   JD: libs/jna.jar/com/sun/jna/freebsd-x86-64/libjnidispatch.so
   JD: libs/jna.jar/com/sun/jna/freebsd-x86/libjnidispatch.so
   JD: libs/jna.jar/com/sun/jna/linux-aarch64/libjnidispatch.so
   JD: libs/jna.jar/com/sun/jna/linux-arm/libjnidispatch.so
   JD: libs/jna.jar/com/sun/jna/linux-armel/libjnidispatch.so
   JD: libs/jna.jar/com/sun/jna/linux-mips64el/libjnidispatch.so
   JD: libs/jna.jar/com/sun/jna/linux-ppc/libjnidispatch.so
   JD: libs/jna.jar/com/sun/jna/linux-ppc64le/libjnidispatch.so
   JD: libs/jna.jar/com/sun/jna/linux-riscv64/
   JD: libs/jna.jar/com/sun/jna/linux-riscv64/libjnidispatch.so
   JD: libs/jna.jar/com/sun/jna/linux-s390x/libjnidispatch.so
   JD: libs/jna.jar/com/sun/jna/linux-x86-64/libjnidispatch.so
   JD: libs/jna.jar/com/sun/jna/linux-x86/libjnidispatch.so
   JD: libs/jna.jar/com/sun/jna/openbsd-x86-64/libjnidispatch.so
   JD: libs/jna.jar/com/sun/jna/openbsd-x86/libjnidispatch.so
   JD: libs/jna.jar/com/sun/jna/sunos-sparc/libjnidispatch.so
   JD: libs/jna.jar/com/sun/jna/sunos-sparcv9/libjnidispatch.so
   JD: libs/jna.jar/com/sun/jna/sunos-x86-64/libjnidispatch.so
   JD: libs/jna.jar/com/sun/jna/sunos-x86/libjnidispatch.so
   JD: libs/jna.jar/com/sun/jna/win32-aarch64/
   JD: libs/jna.jar/com/sun/jna/win32-aarch64/jnidispatch.dll
   JD: libs/jna.jar/com/sun/jna/win32-x86-64/jnidispatch.dll
   JD: libs/jna.jar/com/sun/jna/win32-x86/jnidispatch.dll
   JD: libs/jna_platform.jar/META-INF/LICENSE
   JD: libs/jna_platform.jar/META-INF/MANIFEST.MF
   JD: libs/jna_platform.jar/com/sun/jna/platform/WindowUtils$HeavyweightForcer.class
   JD: libs/jna_platform.jar/com/sun/jna/platform/WindowUtils$Holder.class
   JD: libs/jna_platform.jar/com/sun/jna/platform/WindowUtils$MacWindowUtils$1.class
   JD: libs/jna_platform.jar/com/sun/jna/platform/WindowUtils$MacWindowUtils$OSXMaskingContentPane.class
   JD: libs/jna_platform.jar/com/sun/jna/platform/WindowUtils$MacWindowUtils.class
   JD: libs/jna_platform.jar/com/sun/jna/platform/WindowUtils$NativeWindowUtils$1.class
   JD: libs/jna_platform.jar/com/sun/jna/platform/WindowUtils$NativeWindowUtils$2.class
   JD: libs/jna_platform.jar/com/sun/jna/platform/WindowUtils$NativeWindowUtils$3.class
   JD: libs/jna_platform.jar/com/sun/jna/platform/WindowUtils$NativeWindowUtils$TransparentContentPane.class
   JD: libs/jna_platform.jar/com/sun/jna/platform/WindowUtils$NativeWindowUtils.class
   JD: libs/jna_platform.jar/com/sun/jna/platform/WindowUtils$RepaintTrigger$Listener.class
   JD: libs/jna_platform.jar/com/sun/jna/platform/WindowUtils$RepaintTrigger.class
   JD: libs/jna_platform.jar/com/sun/jna/platform/WindowUtils$W32WindowUtils$1.class
   JD: libs/jna_platform.jar/com/sun/jna/platform/WindowUtils$W32WindowUtils$2.class
   JD: libs/jna_platform.jar/com/sun/jna/platform/WindowUtils$W32WindowUtils$3.class
   JD: libs/jna_platform.jar/com/sun/jna/platform/WindowUtils$W32WindowUtils$4.class
   JD: libs/jna_platform.jar/com/sun/jna/platform/WindowUtils$W32WindowUtils$5.class
   JD: libs/jna_platform.jar/com/sun/jna/platform/WindowUtils$W32WindowUtils$W32TransparentContentPane.class
   JD: libs/jna_platform.jar/com/sun/jna/platform/WindowUtils$W32WindowUtils.class
   JD: libs/jna_platform.jar/com/sun/jna/platform/WindowUtils$X11WindowUtils$1.class
   JD: libs/jna_platform.jar/com/sun/jna/platform/WindowUtils$X11WindowUtils$2.class
   JD: libs/jna_platform.jar/com/sun/jna/platform/WindowUtils$X11WindowUtils$3.class
   JD: libs/jna_platform.jar/com/sun/jna/platform/WindowUtils$X11WindowUtils$4.class
   JD: libs/jna_platform.jar/com/sun/jna/platform/WindowUtils$X11WindowUtils$5.class
   JD: libs/jna_platform.jar/com/sun/jna/platform/WindowUtils$X11WindowUtils$X11TransparentContentPane.class
   JD: libs/jna_platform.jar/com/sun/jna/platform/WindowUtils$X11WindowUtils.class
   JD: libs/jna_platform.jar/com/sun/jna/platform/WindowUtils.class
   JD: libs/jna_platform.jar/com/sun/jna/platform/dnd/package.html
   JD: libs/jna_platform.jar/com/sun/jna/platform/linux/package.html
   JD: libs/jna_platform.jar/com/sun/jna/platform/mac/CoreFoundation$CFIndex.class
   JD: libs/jna_platform.jar/com/sun/jna/platform/mac/CoreFoundation$CFStringRef.class
   JD: libs/jna_platform.jar/com/sun/jna/platform/mac/CoreFoundation$CFTypeID.class
   JD: libs/jna_platform.jar/com/sun/jna/platform/mac/package.html
   JD: libs/jna_platform.jar/com/sun/jna/platform/package.html
   JD: libs/jna_platform.jar/com/sun/jna/platform/unix/X11$XAnyEvent.class
   JD: libs/jna_platform.jar/com/sun/jna/platform/unix/X11$XButtonEvent.class
   JD: libs/jna_platform.jar/com/sun/jna/platform/unix/X11$XButtonPressedEvent.class
   JD: libs/jna_platform.jar/com/sun/jna/platform/unix/X11$XButtonReleasedEvent.class
   JD: libs/jna_platform.jar/com/sun/jna/platform/unix/X11$XCirculateEvent.class
   JD: libs/jna_platform.jar/com/sun/jna/platform/unix/X11$XCirculateRequestEvent.class
   JD: libs/jna_platform.jar/com/sun/jna/platform/unix/X11$XClientMessageEvent$Data.class
   JD: libs/jna_platform.jar/com/sun/jna/platform/unix/X11$XClientMessageEvent.class
   JD: libs/jna_platform.jar/com/sun/jna/platform/unix/X11$XColormapEvent.class
   JD: libs/jna_platform.jar/com/sun/jna/platform/unix/X11$XConfigureEvent.class
   JD: libs/jna_platform.jar/com/sun/jna/platform/unix/X11$XConfigureRequestEvent.class
   JD: libs/jna_platform.jar/com/sun/jna/platform/unix/X11$XCreateWindowEvent.class
   JD: libs/jna_platform.jar/com/sun/jna/platform/unix/X11$XCrossingEvent.class
   JD: libs/jna_platform.jar/com/sun/jna/platform/unix/X11$XDestroyWindowEvent.class
   JD: libs/jna_platform.jar/com/sun/jna/platform/unix/X11$XDeviceByReference.class
   JD: libs/jna_platform.jar/com/sun/jna/platform/unix/X11$XEnterWindowEvent.class
   JD: libs/jna_platform.jar/com/sun/jna/platform/unix/X11$XErrorEvent.class
   JD: libs/jna_platform.jar/com/sun/jna/platform/unix/X11$XEvent.class
   JD: libs/jna_platform.jar/com/sun/jna/platform/unix/X11$XExposeEvent.class
   JD: libs/jna_platform.jar/com/sun/jna/platform/unix/X11$XFocusChangeEvent.class
   JD: libs/jna_platform.jar/com/sun/jna/platform/unix/X11$XFocusInEvent.class
   JD: libs/jna_platform.jar/com/sun/jna/platform/unix/X11$XFocusOutEvent.class
   JD: libs/jna_platform.jar/com/sun/jna/platform/unix/X11$XGCValues.class
   JD: libs/jna_platform.jar/com/sun/jna/platform/unix/X11$XGenericEvent.class
   JD: libs/jna_platform.jar/com/sun/jna/platform/unix/X11$XGenericEventCookie.class
   JD: libs/jna_platform.jar/com/sun/jna/platform/unix/X11$XGraphicsExposeEvent.class
   JD: libs/jna_platform.jar/com/sun/jna/platform/unix/X11$XGravityEvent.class
   JD: libs/jna_platform.jar/com/sun/jna/platform/unix/X11$XInputClassInfoByReference.class
   JD: libs/jna_platform.jar/com/sun/jna/platform/unix/X11$XKeyEvent.class
   JD: libs/jna_platform.jar/com/sun/jna/platform/unix/X11$XKeyboardControlRef.class
   JD: libs/jna_platform.jar/com/sun/jna/platform/unix/X11$XKeyboardStateRef.class
   JD: libs/jna_platform.jar/com/sun/jna/platform/unix/X11$XKeymapEvent.class
   JD: libs/jna_platform.jar/com/sun/jna/platform/unix/X11$XLeaveWindowEvent.class
   JD: libs/jna_platform.jar/com/sun/jna/platform/unix/X11$XMapEvent.class
   JD: libs/jna_platform.jar/com/sun/jna/platform/unix/X11$XMapRequestEvent.class
   JD: libs/jna_platform.jar/com/sun/jna/platform/unix/X11$XMappingEvent.class
   JD: libs/jna_platform.jar/com/sun/jna/platform/unix/X11$XModifierKeymapRef.class
   JD: libs/jna_platform.jar/com/sun/jna/platform/unix/X11$XMotionEvent.class
   JD: libs/jna_platform.jar/com/sun/jna/platform/unix/X11$XNoExposeEvent.class
   JD: libs/jna_platform.jar/com/sun/jna/platform/unix/X11$XPoint.class
   JD: libs/jna_platform.jar/com/sun/jna/platform/unix/X11$XPointerMovedEvent.class
   JD: libs/jna_platform.jar/com/sun/jna/platform/unix/X11$XPropertyEvent.class
   JD: libs/jna_platform.jar/com/sun/jna/platform/unix/X11$XRectangle.class
   JD: libs/jna_platform.jar/com/sun/jna/platform/unix/X11$XReparentEvent.class
   JD: libs/jna_platform.jar/com/sun/jna/platform/unix/X11$XResizeRequestEvent.class
   JD: libs/jna_platform.jar/com/sun/jna/platform/unix/X11$XSelectionClearEvent.class
   JD: libs/jna_platform.jar/com/sun/jna/platform/unix/X11$XSelectionEvent.class
   JD: libs/jna_platform.jar/com/sun/jna/platform/unix/X11$XSelectionRequestEvent.class
   JD: libs/jna_platform.jar/com/sun/jna/platform/unix/X11$XSetWindowAttributes.class
   JD: libs/jna_platform.jar/com/sun/jna/platform/unix/X11$XSizeHints$Aspect.class
   JD: libs/jna_platform.jar/com/sun/jna/platform/unix/X11$XSizeHints.class
   JD: libs/jna_platform.jar/com/sun/jna/platform/unix/X11$XTest.class
   JD: libs/jna_platform.jar/com/sun/jna/platform/unix/X11$XTextProperty.class
   JD: libs/jna_platform.jar/com/sun/jna/platform/unix/X11$XUnmapEvent.class
   JD: libs/jna_platform.jar/com/sun/jna/platform/unix/X11$XVisibilityEvent.class
   JD: libs/jna_platform.jar/com/sun/jna/platform/unix/X11$XVisualInfo.class
   JD: libs/jna_platform.jar/com/sun/jna/platform/unix/X11$XWMHints.class
   JD: libs/jna_platform.jar/com/sun/jna/platform/unix/X11$XWindowAttributes.class
   JD: libs/jna_platform.jar/com/sun/jna/platform/unix/X11$Xevie.class
   JD: libs/jna_platform.jar/com/sun/jna/platform/unix/X11$Xext.class
   JD: libs/jna_platform.jar/com/sun/jna/platform/unix/X11$Xrender$PictFormat.class
   JD: libs/jna_platform.jar/com/sun/jna/platform/unix/X11$Xrender$XRenderDirectFormat.class
   JD: libs/jna_platform.jar/com/sun/jna/platform/unix/X11$Xrender$XRenderPictFormat.class
   JD: libs/jna_platform.jar/com/sun/jna/platform/unix/X11$Xrender.class
   JD: libs/jna_platform.jar/com/sun/jna/platform/unix/X11.class
   JD: libs/jna_platform.jar/com/sun/jna/platform/unix/aix/
   JD: libs/jna_platform.jar/com/sun/jna/platform/unix/aix/Perfstat$perfstat_cpu_t.class
   JD: libs/jna_platform.jar/com/sun/jna/platform/unix/aix/Perfstat$perfstat_cpu_total_t.class
   JD: libs/jna_platform.jar/com/sun/jna/platform/unix/aix/Perfstat$perfstat_disk_t.class
   JD: libs/jna_platform.jar/com/sun/jna/platform/unix/aix/Perfstat$perfstat_id_t.class
   JD: libs/jna_platform.jar/com/sun/jna/platform/unix/aix/Perfstat$perfstat_memory_total_t.class
   JD: libs/jna_platform.jar/com/sun/jna/platform/unix/aix/Perfstat$perfstat_netinterface_t.class
   JD: libs/jna_platform.jar/com/sun/jna/platform/unix/aix/Perfstat$perfstat_partition_config_t.class
   JD: libs/jna_platform.jar/com/sun/jna/platform/unix/aix/Perfstat$perfstat_process_t.class
   JD: libs/jna_platform.jar/com/sun/jna/platform/unix/aix/Perfstat$perfstat_protocol_t$AnonymousStructICMP.class
   JD: libs/jna_platform.jar/com/sun/jna/platform/unix/aix/Perfstat$perfstat_protocol_t$AnonymousStructICMPv6.class
   JD: libs/jna_platform.jar/com/sun/jna/platform/unix/aix/Perfstat$perfstat_protocol_t$AnonymousStructIP.class
   JD: libs/jna_platform.jar/com/sun/jna/platform/unix/aix/Perfstat$perfstat_protocol_t$AnonymousStructIPv6.class
   JD: libs/jna_platform.jar/com/sun/jna/platform/unix/aix/Perfstat$perfstat_protocol_t$AnonymousStructNFS.class
   JD: libs/jna_platform.jar/com/sun/jna/platform/unix/aix/Perfstat$perfstat_protocol_t$AnonymousStructNFSclient.class
   JD: libs/jna_platform.jar/com/sun/jna/platform/unix/aix/Perfstat$perfstat_protocol_t$AnonymousStructNFSserver.class
   JD: libs/jna_platform.jar/com/sun/jna/platform/unix/aix/Perfstat$perfstat_protocol_t$AnonymousStructNFSv2.class
   JD: libs/jna_platform.jar/com/sun/jna/platform/unix/aix/Perfstat$perfstat_protocol_t$AnonymousStructNFSv2client.class
   JD: libs/jna_platform.jar/com/sun/jna/platform/unix/aix/Perfstat$perfstat_protocol_t$AnonymousStructNFSv2server.class
   JD: libs/jna_platform.jar/com/sun/jna/platform/unix/aix/Perfstat$perfstat_protocol_t$AnonymousStructNFSv3.class
   JD: libs/jna_platform.jar/com/sun/jna/platform/unix/aix/Perfstat$perfstat_protocol_t$AnonymousStructNFSv3client.class
   JD: libs/jna_platform.jar/com/sun/jna/platform/unix/aix/Perfstat$perfstat_protocol_t$AnonymousStructNFSv3server.class
   JD: libs/jna_platform.jar/com/sun/jna/platform/unix/aix/Perfstat$perfstat_protocol_t$AnonymousStructNFSv4.class
   JD: libs/jna_platform.jar/com/sun/jna/platform/unix/aix/Perfstat$perfstat_protocol_t$AnonymousStructNFSv4client.class
   JD: libs/jna_platform.jar/com/sun/jna/platform/unix/aix/Perfstat$perfstat_protocol_t$AnonymousStructNFSv4server.class
   JD: libs/jna_platform.jar/com/sun/jna/platform/unix/aix/Perfstat$perfstat_protocol_t$AnonymousStructRPC.class
   JD: libs/jna_platform.jar/com/sun/jna/platform/unix/aix/Perfstat$perfstat_protocol_t$AnonymousStructRPCclient.class
   JD: libs/jna_platform.jar/com/sun/jna/platform/unix/aix/Perfstat$perfstat_protocol_t$AnonymousStructRPCclientdgram.class
   JD: libs/jna_platform.jar/com/sun/jna/platform/unix/aix/Perfstat$perfstat_protocol_t$AnonymousStructRPCclientstream.class
   JD: libs/jna_platform.jar/com/sun/jna/platform/unix/aix/Perfstat$perfstat_protocol_t$AnonymousStructRPCserver.class
   JD: libs/jna_platform.jar/com/sun/jna/platform/unix/aix/Perfstat$perfstat_protocol_t$AnonymousStructRPCserverdgram.class
   JD: libs/jna_platform.jar/com/sun/jna/platform/unix/aix/Perfstat$perfstat_protocol_t$AnonymousStructRPCserverstream.class
   JD: libs/jna_platform.jar/com/sun/jna/platform/unix/aix/Perfstat$perfstat_protocol_t$AnonymousStructTCP.class
   JD: libs/jna_platform.jar/com/sun/jna/platform/unix/aix/Perfstat$perfstat_protocol_t$AnonymousStructUDP.class
   JD: libs/jna_platform.jar/com/sun/jna/platform/unix/aix/Perfstat$perfstat_protocol_t$AnonymousUnionPayload.class
   JD: libs/jna_platform.jar/com/sun/jna/platform/unix/aix/Perfstat$perfstat_protocol_t.class
   JD: libs/jna_platform.jar/com/sun/jna/platform/unix/aix/Perfstat$perfstat_value_t.class
   JD: libs/jna_platform.jar/com/sun/jna/platform/unix/aix/Perfstat.class
   JD: libs/jna_platform.jar/com/sun/jna/platform/unix/aix/SharedObjectLoader.class
   JD: libs/jna_platform.jar/com/sun/jna/platform/unix/aix/package.html
   JD: libs/jna_platform.jar/com/sun/jna/platform/unix/package.html
   JD: libs/jna_platform.jar/com/sun/jna/platform/unix/solaris/package.html
   JD: libs/jna_platform.jar/com/sun/jna/platform/win32/Advapi32Util$1.class
   JD: libs/jna_platform.jar/com/sun/jna/platform/win32/Advapi32Util$2.class
   JD: libs/jna_platform.jar/com/sun/jna/platform/win32/Advapi32Util$AccessCheckPermission.class
   JD: libs/jna_platform.jar/com/sun/jna/platform/win32/Advapi32Util$Account.class
   JD: libs/jna_platform.jar/com/sun/jna/platform/win32/Advapi32Util$EnumKey.class
   JD: libs/jna_platform.jar/com/sun/jna/platform/win32/Advapi32Util$EventLogIterator.class
   JD: libs/jna_platform.jar/com/sun/jna/platform/win32/Advapi32Util$EventLogRecord.class
   JD: libs/jna_platform.jar/com/sun/jna/platform/win32/Advapi32Util$EventLogType.class
   JD: libs/jna_platform.jar/com/sun/jna/platform/win32/Advapi32Util$InfoKey.class
   JD: libs/jna_platform.jar/com/sun/jna/platform/win32/Advapi32Util$Privilege.class
   JD: libs/jna_platform.jar/com/sun/jna/platform/win32/Advapi32Util.class
   JD: libs/jna_platform.jar/com/sun/jna/platform/win32/COM/package.html
   JD: libs/jna_platform.jar/com/sun/jna/platform/win32/COM/tlb/imp/package.html
   JD: libs/jna_platform.jar/com/sun/jna/platform/win32/COM/tlb/package.html
   JD: libs/jna_platform.jar/com/sun/jna/platform/win32/COM/util/Convert.class
   JD: libs/jna_platform.jar/com/sun/jna/platform/win32/COM/util/ProxyObject.class
   JD: libs/jna_platform.jar/com/sun/jna/platform/win32/COM/util/annotation/package.html
   JD: libs/jna_platform.jar/com/sun/jna/platform/win32/COM/util/package.html
   JD: libs/jna_platform.jar/com/sun/jna/platform/win32/Crypt32.class
   JD: libs/jna_platform.jar/com/sun/jna/platform/win32/DBT$DEV_BROADCAST_DEVICEINTERFACE.class
   JD: libs/jna_platform.jar/com/sun/jna/platform/win32/DBT$DEV_BROADCAST_DEVNODE.class
   JD: libs/jna_platform.jar/com/sun/jna/platform/win32/DBT$DEV_BROADCAST_HANDLE.class
   JD: libs/jna_platform.jar/com/sun/jna/platform/win32/DBT$DEV_BROADCAST_HDR.class
   JD: libs/jna_platform.jar/com/sun/jna/platform/win32/DBT$DEV_BROADCAST_NET.class
   JD: libs/jna_platform.jar/com/sun/jna/platform/win32/DBT$DEV_BROADCAST_OEM.class
   JD: libs/jna_platform.jar/com/sun/jna/platform/win32/DBT$DEV_BROADCAST_PORT.class
   JD: libs/jna_platform.jar/com/sun/jna/platform/win32/DBT$DEV_BROADCAST_VOLUME.class
   JD: libs/jna_platform.jar/com/sun/jna/platform/win32/DBT.class
   JD: libs/jna_platform.jar/com/sun/jna/platform/win32/IPHlpAPI$FIXED_INFO.class
   JD: libs/jna_platform.jar/com/sun/jna/platform/win32/IPHlpAPI$IP_ADDRESS_STRING.class
   JD: libs/jna_platform.jar/com/sun/jna/platform/win32/IPHlpAPI$IP_ADDR_STRING$ByReference.class
   JD: libs/jna_platform.jar/com/sun/jna/platform/win32/IPHlpAPI$IP_ADDR_STRING.class
   JD: libs/jna_platform.jar/com/sun/jna/platform/win32/IPHlpAPI$MIB_IFROW.class
   JD: libs/jna_platform.jar/com/sun/jna/platform/win32/IPHlpAPI$MIB_IF_ROW2.class
   JD: libs/jna_platform.jar/com/sun/jna/platform/win32/IPHlpAPI$MIB_TCP6ROW_OWNER_PID.class
   JD: libs/jna_platform.jar/com/sun/jna/platform/win32/IPHlpAPI$MIB_TCP6TABLE_OWNER_PID.class
   JD: libs/jna_platform.jar/com/sun/jna/platform/win32/IPHlpAPI$MIB_TCPROW_OWNER_PID.class
   JD: libs/jna_platform.jar/com/sun/jna/platform/win32/IPHlpAPI$MIB_TCPSTATS.class
   JD: libs/jna_platform.jar/com/sun/jna/platform/win32/IPHlpAPI$MIB_TCPTABLE_OWNER_PID.class
   JD: libs/jna_platform.jar/com/sun/jna/platform/win32/IPHlpAPI$MIB_TCP_STATE.class
   JD: libs/jna_platform.jar/com/sun/jna/platform/win32/IPHlpAPI$MIB_UDP6ROW_OWNER_PID.class
   JD: libs/jna_platform.jar/com/sun/jna/platform/win32/IPHlpAPI$MIB_UDP6TABLE_OWNER_PID.class
   JD: libs/jna_platform.jar/com/sun/jna/platform/win32/IPHlpAPI$MIB_UDPROW_OWNER_PID.class
   JD: libs/jna_platform.jar/com/sun/jna/platform/win32/IPHlpAPI$MIB_UDPSTATS.class
   JD: libs/jna_platform.jar/com/sun/jna/platform/win32/IPHlpAPI$MIB_UDPTABLE_OWNER_PID.class
   JD: libs/jna_platform.jar/com/sun/jna/platform/win32/IPHlpAPI$TCP_TABLE_CLASS.class
   JD: libs/jna_platform.jar/com/sun/jna/platform/win32/IPHlpAPI$UDP_TABLE_CLASS.class
   JD: libs/jna_platform.jar/com/sun/jna/platform/win32/IPHlpAPI.class
   JD: libs/jna_platform.jar/com/sun/jna/platform/win32/Kernel32.class
   JD: libs/jna_platform.jar/com/sun/jna/platform/win32/Psapi$MODULEINFO.class
   JD: libs/jna_platform.jar/com/sun/jna/platform/win32/Psapi$PERFORMANCE_INFORMATION.class
   JD: libs/jna_platform.jar/com/sun/jna/platform/win32/PsapiUtil.class
   JD: libs/jna_platform.jar/com/sun/jna/platform/win32/User32.class
   JD: libs/jna_platform.jar/com/sun/jna/platform/win32/Variant$VARIANT.class
   JD: libs/jna_platform.jar/com/sun/jna/platform/win32/Variant$VariantArg$ByReference.class
   JD: libs/jna_platform.jar/com/sun/jna/platform/win32/Variant$VariantArg.class
   JD: libs/jna_platform.jar/com/sun/jna/platform/win32/WTypes$BSTR.class
   JD: libs/jna_platform.jar/com/sun/jna/platform/win32/WTypes$BSTRByReference.class
   JD: libs/jna_platform.jar/com/sun/jna/platform/win32/WTypes$LPOLESTR$ByReference.class
   JD: libs/jna_platform.jar/com/sun/jna/platform/win32/WTypes$LPOLESTR.class
   JD: libs/jna_platform.jar/com/sun/jna/platform/win32/WTypes$LPSTR$ByReference.class
   JD: libs/jna_platform.jar/com/sun/jna/platform/win32/WTypes$LPSTR.class
   JD: libs/jna_platform.jar/com/sun/jna/platform/win32/WTypes$LPWSTR$ByReference.class
   JD: libs/jna_platform.jar/com/sun/jna/platform/win32/WTypes$LPWSTR.class
   JD: libs/jna_platform.jar/com/sun/jna/platform/win32/WTypes$VARTYPE.class
   JD: libs/jna_platform.jar/com/sun/jna/platform/win32/WTypes$VARTYPEByReference.class
   JD: libs/jna_platform.jar/com/sun/jna/platform/win32/WinCrypt$CERT_CHAIN_CONTEXT$ByReference.class
   JD: libs/jna_platform.jar/com/sun/jna/platform/win32/WinCrypt$CERT_CHAIN_CONTEXT.class
   JD: libs/jna_platform.jar/com/sun/jna/platform/win32/WinCrypt$CERT_CHAIN_ELEMENT$ByReference.class
   JD: libs/jna_platform.jar/com/sun/jna/platform/win32/WinCrypt$CERT_CHAIN_ELEMENT.class
   JD: libs/jna_platform.jar/com/sun/jna/platform/win32/WinCrypt$CERT_CHAIN_PARA$ByReference.class
   JD: libs/jna_platform.jar/com/sun/jna/platform/win32/WinCrypt$CERT_CHAIN_PARA.class
   JD: libs/jna_platform.jar/com/sun/jna/platform/win32/WinCrypt$CERT_CHAIN_POLICY_PARA$ByReference.class
   JD: libs/jna_platform.jar/com/sun/jna/platform/win32/WinCrypt$CERT_CHAIN_POLICY_PARA.class
   JD: libs/jna_platform.jar/com/sun/jna/platform/win32/WinCrypt$CERT_CHAIN_POLICY_STATUS$ByReference.class
   JD: libs/jna_platform.jar/com/sun/jna/platform/win32/WinCrypt$CERT_CHAIN_POLICY_STATUS.class
   JD: libs/jna_platform.jar/com/sun/jna/platform/win32/WinCrypt$CERT_CONTEXT$ByReference.class
   JD: libs/jna_platform.jar/com/sun/jna/platform/win32/WinCrypt$CERT_CONTEXT.class
   JD: libs/jna_platform.jar/com/sun/jna/platform/win32/WinCrypt$CERT_EXTENSION$ByReference.class
   JD: libs/jna_platform.jar/com/sun/jna/platform/win32/WinCrypt$CERT_EXTENSION.class
   JD: libs/jna_platform.jar/com/sun/jna/platform/win32/WinCrypt$CERT_EXTENSIONS$ByReference.class
   JD: libs/jna_platform.jar/com/sun/jna/platform/win32/WinCrypt$CERT_EXTENSIONS.class
   JD: libs/jna_platform.jar/com/sun/jna/platform/win32/WinCrypt$CERT_INFO$ByReference.class
   JD: libs/jna_platform.jar/com/sun/jna/platform/win32/WinCrypt$CERT_INFO.class
   JD: libs/jna_platform.jar/com/sun/jna/platform/win32/WinCrypt$CERT_PUBLIC_KEY_INFO$ByReference.class
   JD: libs/jna_platform.jar/com/sun/jna/platform/win32/WinCrypt$CERT_PUBLIC_KEY_INFO.class
   JD: libs/jna_platform.jar/com/sun/jna/platform/win32/WinCrypt$CERT_REVOCATION_CRL_INFO$ByReference.class
   JD: libs/jna_platform.jar/com/sun/jna/platform/win32/WinCrypt$CERT_REVOCATION_CRL_INFO.class
   JD: libs/jna_platform.jar/com/sun/jna/platform/win32/WinCrypt$CERT_REVOCATION_INFO$ByReference.class
   JD: libs/jna_platform.jar/com/sun/jna/platform/win32/WinCrypt$CERT_REVOCATION_INFO.class
   JD: libs/jna_platform.jar/com/sun/jna/platform/win32/WinCrypt$CERT_SIMPLE_CHAIN$ByReference.class
   JD: libs/jna_platform.jar/com/sun/jna/platform/win32/WinCrypt$CERT_SIMPLE_CHAIN.class
   JD: libs/jna_platform.jar/com/sun/jna/platform/win32/WinCrypt$CERT_STRONG_SIGN_PARA$ByReference.class
   JD: libs/jna_platform.jar/com/sun/jna/platform/win32/WinCrypt$CERT_STRONG_SIGN_PARA$DUMMYUNION.class
   JD: libs/jna_platform.jar/com/sun/jna/platform/win32/WinCrypt$CERT_STRONG_SIGN_PARA.class
   JD: libs/jna_platform.jar/com/sun/jna/platform/win32/WinCrypt$CERT_STRONG_SIGN_SERIALIZED_INFO$ByReference.class
   JD: libs/jna_platform.jar/com/sun/jna/platform/win32/WinCrypt$CERT_STRONG_SIGN_SERIALIZED_INFO.class
   JD: libs/jna_platform.jar/com/sun/jna/platform/win32/WinCrypt$CERT_TRUST_LIST_INFO$ByReference.class
   JD: libs/jna_platform.jar/com/sun/jna/platform/win32/WinCrypt$CERT_TRUST_LIST_INFO.class
   JD: libs/jna_platform.jar/com/sun/jna/platform/win32/WinCrypt$CERT_USAGE_MATCH$ByReference.class
   JD: libs/jna_platform.jar/com/sun/jna/platform/win32/WinCrypt$CERT_USAGE_MATCH.class
   JD: libs/jna_platform.jar/com/sun/jna/platform/win32/WinCrypt$CRL_CONTEXT$ByReference.class
   JD: libs/jna_platform.jar/com/sun/jna/platform/win32/WinCrypt$CRL_CONTEXT.class
   JD: libs/jna_platform.jar/com/sun/jna/platform/win32/WinCrypt$CRL_ENTRY$ByReference.class
   JD: libs/jna_platform.jar/com/sun/jna/platform/win32/WinCrypt$CRL_ENTRY.class
   JD: libs/jna_platform.jar/com/sun/jna/platform/win32/WinCrypt$CRL_INFO$ByReference.class
   JD: libs/jna_platform.jar/com/sun/jna/platform/win32/WinCrypt$CRL_INFO.class
   JD: libs/jna_platform.jar/com/sun/jna/platform/win32/WinCrypt$CRYPTPROTECT_PROMPTSTRUCT.class
   JD: libs/jna_platform.jar/com/sun/jna/platform/win32/WinCrypt$CRYPT_ALGORITHM_IDENTIFIER$ByReference.class
   JD: libs/jna_platform.jar/com/sun/jna/platform/win32/WinCrypt$CRYPT_ALGORITHM_IDENTIFIER.class
   JD: libs/jna_platform.jar/com/sun/jna/platform/win32/WinCrypt$CRYPT_ATTRIBUTE$ByReference.class
   JD: libs/jna_platform.jar/com/sun/jna/platform/win32/WinCrypt$CRYPT_ATTRIBUTE.class
   JD: libs/jna_platform.jar/com/sun/jna/platform/win32/WinCrypt$CRYPT_BIT_BLOB$ByReference.class
   JD: libs/jna_platform.jar/com/sun/jna/platform/win32/WinCrypt$CRYPT_BIT_BLOB.class
   JD: libs/jna_platform.jar/com/sun/jna/platform/win32/WinCrypt$CRYPT_KEY_PROV_INFO$ByReference.class
   JD: libs/jna_platform.jar/com/sun/jna/platform/win32/WinCrypt$CRYPT_KEY_PROV_INFO.class
   JD: libs/jna_platform.jar/com/sun/jna/platform/win32/WinCrypt$CRYPT_KEY_PROV_PARAM$ByReference.class
   JD: libs/jna_platform.jar/com/sun/jna/platform/win32/WinCrypt$CRYPT_KEY_PROV_PARAM.class
   JD: libs/jna_platform.jar/com/sun/jna/platform/win32/WinCrypt$CRYPT_SIGN_MESSAGE_PARA$ByReference.class
   JD: libs/jna_platform.jar/com/sun/jna/platform/win32/WinCrypt$CRYPT_SIGN_MESSAGE_PARA.class
   JD: libs/jna_platform.jar/com/sun/jna/platform/win32/WinCrypt$CRYPT_VERIFY_MESSAGE_PARA$ByReference.class
   JD: libs/jna_platform.jar/com/sun/jna/platform/win32/WinCrypt$CRYPT_VERIFY_MESSAGE_PARA.class
   JD: libs/jna_platform.jar/com/sun/jna/platform/win32/WinCrypt$CTL_CONTEXT$ByReference.class
   JD: libs/jna_platform.jar/com/sun/jna/platform/win32/WinCrypt$CTL_CONTEXT.class
   JD: libs/jna_platform.jar/com/sun/jna/platform/win32/WinCrypt$CTL_ENTRY.class
   JD: libs/jna_platform.jar/com/sun/jna/platform/win32/WinCrypt$CTL_INFO$ByReference.class
   JD: libs/jna_platform.jar/com/sun/jna/platform/win32/WinCrypt$CTL_INFO.class
   JD: libs/jna_platform.jar/com/sun/jna/platform/win32/WinCrypt$CTL_USAGE$ByReference.class
   JD: libs/jna_platform.jar/com/sun/jna/platform/win32/WinCrypt$CTL_USAGE.class
   JD: libs/jna_platform.jar/com/sun/jna/platform/win32/WinCrypt$HCERTCHAINENGINE.class
   JD: libs/jna_platform.jar/com/sun/jna/platform/win32/WinCrypt$HCERTSTORE.class
   JD: libs/jna_platform.jar/com/sun/jna/platform/win32/WinCrypt$HCRYPTMSG.class
   JD: libs/jna_platform.jar/com/sun/jna/platform/win32/WinCrypt$HCRYPTPROV_LEGACY.class
   JD: libs/jna_platform.jar/com/sun/jna/platform/win32/WinCrypt.class
   JD: libs/jna_platform.jar/com/sun/jna/platform/win32/WinNT$ACCESS_ACEStructure.class
   JD: libs/jna_platform.jar/com/sun/jna/platform/win32/WinNT$ACCESS_ALLOWED_ACE.class
   JD: libs/jna_platform.jar/com/sun/jna/platform/win32/WinNT$ACCESS_DENIED_ACE.class
   JD: libs/jna_platform.jar/com/sun/jna/platform/win32/WinNT$ACE_HEADER.class
   JD: libs/jna_platform.jar/com/sun/jna/platform/win32/WinNT$ACL.class
   JD: libs/jna_platform.jar/com/sun/jna/platform/win32/WinNT$BATTERY_REPORTING_SCALE.class
   JD: libs/jna_platform.jar/com/sun/jna/platform/win32/WinNT$CACHE_DESCRIPTOR.class
   JD: libs/jna_platform.jar/com/sun/jna/platform/win32/WinNT$CACHE_RELATIONSHIP.class
   JD: libs/jna_platform.jar/com/sun/jna/platform/win32/WinNT$EVENTLOGRECORD.class
   JD: libs/jna_platform.jar/com/sun/jna/platform/win32/WinNT$FILE_NOTIFY_INFORMATION.class
   JD: libs/jna_platform.jar/com/sun/jna/platform/win32/WinNT$GENERIC_MAPPING$ByReference.class
   JD: libs/jna_platform.jar/com/sun/jna/platform/win32/WinNT$GENERIC_MAPPING.class
   JD: libs/jna_platform.jar/com/sun/jna/platform/win32/WinNT$GROUP_AFFINITY.class
   JD: libs/jna_platform.jar/com/sun/jna/platform/win32/WinNT$GROUP_RELATIONSHIP.class
   JD: libs/jna_platform.jar/com/sun/jna/platform/win32/WinNT$HANDLE.class
   JD: libs/jna_platform.jar/com/sun/jna/platform/win32/WinNT$HANDLEByReference.class
   JD: libs/jna_platform.jar/com/sun/jna/platform/win32/WinNT$HRESULT.class
   JD: libs/jna_platform.jar/com/sun/jna/platform/win32/WinNT$IO_COUNTERS.class
   JD: libs/jna_platform.jar/com/sun/jna/platform/win32/WinNT$LARGE_INTEGER$ByReference.class
   JD: libs/jna_platform.jar/com/sun/jna/platform/win32/WinNT$LARGE_INTEGER$LowHigh.class
   JD: libs/jna_platform.jar/com/sun/jna/platform/win32/WinNT$LARGE_INTEGER$UNION.class
   JD: libs/jna_platform.jar/com/sun/jna/platform/win32/WinNT$LARGE_INTEGER.class
   JD: libs/jna_platform.jar/com/sun/jna/platform/win32/WinNT$LOGICAL_PROCESSOR_RELATIONSHIP.class
   JD: libs/jna_platform.jar/com/sun/jna/platform/win32/WinNT$LUID.class
   JD: libs/jna_platform.jar/com/sun/jna/platform/win32/WinNT$LUID_AND_ATTRIBUTES.class
   JD: libs/jna_platform.jar/com/sun/jna/platform/win32/WinNT$LocaleMacros.class
   JD: libs/jna_platform.jar/com/sun/jna/platform/win32/WinNT$MEMORY_BASIC_INFORMATION.class
   JD: libs/jna_platform.jar/com/sun/jna/platform/win32/WinNT$NUMA_NODE_RELATIONSHIP.class
   JD: libs/jna_platform.jar/com/sun/jna/platform/win32/WinNT$OSVERSIONINFO.class
   JD: libs/jna_platform.jar/com/sun/jna/platform/win32/WinNT$OSVERSIONINFOEX.class
   JD: libs/jna_platform.jar/com/sun/jna/platform/win32/WinNT$PACLByReference.class
   JD: libs/jna_platform.jar/com/sun/jna/platform/win32/WinNT$POWER_ACTION_POLICY.class
   JD: libs/jna_platform.jar/com/sun/jna/platform/win32/WinNT$PRIVILEGE_SET.class
   JD: libs/jna_platform.jar/com/sun/jna/platform/win32/WinNT$PROCESSOR_CACHE_TYPE.class
   JD: libs/jna_platform.jar/com/sun/jna/platform/win32/WinNT$PROCESSOR_GROUP_INFO.class
   JD: libs/jna_platform.jar/com/sun/jna/platform/win32/WinNT$PROCESSOR_POWER_INFORMATION.class
   JD: libs/jna_platform.jar/com/sun/jna/platform/win32/WinNT$PROCESSOR_RELATIONSHIP.class
   JD: libs/jna_platform.jar/com/sun/jna/platform/win32/WinNT$PSID$ByReference.class
   JD: libs/jna_platform.jar/com/sun/jna/platform/win32/WinNT$PSID.class
   JD: libs/jna_platform.jar/com/sun/jna/platform/win32/WinNT$PSIDByReference.class
   JD: libs/jna_platform.jar/com/sun/jna/platform/win32/WinNT$SECURITY_DESCRIPTOR$ByReference.class
   JD: libs/jna_platform.jar/com/sun/jna/platform/win32/WinNT$SECURITY_DESCRIPTOR.class
   JD: libs/jna_platform.jar/com/sun/jna/platform/win32/WinNT$SECURITY_DESCRIPTOR_RELATIVE$ByReference.class
   JD: libs/jna_platform.jar/com/sun/jna/platform/win32/WinNT$SECURITY_DESCRIPTOR_RELATIVE.class
   JD: libs/jna_platform.jar/com/sun/jna/platform/win32/WinNT$SECURITY_IMPERSONATION_LEVEL.class
   JD: libs/jna_platform.jar/com/sun/jna/platform/win32/WinNT$SECURITY_QUALITY_OF_SERVICE.class
   JD: libs/jna_platform.jar/com/sun/jna/platform/win32/WinNT$SID_AND_ATTRIBUTES.class
   JD: libs/jna_platform.jar/com/sun/jna/platform/win32/WinNT$SID_NAME_USE.class
   JD: libs/jna_platform.jar/com/sun/jna/platform/win32/WinNT$SYSTEM_BATTERY_STATE.class
   JD: libs/jna_platform.jar/com/sun/jna/platform/win32/WinNT$SYSTEM_LOGICAL_PROCESSOR_INFORMATION$AnonymousStructNumaNode.class
   JD: libs/jna_platform.jar/com/sun/jna/platform/win32/WinNT$SYSTEM_LOGICAL_PROCESSOR_INFORMATION$AnonymousStructProcessorCore.class
   JD: libs/jna_platform.jar/com/sun/jna/platform/win32/WinNT$SYSTEM_LOGICAL_PROCESSOR_INFORMATION$AnonymousUnionPayload.class
   JD: libs/jna_platform.jar/com/sun/jna/platform/win32/WinNT$SYSTEM_LOGICAL_PROCESSOR_INFORMATION.class
   JD: libs/jna_platform.jar/com/sun/jna/platform/win32/WinNT$SYSTEM_LOGICAL_PROCESSOR_INFORMATION_EX.class
   JD: libs/jna_platform.jar/com/sun/jna/platform/win32/WinNT$SYSTEM_POWER_CAPABILITIES.class
   JD: libs/jna_platform.jar/com/sun/jna/platform/win32/WinNT$SYSTEM_POWER_INFORMATION.class
   JD: libs/jna_platform.jar/com/sun/jna/platform/win32/WinNT$SYSTEM_POWER_LEVEL.class
   JD: libs/jna_platform.jar/com/sun/jna/platform/win32/WinNT$SYSTEM_POWER_POLICY.class
   JD: libs/jna_platform.jar/com/sun/jna/platform/win32/WinNT$TOKEN_GROUPS.class
   JD: libs/jna_platform.jar/com/sun/jna/platform/win32/WinNT$TOKEN_INFORMATION_CLASS.class
   JD: libs/jna_platform.jar/com/sun/jna/platform/win32/WinNT$TOKEN_OWNER.class
   JD: libs/jna_platform.jar/com/sun/jna/platform/win32/WinNT$TOKEN_PRIMARY_GROUP.class
   JD: libs/jna_platform.jar/com/sun/jna/platform/win32/WinNT$TOKEN_PRIVILEGES.class
   JD: libs/jna_platform.jar/com/sun/jna/platform/win32/WinNT$TOKEN_TYPE.class
   JD: libs/jna_platform.jar/com/sun/jna/platform/win32/WinNT$TOKEN_USER.class
   JD: libs/jna_platform.jar/com/sun/jna/platform/win32/WinNT$UNKNOWN_RELATIONSHIP.class
   JD: libs/jna_platform.jar/com/sun/jna/platform/win32/WinNT$WELL_KNOWN_SID_TYPE.class
   JD: libs/jna_platform.jar/com/sun/jna/platform/win32/WinNT.class
   JD: libs/jna_platform.jar/com/sun/jna/platform/win32/WinUser$BLENDFUNCTION.class
   JD: libs/jna_platform.jar/com/sun/jna/platform/win32/WinUser$CWPSTRUCT.class
   JD: libs/jna_platform.jar/com/sun/jna/platform/win32/WinUser$HARDWAREINPUT$ByReference.class
   JD: libs/jna_platform.jar/com/sun/jna/platform/win32/WinUser$HARDWAREINPUT.class
   JD: libs/jna_platform.jar/com/sun/jna/platform/win32/WinUser$HHOOK.class
   JD: libs/jna_platform.jar/com/sun/jna/platform/win32/WinUser$HMONITOR.class
   JD: libs/jna_platform.jar/com/sun/jna/platform/win32/WinUser$INPUT$ByReference.class
   JD: libs/jna_platform.jar/com/sun/jna/platform/win32/WinUser$INPUT$INPUT_UNION.class
   JD: libs/jna_platform.jar/com/sun/jna/platform/win32/WinUser$INPUT.class
   JD: libs/jna_platform.jar/com/sun/jna/platform/win32/WinUser$KBDLLHOOKSTRUCT.class
   JD: libs/jna_platform.jar/com/sun/jna/platform/win32/WinUser$KEYBDINPUT$ByReference.class
   JD: libs/jna_platform.jar/com/sun/jna/platform/win32/WinUser$KEYBDINPUT.class
   JD: libs/jna_platform.jar/com/sun/jna/platform/win32/WinUser$LASTINPUTINFO.class
   JD: libs/jna_platform.jar/com/sun/jna/platform/win32/WinUser$LowLevelMouseProc.class
   JD: libs/jna_platform.jar/com/sun/jna/platform/win32/WinUser$MONITORINFO.class
   JD: libs/jna_platform.jar/com/sun/jna/platform/win32/WinUser$MONITORINFOEX.class
   JD: libs/jna_platform.jar/com/sun/jna/platform/win32/WinUser$MOUSEINPUT$ByReference.class
   JD: libs/jna_platform.jar/com/sun/jna/platform/win32/WinUser$MOUSEINPUT.class
   JD: libs/jna_platform.jar/com/sun/jna/platform/win32/WinUser$MSLLHOOKSTRUCT.class
   JD: libs/jna_platform.jar/com/sun/jna/platform/win32/WinUser$RAWINPUTDEVICELIST.class
   JD: libs/jna_platform.jar/com/sun/jna/platform/win32/WinUser$SIZE.class
   JD: libs/jna_platform.jar/com/sun/jna/platform/win32/WinUser$WNDCLASSEX$ByReference.class
   JD: libs/jna_platform.jar/com/sun/jna/platform/win32/WinUser$WNDCLASSEX.class
   JD: libs/jna_platform.jar/com/sun/jna/platform/win32/WinUser.class
   JD: libs/jna_platform.jar/com/sun/jna/platform/win32/Winspool$JOB_INFO_1.class
   JD: libs/jna_platform.jar/com/sun/jna/platform/win32/Winspool$LPPRINTER_DEFAULTS.class
   JD: libs/jna_platform.jar/com/sun/jna/platform/win32/Winspool$NOTIFY_DATA.class
   JD: libs/jna_platform.jar/com/sun/jna/platform/win32/Winspool$NOTIFY_DATA_DATA.class
   JD: libs/jna_platform.jar/com/sun/jna/platform/win32/Winspool$PRINTER_INFO_1.class
   JD: libs/jna_platform.jar/com/sun/jna/platform/win32/Winspool$PRINTER_INFO_2.class
   JD: libs/jna_platform.jar/com/sun/jna/platform/win32/Winspool$PRINTER_INFO_4.class
   JD: libs/jna_platform.jar/com/sun/jna/platform/win32/Winspool$PRINTER_NOTIFY_INFO.class
   JD: libs/jna_platform.jar/com/sun/jna/platform/win32/Winspool$PRINTER_NOTIFY_INFO_DATA.class
   JD: libs/jna_platform.jar/com/sun/jna/platform/win32/Winspool$PRINTER_NOTIFY_OPTIONS.class
   JD: libs/jna_platform.jar/com/sun/jna/platform/win32/Winspool$PRINTER_NOTIFY_OPTIONS_TYPE$ByReference.class
   JD: libs/jna_platform.jar/com/sun/jna/platform/win32/Winspool$PRINTER_NOTIFY_OPTIONS_TYPE.class
   JD: libs/jna_platform.jar/com/sun/jna/platform/win32/Winspool.class
   JD: libs/jna_platform.jar/com/sun/jna/platform/win32/WinspoolUtil.class
   JD: libs/jna_platform.jar/com/sun/jna/platform/win32/package.html
   JD: libs/jna_platform.jar/com/sun/jna/platform/wince/package.html
   libs/JAntiCaptcha.jar
   libs/JDGUI.jar
   libs/JDHttp.jar
   libs/JDUtils.jar
   libs/cons.jar
   libs/jna.jar
   libs/jna_platform.jar
   libs/laf/flatlaf.license
   licenses/jna.jar.info
   licenses/jna_platform.jar.info
   licenses/sqljet.jar.info
   licenses/svnkit.jar.info
