Thu Jul 01 16:41:10 CST 2021
Package: package_1625128855916.awf
Install
Write Revision: 15410
----------------Plugins----------------
   jd/plugins/decrypter/AdfLy.class
   jd/plugins/decrypter/ArchiveOrg.class
   jd/plugins/decrypter/Ardmediathek.class
   jd/plugins/decrypter/AtvAt$1.class
   jd/plugins/decrypter/AtvAt.class
   jd/plugins/decrypter/BackinNet.class.removed
   jd/plugins/decrypter/BatoTo.class
   jd/plugins/decrypter/BiqleRu.class
   jd/plugins/decrypter/BsTo.class
   jd/plugins/decrypter/CatcutNet.class
   jd/plugins/decrypter/DailyMotionComDecrypter.class
   jd/plugins/decrypter/DailyMotionComDecrypterV2$1.class
   jd/plugins/decrypter/DailyMotionComDecrypterV2.class
   jd/plugins/decrypter/DlPrteCom.class
   jd/plugins/decrypter/DramaCoolVideo.class
   jd/plugins/decrypter/DuboxComFolder.class
   jd/plugins/decrypter/DummyCNL.class
   jd/plugins/decrypter/FEmbedDecrypter$1.class
   jd/plugins/decrypter/FEmbedDecrypter.class
   jd/plugins/decrypter/FileCryptCc.class
   jd/plugins/decrypter/GenericM3u8Decrypter.class
   jd/plugins/decrypter/GenericRedirectors.class
   jd/plugins/decrypter/GenericXFileShareProFolder.class
   jd/plugins/decrypter/GenericYetiShareFolder.class
   jd/plugins/decrypter/GldSlTo.class
   jd/plugins/decrypter/GoFileIo.class
   jd/plugins/decrypter/GoogleDrive.class
   jd/plugins/decrypter/GoogleDriveDirectoryIndex.class
   jd/plugins/decrypter/HitbdsmCom.class
   jd/plugins/decrypter/HitomiLa.class
   jd/plugins/decrypter/ImageHosterDecrypter.class
   jd/plugins/decrypter/ImagebamCom.class
   jd/plugins/decrypter/ImgBoxCom.class
   jd/plugins/decrypter/KatholischDe.class
   jd/plugins/decrypter/MegaConz.class
   jd/plugins/decrypter/MightyScriptAdLinkFlyDefault.class
   jd/plugins/decrypter/MirStkCm.class
   jd/plugins/decrypter/OkRuDecrypter.class
   jd/plugins/decrypter/OneDriveLiveCom.class
   jd/plugins/decrypter/OrfAt.class
   jd/plugins/decrypter/ParteeeyDeGallery.class
   jd/plugins/decrypter/PicsVc.class
   jd/plugins/decrypter/ProtectMylinksCom.class
   jd/plugins/decrypter/PrrpLinkIn.class
   jd/plugins/decrypter/RokfinCom.class
   jd/plugins/decrypter/Rule34Xxx.class
   jd/plugins/decrypter/SoundCloudComDecrypter$1.class
   jd/plugins/decrypter/SoundCloudComDecrypter.class
   jd/plugins/decrypter/SpankBangCom.class
   jd/plugins/decrypter/SpasteCom.class
   jd/plugins/decrypter/TbCmV2$1.class
   jd/plugins/decrypter/TbCmV2$2.class
   jd/plugins/decrypter/TbCmV2$3.class
   jd/plugins/decrypter/TbCmV2$4.class
   jd/plugins/decrypter/TbCmV2$5.class
   jd/plugins/decrypter/TbCmV2$6.class
   jd/plugins/decrypter/TbCmV2$7.class
   jd/plugins/decrypter/TbCmV2$8.class
   jd/plugins/decrypter/TbCmV2.class
   jd/plugins/decrypter/TwitterCom.class
   jd/plugins/decrypter/VKontakteRu$1.class
   jd/plugins/decrypter/VKontakteRu.class
   jd/plugins/decrypter/VolaFileOrg.class
   jd/plugins/decrypter/WebtoonsCom.class
   jd/plugins/decrypter/WickedCom.class
   jd/plugins/decrypter/WittytvIt.class
   jd/plugins/decrypter/WnacgOrg.class
   jd/plugins/decrypter/XHamsterGallery.class
   jd/plugins/decrypter/XvideosComProfile.class
   jd/plugins/decrypter/ZDFMediathekDecrypter.class
   jd/plugins/hoster/ARDMediathek.class
   jd/plugins/hoster/ArchiveOrg.class
   jd/plugins/hoster/AsmfileCom.class
   jd/plugins/hoster/BackinNet.class.removed
   jd/plugins/hoster/BatoTo.class
   jd/plugins/hoster/BezsmsOrg.class
   jd/plugins/hoster/BitSharesCom.class
   jd/plugins/hoster/BlazingshareMe.class
   jd/plugins/hoster/BrDe.class
   jd/plugins/hoster/CornfileCom.class
   jd/plugins/hoster/CutedriveCom.class
   jd/plugins/hoster/DailyMotionCom.class
   jd/plugins/hoster/DailyuploadsNet.class
   jd/plugins/hoster/DateiloadCom.class
   jd/plugins/hoster/DdownloadCom.class
   jd/plugins/hoster/DebridItaliaCom.class
   jd/plugins/hoster/DliveTv.class
   jd/plugins/hoster/DocworkspaceCom.class
   jd/plugins/hoster/DoodriveCom.class
   jd/plugins/hoster/DoodstreamCom.class
   jd/plugins/hoster/Down4filesCom.class
   jd/plugins/hoster/DownloadAniMe.class
   jd/plugins/hoster/DplayCom.class.removed
   jd/plugins/hoster/DropapkCom.class
   jd/plugins/hoster/DropgalaxyIn$1.class
   jd/plugins/hoster/DropgalaxyIn.class
   jd/plugins/hoster/DuboxCom$1.class
   jd/plugins/hoster/DuboxCom$2.class
   jd/plugins/hoster/DuboxCom.class
   jd/plugins/hoster/EHentaiOrg.class
   jd/plugins/hoster/EasyBytezCom.class
   jd/plugins/hoster/FEmbedCom.class
   jd/plugins/hoster/FShareVn$1.class
   jd/plugins/hoster/FShareVn.class
   jd/plugins/hoster/FakirdebridNet$1.class
   jd/plugins/hoster/FakirdebridNet$FakirdebridNetAccountFactory$1.class
   jd/plugins/hoster/FakirdebridNet$FakirdebridNetAccountFactory.class
   jd/plugins/hoster/FakirdebridNet.class
   jd/plugins/hoster/File4SafeCom.class
   jd/plugins/hoster/FileBoomMe.class
   jd/plugins/hoster/FileJokerNet.class
   jd/plugins/hoster/FileddCom.class
   jd/plugins/hoster/FileloxCom.class
   jd/plugins/hoster/FileuploadPw.class
   jd/plugins/hoster/FilmBildDe.class
   jd/plugins/hoster/FireGetCom.class
   jd/plugins/hoster/FourfileNet.class
   jd/plugins/hoster/GamovideoCom.class
   jd/plugins/hoster/GenericM3u8.class
   jd/plugins/hoster/GfyCatCom$1.class
   jd/plugins/hoster/GfyCatCom.class
   jd/plugins/hoster/GofileIo.class
   jd/plugins/hoster/HallanBest.class
   jd/plugins/hoster/HallanClub.class
   jd/plugins/hoster/ImgbaronCom.class
   jd/plugins/hoster/ImgmazeCom.class
   jd/plugins/hoster/ImxTo.class
   jd/plugins/hoster/K2SApi$1.class
   jd/plugins/hoster/K2SApi$2.class
   jd/plugins/hoster/K2SApi$3.class
   jd/plugins/hoster/K2SApi$4.class
   jd/plugins/hoster/K2SApi$5.class
   jd/plugins/hoster/K2SApi$CAPTCHA.class
   jd/plugins/hoster/K2SApi.class
   jd/plugins/hoster/Keep2ShareCc.class
   jd/plugins/hoster/KeepresourceCom.class
   jd/plugins/hoster/KenfilesCom.class
   jd/plugins/hoster/KernelVideoSharingComV2HostsDefault3.class
   jd/plugins/hoster/LinkspremiumDownload.class
   jd/plugins/hoster/LongFilesCom.class
   jd/plugins/hoster/MaximumUsenetCom.class
   jd/plugins/hoster/MediasetplayMediasetIt.class
   jd/plugins/hoster/MegaConz.class
   jd/plugins/hoster/MicloudfilesCom.class
   jd/plugins/hoster/MixSharedCom.class
   jd/plugins/hoster/MixloadsCom.class
   jd/plugins/hoster/MountFileNet.class
   jd/plugins/hoster/NaughtymachinimaCom.class
   jd/plugins/hoster/NewsAstraWebCom.class
   jd/plugins/hoster/NewsGroupDirectCom.class
   jd/plugins/hoster/NewsHostingCom.class
   jd/plugins/hoster/NewsTweaknewsEu.class
   jd/plugins/hoster/ObligaoCom.class
   jd/plugins/hoster/Offline.class
   jd/plugins/hoster/OkRu$1.class
   jd/plugins/hoster/OkRu.class
   jd/plugins/hoster/OneDriveLiveCom.class
   jd/plugins/hoster/OnuploadsCom.class
   jd/plugins/hoster/OrtoFilesCom.class
   jd/plugins/hoster/OxycloudCom.class
   jd/plugins/hoster/ParteeeyDe.class
   jd/plugins/hoster/PervcityCom$1.class
   jd/plugins/hoster/PervcityCom.class
   jd/plugins/hoster/PicbaronCom.class
   jd/plugins/hoster/PornportalCom$1.class.removed
   jd/plugins/hoster/PornportalCom.class
   jd/plugins/hoster/QtyFilesCom.class
   jd/plugins/hoster/RapidFileShareNet.class
   jd/plugins/hoster/RareFileNet.class
   jd/plugins/hoster/RedTubeCom$1.class
   jd/plugins/hoster/RedTubeCom.class
   jd/plugins/hoster/SakurafileCom.class
   jd/plugins/hoster/ServusCom.class
   jd/plugins/hoster/SharebitUploadCom.class
   jd/plugins/hoster/SharelinkLi.class
   jd/plugins/hoster/SnelNLUsenet.class
   jd/plugins/hoster/SoundcloudCom$1.class
   jd/plugins/hoster/SoundcloudCom$2.class
   jd/plugins/hoster/SoundcloudCom$3.class
   jd/plugins/hoster/SoundcloudCom$AudioQualitySelectionMode$1.class
   jd/plugins/hoster/SoundcloudCom$AudioQualitySelectionMode$2.class
   jd/plugins/hoster/SoundcloudCom$AudioQualitySelectionMode$3.class
   jd/plugins/hoster/SoundcloudCom$AudioQualitySelectionMode.class
   jd/plugins/hoster/SoundcloudCom.class
   jd/plugins/hoster/SpankBangCom.class
   jd/plugins/hoster/SpicyFileCom.class
   jd/plugins/hoster/StreamonTo.class
   jd/plugins/hoster/StreamsbNet.class
   jd/plugins/hoster/TezFilesCom.class
   jd/plugins/hoster/ThotdriveCom.class
   jd/plugins/hoster/ThunderNewsCom.class
   jd/plugins/hoster/TiktokCom.class
   jd/plugins/hoster/TstorageInfo.class
   jd/plugins/hoster/TwitterCom$1.class
   jd/plugins/hoster/TwitterCom$TwitterConfigInterface$TRANSLATION.class
   jd/plugins/hoster/TwitterCom$TwitterConfigInterface.class
   jd/plugins/hoster/TwitterCom.class
   jd/plugins/hoster/UploadboxCo.class
   jd/plugins/hoster/UploaderJp.class
   jd/plugins/hoster/UploadhavenCom.class
   jd/plugins/hoster/UploadhiveCom.class
   jd/plugins/hoster/UploadhubIo.class
   jd/plugins/hoster/UplodIr.class
   jd/plugins/hoster/UppItCom.class
   jd/plugins/hoster/UpstoRe.class
   jd/plugins/hoster/UsenetBucketCom.class
   jd/plugins/hoster/UsenetNow.class
   jd/plugins/hoster/VKontakteRuHoster$1.class
   jd/plugins/hoster/VKontakteRuHoster$Quality$1.class
   jd/plugins/hoster/VKontakteRuHoster$Quality$2.class
   jd/plugins/hoster/VKontakteRuHoster$Quality$3.class
   jd/plugins/hoster/VKontakteRuHoster$Quality$4.class
   jd/plugins/hoster/VKontakteRuHoster$Quality$5.class
   jd/plugins/hoster/VKontakteRuHoster$Quality$6.class
   jd/plugins/hoster/VKontakteRuHoster$Quality.class
   jd/plugins/hoster/VKontakteRuHoster$QualitySelectionMode$1.class
   jd/plugins/hoster/VKontakteRuHoster$QualitySelectionMode$2.class
   jd/plugins/hoster/VKontakteRuHoster$QualitySelectionMode$3.class
   jd/plugins/hoster/VKontakteRuHoster$QualitySelectionMode$4.class
   jd/plugins/hoster/VKontakteRuHoster$QualitySelectionMode.class
   jd/plugins/hoster/VKontakteRuHoster.class
   jd/plugins/hoster/VideoMediasetIt.class
   jd/plugins/hoster/VivoSx.class
   jd/plugins/hoster/WickedCom.class
   jd/plugins/hoster/WipFilesNet.class
   jd/plugins/hoster/WistiaCom.class
   jd/plugins/hoster/WolfstreamTv.class
   jd/plugins/hoster/WrzucajplikiPl.class
   jd/plugins/hoster/WstreamVideo.class
   jd/plugins/hoster/WupfileCom.class
   jd/plugins/hoster/XSUseNetCom.class
   jd/plugins/hoster/XTubeCom.class
   jd/plugins/hoster/XimagesharingCom.class
   jd/plugins/hoster/XubsterCom.class
   jd/plugins/hoster/XvideosCom.class
   jd/plugins/hoster/XvideosharingCom.class
   jd/plugins/hoster/YouPornCom$1.class
   jd/plugins/hoster/YouPornCom.class
   jd/plugins/hoster/YouWatchOrg.class
   jd/plugins/hoster/ZbigzCom.class
   jd/plugins/hoster/ZofileCom.class
----------------Extensions----------------
   extensions/Extraction.jar
----------------Direct Files----------------
   build.json
   translations/org/jdownloader/gui/translate/GuiTranslation.bs.lng
   translations/org/jdownloader/gui/translate/GuiTranslation.cs.lng
   translations/org/jdownloader/gui/translate/GuiTranslation.de.lng
   translations/org/jdownloader/gui/translate/GuiTranslation.el.lng
   translations/org/jdownloader/gui/translate/GuiTranslation.en_AU.lng
   translations/org/jdownloader/gui/translate/GuiTranslation.es.lng
   translations/org/jdownloader/gui/translate/GuiTranslation.fr.lng
   translations/org/jdownloader/gui/translate/GuiTranslation.hr.lng
   translations/org/jdownloader/gui/translate/GuiTranslation.hu.lng
   translations/org/jdownloader/gui/translate/GuiTranslation.it.lng
   translations/org/jdownloader/gui/translate/GuiTranslation.ja.lng
   translations/org/jdownloader/gui/translate/GuiTranslation.ko.lng
   translations/org/jdownloader/gui/translate/GuiTranslation.pl.lng
   translations/org/jdownloader/gui/translate/GuiTranslation.pt.lng
   translations/org/jdownloader/gui/translate/GuiTranslation.pt_BR.lng
   translations/org/jdownloader/gui/translate/GuiTranslation.pt_PT.lng
   translations/org/jdownloader/gui/translate/GuiTranslation.sv.lng
   translations/org/jdownloader/gui/translate/GuiTranslation.tr.lng
   translations/org/jdownloader/gui/translate/GuiTranslation.zh_CN.lng
   translations/org/jdownloader/gui/translate/GuiTranslation.zh_TW.lng
   translations/org/jdownloader/gui/translate/GuiTranslation.zh__hant.lng
----------------Core Files----------------
   Core.jar
   JD: Core.jar/jd/controlling/linkcrawler/LinkCrawler$24$1.class
   JD: Core.jar/jd/controlling/linkcrawler/LinkCrawler$24.class
   JD: Core.jar/jd/controlling/linkcrawler/LinkCrawler$25$1.class
   JD: Core.jar/jd/controlling/linkcrawler/LinkCrawler$25.class
   JD: Core.jar/jd/controlling/linkcrawler/LinkCrawler$26.class
   JD: Core.jar/jd/controlling/linkcrawler/LinkCrawler$27.class
   JD: Core.jar/jd/controlling/linkcrawler/LinkCrawler$28.class
   JD: Core.jar/jd/controlling/linkcrawler/LinkCrawler.class
   JD: Core.jar/jd/controlling/proxy/NoProxySelector.class
   JD: Core.jar/jd/controlling/proxy/ProxyController$1.class
   JD: Core.jar/jd/controlling/proxy/ProxyController$10.class
   JD: Core.jar/jd/controlling/proxy/ProxyController$11.class
   JD: Core.jar/jd/controlling/proxy/ProxyController$12.class
   JD: Core.jar/jd/controlling/proxy/ProxyController$13.class
   JD: Core.jar/jd/controlling/proxy/ProxyController$14.class
   JD: Core.jar/jd/controlling/proxy/ProxyController$15.class
   JD: Core.jar/jd/controlling/proxy/ProxyController$16.class
   JD: Core.jar/jd/controlling/proxy/ProxyController$17.class
   JD: Core.jar/jd/controlling/proxy/ProxyController$18.class
   JD: Core.jar/jd/controlling/proxy/ProxyController$19.class
   JD: Core.jar/jd/controlling/proxy/ProxyController$2.class
   JD: Core.jar/jd/controlling/proxy/ProxyController$20.class
   JD: Core.jar/jd/controlling/proxy/ProxyController$3.class
   JD: Core.jar/jd/controlling/proxy/ProxyController$4.class
   JD: Core.jar/jd/controlling/proxy/ProxyController$5.class
   JD: Core.jar/jd/controlling/proxy/ProxyController$6.class
   JD: Core.jar/jd/controlling/proxy/ProxyController$7$1.class
   JD: Core.jar/jd/controlling/proxy/ProxyController$7.class
   JD: Core.jar/jd/controlling/proxy/ProxyController$8.class
   JD: Core.jar/jd/controlling/proxy/ProxyController$9.class
   JD: Core.jar/jd/controlling/proxy/ProxyController$SelectedProxyLock.class
   JD: Core.jar/jd/controlling/proxy/ProxyController.class
   JD: Core.jar/jd/controlling/proxy/SingleDirectGatewaySelector.class
   JD: Core.jar/jd/plugins/CaptchaException$1.class
   JD: Core.jar/jd/plugins/CaptchaException.class
   JD: Core.jar/jd/plugins/Plugin$1.class
   JD: Core.jar/jd/plugins/Plugin$2.class
   JD: Core.jar/jd/plugins/Plugin$3.class
   JD: Core.jar/jd/plugins/Plugin$4.class
   JD: Core.jar/jd/plugins/Plugin.class
   JD: Core.jar/jd/plugins/PluginForHost.class
   JD: Core.jar/jd/plugins/components/MediathekHelper.class
   JD: Core.jar/org/jdownloader/api/RemoteAPIController.class
   JD: Core.jar/org/jdownloader/api/captcha/CaptchaAPI.class
   JD: Core.jar/org/jdownloader/api/captcha/CaptchaAPISolver$1.class
   JD: Core.jar/org/jdownloader/api/captcha/CaptchaAPISolver$2.class
   JD: Core.jar/org/jdownloader/api/captcha/CaptchaAPISolver$3.class
   JD: Core.jar/org/jdownloader/api/captcha/CaptchaAPISolver.class
   JD: Core.jar/org/jdownloader/api/captcha/CaptchaJob.class
   JD: Core.jar/org/jdownloader/api/downloads/v2/DownloadsAPIV2Impl.class
   JD: Core.jar/org/jdownloader/api/jdanywhere/api/DashboardApi.class
   JD: Core.jar/org/jdownloader/api/myjdownloader/MyJDownloaderConnectThread$1.class
   JD: Core.jar/org/jdownloader/api/myjdownloader/MyJDownloaderConnectThread$10.class
   JD: Core.jar/org/jdownloader/api/myjdownloader/MyJDownloaderConnectThread$2.class
   JD: Core.jar/org/jdownloader/api/myjdownloader/MyJDownloaderConnectThread$3.class
   JD: Core.jar/org/jdownloader/api/myjdownloader/MyJDownloaderConnectThread$4.class
   JD: Core.jar/org/jdownloader/api/myjdownloader/MyJDownloaderConnectThread$5.class
   JD: Core.jar/org/jdownloader/api/myjdownloader/MyJDownloaderConnectThread$6.class
   JD: Core.jar/org/jdownloader/api/myjdownloader/MyJDownloaderConnectThread$7.class
   JD: Core.jar/org/jdownloader/api/myjdownloader/MyJDownloaderConnectThread$8.class
   JD: Core.jar/org/jdownloader/api/myjdownloader/MyJDownloaderConnectThread$9.class
   JD: Core.jar/org/jdownloader/api/myjdownloader/MyJDownloaderConnectThread$DeviceConnectionHelper.class
   JD: Core.jar/org/jdownloader/api/myjdownloader/MyJDownloaderConnectThread$SessionInfoWrapper$STATE.class
   JD: Core.jar/org/jdownloader/api/myjdownloader/MyJDownloaderConnectThread$SessionInfoWrapper.class
   JD: Core.jar/org/jdownloader/api/myjdownloader/MyJDownloaderConnectThread.class
   JD: Core.jar/org/jdownloader/api/myjdownloader/MyJDownloaderHttpConnection$1$1.class
   JD: Core.jar/org/jdownloader/api/myjdownloader/MyJDownloaderHttpConnection$1.class
   JD: Core.jar/org/jdownloader/api/myjdownloader/MyJDownloaderHttpConnection.class
   JD: Core.jar/org/jdownloader/api/myjdownloader/MyJDownloaderWaitingConnectionThread$1.class
   JD: Core.jar/org/jdownloader/api/myjdownloader/MyJDownloaderWaitingConnectionThread$MyJDownloaderConnectionRequest.class
   JD: Core.jar/org/jdownloader/api/myjdownloader/MyJDownloaderWaitingConnectionThread$MyJDownloaderConnectionResponse.class
   JD: Core.jar/org/jdownloader/api/myjdownloader/MyJDownloaderWaitingConnectionThread.class
   JD: Core.jar/org/jdownloader/api/myjdownloader/api/MyJDownloaderAPI$1.class
   JD: Core.jar/org/jdownloader/api/myjdownloader/api/MyJDownloaderAPI$MyJDownloaderAPIBrowser$1.class
   JD: Core.jar/org/jdownloader/api/myjdownloader/api/MyJDownloaderAPI$MyJDownloaderAPIBrowser.class
   JD: Core.jar/org/jdownloader/api/myjdownloader/api/MyJDownloaderAPI.class
   JD: Core.jar/org/jdownloader/api/polling/PollingAPI.class
   JD: Core.jar/org/jdownloader/api/polling/PollingAPIImpl.class
   JD: Core.jar/org/jdownloader/captcha/blacklist/BlacklistEntry.class
   JD: Core.jar/org/jdownloader/captcha/blacklist/BlockAllCrawlerCaptchasEntry.class
   JD: Core.jar/org/jdownloader/captcha/blacklist/BlockAllDownloadCaptchasEntry.class
   JD: Core.jar/org/jdownloader/captcha/blacklist/BlockCrawlerCaptchasByHost.class
   JD: Core.jar/org/jdownloader/captcha/blacklist/BlockCrawlerCaptchasByPackage.class
   JD: Core.jar/org/jdownloader/captcha/blacklist/BlockDownloadCaptchasByHost.class
   JD: Core.jar/org/jdownloader/captcha/blacklist/BlockDownloadCaptchasByLink.class
   JD: Core.jar/org/jdownloader/captcha/blacklist/BlockDownloadCaptchasByPackage.class
   JD: Core.jar/org/jdownloader/captcha/v2/CaptchaCrawlerHelperInterface.class
   JD: Core.jar/org/jdownloader/captcha/v2/CaptchaHosterHelperInterface.class
   JD: Core.jar/org/jdownloader/captcha/v2/challenge/areyouahuman/CaptchaHelperCrawlerPluginAreYouHuman$1.class
   JD: Core.jar/org/jdownloader/captcha/v2/challenge/areyouahuman/CaptchaHelperCrawlerPluginAreYouHuman$2.class
   JD: Core.jar/org/jdownloader/captcha/v2/challenge/areyouahuman/CaptchaHelperCrawlerPluginAreYouHuman.class
   JD: Core.jar/org/jdownloader/captcha/v2/challenge/areyouahuman/CaptchaHelperHostPluginAreYouHuman$1.class
   JD: Core.jar/org/jdownloader/captcha/v2/challenge/areyouahuman/CaptchaHelperHostPluginAreYouHuman$2.class
   JD: Core.jar/org/jdownloader/captcha/v2/challenge/areyouahuman/CaptchaHelperHostPluginAreYouHuman.class
   JD: Core.jar/org/jdownloader/captcha/v2/challenge/confidentcaptcha/CaptchaHelperCrawlerPluginConfidentCaptcha$1.class
   JD: Core.jar/org/jdownloader/captcha/v2/challenge/confidentcaptcha/CaptchaHelperCrawlerPluginConfidentCaptcha$2.class
   JD: Core.jar/org/jdownloader/captcha/v2/challenge/confidentcaptcha/CaptchaHelperCrawlerPluginConfidentCaptcha.class
   JD: Core.jar/org/jdownloader/captcha/v2/challenge/confidentcaptcha/CaptchaHelperHostPluginConfidentCaptcha$1.class
   JD: Core.jar/org/jdownloader/captcha/v2/challenge/confidentcaptcha/CaptchaHelperHostPluginConfidentCaptcha$2.class
   JD: Core.jar/org/jdownloader/captcha/v2/challenge/confidentcaptcha/CaptchaHelperHostPluginConfidentCaptcha.class
   JD: Core.jar/org/jdownloader/captcha/v2/challenge/cutcaptcha/CaptchaHelperCrawlerPluginCutCaptcha$1.class
   JD: Core.jar/org/jdownloader/captcha/v2/challenge/cutcaptcha/CaptchaHelperCrawlerPluginCutCaptcha.class
   JD: Core.jar/org/jdownloader/captcha/v2/challenge/cutcaptcha/CaptchaHelperHostPluginCutCaptcha$1.class
   JD: Core.jar/org/jdownloader/captcha/v2/challenge/cutcaptcha/CaptchaHelperHostPluginCutCaptcha.class
   JD: Core.jar/org/jdownloader/captcha/v2/challenge/geetest/CaptchaHelperCrawlerPluginGeeTest$1.class
   JD: Core.jar/org/jdownloader/captcha/v2/challenge/geetest/CaptchaHelperCrawlerPluginGeeTest$2.class
   JD: Core.jar/org/jdownloader/captcha/v2/challenge/geetest/CaptchaHelperCrawlerPluginGeeTest.class
   JD: Core.jar/org/jdownloader/captcha/v2/challenge/geetest/CaptchaHelperHostPluginGeeTest$1.class
   JD: Core.jar/org/jdownloader/captcha/v2/challenge/geetest/CaptchaHelperHostPluginGeeTest$2.class
   JD: Core.jar/org/jdownloader/captcha/v2/challenge/geetest/CaptchaHelperHostPluginGeeTest.class
   JD: Core.jar/org/jdownloader/captcha/v2/challenge/hcaptcha/
   JD: Core.jar/org/jdownloader/captcha/v2/challenge/hcaptcha/AbstractHCaptcha$1.class
   JD: Core.jar/org/jdownloader/captcha/v2/challenge/hcaptcha/AbstractHCaptcha$TYPE.class
   JD: Core.jar/org/jdownloader/captcha/v2/challenge/hcaptcha/AbstractHCaptcha.class
   JD: Core.jar/org/jdownloader/captcha/v2/challenge/hcaptcha/CaptchaHelperCrawlerPluginHCaptcha$1.class
   JD: Core.jar/org/jdownloader/captcha/v2/challenge/hcaptcha/CaptchaHelperCrawlerPluginHCaptcha.class
   JD: Core.jar/org/jdownloader/captcha/v2/challenge/hcaptcha/CaptchaHelperHostPluginHCaptcha$1.class
   JD: Core.jar/org/jdownloader/captcha/v2/challenge/hcaptcha/CaptchaHelperHostPluginHCaptcha.class
   JD: Core.jar/org/jdownloader/captcha/v2/challenge/hcaptcha/HCaptchaChallenge$HCaptchaAPIStorable.class
   JD: Core.jar/org/jdownloader/captcha/v2/challenge/hcaptcha/HCaptchaChallenge.class
   JD: Core.jar/org/jdownloader/captcha/v2/challenge/hcaptcha/hcaptcha.html
   JD: Core.jar/org/jdownloader/captcha/v2/challenge/recaptcha/v2/AbstractRecaptchaV2$1.class
   JD: Core.jar/org/jdownloader/captcha/v2/challenge/recaptcha/v2/AbstractRecaptchaV2.class
   JD: Core.jar/org/jdownloader/captcha/v2/challenge/recaptcha/v2/CaptchaHelperCrawlerPluginRecaptchaV2$1.class
   JD: Core.jar/org/jdownloader/captcha/v2/challenge/recaptcha/v2/CaptchaHelperCrawlerPluginRecaptchaV2.class
   JD: Core.jar/org/jdownloader/captcha/v2/challenge/recaptcha/v2/CaptchaHelperHostPluginRecaptchaV2$1.class
   JD: Core.jar/org/jdownloader/captcha/v2/challenge/recaptcha/v2/CaptchaHelperHostPluginRecaptchaV2.class
   JD: Core.jar/org/jdownloader/captcha/v2/challenge/recaptcha/v2/RecaptchaV2Challenge$1.class
   JD: Core.jar/org/jdownloader/captcha/v2/challenge/recaptcha/v2/RecaptchaV2Challenge$10.class
   JD: Core.jar/org/jdownloader/captcha/v2/challenge/recaptcha/v2/RecaptchaV2Challenge$2.class
   JD: Core.jar/org/jdownloader/captcha/v2/challenge/recaptcha/v2/RecaptchaV2Challenge$3.class
   JD: Core.jar/org/jdownloader/captcha/v2/challenge/recaptcha/v2/RecaptchaV2Challenge$4.class
   JD: Core.jar/org/jdownloader/captcha/v2/challenge/recaptcha/v2/RecaptchaV2Challenge$5.class
   JD: Core.jar/org/jdownloader/captcha/v2/challenge/recaptcha/v2/RecaptchaV2Challenge$6.class
   JD: Core.jar/org/jdownloader/captcha/v2/challenge/recaptcha/v2/RecaptchaV2Challenge$7.class
   JD: Core.jar/org/jdownloader/captcha/v2/challenge/recaptcha/v2/RecaptchaV2Challenge$8.class
   JD: Core.jar/org/jdownloader/captcha/v2/challenge/recaptcha/v2/RecaptchaV2Challenge$9.class
   JD: Core.jar/org/jdownloader/captcha/v2/challenge/recaptcha/v2/RecaptchaV2Challenge.class
   JD: Core.jar/org/jdownloader/captcha/v2/challenge/recaptcha/v2/recaptcha.html
   JD: Core.jar/org/jdownloader/captcha/v2/challenge/sweetcaptcha/CaptchaHelperCrawlerPluginSweetCaptcha$1.class
   JD: Core.jar/org/jdownloader/captcha/v2/challenge/sweetcaptcha/CaptchaHelperCrawlerPluginSweetCaptcha$2.class
   JD: Core.jar/org/jdownloader/captcha/v2/challenge/sweetcaptcha/CaptchaHelperCrawlerPluginSweetCaptcha.class
   JD: Core.jar/org/jdownloader/captcha/v2/challenge/sweetcaptcha/CaptchaHelperHostPluginSweetCaptcha$1.class
   JD: Core.jar/org/jdownloader/captcha/v2/challenge/sweetcaptcha/CaptchaHelperHostPluginSweetCaptcha$2.class
   JD: Core.jar/org/jdownloader/captcha/v2/challenge/sweetcaptcha/CaptchaHelperHostPluginSweetCaptcha.class
   JD: Core.jar/org/jdownloader/captcha/v2/solver/antiCaptchaCom/AntiCaptchaComResponse.class
   JD: Core.jar/org/jdownloader/captcha/v2/solver/antiCaptchaCom/AntiCaptchaComSolver$BalanceResponse.class
   JD: Core.jar/org/jdownloader/captcha/v2/solver/antiCaptchaCom/AntiCaptchaComSolver.class
   JD: Core.jar/org/jdownloader/captcha/v2/solver/browser/BrowserReference$1.class
   JD: Core.jar/org/jdownloader/captcha/v2/solver/browser/BrowserReference$2.class
   JD: Core.jar/org/jdownloader/captcha/v2/solver/browser/BrowserReference$3.class
   JD: Core.jar/org/jdownloader/captcha/v2/solver/browser/BrowserReference$4.class
   JD: Core.jar/org/jdownloader/captcha/v2/solver/browser/BrowserReference.class
   JD: Core.jar/org/jdownloader/captcha/v2/solver/dbc/DeathByCaptchaSolver$1.class
   JD: Core.jar/org/jdownloader/captcha/v2/solver/dbc/DeathByCaptchaSolver.class
   JD: Core.jar/org/jdownloader/captcha/v2/solver/dbc/DeathByCaptchaSolverService$1$1.class
   JD: Core.jar/org/jdownloader/captcha/v2/solver/dbc/ServicePanelDBCTooltip$1$1.class
   JD: Core.jar/org/jdownloader/captcha/v2/solver/dbc/ServicePanelDBCTooltip$1.class
   JD: Core.jar/org/jdownloader/captcha/v2/solver/dbc/ServicePanelDBCTooltip.class
   JD: Core.jar/org/jdownloader/captcha/v2/solver/solver9kw/Captcha9kwSolver.class
   JD: Core.jar/org/jdownloader/controlling/ffmpeg/FFprobe$1.class
   JD: Core.jar/org/jdownloader/controlling/ffmpeg/FFprobe.class
   JD: Core.jar/org/jdownloader/downloader/hls/HLSDownloader$1.class
   JD: Core.jar/org/jdownloader/downloader/hls/HLSDownloader$10.class
   JD: Core.jar/org/jdownloader/downloader/hls/HLSDownloader$2.class
   JD: Core.jar/org/jdownloader/downloader/hls/HLSDownloader$3.class
   JD: Core.jar/org/jdownloader/downloader/hls/HLSDownloader$4.class
   JD: Core.jar/org/jdownloader/downloader/hls/HLSDownloader$5.class
   JD: Core.jar/org/jdownloader/downloader/hls/HLSDownloader$6.class
   JD: Core.jar/org/jdownloader/downloader/hls/HLSDownloader$7.class
   JD: Core.jar/org/jdownloader/downloader/hls/HLSDownloader$8.class
   JD: Core.jar/org/jdownloader/downloader/hls/HLSDownloader$9.class
   JD: Core.jar/org/jdownloader/downloader/hls/HLSDownloader$CONCATSOURCE.class
   JD: Core.jar/org/jdownloader/downloader/hls/HLSDownloader$M3U8SEGMENTSTATE.class
   JD: Core.jar/org/jdownloader/downloader/hls/HLSDownloader$PartFile.class
   JD: Core.jar/org/jdownloader/downloader/hls/HLSDownloader.class
   JD: Core.jar/org/jdownloader/downloader/hls/M3U8Playlist.class
   JD: Core.jar/org/jdownloader/gui/translate/GuiTranslation.class
   JD: Core.jar/org/jdownloader/gui/views/downloads/columns/PriorityColumn$1.class
   JD: Core.jar/org/jdownloader/gui/views/downloads/columns/PriorityColumn$2.class
   JD: Core.jar/org/jdownloader/gui/views/downloads/columns/PriorityColumn$3.class
   JD: Core.jar/org/jdownloader/gui/views/downloads/columns/PriorityColumn$4.class
   JD: Core.jar/org/jdownloader/gui/views/downloads/columns/PriorityColumn$5.class
   JD: Core.jar/org/jdownloader/gui/views/downloads/columns/PriorityColumn.class
   JD: Core.jar/org/jdownloader/net/BCSSLSocketStreamFactory.class
   JD: Core.jar/org/jdownloader/plugins/components/TurbobitCore$1.class
   JD: Core.jar/org/jdownloader/plugins/components/TurbobitCore$2.class
   JD: Core.jar/org/jdownloader/plugins/components/TurbobitCore$DownloadType.class
   JD: Core.jar/org/jdownloader/plugins/components/TurbobitCore.class
   JD: Core.jar/org/jdownloader/plugins/components/XFileSharingProBasic$1.class
   JD: Core.jar/org/jdownloader/plugins/components/XFileSharingProBasic$2.class
   JD: Core.jar/org/jdownloader/plugins/components/XFileSharingProBasic$XFSApiAccountFactory$1.class
   JD: Core.jar/org/jdownloader/plugins/components/XFileSharingProBasic$XFSApiAccountFactory.class
   JD: Core.jar/org/jdownloader/plugins/components/XFileSharingProBasic.class
   JD: Core.jar/org/jdownloader/plugins/components/XFileSharingProBasicSpecialFilejoker.class
   JD: Core.jar/org/jdownloader/plugins/components/YetiShareCore$1.class
   JD: Core.jar/org/jdownloader/plugins/components/YetiShareCore$2.class
   JD: Core.jar/org/jdownloader/plugins/components/YetiShareCore.class
   JD: Core.jar/org/jdownloader/plugins/components/antiDDoSForDecrypt$1.class
   JD: Core.jar/org/jdownloader/plugins/components/antiDDoSForDecrypt.class
   JD: Core.jar/org/jdownloader/plugins/components/antiDDoSForHost$1.class
   JD: Core.jar/org/jdownloader/plugins/components/antiDDoSForHost.class
   JD: Core.jar/org/jdownloader/plugins/components/config/ArdConfigInterface$TRANSLATION.class
   JD: Core.jar/org/jdownloader/plugins/components/config/ArdConfigInterface.class
   JD: Core.jar/org/jdownloader/plugins/components/config/FEmbedComConfig$1.class
   JD: Core.jar/org/jdownloader/plugins/components/config/FEmbedComConfig$Quality$1.class
   JD: Core.jar/org/jdownloader/plugins/components/config/FEmbedComConfig$Quality$2.class
   JD: Core.jar/org/jdownloader/plugins/components/config/FEmbedComConfig$Quality$3.class
   JD: Core.jar/org/jdownloader/plugins/components/config/FEmbedComConfig$Quality$4.class
   JD: Core.jar/org/jdownloader/plugins/components/config/FEmbedComConfig$Quality.class
   JD: Core.jar/org/jdownloader/plugins/components/config/FEmbedComConfig$QualitySelectionMode$1.class
   JD: Core.jar/org/jdownloader/plugins/components/config/FEmbedComConfig$QualitySelectionMode$2.class
   JD: Core.jar/org/jdownloader/plugins/components/config/FEmbedComConfig$QualitySelectionMode$3.class
   JD: Core.jar/org/jdownloader/plugins/components/config/FEmbedComConfig$QualitySelectionMode.class
   JD: Core.jar/org/jdownloader/plugins/components/config/FEmbedComConfig.class
   JD: Core.jar/org/jdownloader/plugins/components/config/FileCryptConfig.class
   JD: Core.jar/org/jdownloader/plugins/components/config/GldSlToConfig.class
   JD: Core.jar/org/jdownloader/plugins/components/config/MediathekProperties.class
   JD: Core.jar/org/jdownloader/plugins/components/config/RedtubeConfig$1.class
   JD: Core.jar/org/jdownloader/plugins/components/config/RedtubeConfig$PreferredStreamQuality$1.class
   JD: Core.jar/org/jdownloader/plugins/components/config/RedtubeConfig$PreferredStreamQuality$2.class
   JD: Core.jar/org/jdownloader/plugins/components/config/RedtubeConfig$PreferredStreamQuality$3.class
   JD: Core.jar/org/jdownloader/plugins/components/config/RedtubeConfig$PreferredStreamQuality$4.class
   JD: Core.jar/org/jdownloader/plugins/components/config/RedtubeConfig$PreferredStreamQuality$5.class
   JD: Core.jar/org/jdownloader/plugins/components/config/RedtubeConfig$PreferredStreamQuality$6.class
   JD: Core.jar/org/jdownloader/plugins/components/config/RedtubeConfig$PreferredStreamQuality$7.class
   JD: Core.jar/org/jdownloader/plugins/components/config/RedtubeConfig$PreferredStreamQuality.class
   JD: Core.jar/org/jdownloader/plugins/components/config/RedtubeConfig.class
   JD: Core.jar/org/jdownloader/plugins/components/config/XFSConfigDdownloadCom.class
   JD: Core.jar/org/jdownloader/plugins/components/config/XFSConfigDropapk.class
   JD: Core.jar/org/jdownloader/plugins/components/config/XFSConfigDropapkMixloads.class
   JD: Core.jar/org/jdownloader/plugins/components/config/XFSConfigVideoAparatCom.class.removed
   JD: Core.jar/org/jdownloader/plugins/components/config/XFSConfigVideoDdownloadCom.class.removed
   JD: Core.jar/org/jdownloader/plugins/components/config/XFSConfigVideoWolfstreamTv.class
   JD: Core.jar/org/jdownloader/plugins/components/youtube/ClipDataCache$1.class.removed
   JD: Core.jar/org/jdownloader/plugins/components/youtube/ClipDataCache$CachedClipData.class
   JD: Core.jar/org/jdownloader/plugins/components/youtube/ClipDataCache.class
   JD: Core.jar/org/jdownloader/plugins/components/youtube/YoutubeClipData.class
   JD: Core.jar/org/jdownloader/plugins/components/youtube/YoutubeHelper$1.class
   JD: Core.jar/org/jdownloader/plugins/components/youtube/YoutubeHelper$10.class
   JD: Core.jar/org/jdownloader/plugins/components/youtube/YoutubeHelper$11.class
   JD: Core.jar/org/jdownloader/plugins/components/youtube/YoutubeHelper$12.class
   JD: Core.jar/org/jdownloader/plugins/components/youtube/YoutubeHelper$13.class
   JD: Core.jar/org/jdownloader/plugins/components/youtube/YoutubeHelper$14.class
   JD: Core.jar/org/jdownloader/plugins/components/youtube/YoutubeHelper$15.class
   JD: Core.jar/org/jdownloader/plugins/components/youtube/YoutubeHelper$16.class
   JD: Core.jar/org/jdownloader/plugins/components/youtube/YoutubeHelper$17.class
   JD: Core.jar/org/jdownloader/plugins/components/youtube/YoutubeHelper$18.class
   JD: Core.jar/org/jdownloader/plugins/components/youtube/YoutubeHelper$19.class
   JD: Core.jar/org/jdownloader/plugins/components/youtube/YoutubeHelper$2.class
   JD: Core.jar/org/jdownloader/plugins/components/youtube/YoutubeHelper$20.class
   JD: Core.jar/org/jdownloader/plugins/components/youtube/YoutubeHelper$21.class
   JD: Core.jar/org/jdownloader/plugins/components/youtube/YoutubeHelper$22.class
   JD: Core.jar/org/jdownloader/plugins/components/youtube/YoutubeHelper$23.class
   JD: Core.jar/org/jdownloader/plugins/components/youtube/YoutubeHelper$24.class
   JD: Core.jar/org/jdownloader/plugins/components/youtube/YoutubeHelper$25.class
   JD: Core.jar/org/jdownloader/plugins/components/youtube/YoutubeHelper$26.class
   JD: Core.jar/org/jdownloader/plugins/components/youtube/YoutubeHelper$27.class
   JD: Core.jar/org/jdownloader/plugins/components/youtube/YoutubeHelper$28.class
   JD: Core.jar/org/jdownloader/plugins/components/youtube/YoutubeHelper$29.class
   JD: Core.jar/org/jdownloader/plugins/components/youtube/YoutubeHelper$3.class
   JD: Core.jar/org/jdownloader/plugins/components/youtube/YoutubeHelper$30.class
   JD: Core.jar/org/jdownloader/plugins/components/youtube/YoutubeHelper$31.class
   JD: Core.jar/org/jdownloader/plugins/components/youtube/YoutubeHelper$32.class
   JD: Core.jar/org/jdownloader/plugins/components/youtube/YoutubeHelper$33.class
   JD: Core.jar/org/jdownloader/plugins/components/youtube/YoutubeHelper$34.class
   JD: Core.jar/org/jdownloader/plugins/components/youtube/YoutubeHelper$35.class
   JD: Core.jar/org/jdownloader/plugins/components/youtube/YoutubeHelper$36.class
   JD: Core.jar/org/jdownloader/plugins/components/youtube/YoutubeHelper$37.class
   JD: Core.jar/org/jdownloader/plugins/components/youtube/YoutubeHelper$38.class
   JD: Core.jar/org/jdownloader/plugins/components/youtube/YoutubeHelper$39.class
   JD: Core.jar/org/jdownloader/plugins/components/youtube/YoutubeHelper$4.class
   JD: Core.jar/org/jdownloader/plugins/components/youtube/YoutubeHelper$40.class
   JD: Core.jar/org/jdownloader/plugins/components/youtube/YoutubeHelper$5.class
   JD: Core.jar/org/jdownloader/plugins/components/youtube/YoutubeHelper$6.class
   JD: Core.jar/org/jdownloader/plugins/components/youtube/YoutubeHelper$7.class
   JD: Core.jar/org/jdownloader/plugins/components/youtube/YoutubeHelper$8.class
   JD: Core.jar/org/jdownloader/plugins/components/youtube/YoutubeHelper$9.class
   JD: Core.jar/org/jdownloader/plugins/components/youtube/YoutubeHelper$StreamMap.class
   JD: Core.jar/org/jdownloader/plugins/components/youtube/YoutubeHelper.class
   JD: Core.jar/org/jdownloader/plugins/components/youtube/YoutubeStreamData.class
   JD: Core.jar/org/jdownloader/plugins/components/youtube/variants/VideoVariant$1.class
   JD: Core.jar/org/jdownloader/plugins/components/youtube/variants/VideoVariant$2.class
   JD: Core.jar/org/jdownloader/plugins/components/youtube/variants/VideoVariant.class
   JD: Core.jar/org/jdownloader/plugins/components/youtube/variants/YoutubeSubtitleStorable$1.class
   JD: Core.jar/org/jdownloader/plugins/components/youtube/variants/YoutubeSubtitleStorable.class
   JD: Core.jar/org/jdownloader/plugins/config/PluginJsonConfig$3$1.class
   JD: Core.jar/org/jdownloader/plugins/config/PluginJsonConfig$3.class
   JD: Core.jar/org/jdownloader/plugins/config/PluginJsonConfig$4.class
   JD: Core.jar/org/jdownloader/plugins/config/PluginJsonConfig.class
   JD: Core.jar/org/jdownloader/plugins/controller/host/HostPluginController$1.class
   JD: Core.jar/org/jdownloader/plugins/controller/host/HostPluginController$2$2.class
   JD: Core.jar/org/jdownloader/plugins/controller/host/HostPluginController$2$3.class
   JD: Core.jar/org/jdownloader/plugins/controller/host/HostPluginController$2$4$1.class
   JD: Core.jar/org/jdownloader/plugins/controller/host/HostPluginController$2$4.class
   JD: Core.jar/org/jdownloader/plugins/controller/host/HostPluginController$2.class
   JD: Core.jar/org/jdownloader/plugins/controller/host/HostPluginController.class
   JD: Core.jar/org/jdownloader/plugins/controller/host/PluginFinder.class
   JD: Core.jar/org/jdownloader/settings/GeneralSettings$CreateFolderTrigger.class
   JD: Core.jar/org/jdownloader/settings/GeneralSettings$CustomDownloadFolderGetter.class
   JD: Core.jar/org/jdownloader/settings/GeneralSettings$DefaultDownloadFolder.class
   JD: Core.jar/org/jdownloader/settings/GeneralSettings$DeleteContainerAction.class
   JD: Core.jar/org/jdownloader/settings/GeneralSettings$OnSkipDueToAlreadyExistsAction$1.class
   JD: Core.jar/org/jdownloader/settings/GeneralSettings$OnSkipDueToAlreadyExistsAction$2.class
   JD: Core.jar/org/jdownloader/settings/GeneralSettings$OnSkipDueToAlreadyExistsAction$3.class
   JD: Core.jar/org/jdownloader/settings/GeneralSettings$OnSkipDueToAlreadyExistsAction.class
   JD: extensions/Extraction.jar/org/jdownloader/extensions/extraction/ExtractionExtension.class
   JD: extensions/Extraction.jar/org/jdownloader/extensions/extraction/contextmenu/downloadlist/AbstractExtractionContextAction$1$1.class
   JD: extensions/Extraction.jar/org/jdownloader/extensions/extraction/contextmenu/downloadlist/AbstractExtractionContextAction$1.class
   JD: extensions/Extraction.jar/org/jdownloader/extensions/extraction/contextmenu/downloadlist/AbstractExtractionContextAction.class
   JD: extensions/Extraction.jar/org/jdownloader/extensions/extraction/contextmenu/downloadlist/action/SetExtractToAction.class
   JD: extensions/Extraction.jar/org/jdownloader/extensions/extraction/gui/config/ExtractionConfigPanel$1$1.class
   JD: extensions/Extraction.jar/org/jdownloader/extensions/extraction/gui/config/ExtractionConfigPanel$1$2.class
   JD: extensions/Extraction.jar/org/jdownloader/extensions/extraction/gui/config/ExtractionConfigPanel$1$3.class
   JD: extensions/Extraction.jar/org/jdownloader/extensions/extraction/gui/config/ExtractionConfigPanel$1$4.class
   JD: extensions/Extraction.jar/org/jdownloader/extensions/extraction/gui/config/ExtractionConfigPanel$1$5.class
   JD: extensions/Extraction.jar/org/jdownloader/extensions/extraction/gui/config/ExtractionConfigPanel$1.class
   JD: extensions/Extraction.jar/org/jdownloader/extensions/extraction/gui/config/ExtractionConfigPanel$2.class
   JD: extensions/Extraction.jar/org/jdownloader/extensions/extraction/gui/config/ExtractionConfigPanel$3$1.class
   JD: extensions/Extraction.jar/org/jdownloader/extensions/extraction/gui/config/ExtractionConfigPanel$3.class
   JD: extensions/Extraction.jar/org/jdownloader/extensions/extraction/gui/config/ExtractionConfigPanel$4$1.class
   JD: extensions/Extraction.jar/org/jdownloader/extensions/extraction/gui/config/ExtractionConfigPanel$4$2$1.class
   JD: extensions/Extraction.jar/org/jdownloader/extensions/extraction/gui/config/ExtractionConfigPanel$4$2.class
   JD: extensions/Extraction.jar/org/jdownloader/extensions/extraction/gui/config/ExtractionConfigPanel$4$3$1.class
   JD: extensions/Extraction.jar/org/jdownloader/extensions/extraction/gui/config/ExtractionConfigPanel$4$3.class
   JD: extensions/Extraction.jar/org/jdownloader/extensions/extraction/gui/config/ExtractionConfigPanel$4.class
   JD: extensions/Extraction.jar/org/jdownloader/extensions/extraction/gui/config/ExtractionConfigPanel$5.class
   JD: extensions/Extraction.jar/org/jdownloader/extensions/extraction/gui/config/ExtractionConfigPanel.class
   JD: extensions/Extraction.jar/org/jdownloader/extensions/extraction/mime.type
   JD: extensions/Extraction.jar/org/jdownloader/extensions/extraction/multi/Zip4J$1.class
   JD: extensions/Extraction.jar/org/jdownloader/extensions/extraction/multi/Zip4J$2.class
   JD: extensions/Extraction.jar/org/jdownloader/extensions/extraction/multi/Zip4J.class
   JD: libs/JDGUI.jar/jd/gui/swing/dialog/AboutDialog$6$1.class
   JD: libs/JDGUI.jar/jd/gui/swing/dialog/AboutDialog$6.class
   JD: libs/JDGUI.jar/jd/gui/swing/dialog/AboutDialog.class
   JD: libs/JDGUI.jar/jd/gui/swing/jdgui/views/settings/panels/linkgrabberfilter/editdialog/ConditionDialog$10.class
   JD: libs/JDGUI.jar/jd/gui/swing/jdgui/views/settings/panels/linkgrabberfilter/editdialog/ConditionDialog$19.class
   JD: libs/JDGUI.jar/jd/gui/swing/jdgui/views/settings/panels/linkgrabberfilter/editdialog/ConditionDialog$23.class
   JD: libs/JDGUI.jar/jd/gui/swing/jdgui/views/settings/panels/linkgrabberfilter/editdialog/ConditionDialog$25.class
   JD: libs/JDGUI.jar/jd/gui/swing/jdgui/views/settings/panels/linkgrabberfilter/editdialog/ConditionDialog$7.class
   JD: libs/JDGUI.jar/jd/gui/swing/jdgui/views/settings/panels/packagizer/PackagizerFilterRuleDialog$10.class
   JD: libs/JDGUI.jar/jd/gui/swing/jdgui/views/settings/panels/packagizer/PackagizerFilterRuleDialog$5.class
   JD: libs/JDGUI.jar/jd/gui/swing/jdgui/views/settings/panels/packagizer/PackagizerFilterRuleDialog$6.class
   JD: libs/JDGUI.jar/jd/gui/swing/jdgui/views/settings/panels/packagizer/PackagizerFilterRuleDialog$7.class
   JD: libs/JDGUI.jar/jd/gui/swing/jdgui/views/settings/panels/packagizer/PackagizerFilterRuleDialog$8.class
   JD: libs/JDUtils.jar/jd/nutils/encoding/HTMLEntities.class
   JD: libs/bcpkix-jdk15on.jar/META-INF/BC1024KE.DSA
   JD: libs/bcpkix-jdk15on.jar/META-INF/BC1024KE.SF
   JD: libs/bcpkix-jdk15on.jar/META-INF/BC2048KE.DSA
   JD: libs/bcpkix-jdk15on.jar/META-INF/BC2048KE.SF
   JD: libs/bcpkix-jdk15on.jar/META-INF/MANIFEST.MF
   JD: libs/bcpkix-jdk15on.jar/META-INF/versions/9/module-info.class
   JD: libs/bcpkix-jdk15on.jar/org/bouncycastle/cert/path/validations/BasicConstraintsValidation.class
   JD: libs/bcpkix-jdk15on.jar/org/bouncycastle/cms/CMSAuthEnvelopedData$1.class
   JD: libs/bcpkix-jdk15on.jar/org/bouncycastle/cms/CMSAuthEnvelopedData$2.class
   JD: libs/bcpkix-jdk15on.jar/org/bouncycastle/cms/CMSAuthEnvelopedData.class
   JD: libs/bcpkix-jdk15on.jar/org/bouncycastle/cms/CMSAuthEnvelopedDataGenerator.class
   JD: libs/bcpkix-jdk15on.jar/org/bouncycastle/cms/CMSAuthenticatedData.class
   JD: libs/bcpkix-jdk15on.jar/org/bouncycastle/cms/CMSAuthenticatedDataGenerator.class
   JD: libs/bcpkix-jdk15on.jar/org/bouncycastle/cms/CMSAuthenticatedDataParser.class
   JD: libs/bcpkix-jdk15on.jar/org/bouncycastle/cms/CMSCompressedData.class
   JD: libs/bcpkix-jdk15on.jar/org/bouncycastle/cms/CMSCompressedDataParser.class
   JD: libs/bcpkix-jdk15on.jar/org/bouncycastle/cms/CMSEnvelopedData.class
   JD: libs/bcpkix-jdk15on.jar/org/bouncycastle/cms/CMSEnvelopedDataGenerator.class
   JD: libs/bcpkix-jdk15on.jar/org/bouncycastle/cms/CMSEnvelopedDataParser.class
   JD: libs/bcpkix-jdk15on.jar/org/bouncycastle/cms/CMSEnvelopedDataStreamGenerator$CmsEnvelopedDataOutputStream.class
   JD: libs/bcpkix-jdk15on.jar/org/bouncycastle/cms/CMSEnvelopedDataStreamGenerator.class
   JD: libs/bcpkix-jdk15on.jar/org/bouncycastle/cms/CMSEnvelopedHelper$CMSAuthenticatedSecureReadable.class
   JD: libs/bcpkix-jdk15on.jar/org/bouncycastle/cms/CMSEnvelopedHelper$CMSDigestAuthenticatedSecureReadable.class
   JD: libs/bcpkix-jdk15on.jar/org/bouncycastle/cms/CMSEnvelopedHelper$CMSEnvelopedSecureReadable.class
   JD: libs/bcpkix-jdk15on.jar/org/bouncycastle/cms/CMSSecureReadable.class
   JD: libs/bcpkix-jdk15on.jar/org/bouncycastle/cms/CMSSignedData.class
   JD: libs/bcpkix-jdk15on.jar/org/bouncycastle/cms/CMSSignedDataGenerator.class
   JD: libs/bcpkix-jdk15on.jar/org/bouncycastle/cms/CMSSignedDataParser.class
   JD: libs/bcpkix-jdk15on.jar/org/bouncycastle/cms/CMSSignedDataStreamGenerator.class
   JD: libs/bcpkix-jdk15on.jar/org/bouncycastle/cms/CMSSignedGenerator.class
   JD: libs/bcpkix-jdk15on.jar/org/bouncycastle/cms/CMSSignedHelper.class
   JD: libs/bcpkix-jdk15on.jar/org/bouncycastle/cms/CMSUtils.class
   JD: libs/bcpkix-jdk15on.jar/org/bouncycastle/cms/DefaultCMSSignatureAlgorithmNameGenerator.class
   JD: libs/bcpkix-jdk15on.jar/org/bouncycastle/cms/KeyAgreeRecipientId.class
   JD: libs/bcpkix-jdk15on.jar/org/bouncycastle/cms/KeyAgreeRecipientInfoGenerator.class
   JD: libs/bcpkix-jdk15on.jar/org/bouncycastle/cms/KeyAgreeRecipientInformation.class
   JD: libs/bcpkix-jdk15on.jar/org/bouncycastle/cms/RecipientInformation.class
   JD: libs/bcpkix-jdk15on.jar/org/bouncycastle/cms/bc/BcCMSContentEncryptorBuilder$CMSAuthOutputEncryptor.class
   JD: libs/bcpkix-jdk15on.jar/org/bouncycastle/cms/bc/EnvelopedDataHelper.class
   JD: libs/bcpkix-jdk15on.jar/org/bouncycastle/cms/jcajce/EnvelopedDataHelper.class
   JD: libs/bcpkix-jdk15on.jar/org/bouncycastle/cms/jcajce/JceAADStream.class
   JD: libs/bcpkix-jdk15on.jar/org/bouncycastle/cms/jcajce/JceCMSContentEncryptorBuilder$1.class
   JD: libs/bcpkix-jdk15on.jar/org/bouncycastle/cms/jcajce/JceCMSContentEncryptorBuilder$CMSAuthOutputEncryptor.class
   JD: libs/bcpkix-jdk15on.jar/org/bouncycastle/cms/jcajce/JceCMSContentEncryptorBuilder.class
   JD: libs/bcpkix-jdk15on.jar/org/bouncycastle/cms/jcajce/JceKeyAgreeRecipient$2.class
   JD: libs/bcpkix-jdk15on.jar/org/bouncycastle/cms/jcajce/JceKeyAgreeRecipient.class
   JD: libs/bcpkix-jdk15on.jar/org/bouncycastle/eac/jcajce/JcaPublicKeyConverter.class
   JD: libs/bcpkix-jdk15on.jar/org/bouncycastle/est/ESTService.class
   JD: libs/bcpkix-jdk15on.jar/org/bouncycastle/est/HttpAuth.class
   JD: libs/bcpkix-jdk15on.jar/org/bouncycastle/openssl/PEMParser.class
   JD: libs/bcpkix-jdk15on.jar/org/bouncycastle/openssl/PEMUtilities.class.removed
   JD: libs/bcpkix-jdk15on.jar/org/bouncycastle/openssl/jcajce/JceOpenSSLPKCS8EncryptorBuilder.class
   JD: libs/bcpkix-jdk15on.jar/org/bouncycastle/operator/DefaultDigestAlgorithmIdentifierFinder.class
   JD: libs/bcpkix-jdk15on.jar/org/bouncycastle/operator/DefaultSignatureAlgorithmIdentifierFinder.class
   JD: libs/bcpkix-jdk15on.jar/org/bouncycastle/operator/DigestAlgorithmIdentifierFinder.class
   JD: libs/bcpkix-jdk15on.jar/org/bouncycastle/operator/MacCaptureStream.class
   JD: libs/bcpkix-jdk15on.jar/org/bouncycastle/operator/jcajce/JcaAlgorithmParametersConverter.class
   JD: libs/bcpkix-jdk15on.jar/org/bouncycastle/operator/jcajce/JcaContentSignerBuilder.class
   JD: libs/bcpkix-jdk15on.jar/org/bouncycastle/operator/jcajce/OperatorHelper.class
   JD: libs/bcpkix-jdk15on.jar/org/bouncycastle/pkix/jcajce/PKIXCRLUtil.class
   JD: libs/bcpkix-jdk15on.jar/org/bouncycastle/pkix/jcajce/X509RevocationChecker.class
   JD: libs/bcpkix-jdk15on.jar/org/bouncycastle/tsp/ArchiveTimeStampValidationException.class.removed
   JD: libs/bcpkix-jdk15on.jar/org/bouncycastle/tsp/DataGroup$1.class.removed
   JD: libs/bcpkix-jdk15on.jar/org/bouncycastle/tsp/DataGroup$ByteArrayComparator.class.removed
   JD: libs/bcpkix-jdk15on.jar/org/bouncycastle/tsp/DataGroup.class.removed
   JD: libs/bcpkix-jdk15on.jar/org/bouncycastle/tsp/PartialHashTreeProcessor.class.removed
   JD: libs/bcpkix-jdk15on.jar/org/bouncycastle/tsp/PartialHashTreeVerificationException.class.removed
   JD: libs/bcpkix-jdk15on.jar/org/bouncycastle/tsp/TimeStampRequest.class
   JD: libs/bcpkix-jdk15on.jar/org/bouncycastle/tsp/TimeStampRequestGenerator.class
   JD: libs/bcpkix-jdk15on.jar/org/bouncycastle/tsp/TimeStampToken.class
   JD: libs/bcpkix-jdk15on.jar/org/bouncycastle/tsp/TimeStampTokenGenerator.class
   JD: libs/bcpkix-jdk15on.jar/org/bouncycastle/tsp/ers/
   JD: libs/bcpkix-jdk15on.jar/org/bouncycastle/tsp/ers/ArchiveTimeStampValidationException.class
   JD: libs/bcpkix-jdk15on.jar/org/bouncycastle/tsp/ers/BinaryTreeRootCalculator.class
   JD: libs/bcpkix-jdk15on.jar/org/bouncycastle/tsp/ers/ByteArrayComparator.class
   JD: libs/bcpkix-jdk15on.jar/org/bouncycastle/tsp/ers/ERSArchiveTimeStamp.class
   JD: libs/bcpkix-jdk15on.jar/org/bouncycastle/tsp/ers/ERSArchiveTimeStampGenerator.class
   JD: libs/bcpkix-jdk15on.jar/org/bouncycastle/tsp/ers/ERSByteData.class
   JD: libs/bcpkix-jdk15on.jar/org/bouncycastle/tsp/ers/ERSCachingData.class
   JD: libs/bcpkix-jdk15on.jar/org/bouncycastle/tsp/ers/ERSData.class
   JD: libs/bcpkix-jdk15on.jar/org/bouncycastle/tsp/ers/ERSDataGroup.class
   JD: libs/bcpkix-jdk15on.jar/org/bouncycastle/tsp/ers/ERSDirectoryDataGroup.class
   JD: libs/bcpkix-jdk15on.jar/org/bouncycastle/tsp/ers/ERSEvidenceRecord.class
   JD: libs/bcpkix-jdk15on.jar/org/bouncycastle/tsp/ers/ERSEvidenceRecordGenerator.class
   JD: libs/bcpkix-jdk15on.jar/org/bouncycastle/tsp/ers/ERSException.class
   JD: libs/bcpkix-jdk15on.jar/org/bouncycastle/tsp/ers/ERSFileData.class
   JD: libs/bcpkix-jdk15on.jar/org/bouncycastle/tsp/ers/ERSInputStreamData.class
   JD: libs/bcpkix-jdk15on.jar/org/bouncycastle/tsp/ers/ERSRootNodeCalculator.class
   JD: libs/bcpkix-jdk15on.jar/org/bouncycastle/tsp/ers/ERSUtil.class
   JD: libs/bcpkix-jdk15on.jar/org/bouncycastle/tsp/ers/ExpUtil.class
   JD: libs/bcpkix-jdk15on.jar/org/bouncycastle/tsp/ers/PartialHashTreeVerificationException.class
   JD: libs/bcpkix-jdk15on.jar/org/bouncycastle/tsp/ers/SortedHashList.class
   JD: libs/bcprov-jdk15on.jar/META-INF/
   JD: libs/bcprov-jdk15on.jar/META-INF/BC1024KE.DSA
   JD: libs/bcprov-jdk15on.jar/META-INF/BC1024KE.SF
   JD: libs/bcprov-jdk15on.jar/META-INF/BC2048KE.DSA
   JD: libs/bcprov-jdk15on.jar/META-INF/BC2048KE.SF
   JD: libs/bcprov-jdk15on.jar/META-INF/MANIFEST.MF
   JD: libs/bcprov-jdk15on.jar/META-INF/versions/11/org/bouncycastle/jcajce/provider/asymmetric/edec/BC11XDHPrivateKey.class
   JD: libs/bcprov-jdk15on.jar/META-INF/versions/11/org/bouncycastle/jcajce/provider/asymmetric/edec/BC11XDHPublicKey.class
   JD: libs/bcprov-jdk15on.jar/META-INF/versions/11/org/bouncycastle/jcajce/provider/asymmetric/edec/KeyAgreementSpi$X25519.class
   JD: libs/bcprov-jdk15on.jar/META-INF/versions/11/org/bouncycastle/jcajce/provider/asymmetric/edec/KeyAgreementSpi$X25519UwithSHA256CKDF.class
   JD: libs/bcprov-jdk15on.jar/META-INF/versions/11/org/bouncycastle/jcajce/provider/asymmetric/edec/KeyAgreementSpi$X25519UwithSHA256KDF.class
   JD: libs/bcprov-jdk15on.jar/META-INF/versions/11/org/bouncycastle/jcajce/provider/asymmetric/edec/KeyAgreementSpi$X25519withSHA256CKDF.class
   JD: libs/bcprov-jdk15on.jar/META-INF/versions/11/org/bouncycastle/jcajce/provider/asymmetric/edec/KeyAgreementSpi$X25519withSHA256KDF.class
   JD: libs/bcprov-jdk15on.jar/META-INF/versions/11/org/bouncycastle/jcajce/provider/asymmetric/edec/KeyAgreementSpi$X25519withSHA384CKDF.class
   JD: libs/bcprov-jdk15on.jar/META-INF/versions/11/org/bouncycastle/jcajce/provider/asymmetric/edec/KeyAgreementSpi$X25519withSHA512CKDF.class
   JD: libs/bcprov-jdk15on.jar/META-INF/versions/11/org/bouncycastle/jcajce/provider/asymmetric/edec/KeyAgreementSpi$X448.class
   JD: libs/bcprov-jdk15on.jar/META-INF/versions/11/org/bouncycastle/jcajce/provider/asymmetric/edec/KeyAgreementSpi$X448UwithSHA512CKDF.class
   JD: libs/bcprov-jdk15on.jar/META-INF/versions/11/org/bouncycastle/jcajce/provider/asymmetric/edec/KeyAgreementSpi$X448UwithSHA512KDF.class
   JD: libs/bcprov-jdk15on.jar/META-INF/versions/11/org/bouncycastle/jcajce/provider/asymmetric/edec/KeyAgreementSpi$X448withSHA256CKDF.class
   JD: libs/bcprov-jdk15on.jar/META-INF/versions/11/org/bouncycastle/jcajce/provider/asymmetric/edec/KeyAgreementSpi$X448withSHA384CKDF.class
   JD: libs/bcprov-jdk15on.jar/META-INF/versions/11/org/bouncycastle/jcajce/provider/asymmetric/edec/KeyAgreementSpi$X448withSHA512CKDF.class
   JD: libs/bcprov-jdk15on.jar/META-INF/versions/11/org/bouncycastle/jcajce/provider/asymmetric/edec/KeyAgreementSpi$X448withSHA512KDF.class
   JD: libs/bcprov-jdk15on.jar/META-INF/versions/11/org/bouncycastle/jcajce/provider/asymmetric/edec/KeyAgreementSpi$XDH.class
   JD: libs/bcprov-jdk15on.jar/META-INF/versions/11/org/bouncycastle/jcajce/provider/asymmetric/edec/KeyAgreementSpi.class
   JD: libs/bcprov-jdk15on.jar/META-INF/versions/11/org/bouncycastle/jcajce/provider/asymmetric/edec/KeyFactorySpi$Ed25519.class
   JD: libs/bcprov-jdk15on.jar/META-INF/versions/11/org/bouncycastle/jcajce/provider/asymmetric/edec/KeyFactorySpi$Ed448.class
   JD: libs/bcprov-jdk15on.jar/META-INF/versions/11/org/bouncycastle/jcajce/provider/asymmetric/edec/KeyFactorySpi$EdDSA.class
   JD: libs/bcprov-jdk15on.jar/META-INF/versions/11/org/bouncycastle/jcajce/provider/asymmetric/edec/KeyFactorySpi$X25519.class
   JD: libs/bcprov-jdk15on.jar/META-INF/versions/11/org/bouncycastle/jcajce/provider/asymmetric/edec/KeyFactorySpi$X448.class
   JD: libs/bcprov-jdk15on.jar/META-INF/versions/11/org/bouncycastle/jcajce/provider/asymmetric/edec/KeyFactorySpi$XDH.class
   JD: libs/bcprov-jdk15on.jar/META-INF/versions/11/org/bouncycastle/jcajce/provider/asymmetric/edec/KeyFactorySpi.class
   JD: libs/bcprov-jdk15on.jar/META-INF/versions/11/org/bouncycastle/jcajce/provider/asymmetric/edec/KeyPairGeneratorSpi$Ed25519.class
   JD: libs/bcprov-jdk15on.jar/META-INF/versions/11/org/bouncycastle/jcajce/provider/asymmetric/edec/KeyPairGeneratorSpi$Ed448.class
   JD: libs/bcprov-jdk15on.jar/META-INF/versions/11/org/bouncycastle/jcajce/provider/asymmetric/edec/KeyPairGeneratorSpi$EdDSA.class
   JD: libs/bcprov-jdk15on.jar/META-INF/versions/11/org/bouncycastle/jcajce/provider/asymmetric/edec/KeyPairGeneratorSpi$X25519.class
   JD: libs/bcprov-jdk15on.jar/META-INF/versions/11/org/bouncycastle/jcajce/provider/asymmetric/edec/KeyPairGeneratorSpi$X448.class
   JD: libs/bcprov-jdk15on.jar/META-INF/versions/11/org/bouncycastle/jcajce/provider/asymmetric/edec/KeyPairGeneratorSpi$XDH.class
   JD: libs/bcprov-jdk15on.jar/META-INF/versions/11/org/bouncycastle/jcajce/provider/asymmetric/edec/KeyPairGeneratorSpi.class
   JD: libs/bcprov-jdk15on.jar/META-INF/versions/15/org/bouncycastle/jcajce/provider/asymmetric/edec/BC11XDHPrivateKey.class.removed
   JD: libs/bcprov-jdk15on.jar/META-INF/versions/15/org/bouncycastle/jcajce/provider/asymmetric/edec/BC11XDHPublicKey.class.removed
   JD: libs/bcprov-jdk15on.jar/META-INF/versions/15/org/bouncycastle/jcajce/provider/asymmetric/edec/BC15EdDSAPrivateKey.class
   JD: libs/bcprov-jdk15on.jar/META-INF/versions/15/org/bouncycastle/jcajce/provider/asymmetric/edec/BC15EdDSAPublicKey.class
   JD: libs/bcprov-jdk15on.jar/META-INF/versions/15/org/bouncycastle/jcajce/provider/asymmetric/edec/KeyFactorySpi$Ed25519.class
   JD: libs/bcprov-jdk15on.jar/META-INF/versions/15/org/bouncycastle/jcajce/provider/asymmetric/edec/KeyFactorySpi$Ed448.class
   JD: libs/bcprov-jdk15on.jar/META-INF/versions/15/org/bouncycastle/jcajce/provider/asymmetric/edec/KeyFactorySpi$EdDSA.class
   JD: libs/bcprov-jdk15on.jar/META-INF/versions/15/org/bouncycastle/jcajce/provider/asymmetric/edec/KeyFactorySpi$X25519.class
   JD: libs/bcprov-jdk15on.jar/META-INF/versions/15/org/bouncycastle/jcajce/provider/asymmetric/edec/KeyFactorySpi$X448.class
   JD: libs/bcprov-jdk15on.jar/META-INF/versions/15/org/bouncycastle/jcajce/provider/asymmetric/edec/KeyFactorySpi$XDH.class
   JD: libs/bcprov-jdk15on.jar/META-INF/versions/15/org/bouncycastle/jcajce/provider/asymmetric/edec/KeyFactorySpi.class
   JD: libs/bcprov-jdk15on.jar/META-INF/versions/15/org/bouncycastle/jcajce/provider/asymmetric/edec/KeyPairGeneratorSpi$Ed25519.class
   JD: libs/bcprov-jdk15on.jar/META-INF/versions/15/org/bouncycastle/jcajce/provider/asymmetric/edec/KeyPairGeneratorSpi$Ed448.class
   JD: libs/bcprov-jdk15on.jar/META-INF/versions/15/org/bouncycastle/jcajce/provider/asymmetric/edec/KeyPairGeneratorSpi$EdDSA.class
   JD: libs/bcprov-jdk15on.jar/META-INF/versions/15/org/bouncycastle/jcajce/provider/asymmetric/edec/KeyPairGeneratorSpi$X25519.class
   JD: libs/bcprov-jdk15on.jar/META-INF/versions/15/org/bouncycastle/jcajce/provider/asymmetric/edec/KeyPairGeneratorSpi$X448.class
   JD: libs/bcprov-jdk15on.jar/META-INF/versions/15/org/bouncycastle/jcajce/provider/asymmetric/edec/KeyPairGeneratorSpi$XDH.class
   JD: libs/bcprov-jdk15on.jar/META-INF/versions/15/org/bouncycastle/jcajce/provider/asymmetric/edec/KeyPairGeneratorSpi.class
   JD: libs/bcprov-jdk15on.jar/META-INF/versions/15/org/bouncycastle/jcajce/provider/asymmetric/edec/SignatureSpi$Ed25519.class
   JD: libs/bcprov-jdk15on.jar/META-INF/versions/15/org/bouncycastle/jcajce/provider/asymmetric/edec/SignatureSpi$Ed448.class
   JD: libs/bcprov-jdk15on.jar/META-INF/versions/15/org/bouncycastle/jcajce/provider/asymmetric/edec/SignatureSpi$EdDSA.class
   JD: libs/bcprov-jdk15on.jar/META-INF/versions/15/org/bouncycastle/jcajce/provider/asymmetric/edec/SignatureSpi.class
   JD: libs/bcprov-jdk15on.jar/META-INF/versions/9/module-info.class
   JD: libs/bcprov-jdk15on.jar/META-INF/versions/9/org/bouncycastle/asn1/ASN1Enumerated.class
   JD: libs/bcprov-jdk15on.jar/META-INF/versions/9/org/bouncycastle/asn1/ASN1InputStream.class
   JD: libs/bcprov-jdk15on.jar/META-INF/versions/9/org/bouncycastle/asn1/ASN1Integer.class
   JD: libs/bcprov-jdk15on.jar/META-INF/versions/9/org/bouncycastle/asn1/ASN1Private.class
   JD: libs/bcprov-jdk15on.jar/META-INF/versions/9/org/bouncycastle/asn1/ASN1PrivateParser.class
   JD: libs/bcprov-jdk15on.jar/META-INF/versions/9/org/bouncycastle/asn1/ASN1StreamParser.class
   JD: libs/bcprov-jdk15on.jar/META-INF/versions/9/org/bouncycastle/asn1/BERPrivate.class
   JD: libs/bcprov-jdk15on.jar/META-INF/versions/9/org/bouncycastle/asn1/BERPrivateParser.class
   JD: libs/bcprov-jdk15on.jar/META-INF/versions/9/org/bouncycastle/asn1/BERTags.class
   JD: libs/bcprov-jdk15on.jar/META-INF/versions/9/org/bouncycastle/asn1/DLPrivate.class
   JD: libs/bcprov-jdk15on.jar/META-INF/versions/9/org/bouncycastle/asn1/cryptopro/ECGOST3410NamedCurves.class
   JD: libs/bcprov-jdk15on.jar/META-INF/versions/9/org/bouncycastle/asn1/pkcs/PKCSObjectIdentifiers.class
   JD: libs/bcprov-jdk15on.jar/META-INF/versions/9/org/bouncycastle/asn1/x9/X9ECParameters.class
   JD: libs/bcprov-jdk15on.jar/META-INF/versions/9/org/bouncycastle/crypto/digests/CSHAKEDigest.class
   JD: libs/bcprov-jdk15on.jar/META-INF/versions/9/org/bouncycastle/crypto/digests/SHAKEDigest.class
   JD: libs/bcprov-jdk15on.jar/META-INF/versions/9/org/bouncycastle/crypto/digests/XofUtils.class
   JD: libs/bcprov-jdk15on.jar/META-INF/versions/9/org/bouncycastle/crypto/util/DigestFactory$1.class
   JD: libs/bcprov-jdk15on.jar/META-INF/versions/9/org/bouncycastle/crypto/util/DigestFactory$10.class
   JD: libs/bcprov-jdk15on.jar/META-INF/versions/9/org/bouncycastle/crypto/util/DigestFactory$11.class
   JD: libs/bcprov-jdk15on.jar/META-INF/versions/9/org/bouncycastle/crypto/util/DigestFactory$12.class
   JD: libs/bcprov-jdk15on.jar/META-INF/versions/9/org/bouncycastle/crypto/util/DigestFactory$2.class
   JD: libs/bcprov-jdk15on.jar/META-INF/versions/9/org/bouncycastle/crypto/util/DigestFactory$3.class
   JD: libs/bcprov-jdk15on.jar/META-INF/versions/9/org/bouncycastle/crypto/util/DigestFactory$4.class
   JD: libs/bcprov-jdk15on.jar/META-INF/versions/9/org/bouncycastle/crypto/util/DigestFactory$5.class
   JD: libs/bcprov-jdk15on.jar/META-INF/versions/9/org/bouncycastle/crypto/util/DigestFactory$6.class
   JD: libs/bcprov-jdk15on.jar/META-INF/versions/9/org/bouncycastle/crypto/util/DigestFactory$7.class
   JD: libs/bcprov-jdk15on.jar/META-INF/versions/9/org/bouncycastle/crypto/util/DigestFactory$8.class
   JD: libs/bcprov-jdk15on.jar/META-INF/versions/9/org/bouncycastle/crypto/util/DigestFactory$9.class
   JD: libs/bcprov-jdk15on.jar/META-INF/versions/9/org/bouncycastle/crypto/util/DigestFactory$Cloner.class
   JD: libs/bcprov-jdk15on.jar/META-INF/versions/9/org/bouncycastle/crypto/util/DigestFactory.class
   JD: libs/bcprov-jdk15on.jar/META-INF/versions/9/org/bouncycastle/jcajce/provider/asymmetric/util/EC5Util.class
   JD: libs/bcprov-jdk15on.jar/META-INF/versions/9/org/bouncycastle/jcajce/provider/asymmetric/util/ECUtil$1.class
   JD: libs/bcprov-jdk15on.jar/META-INF/versions/9/org/bouncycastle/jcajce/provider/asymmetric/util/ECUtil.class
   JD: libs/bcprov-jdk15on.jar/META-INF/versions/9/org/bouncycastle/jce/provider/BouncyCastleProvider.class
   JD: libs/bcprov-jdk15on.jar/META-INF/versions/9/org/bouncycastle/jce/spec/ECNamedCurveSpec.class
   JD: libs/bcprov-jdk15on.jar/META-INF/versions/9/org/bouncycastle/math/raw/Nat448.class
   JD: libs/bcprov-jdk15on.jar/META-INF/versions/9/org/bouncycastle/pqc/asn1/XMSSMTPrivateKey.class
   JD: libs/bcprov-jdk15on.jar/META-INF/versions/9/org/bouncycastle/pqc/asn1/XMSSMTPublicKey.class
   JD: libs/bcprov-jdk15on.jar/META-INF/versions/9/org/bouncycastle/pqc/asn1/XMSSPrivateKey.class
   JD: libs/bcprov-jdk15on.jar/META-INF/versions/9/org/bouncycastle/pqc/asn1/XMSSPublicKey.class
   JD: libs/bcprov-jdk15on.jar/META-INF/versions/9/org/bouncycastle/pqc/crypto/util/PrivateKeyFactory.class
   JD: libs/bcprov-jdk15on.jar/META-INF/versions/9/org/bouncycastle/pqc/crypto/util/PrivateKeyInfoFactory.class
   JD: libs/bcprov-jdk15on.jar/META-INF/versions/9/org/bouncycastle/pqc/crypto/util/PublicKeyFactory$LMSConverter.class
   JD: libs/bcprov-jdk15on.jar/META-INF/versions/9/org/bouncycastle/pqc/crypto/util/PublicKeyFactory$McElieceCCA2Converter.class
   JD: libs/bcprov-jdk15on.jar/META-INF/versions/9/org/bouncycastle/pqc/crypto/util/PublicKeyFactory$NHConverter.class
   JD: libs/bcprov-jdk15on.jar/META-INF/versions/9/org/bouncycastle/pqc/crypto/util/PublicKeyFactory$QTeslaConverter.class
   JD: libs/bcprov-jdk15on.jar/META-INF/versions/9/org/bouncycastle/pqc/crypto/util/PublicKeyFactory$SPHINCSConverter.class
   JD: libs/bcprov-jdk15on.jar/META-INF/versions/9/org/bouncycastle/pqc/crypto/util/PublicKeyFactory$SubjectPublicKeyInfoConverter.class
   JD: libs/bcprov-jdk15on.jar/META-INF/versions/9/org/bouncycastle/pqc/crypto/util/PublicKeyFactory$XMSSConverter.class
   JD: libs/bcprov-jdk15on.jar/META-INF/versions/9/org/bouncycastle/pqc/crypto/util/PublicKeyFactory$XMSSMTConverter.class
   JD: libs/bcprov-jdk15on.jar/META-INF/versions/9/org/bouncycastle/pqc/crypto/util/PublicKeyFactory.class
   JD: libs/bcprov-jdk15on.jar/META-INF/versions/9/org/bouncycastle/pqc/crypto/util/SubjectPublicKeyInfoFactory.class
   JD: libs/bcprov-jdk15on.jar/META-INF/versions/9/org/bouncycastle/pqc/crypto/util/Utils.class
   JD: libs/bcprov-jdk15on.jar/META-INF/versions/9/org/bouncycastle/pqc/jcajce/provider/BouncyCastlePQCProvider.class
   JD: libs/bcprov-jdk15on.jar/META-INF/versions/9/org/bouncycastle/pqc/jcajce/provider/mceliece/Utils.class
   JD: libs/bcprov-jdk15on.jar/META-INF/versions/9/org/bouncycastle/util/Arrays$Iterator.class
   JD: libs/bcprov-jdk15on.jar/META-INF/versions/9/org/bouncycastle/util/Arrays.class
   JD: libs/bcprov-jdk15on.jar/META-INF/versions/9/org/bouncycastle/util/Integers.class
   JD: libs/bcprov-jdk15on.jar/META-INF/versions/9/org/bouncycastle/util/Strings$StringListImpl.class
   JD: libs/bcprov-jdk15on.jar/META-INF/versions/9/org/bouncycastle/util/Strings.class
   JD: libs/bcprov-jdk15on.jar/META-INF/versions/9/org/bouncycastle/util/encoders/Encoder.class
   JD: libs/bcprov-jdk15on.jar/META-INF/versions/9/org/bouncycastle/util/encoders/HexEncoder.class
   JD: libs/bcprov-jdk15on.jar/org/bouncycastle/asn1/ASN1Enumerated.class
   JD: libs/bcprov-jdk15on.jar/org/bouncycastle/asn1/ASN1InputStream.class
   JD: libs/bcprov-jdk15on.jar/org/bouncycastle/asn1/ASN1Integer.class
   JD: libs/bcprov-jdk15on.jar/org/bouncycastle/asn1/ASN1ObjectIdentifier.class
   JD: libs/bcprov-jdk15on.jar/org/bouncycastle/asn1/ASN1Private.class
   JD: libs/bcprov-jdk15on.jar/org/bouncycastle/asn1/ASN1PrivateParser.class
   JD: libs/bcprov-jdk15on.jar/org/bouncycastle/asn1/ASN1Sequence.class
   JD: libs/bcprov-jdk15on.jar/org/bouncycastle/asn1/ASN1Set.class
   JD: libs/bcprov-jdk15on.jar/org/bouncycastle/asn1/ASN1StreamParser.class
   JD: libs/bcprov-jdk15on.jar/org/bouncycastle/asn1/BERPrivate.class
   JD: libs/bcprov-jdk15on.jar/org/bouncycastle/asn1/BERPrivateParser.class
   JD: libs/bcprov-jdk15on.jar/org/bouncycastle/asn1/BERTags.class
   JD: libs/bcprov-jdk15on.jar/org/bouncycastle/asn1/DERPrivate.class
   JD: libs/bcprov-jdk15on.jar/org/bouncycastle/asn1/DLPrivate.class
   JD: libs/bcprov-jdk15on.jar/org/bouncycastle/asn1/LazyEncodedSequence.class
   JD: libs/bcprov-jdk15on.jar/org/bouncycastle/asn1/bc/ObjectDataSequence.class
   JD: libs/bcprov-jdk15on.jar/org/bouncycastle/asn1/bsi.removed
   JD: libs/bcprov-jdk15on.jar/org/bouncycastle/asn1/bsi/BSIObjectIdentifiers.class.removed
   JD: libs/bcprov-jdk15on.jar/org/bouncycastle/asn1/cmc.removed
   JD: libs/bcprov-jdk15on.jar/org/bouncycastle/asn1/cmc/BodyPartID.class.removed
   JD: libs/bcprov-jdk15on.jar/org/bouncycastle/asn1/cmc/BodyPartList.class.removed
   JD: libs/bcprov-jdk15on.jar/org/bouncycastle/asn1/cmc/BodyPartPath.class.removed
   JD: libs/bcprov-jdk15on.jar/org/bouncycastle/asn1/cmc/BodyPartReference.class.removed
   JD: libs/bcprov-jdk15on.jar/org/bouncycastle/asn1/cmc/CMCFailInfo.class.removed
   JD: libs/bcprov-jdk15on.jar/org/bouncycastle/asn1/cmc/CMCObjectIdentifiers.class.removed
   JD: libs/bcprov-jdk15on.jar/org/bouncycastle/asn1/cmc/CMCPublicationInfo.class.removed
   JD: libs/bcprov-jdk15on.jar/org/bouncycastle/asn1/cmc/CMCStatus.class.removed
   JD: libs/bcprov-jdk15on.jar/org/bouncycastle/asn1/cmc/CMCStatusInfo$OtherInfo.class.removed
   JD: libs/bcprov-jdk15on.jar/org/bouncycastle/asn1/cmc/CMCStatusInfo.class.removed
   JD: libs/bcprov-jdk15on.jar/org/bouncycastle/asn1/cmc/CMCStatusInfoBuilder.class.removed
   JD: libs/bcprov-jdk15on.jar/org/bouncycastle/asn1/cmc/CMCStatusInfoV2.class.removed
   JD: libs/bcprov-jdk15on.jar/org/bouncycastle/asn1/cmc/CMCStatusInfoV2Builder.class.removed
   JD: libs/bcprov-jdk15on.jar/org/bouncycastle/asn1/cmc/CMCUnsignedData.class.removed
   JD: libs/bcprov-jdk15on.jar/org/bouncycastle/asn1/cmc/CertificationRequest$1.class.removed
   JD: libs/bcprov-jdk15on.jar/org/bouncycastle/asn1/cmc/CertificationRequest$CertificationRequestInfo.class.removed
   JD: libs/bcprov-jdk15on.jar/org/bouncycastle/asn1/cmc/CertificationRequest.class.removed
   JD: libs/bcprov-jdk15on.jar/org/bouncycastle/asn1/cmc/ControlsProcessed.class.removed
   JD: libs/bcprov-jdk15on.jar/org/bouncycastle/asn1/cmc/DecryptedPOP.class.removed
   JD: libs/bcprov-jdk15on.jar/org/bouncycastle/asn1/cmc/EncryptedPOP.class.removed
   JD: libs/bcprov-jdk15on.jar/org/bouncycastle/asn1/cmc/ExtendedFailInfo.class.removed
   JD: libs/bcprov-jdk15on.jar/org/bouncycastle/asn1/cmc/ExtensionReq.class.removed
   JD: libs/bcprov-jdk15on.jar/org/bouncycastle/asn1/cmc/GetCRL.class.removed
   JD: libs/bcprov-jdk15on.jar/org/bouncycastle/asn1/cmc/GetCert.class.removed
   JD: libs/bcprov-jdk15on.jar/org/bouncycastle/asn1/cmc/IdentityProofV2.class.removed
   JD: libs/bcprov-jdk15on.jar/org/bouncycastle/asn1/cmc/LraPopWitness.class.removed
   JD: libs/bcprov-jdk15on.jar/org/bouncycastle/asn1/cmc/ModCertTemplate.class.removed
   JD: libs/bcprov-jdk15on.jar/org/bouncycastle/asn1/cmc/OtherMsg.class.removed
   JD: libs/bcprov-jdk15on.jar/org/bouncycastle/asn1/cmc/OtherStatusInfo.class.removed
   JD: libs/bcprov-jdk15on.jar/org/bouncycastle/asn1/cmc/PKIData.class.removed
   JD: libs/bcprov-jdk15on.jar/org/bouncycastle/asn1/cmc/PKIResponse.class.removed
   JD: libs/bcprov-jdk15on.jar/org/bouncycastle/asn1/cmc/PendInfo.class.removed
   JD: libs/bcprov-jdk15on.jar/org/bouncycastle/asn1/cmc/PopLinkWitnessV2.class.removed
   JD: libs/bcprov-jdk15on.jar/org/bouncycastle/asn1/cmc/PublishTrustAnchors.class.removed
   JD: libs/bcprov-jdk15on.jar/org/bouncycastle/asn1/cmc/RevokeRequest.class.removed
   JD: libs/bcprov-jdk15on.jar/org/bouncycastle/asn1/cmc/TaggedAttribute.class.removed
   JD: libs/bcprov-jdk15on.jar/org/bouncycastle/asn1/cmc/TaggedCertificationRequest.class.removed
   JD: libs/bcprov-jdk15on.jar/org/bouncycastle/asn1/cmc/TaggedContentInfo.class.removed
   JD: libs/bcprov-jdk15on.jar/org/bouncycastle/asn1/cmc/TaggedRequest.class.removed
   JD: libs/bcprov-jdk15on.jar/org/bouncycastle/asn1/cmc/Utils.class.removed
   JD: libs/bcprov-jdk15on.jar/org/bouncycastle/asn1/cmp.removed
   JD: libs/bcprov-jdk15on.jar/org/bouncycastle/asn1/cmp/CAKeyUpdAnnContent.class.removed
   JD: libs/bcprov-jdk15on.jar/org/bouncycastle/asn1/cmp/CMPCertificate.class.removed
   JD: libs/bcprov-jdk15on.jar/org/bouncycastle/asn1/cmp/CMPObjectIdentifiers.class.removed
   JD: libs/bcprov-jdk15on.jar/org/bouncycastle/asn1/cmp/CRLAnnContent.class.removed
   JD: libs/bcprov-jdk15on.jar/org/bouncycastle/asn1/cmp/CertConfirmContent.class.removed
   JD: libs/bcprov-jdk15on.jar/org/bouncycastle/asn1/cmp/CertOrEncCert.class.removed
   JD: libs/bcprov-jdk15on.jar/org/bouncycastle/asn1/cmp/CertRepMessage.class.removed
   JD: libs/bcprov-jdk15on.jar/org/bouncycastle/asn1/cmp/CertResponse.class.removed
   JD: libs/bcprov-jdk15on.jar/org/bouncycastle/asn1/cmp/CertStatus.class.removed
   JD: libs/bcprov-jdk15on.jar/org/bouncycastle/asn1/cmp/CertifiedKeyPair.class.removed
   JD: libs/bcprov-jdk15on.jar/org/bouncycastle/asn1/cmp/Challenge.class.removed
   JD: libs/bcprov-jdk15on.jar/org/bouncycastle/asn1/cmp/ErrorMsgContent.class.removed
   JD: libs/bcprov-jdk15on.jar/org/bouncycastle/asn1/cmp/GenMsgContent.class.removed
   JD: libs/bcprov-jdk15on.jar/org/bouncycastle/asn1/cmp/GenRepContent.class.removed
   JD: libs/bcprov-jdk15on.jar/org/bouncycastle/asn1/cmp/InfoTypeAndValue.class.removed
   JD: libs/bcprov-jdk15on.jar/org/bouncycastle/asn1/cmp/KeyRecRepContent.class.removed
   JD: libs/bcprov-jdk15on.jar/org/bouncycastle/asn1/cmp/OOBCertHash.class.removed
   JD: libs/bcprov-jdk15on.jar/org/bouncycastle/asn1/cmp/PBMParameter.class.removed
   JD: libs/bcprov-jdk15on.jar/org/bouncycastle/asn1/cmp/PKIBody.class.removed
   JD: libs/bcprov-jdk15on.jar/org/bouncycastle/asn1/cmp/PKIConfirmContent.class.removed
   JD: libs/bcprov-jdk15on.jar/org/bouncycastle/asn1/cmp/PKIFailureInfo.class.removed
   JD: libs/bcprov-jdk15on.jar/org/bouncycastle/asn1/cmp/PKIFreeText.class.removed
   JD: libs/bcprov-jdk15on.jar/org/bouncycastle/asn1/cmp/PKIHeader.class.removed
   JD: libs/bcprov-jdk15on.jar/org/bouncycastle/asn1/cmp/PKIHeaderBuilder.class.removed
   JD: libs/bcprov-jdk15on.jar/org/bouncycastle/asn1/cmp/PKIMessage.class.removed
   JD: libs/bcprov-jdk15on.jar/org/bouncycastle/asn1/cmp/PKIMessages.class.removed
   JD: libs/bcprov-jdk15on.jar/org/bouncycastle/asn1/cmp/PKIStatus.class.removed
   JD: libs/bcprov-jdk15on.jar/org/bouncycastle/asn1/cmp/PKIStatusInfo.class.removed
   JD: libs/bcprov-jdk15on.jar/org/bouncycastle/asn1/cmp/POPODecKeyChallContent.class.removed
   JD: libs/bcprov-jdk15on.jar/org/bouncycastle/asn1/cmp/POPODecKeyRespContent.class.removed
   JD: libs/bcprov-jdk15on.jar/org/bouncycastle/asn1/cmp/PollRepContent.class.removed
   JD: libs/bcprov-jdk15on.jar/org/bouncycastle/asn1/cmp/PollReqContent.class.removed
   JD: libs/bcprov-jdk15on.jar/org/bouncycastle/asn1/cmp/ProtectedPart.class.removed
   JD: libs/bcprov-jdk15on.jar/org/bouncycastle/asn1/cmp/RevAnnContent.class.removed
   JD: libs/bcprov-jdk15on.jar/org/bouncycastle/asn1/cmp/RevDetails.class.removed
   JD: libs/bcprov-jdk15on.jar/org/bouncycastle/asn1/cmp/RevRepContent.class.removed
   JD: libs/bcprov-jdk15on.jar/org/bouncycastle/asn1/cmp/RevRepContentBuilder.class.removed
   JD: libs/bcprov-jdk15on.jar/org/bouncycastle/asn1/cmp/RevReqContent.class.removed
   JD: libs/bcprov-jdk15on.jar/org/bouncycastle/asn1/cms.removed
   JD: libs/bcprov-jdk15on.jar/org/bouncycastle/asn1/cms/Attribute.class.removed
   JD: libs/bcprov-jdk15on.jar/org/bouncycastle/asn1/cms/AttributeTable.class.removed
   JD: libs/bcprov-jdk15on.jar/org/bouncycastle/asn1/cms/Attributes.class.removed
   JD: libs/bcprov-jdk15on.jar/org/bouncycastle/asn1/cms/AuthEnvelopedData.class.removed
   JD: libs/bcprov-jdk15on.jar/org/bouncycastle/asn1/cms/AuthEnvelopedDataParser.class.removed
   JD: libs/bcprov-jdk15on.jar/org/bouncycastle/asn1/cms/AuthenticatedData.class.removed
   JD: libs/bcprov-jdk15on.jar/org/bouncycastle/asn1/cms/AuthenticatedDataParser.class.removed
   JD: libs/bcprov-jdk15on.jar/org/bouncycastle/asn1/cms/CCMParameters.class.removed
   JD: libs/bcprov-jdk15on.jar/org/bouncycastle/asn1/cms/CMSAlgorithmProtection.class.removed
   JD: libs/bcprov-jdk15on.jar/org/bouncycastle/asn1/cms/CMSAttributes.class.removed
   JD: libs/bcprov-jdk15on.jar/org/bouncycastle/asn1/cms/CMSObjectIdentifiers.class.removed
   JD: libs/bcprov-jdk15on.jar/org/bouncycastle/asn1/cms/CompressedData.class.removed
   JD: libs/bcprov-jdk15on.jar/org/bouncycastle/asn1/cms/CompressedDataParser.class.removed
   JD: libs/bcprov-jdk15on.jar/org/bouncycastle/asn1/cms/ContentInfo.class.removed
   JD: libs/bcprov-jdk15on.jar/org/bouncycastle/asn1/cms/ContentInfoParser.class.removed
   JD: libs/bcprov-jdk15on.jar/org/bouncycastle/asn1/cms/DigestedData.class.removed
   JD: libs/bcprov-jdk15on.jar/org/bouncycastle/asn1/cms/EncryptedContentInfo.class.removed
   JD: libs/bcprov-jdk15on.jar/org/bouncycastle/asn1/cms/EncryptedContentInfoParser.class.removed
   JD: libs/bcprov-jdk15on.jar/org/bouncycastle/asn1/cms/EncryptedData.class.removed
   JD: libs/bcprov-jdk15on.jar/org/bouncycastle/asn1/cms/EnvelopedData.class.removed
   JD: libs/bcprov-jdk15on.jar/org/bouncycastle/asn1/cms/EnvelopedDataParser.class.removed
   JD: libs/bcprov-jdk15on.jar/org/bouncycastle/asn1/cms/Evidence.class.removed
   JD: libs/bcprov-jdk15on.jar/org/bouncycastle/asn1/cms/GCMParameters.class.removed
   JD: libs/bcprov-jdk15on.jar/org/bouncycastle/asn1/cms/GenericHybridParameters.class.removed
   JD: libs/bcprov-jdk15on.jar/org/bouncycastle/asn1/cms/IssuerAndSerialNumber.class.removed
   JD: libs/bcprov-jdk15on.jar/org/bouncycastle/asn1/cms/KEKIdentifier.class.removed
   JD: libs/bcprov-jdk15on.jar/org/bouncycastle/asn1/cms/KEKRecipientInfo.class.removed
   JD: libs/bcprov-jdk15on.jar/org/bouncycastle/asn1/cms/KeyAgreeRecipientIdentifier.class.removed
   JD: libs/bcprov-jdk15on.jar/org/bouncycastle/asn1/cms/KeyAgreeRecipientInfo.class.removed
   JD: libs/bcprov-jdk15on.jar/org/bouncycastle/asn1/cms/KeyTransRecipientInfo.class.removed
   JD: libs/bcprov-jdk15on.jar/org/bouncycastle/asn1/cms/MetaData.class.removed
   JD: libs/bcprov-jdk15on.jar/org/bouncycastle/asn1/cms/OriginatorIdentifierOrKey.class.removed
   JD: libs/bcprov-jdk15on.jar/org/bouncycastle/asn1/cms/OriginatorInfo.class.removed
   JD: libs/bcprov-jdk15on.jar/org/bouncycastle/asn1/cms/OriginatorPublicKey.class.removed
   JD: libs/bcprov-jdk15on.jar/org/bouncycastle/asn1/cms/OtherKeyAttribute.class.removed
   JD: libs/bcprov-jdk15on.jar/org/bouncycastle/asn1/cms/OtherRecipientInfo.class.removed
   JD: libs/bcprov-jdk15on.jar/org/bouncycastle/asn1/cms/OtherRevocationInfoFormat.class.removed
   JD: libs/bcprov-jdk15on.jar/org/bouncycastle/asn1/cms/PasswordRecipientInfo.class.removed
   JD: libs/bcprov-jdk15on.jar/org/bouncycastle/asn1/cms/RecipientEncryptedKey.class.removed
   JD: libs/bcprov-jdk15on.jar/org/bouncycastle/asn1/cms/RecipientIdentifier.class.removed
   JD: libs/bcprov-jdk15on.jar/org/bouncycastle/asn1/cms/RecipientInfo.class.removed
   JD: libs/bcprov-jdk15on.jar/org/bouncycastle/asn1/cms/RecipientKeyIdentifier.class.removed
   JD: libs/bcprov-jdk15on.jar/org/bouncycastle/asn1/cms/RsaKemParameters.class.removed
   JD: libs/bcprov-jdk15on.jar/org/bouncycastle/asn1/cms/SCVPReqRes.class.removed
   JD: libs/bcprov-jdk15on.jar/org/bouncycastle/asn1/cms/SignedData.class.removed
   JD: libs/bcprov-jdk15on.jar/org/bouncycastle/asn1/cms/SignedDataParser.class.removed
   JD: libs/bcprov-jdk15on.jar/org/bouncycastle/asn1/cms/SignerIdentifier.class.removed
   JD: libs/bcprov-jdk15on.jar/org/bouncycastle/asn1/cms/SignerInfo.class.removed
   JD: libs/bcprov-jdk15on.jar/org/bouncycastle/asn1/cms/Time.class.removed
   JD: libs/bcprov-jdk15on.jar/org/bouncycastle/asn1/cms/TimeStampAndCRL.class.removed
   JD: libs/bcprov-jdk15on.jar/org/bouncycastle/asn1/cms/TimeStampTokenEvidence.class.removed
   JD: libs/bcprov-jdk15on.jar/org/bouncycastle/asn1/cms/TimeStampedData.class.removed
   JD: libs/bcprov-jdk15on.jar/org/bouncycastle/asn1/cms/TimeStampedDataParser.class.removed
   JD: libs/bcprov-jdk15on.jar/org/bouncycastle/asn1/cms/ecc.removed
   JD: libs/bcprov-jdk15on.jar/org/bouncycastle/asn1/cms/ecc/ECCCMSSharedInfo.class.removed
   JD: libs/bcprov-jdk15on.jar/org/bouncycastle/asn1/cms/ecc/MQVuserKeyingMaterial.class.removed
   JD: libs/bcprov-jdk15on.jar/org/bouncycastle/asn1/crmf.removed
   JD: libs/bcprov-jdk15on.jar/org/bouncycastle/asn1/crmf/AttributeTypeAndValue.class.removed
   JD: libs/bcprov-jdk15on.jar/org/bouncycastle/asn1/crmf/CRMFObjectIdentifiers.class.removed
   JD: libs/bcprov-jdk15on.jar/org/bouncycastle/asn1/crmf/CertId.class.removed
   JD: libs/bcprov-jdk15on.jar/org/bouncycastle/asn1/crmf/CertReqMessages.class.removed
   JD: libs/bcprov-jdk15on.jar/org/bouncycastle/asn1/crmf/CertReqMsg.class.removed
   JD: libs/bcprov-jdk15on.jar/org/bouncycastle/asn1/crmf/CertRequest.class.removed
   JD: libs/bcprov-jdk15on.jar/org/bouncycastle/asn1/crmf/CertTemplate.class.removed
   JD: libs/bcprov-jdk15on.jar/org/bouncycastle/asn1/crmf/CertTemplateBuilder.class.removed
   JD: libs/bcprov-jdk15on.jar/org/bouncycastle/asn1/crmf/Controls.class.removed
   JD: libs/bcprov-jdk15on.jar/org/bouncycastle/asn1/crmf/DhSigStatic.class.removed
   JD: libs/bcprov-jdk15on.jar/org/bouncycastle/asn1/crmf/EncKeyWithID.class.removed
   JD: libs/bcprov-jdk15on.jar/org/bouncycastle/asn1/crmf/EncryptedKey.class.removed
   JD: libs/bcprov-jdk15on.jar/org/bouncycastle/asn1/crmf/EncryptedValue.class.removed
   JD: libs/bcprov-jdk15on.jar/org/bouncycastle/asn1/crmf/OptionalValidity.class.removed
   JD: libs/bcprov-jdk15on.jar/org/bouncycastle/asn1/crmf/PKIArchiveOptions.class.removed
   JD: libs/bcprov-jdk15on.jar/org/bouncycastle/asn1/crmf/PKIPublicationInfo.class.removed
   JD: libs/bcprov-jdk15on.jar/org/bouncycastle/asn1/crmf/PKMACValue.class.removed
   JD: libs/bcprov-jdk15on.jar/org/bouncycastle/asn1/crmf/POPOPrivKey.class.removed
   JD: libs/bcprov-jdk15on.jar/org/bouncycastle/asn1/crmf/POPOSigningKey.class.removed
   JD: libs/bcprov-jdk15on.jar/org/bouncycastle/asn1/crmf/POPOSigningKeyInput.class.removed
   JD: libs/bcprov-jdk15on.jar/org/bouncycastle/asn1/crmf/ProofOfPossession.class.removed
   JD: libs/bcprov-jdk15on.jar/org/bouncycastle/asn1/crmf/SinglePubInfo.class.removed
   JD: libs/bcprov-jdk15on.jar/org/bouncycastle/asn1/crmf/SubsequentMessage.class.removed
   JD: libs/bcprov-jdk15on.jar/org/bouncycastle/asn1/cryptopro/ECGOST3410NamedCurves.class
   JD: libs/bcprov-jdk15on.jar/org/bouncycastle/asn1/dvcs.removed
   JD: libs/bcprov-jdk15on.jar/org/bouncycastle/asn1/dvcs/CertEtcToken.class.removed
   JD: libs/bcprov-jdk15on.jar/org/bouncycastle/asn1/dvcs/DVCSCertInfo.class.removed
   JD: libs/bcprov-jdk15on.jar/org/bouncycastle/asn1/dvcs/DVCSCertInfoBuilder.class.removed
   JD: libs/bcprov-jdk15on.jar/org/bouncycastle/asn1/dvcs/DVCSErrorNotice.class.removed
   JD: libs/bcprov-jdk15on.jar/org/bouncycastle/asn1/dvcs/DVCSObjectIdentifiers.class.removed
   JD: libs/bcprov-jdk15on.jar/org/bouncycastle/asn1/dvcs/DVCSRequest.class.removed
   JD: libs/bcprov-jdk15on.jar/org/bouncycastle/asn1/dvcs/DVCSRequestInformation.class.removed
   JD: libs/bcprov-jdk15on.jar/org/bouncycastle/asn1/dvcs/DVCSRequestInformationBuilder.class.removed
   JD: libs/bcprov-jdk15on.jar/org/bouncycastle/asn1/dvcs/DVCSResponse.class.removed
   JD: libs/bcprov-jdk15on.jar/org/bouncycastle/asn1/dvcs/DVCSTime.class.removed
   JD: libs/bcprov-jdk15on.jar/org/bouncycastle/asn1/dvcs/Data.class.removed
   JD: libs/bcprov-jdk15on.jar/org/bouncycastle/asn1/dvcs/PathProcInput.class.removed
   JD: libs/bcprov-jdk15on.jar/org/bouncycastle/asn1/dvcs/ServiceType.class.removed
   JD: libs/bcprov-jdk15on.jar/org/bouncycastle/asn1/dvcs/TargetEtcChain.class.removed
   JD: libs/bcprov-jdk15on.jar/org/bouncycastle/asn1/eac.removed
   JD: libs/bcprov-jdk15on.jar/org/bouncycastle/asn1/eac/BidirectionalMap.class.removed
   JD: libs/bcprov-jdk15on.jar/org/bouncycastle/asn1/eac/CVCertificate.class.removed
   JD: libs/bcprov-jdk15on.jar/org/bouncycastle/asn1/eac/CVCertificateRequest.class.removed
   JD: libs/bcprov-jdk15on.jar/org/bouncycastle/asn1/eac/CertificateBody.class.removed
   JD: libs/bcprov-jdk15on.jar/org/bouncycastle/asn1/eac/CertificateHolderAuthorization.class.removed
   JD: libs/bcprov-jdk15on.jar/org/bouncycastle/asn1/eac/CertificateHolderReference.class.removed
   JD: libs/bcprov-jdk15on.jar/org/bouncycastle/asn1/eac/CertificationAuthorityReference.class.removed
   JD: libs/bcprov-jdk15on.jar/org/bouncycastle/asn1/eac/EACObjectIdentifiers.class.removed
   JD: libs/bcprov-jdk15on.jar/org/bouncycastle/asn1/eac/EACTags.class.removed
   JD: libs/bcprov-jdk15on.jar/org/bouncycastle/asn1/eac/ECDSAPublicKey.class.removed
   JD: libs/bcprov-jdk15on.jar/org/bouncycastle/asn1/eac/Flags$StringJoiner.class.removed
   JD: libs/bcprov-jdk15on.jar/org/bouncycastle/asn1/eac/Flags.class.removed
   JD: libs/bcprov-jdk15on.jar/org/bouncycastle/asn1/eac/PackedDate.class.removed
   JD: libs/bcprov-jdk15on.jar/org/bouncycastle/asn1/eac/PublicKeyDataObject.class.removed
   JD: libs/bcprov-jdk15on.jar/org/bouncycastle/asn1/eac/RSAPublicKey.class.removed
   JD: libs/bcprov-jdk15on.jar/org/bouncycastle/asn1/eac/UnsignedInteger.class.removed
   JD: libs/bcprov-jdk15on.jar/org/bouncycastle/asn1/esf.removed
   JD: libs/bcprov-jdk15on.jar/org/bouncycastle/asn1/esf/CommitmentTypeIdentifier.class.removed
   JD: libs/bcprov-jdk15on.jar/org/bouncycastle/asn1/esf/CommitmentTypeIndication.class.removed
   JD: libs/bcprov-jdk15on.jar/org/bouncycastle/asn1/esf/CommitmentTypeQualifier.class.removed
   JD: libs/bcprov-jdk15on.jar/org/bouncycastle/asn1/esf/CompleteRevocationRefs.class.removed
   JD: libs/bcprov-jdk15on.jar/org/bouncycastle/asn1/esf/CrlIdentifier.class.removed
   JD: libs/bcprov-jdk15on.jar/org/bouncycastle/asn1/esf/CrlListID.class.removed
   JD: libs/bcprov-jdk15on.jar/org/bouncycastle/asn1/esf/CrlOcspRef.class.removed
   JD: libs/bcprov-jdk15on.jar/org/bouncycastle/asn1/esf/CrlValidatedID.class.removed
   JD: libs/bcprov-jdk15on.jar/org/bouncycastle/asn1/esf/ESFAttributes.class.removed
   JD: libs/bcprov-jdk15on.jar/org/bouncycastle/asn1/esf/OcspIdentifier.class.removed
   JD: libs/bcprov-jdk15on.jar/org/bouncycastle/asn1/esf/OcspListID.class.removed
   JD: libs/bcprov-jdk15on.jar/org/bouncycastle/asn1/esf/OcspResponsesID.class.removed
   JD: libs/bcprov-jdk15on.jar/org/bouncycastle/asn1/esf/OtherHash.class.removed
   JD: libs/bcprov-jdk15on.jar/org/bouncycastle/asn1/esf/OtherHashAlgAndValue.class.removed
   JD: libs/bcprov-jdk15on.jar/org/bouncycastle/asn1/esf/OtherRevRefs.class.removed
   JD: libs/bcprov-jdk15on.jar/org/bouncycastle/asn1/esf/OtherRevVals.class.removed
   JD: libs/bcprov-jdk15on.jar/org/bouncycastle/asn1/esf/RevocationValues.class.removed
   JD: libs/bcprov-jdk15on.jar/org/bouncycastle/asn1/esf/SPUserNotice.class.removed
   JD: libs/bcprov-jdk15on.jar/org/bouncycastle/asn1/esf/SPuri.class.removed
   JD: libs/bcprov-jdk15on.jar/org/bouncycastle/asn1/esf/SigPolicyQualifierInfo.class.removed
   JD: libs/bcprov-jdk15on.jar/org/bouncycastle/asn1/esf/SigPolicyQualifiers.class.removed
   JD: libs/bcprov-jdk15on.jar/org/bouncycastle/asn1/esf/SignaturePolicyId.class.removed
   JD: libs/bcprov-jdk15on.jar/org/bouncycastle/asn1/esf/SignaturePolicyIdentifier.class.removed
   JD: libs/bcprov-jdk15on.jar/org/bouncycastle/asn1/esf/SignerAttribute.class.removed
   JD: libs/bcprov-jdk15on.jar/org/bouncycastle/asn1/esf/SignerLocation.class.removed
   JD: libs/bcprov-jdk15on.jar/org/bouncycastle/asn1/ess.removed
   JD: libs/bcprov-jdk15on.jar/org/bouncycastle/asn1/ess/ContentHints.class.removed
   JD: libs/bcprov-jdk15on.jar/org/bouncycastle/asn1/ess/ContentIdentifier.class.removed
   JD: libs/bcprov-jdk15on.jar/org/bouncycastle/asn1/ess/ESSCertID.class.removed
   JD: libs/bcprov-jdk15on.jar/org/bouncycastle/asn1/ess/ESSCertIDv2.class.removed
   JD: libs/bcprov-jdk15on.jar/org/bouncycastle/asn1/ess/OtherCertID.class.removed
   JD: libs/bcprov-jdk15on.jar/org/bouncycastle/asn1/ess/OtherSigningCertificate.class.removed
   JD: libs/bcprov-jdk15on.jar/org/bouncycastle/asn1/ess/SigningCertificate.class.removed
   JD: libs/bcprov-jdk15on.jar/org/bouncycastle/asn1/ess/SigningCertificateV2.class.removed
   JD: libs/bcprov-jdk15on.jar/org/bouncycastle/asn1/est.removed
   JD: libs/bcprov-jdk15on.jar/org/bouncycastle/asn1/est/AttrOrOID.class.removed
   JD: libs/bcprov-jdk15on.jar/org/bouncycastle/asn1/est/CsrAttrs.class.removed
   JD: libs/bcprov-jdk15on.jar/org/bouncycastle/asn1/est/Utils.class.removed
   JD: libs/bcprov-jdk15on.jar/org/bouncycastle/asn1/icao.removed
   JD: libs/bcprov-jdk15on.jar/org/bouncycastle/asn1/icao/CscaMasterList.class.removed
   JD: libs/bcprov-jdk15on.jar/org/bouncycastle/asn1/icao/DataGroupHash.class.removed
   JD: libs/bcprov-jdk15on.jar/org/bouncycastle/asn1/icao/ICAOObjectIdentifiers.class.removed
   JD: libs/bcprov-jdk15on.jar/org/bouncycastle/asn1/icao/LDSSecurityObject.class.removed
   JD: libs/bcprov-jdk15on.jar/org/bouncycastle/asn1/icao/LDSVersionInfo.class.removed
   JD: libs/bcprov-jdk15on.jar/org/bouncycastle/asn1/isismtt.removed
   JD: libs/bcprov-jdk15on.jar/org/bouncycastle/asn1/isismtt/ISISMTTObjectIdentifiers.class.removed
   JD: libs/bcprov-jdk15on.jar/org/bouncycastle/asn1/isismtt/ocsp.removed
   JD: libs/bcprov-jdk15on.jar/org/bouncycastle/asn1/isismtt/ocsp/CertHash.class.removed
   JD: libs/bcprov-jdk15on.jar/org/bouncycastle/asn1/isismtt/ocsp/RequestedCertificate.class.removed
   JD: libs/bcprov-jdk15on.jar/org/bouncycastle/asn1/isismtt/x509.removed
   JD: libs/bcprov-jdk15on.jar/org/bouncycastle/asn1/isismtt/x509/AdditionalInformationSyntax.class.removed
   JD: libs/bcprov-jdk15on.jar/org/bouncycastle/asn1/isismtt/x509/AdmissionSyntax.class.removed
   JD: libs/bcprov-jdk15on.jar/org/bouncycastle/asn1/isismtt/x509/Admissions.class.removed
   JD: libs/bcprov-jdk15on.jar/org/bouncycastle/asn1/isismtt/x509/DeclarationOfMajority.class.removed
   JD: libs/bcprov-jdk15on.jar/org/bouncycastle/asn1/isismtt/x509/MonetaryLimit.class.removed
   JD: libs/bcprov-jdk15on.jar/org/bouncycastle/asn1/isismtt/x509/NamingAuthority.class.removed
   JD: libs/bcprov-jdk15on.jar/org/bouncycastle/asn1/isismtt/x509/ProcurationSyntax.class.removed
   JD: libs/bcprov-jdk15on.jar/org/bouncycastle/asn1/isismtt/x509/ProfessionInfo.class.removed
   JD: libs/bcprov-jdk15on.jar/org/bouncycastle/asn1/isismtt/x509/Restriction.class.removed
   JD: libs/bcprov-jdk15on.jar/org/bouncycastle/asn1/pkcs/EncryptedData.class
   JD: libs/bcprov-jdk15on.jar/org/bouncycastle/asn1/pkcs/PKCSObjectIdentifiers.class
   JD: libs/bcprov-jdk15on.jar/org/bouncycastle/asn1/pkcs/Pfx.class
   JD: libs/bcprov-jdk15on.jar/org/bouncycastle/asn1/smime.removed
   JD: libs/bcprov-jdk15on.jar/org/bouncycastle/asn1/smime/SMIMEAttributes.class.removed
   JD: libs/bcprov-jdk15on.jar/org/bouncycastle/asn1/smime/SMIMECapabilities.class.removed
   JD: libs/bcprov-jdk15on.jar/org/bouncycastle/asn1/smime/SMIMECapabilitiesAttribute.class.removed
   JD: libs/bcprov-jdk15on.jar/org/bouncycastle/asn1/smime/SMIMECapability.class.removed
   JD: libs/bcprov-jdk15on.jar/org/bouncycastle/asn1/smime/SMIMECapabilityVector.class.removed
   JD: libs/bcprov-jdk15on.jar/org/bouncycastle/asn1/smime/SMIMEEncryptionKeyPreferenceAttribute.class.removed
   JD: libs/bcprov-jdk15on.jar/org/bouncycastle/asn1/tsp.removed
   JD: libs/bcprov-jdk15on.jar/org/bouncycastle/asn1/tsp/Accuracy.class.removed
   JD: libs/bcprov-jdk15on.jar/org/bouncycastle/asn1/tsp/ArchiveTimeStamp.class.removed
   JD: libs/bcprov-jdk15on.jar/org/bouncycastle/asn1/tsp/ArchiveTimeStampChain.class.removed
   JD: libs/bcprov-jdk15on.jar/org/bouncycastle/asn1/tsp/ArchiveTimeStampSequence.class.removed
   JD: libs/bcprov-jdk15on.jar/org/bouncycastle/asn1/tsp/CryptoInfos.class.removed
   JD: libs/bcprov-jdk15on.jar/org/bouncycastle/asn1/tsp/EncryptionInfo.class.removed
   JD: libs/bcprov-jdk15on.jar/org/bouncycastle/asn1/tsp/EvidenceRecord.class.removed
   JD: libs/bcprov-jdk15on.jar/org/bouncycastle/asn1/tsp/MessageImprint.class.removed
   JD: libs/bcprov-jdk15on.jar/org/bouncycastle/asn1/tsp/PartialHashtree.class.removed
   JD: libs/bcprov-jdk15on.jar/org/bouncycastle/asn1/tsp/TSTInfo.class.removed
   JD: libs/bcprov-jdk15on.jar/org/bouncycastle/asn1/tsp/TimeStampReq.class.removed
   JD: libs/bcprov-jdk15on.jar/org/bouncycastle/asn1/tsp/TimeStampResp.class.removed
   JD: libs/bcprov-jdk15on.jar/org/bouncycastle/asn1/x509/AttributeCertificateInfo.class
   JD: libs/bcprov-jdk15on.jar/org/bouncycastle/asn1/x509/CRLNumber.class
   JD: libs/bcprov-jdk15on.jar/org/bouncycastle/asn1/x509/CRLReason.class
   JD: libs/bcprov-jdk15on.jar/org/bouncycastle/asn1/x509/GeneralSubtree.class
   JD: libs/bcprov-jdk15on.jar/org/bouncycastle/asn1/x509/TBSCertificate.class
   JD: libs/bcprov-jdk15on.jar/org/bouncycastle/asn1/x9/X9ECParameters.class
   JD: libs/bcprov-jdk15on.jar/org/bouncycastle/crypto/AlphabetMapper.class
   JD: libs/bcprov-jdk15on.jar/org/bouncycastle/crypto/CryptoServicesPermission.class
   JD: libs/bcprov-jdk15on.jar/org/bouncycastle/crypto/CryptoServicesRegistrar$1.class
   JD: libs/bcprov-jdk15on.jar/org/bouncycastle/crypto/CryptoServicesRegistrar.class
   JD: libs/bcprov-jdk15on.jar/org/bouncycastle/crypto/PasswordConverter.class
   JD: libs/bcprov-jdk15on.jar/org/bouncycastle/crypto/digests/Blake3Digest.class
   JD: libs/bcprov-jdk15on.jar/org/bouncycastle/crypto/digests/CSHAKEDigest.class
   JD: libs/bcprov-jdk15on.jar/org/bouncycastle/crypto/digests/Kangaroo$KangarooBase.class
   JD: libs/bcprov-jdk15on.jar/org/bouncycastle/crypto/digests/Kangaroo$KangarooParameters$Builder.class
   JD: libs/bcprov-jdk15on.jar/org/bouncycastle/crypto/digests/Kangaroo$KangarooParameters.class
   JD: libs/bcprov-jdk15on.jar/org/bouncycastle/crypto/digests/Kangaroo$KangarooSponge.class
   JD: libs/bcprov-jdk15on.jar/org/bouncycastle/crypto/digests/Kangaroo$KangarooTwelve.class
   JD: libs/bcprov-jdk15on.jar/org/bouncycastle/crypto/digests/Kangaroo$MarsupilamiFourteen.class
   JD: libs/bcprov-jdk15on.jar/org/bouncycastle/crypto/digests/Kangaroo.class
   JD: libs/bcprov-jdk15on.jar/org/bouncycastle/crypto/digests/ParallelHash.class
   JD: libs/bcprov-jdk15on.jar/org/bouncycastle/crypto/digests/SHAKEDigest.class
   JD: libs/bcprov-jdk15on.jar/org/bouncycastle/crypto/digests/TupleHash.class
   JD: libs/bcprov-jdk15on.jar/org/bouncycastle/crypto/digests/XofUtils.class
   JD: libs/bcprov-jdk15on.jar/org/bouncycastle/crypto/engines/AESEngine.class
   JD: libs/bcprov-jdk15on.jar/org/bouncycastle/crypto/engines/AESFastEngine.class
   JD: libs/bcprov-jdk15on.jar/org/bouncycastle/crypto/engines/AESLightEngine.class
   JD: libs/bcprov-jdk15on.jar/org/bouncycastle/crypto/engines/BlowfishEngine.class
   JD: libs/bcprov-jdk15on.jar/org/bouncycastle/crypto/engines/DSTU7624WrapEngine.class
   JD: libs/bcprov-jdk15on.jar/org/bouncycastle/crypto/engines/NoekeonEngine.class
   JD: libs/bcprov-jdk15on.jar/org/bouncycastle/crypto/engines/SM2Engine$Mode.class
   JD: libs/bcprov-jdk15on.jar/org/bouncycastle/crypto/fpe/
   JD: libs/bcprov-jdk15on.jar/org/bouncycastle/crypto/fpe/FPEEngine.class
   JD: libs/bcprov-jdk15on.jar/org/bouncycastle/crypto/fpe/FPEFF1Engine.class
   JD: libs/bcprov-jdk15on.jar/org/bouncycastle/crypto/fpe/FPEFF3_1Engine.class
   JD: libs/bcprov-jdk15on.jar/org/bouncycastle/crypto/fpe/SP80038G.class
   JD: libs/bcprov-jdk15on.jar/org/bouncycastle/crypto/generators/OpenBSDBCrypt.class
   JD: libs/bcprov-jdk15on.jar/org/bouncycastle/crypto/generators/OpenSSLPBEParametersGenerator.class
   JD: libs/bcprov-jdk15on.jar/org/bouncycastle/crypto/macs/Blake3Mac.class
   JD: libs/bcprov-jdk15on.jar/org/bouncycastle/crypto/modes/GCMSIVBlockCipher$1.class
   JD: libs/bcprov-jdk15on.jar/org/bouncycastle/crypto/modes/GCMSIVBlockCipher$GCMSIVCache.class
   JD: libs/bcprov-jdk15on.jar/org/bouncycastle/crypto/modes/GCMSIVBlockCipher$GCMSIVHasher.class
   JD: libs/bcprov-jdk15on.jar/org/bouncycastle/crypto/modes/GCMSIVBlockCipher.class
   JD: libs/bcprov-jdk15on.jar/org/bouncycastle/crypto/modes/SICBlockCipher.class
   JD: libs/bcprov-jdk15on.jar/org/bouncycastle/crypto/modes/gcm/BasicGCMExponentiator.class
   JD: libs/bcprov-jdk15on.jar/org/bouncycastle/crypto/modes/gcm/GCMUtil.class
   JD: libs/bcprov-jdk15on.jar/org/bouncycastle/crypto/modes/gcm/Tables1kGCMExponentiator.class
   JD: libs/bcprov-jdk15on.jar/org/bouncycastle/crypto/modes/gcm/Tables4kGCMMultiplier.class
   JD: libs/bcprov-jdk15on.jar/org/bouncycastle/crypto/modes/gcm/Tables64kGCMMultiplier.class
   JD: libs/bcprov-jdk15on.jar/org/bouncycastle/crypto/modes/gcm/Tables8kGCMMultiplier.class
   JD: libs/bcprov-jdk15on.jar/org/bouncycastle/crypto/params/Blake3Parameters.class
   JD: libs/bcprov-jdk15on.jar/org/bouncycastle/crypto/params/Ed25519PrivateKeyParameters.class
   JD: libs/bcprov-jdk15on.jar/org/bouncycastle/crypto/params/Ed25519PublicKeyParameters.class
   JD: libs/bcprov-jdk15on.jar/org/bouncycastle/crypto/params/Ed448PrivateKeyParameters.class
   JD: libs/bcprov-jdk15on.jar/org/bouncycastle/crypto/params/Ed448PublicKeyParameters.class
   JD: libs/bcprov-jdk15on.jar/org/bouncycastle/crypto/params/FPEParameters.class
   JD: libs/bcprov-jdk15on.jar/org/bouncycastle/crypto/params/X25519PrivateKeyParameters.class
   JD: libs/bcprov-jdk15on.jar/org/bouncycastle/crypto/params/X25519PublicKeyParameters.class
   JD: libs/bcprov-jdk15on.jar/org/bouncycastle/crypto/params/X448PrivateKeyParameters.class
   JD: libs/bcprov-jdk15on.jar/org/bouncycastle/crypto/params/X448PublicKeyParameters.class
   JD: libs/bcprov-jdk15on.jar/org/bouncycastle/crypto/prng/DigestRandomGenerator.class
   JD: libs/bcprov-jdk15on.jar/org/bouncycastle/crypto/signers/ISOTrailers.class
   JD: libs/bcprov-jdk15on.jar/org/bouncycastle/crypto/signers/PSSSigner.class
   JD: libs/bcprov-jdk15on.jar/org/bouncycastle/crypto/util/AlgorithmIdentifierFactory.class
   JD: libs/bcprov-jdk15on.jar/org/bouncycastle/crypto/util/BasicAlphabetMapper.class
   JD: libs/bcprov-jdk15on.jar/org/bouncycastle/crypto/util/CipherFactory.class
   JD: libs/bcprov-jdk15on.jar/org/bouncycastle/crypto/util/CipherKeyGeneratorFactory.class
   JD: libs/bcprov-jdk15on.jar/org/bouncycastle/crypto/util/DERMacData$Type.class
   JD: libs/bcprov-jdk15on.jar/org/bouncycastle/crypto/util/DigestFactory$1.class
   JD: libs/bcprov-jdk15on.jar/org/bouncycastle/crypto/util/DigestFactory$10.class
   JD: libs/bcprov-jdk15on.jar/org/bouncycastle/crypto/util/DigestFactory$11.class
   JD: libs/bcprov-jdk15on.jar/org/bouncycastle/crypto/util/DigestFactory$12.class
   JD: libs/bcprov-jdk15on.jar/org/bouncycastle/crypto/util/DigestFactory$2.class
   JD: libs/bcprov-jdk15on.jar/org/bouncycastle/crypto/util/DigestFactory$3.class
   JD: libs/bcprov-jdk15on.jar/org/bouncycastle/crypto/util/DigestFactory$4.class
   JD: libs/bcprov-jdk15on.jar/org/bouncycastle/crypto/util/DigestFactory$5.class
   JD: libs/bcprov-jdk15on.jar/org/bouncycastle/crypto/util/DigestFactory$6.class
   JD: libs/bcprov-jdk15on.jar/org/bouncycastle/crypto/util/DigestFactory$7.class
   JD: libs/bcprov-jdk15on.jar/org/bouncycastle/crypto/util/DigestFactory$8.class
   JD: libs/bcprov-jdk15on.jar/org/bouncycastle/crypto/util/DigestFactory$9.class
   JD: libs/bcprov-jdk15on.jar/org/bouncycastle/crypto/util/DigestFactory$Cloner.class
   JD: libs/bcprov-jdk15on.jar/org/bouncycastle/crypto/util/DigestFactory.class
   JD: libs/bcprov-jdk15on.jar/org/bouncycastle/crypto/util/PrivateKeyFactory.class
   JD: libs/bcprov-jdk15on.jar/org/bouncycastle/crypto/util/PublicKeyFactory$Ed25519Converter.class
   JD: libs/bcprov-jdk15on.jar/org/bouncycastle/crypto/util/PublicKeyFactory$Ed448Converter.class
   JD: libs/bcprov-jdk15on.jar/org/bouncycastle/crypto/util/PublicKeyFactory$X25519Converter.class
   JD: libs/bcprov-jdk15on.jar/org/bouncycastle/crypto/util/PublicKeyFactory$X448Converter.class
   JD: libs/bcprov-jdk15on.jar/org/bouncycastle/crypto/util/PublicKeyFactory.class
   JD: libs/bcprov-jdk15on.jar/org/bouncycastle/crypto/util/SSHNamedCurves$1.class
   JD: libs/bcprov-jdk15on.jar/org/bouncycastle/crypto/util/SSHNamedCurves$2.class
   JD: libs/bcprov-jdk15on.jar/org/bouncycastle/crypto/util/SSHNamedCurves$3.class
   JD: libs/bcprov-jdk15on.jar/org/bouncycastle/crypto/util/SSHNamedCurves$4.class
   JD: libs/bcprov-jdk15on.jar/org/bouncycastle/crypto/util/SSHNamedCurves.class
   JD: libs/bcprov-jdk15on.jar/org/bouncycastle/internal/
   JD: libs/bcprov-jdk15on.jar/org/bouncycastle/internal/asn1/
   JD: libs/bcprov-jdk15on.jar/org/bouncycastle/internal/asn1/bsi/
   JD: libs/bcprov-jdk15on.jar/org/bouncycastle/internal/asn1/bsi/BSIObjectIdentifiers.class
   JD: libs/bcprov-jdk15on.jar/org/bouncycastle/internal/asn1/cms/
   JD: libs/bcprov-jdk15on.jar/org/bouncycastle/internal/asn1/cms/CCMParameters.class
   JD: libs/bcprov-jdk15on.jar/org/bouncycastle/internal/asn1/cms/CMSObjectIdentifiers.class
   JD: libs/bcprov-jdk15on.jar/org/bouncycastle/internal/asn1/cms/GCMParameters.class
   JD: libs/bcprov-jdk15on.jar/org/bouncycastle/internal/asn1/eac/
   JD: libs/bcprov-jdk15on.jar/org/bouncycastle/internal/asn1/eac/EACObjectIdentifiers.class
   JD: libs/bcprov-jdk15on.jar/org/bouncycastle/internal/asn1/isismtt/
   JD: libs/bcprov-jdk15on.jar/org/bouncycastle/internal/asn1/isismtt/ISISMTTObjectIdentifiers.class
   JD: libs/bcprov-jdk15on.jar/org/bouncycastle/its.removed
   JD: libs/bcprov-jdk15on.jar/org/bouncycastle/its/asn1.removed
   JD: libs/bcprov-jdk15on.jar/org/bouncycastle/its/asn1/AesCcmCiphertext.class.removed
   JD: libs/bcprov-jdk15on.jar/org/bouncycastle/its/asn1/BitmapSspRange.class.removed
   JD: libs/bcprov-jdk15on.jar/org/bouncycastle/its/asn1/CertificateBase.class.removed
   JD: libs/bcprov-jdk15on.jar/org/bouncycastle/its/asn1/CertificateType.class.removed
   JD: libs/bcprov-jdk15on.jar/org/bouncycastle/its/asn1/CircularRegion.class.removed
   JD: libs/bcprov-jdk15on.jar/org/bouncycastle/its/asn1/Duration.class.removed
   JD: libs/bcprov-jdk15on.jar/org/bouncycastle/its/asn1/EncryptedData.class.removed
   JD: libs/bcprov-jdk15on.jar/org/bouncycastle/its/asn1/EndEntityType.class.removed
   JD: libs/bcprov-jdk15on.jar/org/bouncycastle/its/asn1/EtsiTs103097Module.class.removed
   JD: libs/bcprov-jdk15on.jar/org/bouncycastle/its/asn1/ExplicitCertificate.class.removed
   JD: libs/bcprov-jdk15on.jar/org/bouncycastle/its/asn1/GeographicRegion.class.removed
   JD: libs/bcprov-jdk15on.jar/org/bouncycastle/its/asn1/GroupLinkageValue.class.removed
   JD: libs/bcprov-jdk15on.jar/org/bouncycastle/its/asn1/HashAlgorithm.class.removed
   JD: libs/bcprov-jdk15on.jar/org/bouncycastle/its/asn1/HashedData.class.removed
   JD: libs/bcprov-jdk15on.jar/org/bouncycastle/its/asn1/HeaderInfo.class.removed
   JD: libs/bcprov-jdk15on.jar/org/bouncycastle/its/asn1/IValue.class.removed
   JD: libs/bcprov-jdk15on.jar/org/bouncycastle/its/asn1/Ieee1609Dot2Content.class.removed
   JD: libs/bcprov-jdk15on.jar/org/bouncycastle/its/asn1/Ieee1609Dot2Data.class.removed
   JD: libs/bcprov-jdk15on.jar/org/bouncycastle/its/asn1/ImplicitCertificate.class.removed
   JD: libs/bcprov-jdk15on.jar/org/bouncycastle/its/asn1/IssuerIdentifier.class.removed
   JD: libs/bcprov-jdk15on.jar/org/bouncycastle/its/asn1/Latitude.class.removed
   JD: libs/bcprov-jdk15on.jar/org/bouncycastle/its/asn1/LinkageData.class.removed
   JD: libs/bcprov-jdk15on.jar/org/bouncycastle/its/asn1/LinkageValue.class.removed
   JD: libs/bcprov-jdk15on.jar/org/bouncycastle/its/asn1/Longitude.class.removed
   JD: libs/bcprov-jdk15on.jar/org/bouncycastle/its/asn1/PKRecipientInfo.class.removed
   JD: libs/bcprov-jdk15on.jar/org/bouncycastle/its/asn1/PolygonalRegion.class.removed
   JD: libs/bcprov-jdk15on.jar/org/bouncycastle/its/asn1/PsidGroupPermissions.class.removed
   JD: libs/bcprov-jdk15on.jar/org/bouncycastle/its/asn1/PsidSspRange.class.removed
   JD: libs/bcprov-jdk15on.jar/org/bouncycastle/its/asn1/RecipientInfo.class.removed
   JD: libs/bcprov-jdk15on.jar/org/bouncycastle/its/asn1/RectangularRegion.class.removed
   JD: libs/bcprov-jdk15on.jar/org/bouncycastle/its/asn1/SequenceOfCertificate.class.removed
   JD: libs/bcprov-jdk15on.jar/org/bouncycastle/its/asn1/SequenceOfOctetString.class.removed
   JD: libs/bcprov-jdk15on.jar/org/bouncycastle/its/asn1/SequenceOfPsidGroupPermissions.class.removed
   JD: libs/bcprov-jdk15on.jar/org/bouncycastle/its/asn1/SequenceOfRecipientInfo.class.removed
   JD: libs/bcprov-jdk15on.jar/org/bouncycastle/its/asn1/SequenceOfRectangularRegion.class.removed
   JD: libs/bcprov-jdk15on.jar/org/bouncycastle/its/asn1/ServiceSpecificPermissions.class.removed
   JD: libs/bcprov-jdk15on.jar/org/bouncycastle/its/asn1/Signature.class.removed
   JD: libs/bcprov-jdk15on.jar/org/bouncycastle/its/asn1/SignedData.class.removed
   JD: libs/bcprov-jdk15on.jar/org/bouncycastle/its/asn1/SignedDataPayload.class.removed
   JD: libs/bcprov-jdk15on.jar/org/bouncycastle/its/asn1/SignerIdentifier.class.removed
   JD: libs/bcprov-jdk15on.jar/org/bouncycastle/its/asn1/SspRange.class.removed
   JD: libs/bcprov-jdk15on.jar/org/bouncycastle/its/asn1/SubjectPermissions.class.removed
   JD: libs/bcprov-jdk15on.jar/org/bouncycastle/its/asn1/SymmAlgorithm.class.removed
   JD: libs/bcprov-jdk15on.jar/org/bouncycastle/its/asn1/SymmRecipientInfo.class.removed
   JD: libs/bcprov-jdk15on.jar/org/bouncycastle/its/asn1/ToBeSignedCertificate.class.removed
   JD: libs/bcprov-jdk15on.jar/org/bouncycastle/its/asn1/ToBeSignedData.class.removed
   JD: libs/bcprov-jdk15on.jar/org/bouncycastle/its/asn1/TwoDLocation.class.removed
   JD: libs/bcprov-jdk15on.jar/org/bouncycastle/its/asn1/Utils.class.removed
   JD: libs/bcprov-jdk15on.jar/org/bouncycastle/its/asn1/ValidityPeriod.class.removed
   JD: libs/bcprov-jdk15on.jar/org/bouncycastle/its/asn1/VerificationKeyIndicator.class.removed
   JD: libs/bcprov-jdk15on.jar/org/bouncycastle/jcajce/BCFKSLoadStoreParameter$EncryptionAlgorithm.class
   JD: libs/bcprov-jdk15on.jar/org/bouncycastle/jcajce/BCFKSLoadStoreParameter$MacAlgorithm.class
   JD: libs/bcprov-jdk15on.jar/org/bouncycastle/jcajce/BCFKSLoadStoreParameter$SignatureAlgorithm.class
   JD: libs/bcprov-jdk15on.jar/org/bouncycastle/jcajce/CompositePrivateKey.class
   JD: libs/bcprov-jdk15on.jar/org/bouncycastle/jcajce/CompositePublicKey.class
   JD: libs/bcprov-jdk15on.jar/org/bouncycastle/jcajce/PKIXCRLStore.class
   JD: libs/bcprov-jdk15on.jar/org/bouncycastle/jcajce/PKIXCRLStoreSelector$Builder.class
   JD: libs/bcprov-jdk15on.jar/org/bouncycastle/jcajce/PKIXCRLStoreSelector.class
   JD: libs/bcprov-jdk15on.jar/org/bouncycastle/jcajce/PKIXCertStore.class
   JD: libs/bcprov-jdk15on.jar/org/bouncycastle/jcajce/PKIXCertStoreSelector$Builder.class
   JD: libs/bcprov-jdk15on.jar/org/bouncycastle/jcajce/PKIXCertStoreSelector.class
   JD: libs/bcprov-jdk15on.jar/org/bouncycastle/jcajce/PKIXExtendedBuilderParameters$Builder.class
   JD: libs/bcprov-jdk15on.jar/org/bouncycastle/jcajce/PKIXExtendedBuilderParameters.class
   JD: libs/bcprov-jdk15on.jar/org/bouncycastle/jcajce/PKIXExtendedParameters$Builder.class
   JD: libs/bcprov-jdk15on.jar/org/bouncycastle/jcajce/PKIXExtendedParameters.class
   JD: libs/bcprov-jdk15on.jar/org/bouncycastle/jcajce/interfaces/EdDSAPublicKey.class
   JD: libs/bcprov-jdk15on.jar/org/bouncycastle/jcajce/interfaces/XDHPublicKey.class
   JD: libs/bcprov-jdk15on.jar/org/bouncycastle/jcajce/provider/asymmetric/COMPOSITE.class
   JD: libs/bcprov-jdk15on.jar/org/bouncycastle/jcajce/provider/asymmetric/DH.class
   JD: libs/bcprov-jdk15on.jar/org/bouncycastle/jcajce/provider/asymmetric/DSA$Mappings.class
   JD: libs/bcprov-jdk15on.jar/org/bouncycastle/jcajce/provider/asymmetric/EC$Mappings.class
   JD: libs/bcprov-jdk15on.jar/org/bouncycastle/jcajce/provider/asymmetric/EC.class
   JD: libs/bcprov-jdk15on.jar/org/bouncycastle/jcajce/provider/asymmetric/EdEC.class
   JD: libs/bcprov-jdk15on.jar/org/bouncycastle/jcajce/provider/asymmetric/GM.class
   JD: libs/bcprov-jdk15on.jar/org/bouncycastle/jcajce/provider/asymmetric/RSA$Mappings.class
   JD: libs/bcprov-jdk15on.jar/org/bouncycastle/jcajce/provider/asymmetric/RSA.class
   JD: libs/bcprov-jdk15on.jar/org/bouncycastle/jcajce/provider/asymmetric/dsa/DSASigner$dsaRMD160.class
   JD: libs/bcprov-jdk15on.jar/org/bouncycastle/jcajce/provider/asymmetric/dsa/DSASigner.class
   JD: libs/bcprov-jdk15on.jar/org/bouncycastle/jcajce/provider/asymmetric/dsa/KeyFactorySpi.class
   JD: libs/bcprov-jdk15on.jar/org/bouncycastle/jcajce/provider/asymmetric/ec/AlgorithmParametersSpi.class
   JD: libs/bcprov-jdk15on.jar/org/bouncycastle/jcajce/provider/asymmetric/ec/ECUtils.class
   JD: libs/bcprov-jdk15on.jar/org/bouncycastle/jcajce/provider/asymmetric/ec/IESCipher$ECIES.class
   JD: libs/bcprov-jdk15on.jar/org/bouncycastle/jcajce/provider/asymmetric/ec/IESCipher$ECIESwithCipher.class
   JD: libs/bcprov-jdk15on.jar/org/bouncycastle/jcajce/provider/asymmetric/ec/IESCipher$ECIESwithSHA256.class
   JD: libs/bcprov-jdk15on.jar/org/bouncycastle/jcajce/provider/asymmetric/ec/IESCipher$ECIESwithSHA256andAESCBC.class
   JD: libs/bcprov-jdk15on.jar/org/bouncycastle/jcajce/provider/asymmetric/ec/IESCipher$ECIESwithSHA256andDESedeCBC.class
   JD: libs/bcprov-jdk15on.jar/org/bouncycastle/jcajce/provider/asymmetric/ec/IESCipher$ECIESwithSHA384.class
   JD: libs/bcprov-jdk15on.jar/org/bouncycastle/jcajce/provider/asymmetric/ec/IESCipher$ECIESwithSHA384andAESCBC.class
   JD: libs/bcprov-jdk15on.jar/org/bouncycastle/jcajce/provider/asymmetric/ec/IESCipher$ECIESwithSHA384andDESedeCBC.class
   JD: libs/bcprov-jdk15on.jar/org/bouncycastle/jcajce/provider/asymmetric/ec/IESCipher$ECIESwithSHA512.class
   JD: libs/bcprov-jdk15on.jar/org/bouncycastle/jcajce/provider/asymmetric/ec/IESCipher$ECIESwithSHA512andAESCBC.class
   JD: libs/bcprov-jdk15on.jar/org/bouncycastle/jcajce/provider/asymmetric/ec/IESCipher$ECIESwithSHA512andDESedeCBC.class
   JD: libs/bcprov-jdk15on.jar/org/bouncycastle/jcajce/provider/asymmetric/ec/IESCipher.class
   JD: libs/bcprov-jdk15on.jar/org/bouncycastle/jcajce/provider/asymmetric/ec/KeyFactorySpi.class
   JD: libs/bcprov-jdk15on.jar/org/bouncycastle/jcajce/provider/asymmetric/ec/KeyPairGeneratorSpi$EC.class
   JD: libs/bcprov-jdk15on.jar/org/bouncycastle/jcajce/provider/asymmetric/ec/SignatureSpi$ecCVCDSA3_224.class
   JD: libs/bcprov-jdk15on.jar/org/bouncycastle/jcajce/provider/asymmetric/ec/SignatureSpi$ecCVCDSA3_256.class
   JD: libs/bcprov-jdk15on.jar/org/bouncycastle/jcajce/provider/asymmetric/ec/SignatureSpi$ecCVCDSA3_384.class
   JD: libs/bcprov-jdk15on.jar/org/bouncycastle/jcajce/provider/asymmetric/ec/SignatureSpi$ecCVCDSA3_512.class
   JD: libs/bcprov-jdk15on.jar/org/bouncycastle/jcajce/provider/asymmetric/ec/SignatureSpi$ecDSAShake128.class
   JD: libs/bcprov-jdk15on.jar/org/bouncycastle/jcajce/provider/asymmetric/ec/SignatureSpi$ecDSAShake256.class
   JD: libs/bcprov-jdk15on.jar/org/bouncycastle/jcajce/provider/asymmetric/ec/SignatureSpi.class
   JD: libs/bcprov-jdk15on.jar/org/bouncycastle/jcajce/provider/asymmetric/edec/BCEdDSAPrivateKey.class
   JD: libs/bcprov-jdk15on.jar/org/bouncycastle/jcajce/provider/asymmetric/edec/BCEdDSAPublicKey.class
   JD: libs/bcprov-jdk15on.jar/org/bouncycastle/jcajce/provider/asymmetric/edec/BCXDHPrivateKey.class
   JD: libs/bcprov-jdk15on.jar/org/bouncycastle/jcajce/provider/asymmetric/edec/BCXDHPublicKey.class
   JD: libs/bcprov-jdk15on.jar/org/bouncycastle/jcajce/provider/asymmetric/edec/KeyAgreementSpi.class
   JD: libs/bcprov-jdk15on.jar/org/bouncycastle/jcajce/provider/asymmetric/edec/KeyFactorySpi.class
   JD: libs/bcprov-jdk15on.jar/org/bouncycastle/jcajce/provider/asymmetric/edec/KeyPairGeneratorSpi$Ed25519.class
   JD: libs/bcprov-jdk15on.jar/org/bouncycastle/jcajce/provider/asymmetric/edec/KeyPairGeneratorSpi$Ed448.class
   JD: libs/bcprov-jdk15on.jar/org/bouncycastle/jcajce/provider/asymmetric/edec/KeyPairGeneratorSpi$EdDSA.class
   JD: libs/bcprov-jdk15on.jar/org/bouncycastle/jcajce/provider/asymmetric/edec/KeyPairGeneratorSpi$X25519.class
   JD: libs/bcprov-jdk15on.jar/org/bouncycastle/jcajce/provider/asymmetric/edec/KeyPairGeneratorSpi$X448.class
   JD: libs/bcprov-jdk15on.jar/org/bouncycastle/jcajce/provider/asymmetric/edec/KeyPairGeneratorSpi$XDH.class
   JD: libs/bcprov-jdk15on.jar/org/bouncycastle/jcajce/provider/asymmetric/edec/KeyPairGeneratorSpi.class
   JD: libs/bcprov-jdk15on.jar/org/bouncycastle/jcajce/provider/asymmetric/edec/SignatureSpi.class
   JD: libs/bcprov-jdk15on.jar/org/bouncycastle/jcajce/provider/asymmetric/rsa/AlgorithmParametersSpi$PSS.class
   JD: libs/bcprov-jdk15on.jar/org/bouncycastle/jcajce/provider/asymmetric/rsa/KeyFactorySpi.class
   JD: libs/bcprov-jdk15on.jar/org/bouncycastle/jcajce/provider/asymmetric/rsa/PSSSignatureSpi$SHA1withRSAandSHAKE128.class
   JD: libs/bcprov-jdk15on.jar/org/bouncycastle/jcajce/provider/asymmetric/rsa/PSSSignatureSpi$SHA1withRSAandSHAKE256.class
   JD: libs/bcprov-jdk15on.jar/org/bouncycastle/jcajce/provider/asymmetric/rsa/PSSSignatureSpi$SHA224withRSAandSHAKE128.class
   JD: libs/bcprov-jdk15on.jar/org/bouncycastle/jcajce/provider/asymmetric/rsa/PSSSignatureSpi$SHA224withRSAandSHAKE256.class
   JD: libs/bcprov-jdk15on.jar/org/bouncycastle/jcajce/provider/asymmetric/rsa/PSSSignatureSpi$SHA256withRSAandSHAKE128.class
   JD: libs/bcprov-jdk15on.jar/org/bouncycastle/jcajce/provider/asymmetric/rsa/PSSSignatureSpi$SHA256withRSAandSHAKE256.class
   JD: libs/bcprov-jdk15on.jar/org/bouncycastle/jcajce/provider/asymmetric/rsa/PSSSignatureSpi$SHA384withRSAandSHAKE128.class
   JD: libs/bcprov-jdk15on.jar/org/bouncycastle/jcajce/provider/asymmetric/rsa/PSSSignatureSpi$SHA384withRSAandSHAKE256.class
   JD: libs/bcprov-jdk15on.jar/org/bouncycastle/jcajce/provider/asymmetric/rsa/PSSSignatureSpi$SHA3_224withRSAandSHAKE128.class
   JD: libs/bcprov-jdk15on.jar/org/bouncycastle/jcajce/provider/asymmetric/rsa/PSSSignatureSpi$SHA3_224withRSAandSHAKE256.class
   JD: libs/bcprov-jdk15on.jar/org/bouncycastle/jcajce/provider/asymmetric/rsa/PSSSignatureSpi$SHA3_256withRSAandSHAKE128.class
   JD: libs/bcprov-jdk15on.jar/org/bouncycastle/jcajce/provider/asymmetric/rsa/PSSSignatureSpi$SHA3_256withRSAandSHAKE256.class
   JD: libs/bcprov-jdk15on.jar/org/bouncycastle/jcajce/provider/asymmetric/rsa/PSSSignatureSpi$SHA3_384withRSAandSHAKE128.class
   JD: libs/bcprov-jdk15on.jar/org/bouncycastle/jcajce/provider/asymmetric/rsa/PSSSignatureSpi$SHA3_384withRSAandSHAKE256.class
   JD: libs/bcprov-jdk15on.jar/org/bouncycastle/jcajce/provider/asymmetric/rsa/PSSSignatureSpi$SHA3_512withRSAandSHAKE128.class
   JD: libs/bcprov-jdk15on.jar/org/bouncycastle/jcajce/provider/asymmetric/rsa/PSSSignatureSpi$SHA3_512withRSAandSHAKE256.class
   JD: libs/bcprov-jdk15on.jar/org/bouncycastle/jcajce/provider/asymmetric/rsa/PSSSignatureSpi$SHA512_224withRSAandSHAKE128.class
   JD: libs/bcprov-jdk15on.jar/org/bouncycastle/jcajce/provider/asymmetric/rsa/PSSSignatureSpi$SHA512_224withRSAandSHAKE256.class
   JD: libs/bcprov-jdk15on.jar/org/bouncycastle/jcajce/provider/asymmetric/rsa/PSSSignatureSpi$SHA512_256withRSAandSHAKE128.class
   JD: libs/bcprov-jdk15on.jar/org/bouncycastle/jcajce/provider/asymmetric/rsa/PSSSignatureSpi$SHA512_256withRSAandSHAKE256.class
   JD: libs/bcprov-jdk15on.jar/org/bouncycastle/jcajce/provider/asymmetric/rsa/PSSSignatureSpi$SHA512withRSAandSHAKE128.class
   JD: libs/bcprov-jdk15on.jar/org/bouncycastle/jcajce/provider/asymmetric/rsa/PSSSignatureSpi$SHA512withRSAandSHAKE256.class
   JD: libs/bcprov-jdk15on.jar/org/bouncycastle/jcajce/provider/asymmetric/rsa/PSSSignatureSpi$SHAKE128WithRSAPSS.class
   JD: libs/bcprov-jdk15on.jar/org/bouncycastle/jcajce/provider/asymmetric/rsa/PSSSignatureSpi$SHAKE256WithRSAPSS.class
   JD: libs/bcprov-jdk15on.jar/org/bouncycastle/jcajce/provider/asymmetric/rsa/PSSSignatureSpi.class
   JD: libs/bcprov-jdk15on.jar/org/bouncycastle/jcajce/provider/asymmetric/util/BaseAgreementSpi.class
   JD: libs/bcprov-jdk15on.jar/org/bouncycastle/jcajce/provider/asymmetric/util/DESUtil.class
   JD: libs/bcprov-jdk15on.jar/org/bouncycastle/jcajce/provider/asymmetric/util/EC5Util.class
   JD: libs/bcprov-jdk15on.jar/org/bouncycastle/jcajce/provider/asymmetric/util/ECUtil.class
   JD: libs/bcprov-jdk15on.jar/org/bouncycastle/jcajce/provider/asymmetric/x509/CertificateFactory.class
   JD: libs/bcprov-jdk15on.jar/org/bouncycastle/jcajce/provider/asymmetric/x509/PEMUtil.class
   JD: libs/bcprov-jdk15on.jar/org/bouncycastle/jcajce/provider/asymmetric/x509/X509CRLImpl.class
   JD: libs/bcprov-jdk15on.jar/org/bouncycastle/jcajce/provider/asymmetric/x509/X509CRLInternal.class
   JD: libs/bcprov-jdk15on.jar/org/bouncycastle/jcajce/provider/asymmetric/x509/X509CRLObject$X509CRLException.class
   JD: libs/bcprov-jdk15on.jar/org/bouncycastle/jcajce/provider/asymmetric/x509/X509CRLObject.class
   JD: libs/bcprov-jdk15on.jar/org/bouncycastle/jcajce/provider/asymmetric/x509/X509CertificateImpl.class
   JD: libs/bcprov-jdk15on.jar/org/bouncycastle/jcajce/provider/asymmetric/x509/X509CertificateInternal.class
   JD: libs/bcprov-jdk15on.jar/org/bouncycastle/jcajce/provider/asymmetric/x509/X509CertificateObject$X509CertificateEncodingException.class
   JD: libs/bcprov-jdk15on.jar/org/bouncycastle/jcajce/provider/asymmetric/x509/X509CertificateObject.class
   JD: libs/bcprov-jdk15on.jar/org/bouncycastle/jcajce/provider/asymmetric/x509/X509SignatureUtil.class
   JD: libs/bcprov-jdk15on.jar/org/bouncycastle/jcajce/provider/config/ConfigurableProvider.class
   JD: libs/bcprov-jdk15on.jar/org/bouncycastle/jcajce/provider/digest/BCMessageDigest.class
   JD: libs/bcprov-jdk15on.jar/org/bouncycastle/jcajce/provider/digest/SHA3$DigestSHAKE.class
   JD: libs/bcprov-jdk15on.jar/org/bouncycastle/jcajce/provider/digest/SHA512$Mappings.class
   JD: libs/bcprov-jdk15on.jar/org/bouncycastle/jcajce/provider/drbg/DRBG$1.class
   JD: libs/bcprov-jdk15on.jar/org/bouncycastle/jcajce/provider/drbg/DRBG$2.class
   JD: libs/bcprov-jdk15on.jar/org/bouncycastle/jcajce/provider/drbg/DRBG$3.class
   JD: libs/bcprov-jdk15on.jar/org/bouncycastle/jcajce/provider/drbg/DRBG$URLSeededSecureRandom$1.class
   JD: libs/bcprov-jdk15on.jar/org/bouncycastle/jcajce/provider/drbg/DRBG$URLSeededSecureRandom$2.class
   JD: libs/bcprov-jdk15on.jar/org/bouncycastle/jcajce/provider/keystore/BC$Mappings.class
   JD: libs/bcprov-jdk15on.jar/org/bouncycastle/jcajce/provider/keystore/BCFKS$Mappings.class
   JD: libs/bcprov-jdk15on.jar/org/bouncycastle/jcajce/provider/keystore/bc/BcKeyStoreSpi$Version1.class
   JD: libs/bcprov-jdk15on.jar/org/bouncycastle/jcajce/provider/keystore/bcfks/BcFKSKeyStoreSpi$DefCompat.class
   JD: libs/bcprov-jdk15on.jar/org/bouncycastle/jcajce/provider/keystore/bcfks/BcFKSKeyStoreSpi$DefSharedCompat.class
   JD: libs/bcprov-jdk15on.jar/org/bouncycastle/jcajce/provider/keystore/bcfks/BcFKSKeyStoreSpi$SharedKeyStoreSpi.class
   JD: libs/bcprov-jdk15on.jar/org/bouncycastle/jcajce/provider/keystore/bcfks/BcFKSKeyStoreSpi$StdCompat.class
   JD: libs/bcprov-jdk15on.jar/org/bouncycastle/jcajce/provider/keystore/bcfks/BcFKSKeyStoreSpi$StdSharedCompat.class
   JD: libs/bcprov-jdk15on.jar/org/bouncycastle/jcajce/provider/keystore/bcfks/BcFKSKeyStoreSpi.class
   JD: libs/bcprov-jdk15on.jar/org/bouncycastle/jcajce/provider/keystore/pkcs12/PKCS12KeyStoreSpi$BCPKCS12KeyStore.class
   JD: libs/bcprov-jdk15on.jar/org/bouncycastle/jcajce/provider/keystore/pkcs12/PKCS12KeyStoreSpi$BCPKCS12KeyStore3DES.class
   JD: libs/bcprov-jdk15on.jar/org/bouncycastle/jcajce/provider/keystore/pkcs12/PKCS12KeyStoreSpi$DefPKCS12KeyStore.class
   JD: libs/bcprov-jdk15on.jar/org/bouncycastle/jcajce/provider/keystore/pkcs12/PKCS12KeyStoreSpi$DefPKCS12KeyStore3DES.class
   JD: libs/bcprov-jdk15on.jar/org/bouncycastle/jcajce/provider/keystore/pkcs12/PKCS12KeyStoreSpi.class
   JD: libs/bcprov-jdk15on.jar/org/bouncycastle/jcajce/provider/keystore/util/
   JD: libs/bcprov-jdk15on.jar/org/bouncycastle/jcajce/provider/keystore/util/AdaptingKeyStoreSpi.class
   JD: libs/bcprov-jdk15on.jar/org/bouncycastle/jcajce/provider/keystore/util/JKSKeyStoreSpi$BCJKSTrustedCertEntry.class
   JD: libs/bcprov-jdk15on.jar/org/bouncycastle/jcajce/provider/keystore/util/JKSKeyStoreSpi$ErasableByteStream.class
   JD: libs/bcprov-jdk15on.jar/org/bouncycastle/jcajce/provider/keystore/util/JKSKeyStoreSpi.class
   JD: libs/bcprov-jdk15on.jar/org/bouncycastle/jcajce/provider/keystore/util/ParameterUtil.class
   JD: libs/bcprov-jdk15on.jar/org/bouncycastle/jcajce/provider/symmetric/AES$AlgParamGenCCM.class
   JD: libs/bcprov-jdk15on.jar/org/bouncycastle/jcajce/provider/symmetric/AES$AlgParamGenGCM.class
   JD: libs/bcprov-jdk15on.jar/org/bouncycastle/jcajce/provider/symmetric/AES$AlgParamsCCM.class
   JD: libs/bcprov-jdk15on.jar/org/bouncycastle/jcajce/provider/symmetric/AES$AlgParamsGCM.class
   JD: libs/bcprov-jdk15on.jar/org/bouncycastle/jcajce/provider/symmetric/AES.class
   JD: libs/bcprov-jdk15on.jar/org/bouncycastle/jcajce/provider/symmetric/ARIA$AlgParamsCCM.class
   JD: libs/bcprov-jdk15on.jar/org/bouncycastle/jcajce/provider/symmetric/ARIA$AlgParamsGCM.class
   JD: libs/bcprov-jdk15on.jar/org/bouncycastle/jcajce/provider/symmetric/GOST28147.class
   JD: libs/bcprov-jdk15on.jar/org/bouncycastle/jcajce/provider/symmetric/util/BaseBlockCipher$BufferedFPEBlockCipher.class
   JD: libs/bcprov-jdk15on.jar/org/bouncycastle/jcajce/provider/symmetric/util/BaseBlockCipher.class
   JD: libs/bcprov-jdk15on.jar/org/bouncycastle/jcajce/provider/symmetric/util/GcmSpecUtil$3.class
   JD: libs/bcprov-jdk15on.jar/org/bouncycastle/jcajce/provider/symmetric/util/GcmSpecUtil.class
   JD: libs/bcprov-jdk15on.jar/org/bouncycastle/jcajce/provider/util/AsymmetricAlgorithmProvider.class
   JD: libs/bcprov-jdk15on.jar/org/bouncycastle/jcajce/provider/util/DigestFactory.class
   JD: libs/bcprov-jdk15on.jar/org/bouncycastle/jcajce/spec/CompositeAlgorithmSpec$Builder.class
   JD: libs/bcprov-jdk15on.jar/org/bouncycastle/jcajce/spec/CompositeAlgorithmSpec.class
   JD: libs/bcprov-jdk15on.jar/org/bouncycastle/jcajce/spec/FPEParameterSpec.class
   JD: libs/bcprov-jdk15on.jar/org/bouncycastle/jcajce/spec/RawEncodedKeySpec.class
   JD: libs/bcprov-jdk15on.jar/org/bouncycastle/jcajce/util/AnnotatedPrivateKey.class
   JD: libs/bcprov-jdk15on.jar/org/bouncycastle/jcajce/util/MessageDigestUtils.class
   JD: libs/bcprov-jdk15on.jar/org/bouncycastle/jcajce/util/PrivateKeyAnnotator.class
   JD: libs/bcprov-jdk15on.jar/org/bouncycastle/jce/provider/BouncyCastleProvider.class
   JD: libs/bcprov-jdk15on.jar/org/bouncycastle/jce/provider/CertPathValidatorUtilities.class
   JD: libs/bcprov-jdk15on.jar/org/bouncycastle/jce/provider/CrlCache$LocalCRLStore.class
   JD: libs/bcprov-jdk15on.jar/org/bouncycastle/jce/provider/CrlCache.class
   JD: libs/bcprov-jdk15on.jar/org/bouncycastle/jce/provider/OcspCache.class
   JD: libs/bcprov-jdk15on.jar/org/bouncycastle/jce/provider/PKIXCRLUtil.class
   JD: libs/bcprov-jdk15on.jar/org/bouncycastle/jce/provider/ProvOcspRevocationChecker.class
   JD: libs/bcprov-jdk15on.jar/org/bouncycastle/jce/provider/ProvRevocationChecker.class
   JD: libs/bcprov-jdk15on.jar/org/bouncycastle/jce/spec/ECNamedCurveSpec.class
   JD: libs/bcprov-jdk15on.jar/org/bouncycastle/jce/spec/MQVPrivateKeySpec.class.removed
   JD: libs/bcprov-jdk15on.jar/org/bouncycastle/jce/spec/MQVPublicKeySpec.class.removed
   JD: libs/bcprov-jdk15on.jar/org/bouncycastle/jce/spec/OpenSSHPrivateKeySpec.class.removed
   JD: libs/bcprov-jdk15on.jar/org/bouncycastle/jce/spec/OpenSSHPublicKeySpec.class.removed
   JD: libs/bcprov-jdk15on.jar/org/bouncycastle/math/ec/rfc7748/X25519Field.class
   JD: libs/bcprov-jdk15on.jar/org/bouncycastle/math/ec/rfc7748/X448Field.class
   JD: libs/bcprov-jdk15on.jar/org/bouncycastle/math/ec/rfc8032/Ed25519.class
   JD: libs/bcprov-jdk15on.jar/org/bouncycastle/math/ec/rfc8032/Ed448.class
   JD: libs/bcprov-jdk15on.jar/org/bouncycastle/math/raw/Nat448.class
   JD: libs/bcprov-jdk15on.jar/org/bouncycastle/pqc/asn1/ParSet.class
   JD: libs/bcprov-jdk15on.jar/org/bouncycastle/pqc/asn1/XMSSMTPrivateKey.class
   JD: libs/bcprov-jdk15on.jar/org/bouncycastle/pqc/asn1/XMSSMTPublicKey.class
   JD: libs/bcprov-jdk15on.jar/org/bouncycastle/pqc/asn1/XMSSPrivateKey.class
   JD: libs/bcprov-jdk15on.jar/org/bouncycastle/pqc/asn1/XMSSPublicKey.class
   JD: libs/bcprov-jdk15on.jar/org/bouncycastle/pqc/crypto/lms/DigestUtil.class
   JD: libs/bcprov-jdk15on.jar/org/bouncycastle/pqc/crypto/lms/HSSPrivateKeyParameters.class
   JD: libs/bcprov-jdk15on.jar/org/bouncycastle/pqc/crypto/lms/LMOtsParameters$1.class
   JD: libs/bcprov-jdk15on.jar/org/bouncycastle/pqc/crypto/lms/LMOtsParameters.class
   JD: libs/bcprov-jdk15on.jar/org/bouncycastle/pqc/crypto/lms/LMSPrivateKeyParameters.class
   JD: libs/bcprov-jdk15on.jar/org/bouncycastle/pqc/crypto/lms/LMSigParameters$1.class
   JD: libs/bcprov-jdk15on.jar/org/bouncycastle/pqc/crypto/lms/LMSigParameters.class
   JD: libs/bcprov-jdk15on.jar/org/bouncycastle/pqc/crypto/mceliece/McElieceKobaraImaiCipher.class
   JD: libs/bcprov-jdk15on.jar/org/bouncycastle/pqc/crypto/util/PrivateKeyFactory.class
   JD: libs/bcprov-jdk15on.jar/org/bouncycastle/pqc/crypto/util/PrivateKeyInfoFactory.class
   JD: libs/bcprov-jdk15on.jar/org/bouncycastle/pqc/crypto/util/PublicKeyFactory$McElieceCCA2Converter.class
   JD: libs/bcprov-jdk15on.jar/org/bouncycastle/pqc/crypto/util/PublicKeyFactory.class
   JD: libs/bcprov-jdk15on.jar/org/bouncycastle/pqc/crypto/util/SubjectPublicKeyInfoFactory.class
   JD: libs/bcprov-jdk15on.jar/org/bouncycastle/pqc/crypto/util/Utils.class
   JD: libs/bcprov-jdk15on.jar/org/bouncycastle/pqc/crypto/xmss/BDS.class
   JD: libs/bcprov-jdk15on.jar/org/bouncycastle/pqc/crypto/xmss/BDSStateMap.class
   JD: libs/bcprov-jdk15on.jar/org/bouncycastle/pqc/crypto/xmss/BDSTreeHash.class
   JD: libs/bcprov-jdk15on.jar/org/bouncycastle/pqc/crypto/xmss/DefaultXMSSMTOid.class
   JD: libs/bcprov-jdk15on.jar/org/bouncycastle/pqc/crypto/xmss/DefaultXMSSOid.class
   JD: libs/bcprov-jdk15on.jar/org/bouncycastle/pqc/crypto/xmss/DigestUtil.class
   JD: libs/bcprov-jdk15on.jar/org/bouncycastle/pqc/crypto/xmss/HashTreeAddress$Builder.class
   JD: libs/bcprov-jdk15on.jar/org/bouncycastle/pqc/crypto/xmss/LTreeAddress$Builder.class
   JD: libs/bcprov-jdk15on.jar/org/bouncycastle/pqc/crypto/xmss/OTSHashAddress$Builder.class
   JD: libs/bcprov-jdk15on.jar/org/bouncycastle/pqc/crypto/xmss/WOTSPlus.class
   JD: libs/bcprov-jdk15on.jar/org/bouncycastle/pqc/crypto/xmss/WOTSPlusOid.class
   JD: libs/bcprov-jdk15on.jar/org/bouncycastle/pqc/crypto/xmss/XMSSAddress$Builder.class
   JD: libs/bcprov-jdk15on.jar/org/bouncycastle/pqc/crypto/xmss/XMSSMTParameters.class
   JD: libs/bcprov-jdk15on.jar/org/bouncycastle/pqc/crypto/xmss/XMSSMTSignature$Builder.class
   JD: libs/bcprov-jdk15on.jar/org/bouncycastle/pqc/crypto/xmss/XMSSMTSignature.class
   JD: libs/bcprov-jdk15on.jar/org/bouncycastle/pqc/crypto/xmss/XMSSParameters.class
   JD: libs/bcprov-jdk15on.jar/org/bouncycastle/pqc/crypto/xmss/XMSSReducedSignature$Builder.class
   JD: libs/bcprov-jdk15on.jar/org/bouncycastle/pqc/crypto/xmss/XMSSReducedSignature.class
   JD: libs/bcprov-jdk15on.jar/org/bouncycastle/pqc/crypto/xmss/XMSSUtil$CheckingStream.class
   JD: libs/bcprov-jdk15on.jar/org/bouncycastle/pqc/jcajce/provider/BouncyCastlePQCProvider.class
   JD: libs/bcprov-jdk15on.jar/org/bouncycastle/pqc/jcajce/provider/mceliece/Utils.class
   JD: libs/bcprov-jdk15on.jar/org/bouncycastle/util/Arrays$Iterator.class
   JD: libs/bcprov-jdk15on.jar/org/bouncycastle/util/Arrays.class
   JD: libs/bcprov-jdk15on.jar/org/bouncycastle/util/Bytes.class
   JD: libs/bcprov-jdk15on.jar/org/bouncycastle/util/CollectionStore.class
   JD: libs/bcprov-jdk15on.jar/org/bouncycastle/util/Integers.class
   JD: libs/bcprov-jdk15on.jar/org/bouncycastle/util/Iterable.class
   JD: libs/bcprov-jdk15on.jar/org/bouncycastle/util/Longs.class
   JD: libs/bcprov-jdk15on.jar/org/bouncycastle/util/Properties.class
   JD: libs/bcprov-jdk15on.jar/org/bouncycastle/util/Selector.class
   JD: libs/bcprov-jdk15on.jar/org/bouncycastle/util/Shorts.class
   JD: libs/bcprov-jdk15on.jar/org/bouncycastle/util/Store.class
   JD: libs/bcprov-jdk15on.jar/org/bouncycastle/util/StringList.class
   JD: libs/bcprov-jdk15on.jar/org/bouncycastle/util/Strings$1.class
   JD: libs/bcprov-jdk15on.jar/org/bouncycastle/util/Strings$StringListImpl.class
   JD: libs/bcprov-jdk15on.jar/org/bouncycastle/util/Strings.class
   JD: libs/bcprov-jdk15on.jar/org/bouncycastle/util/encoders/Base32.class
   JD: libs/bcprov-jdk15on.jar/org/bouncycastle/util/encoders/Base32Encoder.class
   JD: libs/bcprov-jdk15on.jar/org/bouncycastle/util/encoders/Base64.class
   JD: libs/bcprov-jdk15on.jar/org/bouncycastle/util/encoders/Base64Encoder.class
   JD: libs/bcprov-jdk15on.jar/org/bouncycastle/util/encoders/Encoder.class
   JD: libs/bcprov-jdk15on.jar/org/bouncycastle/util/encoders/HexEncoder.class
   JD: libs/bctls-jdk15on.jar/META-INF/BC1024KE.DSA
   JD: libs/bctls-jdk15on.jar/META-INF/BC1024KE.SF
   JD: libs/bctls-jdk15on.jar/META-INF/BC2048KE.DSA
   JD: libs/bctls-jdk15on.jar/META-INF/BC2048KE.SF
   JD: libs/bctls-jdk15on.jar/META-INF/MANIFEST.MF
   JD: libs/bctls-jdk15on.jar/META-INF/versions/9/module-info.class
   JD: libs/bctls-jdk15on.jar/META-INF/versions/9/org/bouncycastle/jsse/BCSSLParameters.class
   JD: libs/bctls-jdk15on.jar/META-INF/versions/9/org/bouncycastle/jsse/BCX509ExtendedKeyManager.class
   JD: libs/bctls-jdk15on.jar/META-INF/versions/9/org/bouncycastle/jsse/BCX509Key.class
   JD: libs/bctls-jdk15on.jar/META-INF/versions/9/org/bouncycastle/jsse/provider/BouncyCastleJsseProvider$1.class
   JD: libs/bctls-jdk15on.jar/META-INF/versions/9/org/bouncycastle/jsse/provider/BouncyCastleJsseProvider$2.class
   JD: libs/bctls-jdk15on.jar/META-INF/versions/9/org/bouncycastle/jsse/provider/BouncyCastleJsseProvider$3.class
   JD: libs/bctls-jdk15on.jar/META-INF/versions/9/org/bouncycastle/jsse/provider/BouncyCastleJsseProvider$4.class
   JD: libs/bctls-jdk15on.jar/META-INF/versions/9/org/bouncycastle/jsse/provider/BouncyCastleJsseProvider$5.class
   JD: libs/bctls-jdk15on.jar/META-INF/versions/9/org/bouncycastle/jsse/provider/BouncyCastleJsseProvider$6.class
   JD: libs/bctls-jdk15on.jar/META-INF/versions/9/org/bouncycastle/jsse/provider/BouncyCastleJsseProvider$7.class
   JD: libs/bctls-jdk15on.jar/META-INF/versions/9/org/bouncycastle/jsse/provider/BouncyCastleJsseProvider$8.class
   JD: libs/bctls-jdk15on.jar/META-INF/versions/9/org/bouncycastle/jsse/provider/BouncyCastleJsseProvider$9.class
   JD: libs/bctls-jdk15on.jar/META-INF/versions/9/org/bouncycastle/jsse/provider/BouncyCastleJsseProvider$BcJsseService.class
   JD: libs/bctls-jdk15on.jar/META-INF/versions/9/org/bouncycastle/jsse/provider/BouncyCastleJsseProvider.class
   JD: libs/bctls-jdk15on.jar/META-INF/versions/9/org/bouncycastle/jsse/provider/CipherSuiteInfo.class
   JD: libs/bctls-jdk15on.jar/META-INF/versions/9/org/bouncycastle/jsse/provider/DefaultSSLContextSpi$LazyInstance.class
   JD: libs/bctls-jdk15on.jar/META-INF/versions/9/org/bouncycastle/jsse/provider/DefaultSSLContextSpi$LazyManagers.class
   JD: libs/bctls-jdk15on.jar/META-INF/versions/9/org/bouncycastle/jsse/provider/DefaultSSLContextSpi.class
   JD: libs/bctls-jdk15on.jar/META-INF/versions/9/org/bouncycastle/jsse/provider/DummyX509KeyManager.class
   JD: libs/bctls-jdk15on.jar/META-INF/versions/9/org/bouncycastle/jsse/provider/DummyX509TrustManager.class
   JD: libs/bctls-jdk15on.jar/META-INF/versions/9/org/bouncycastle/jsse/provider/ImportX509KeyManager_4.class
   JD: libs/bctls-jdk15on.jar/META-INF/versions/9/org/bouncycastle/jsse/provider/ImportX509KeyManager_5.class
   JD: libs/bctls-jdk15on.jar/META-INF/versions/9/org/bouncycastle/jsse/provider/ImportX509TrustManager_5.class
   JD: libs/bctls-jdk15on.jar/META-INF/versions/9/org/bouncycastle/jsse/provider/JsseUtils$BCUnknownServerName.class
   JD: libs/bctls-jdk15on.jar/META-INF/versions/9/org/bouncycastle/jsse/provider/JsseUtils.class
   JD: libs/bctls-jdk15on.jar/META-INF/versions/9/org/bouncycastle/jsse/provider/JsseUtils_8$ExportAPSelector.class
   JD: libs/bctls-jdk15on.jar/META-INF/versions/9/org/bouncycastle/jsse/provider/JsseUtils_8$ExportSNIMatcher.class
   JD: libs/bctls-jdk15on.jar/META-INF/versions/9/org/bouncycastle/jsse/provider/JsseUtils_8$ImportAPSelector.class
   JD: libs/bctls-jdk15on.jar/META-INF/versions/9/org/bouncycastle/jsse/provider/JsseUtils_8$ImportSNIMatcher.class
   JD: libs/bctls-jdk15on.jar/META-INF/versions/9/org/bouncycastle/jsse/provider/JsseUtils_8$UnknownServerName.class
   JD: libs/bctls-jdk15on.jar/META-INF/versions/9/org/bouncycastle/jsse/provider/JsseUtils_8.class
   JD: libs/bctls-jdk15on.jar/META-INF/versions/9/org/bouncycastle/jsse/provider/JsseUtils_9$ExportAPSelector.class.removed
   JD: libs/bctls-jdk15on.jar/META-INF/versions/9/org/bouncycastle/jsse/provider/JsseUtils_9$ImportAPSelector.class.removed
   JD: libs/bctls-jdk15on.jar/META-INF/versions/9/org/bouncycastle/jsse/provider/JsseUtils_9.class
   JD: libs/bctls-jdk15on.jar/META-INF/versions/9/org/bouncycastle/jsse/provider/KeyStoreUtil.class
   JD: libs/bctls-jdk15on.jar/META-INF/versions/9/org/bouncycastle/jsse/provider/NamedGroupInfo$All.class
   JD: libs/bctls-jdk15on.jar/META-INF/versions/9/org/bouncycastle/jsse/provider/NamedGroupInfo$PerConnection.class
   JD: libs/bctls-jdk15on.jar/META-INF/versions/9/org/bouncycastle/jsse/provider/NamedGroupInfo$PerContext.class
   JD: libs/bctls-jdk15on.jar/META-INF/versions/9/org/bouncycastle/jsse/provider/NamedGroupInfo.class
   JD: libs/bctls-jdk15on.jar/META-INF/versions/9/org/bouncycastle/jsse/provider/PropertyUtils.class
   JD: libs/bctls-jdk15on.jar/META-INF/versions/9/org/bouncycastle/jsse/provider/ProvAlgorithmChecker.class
   JD: libs/bctls-jdk15on.jar/META-INF/versions/9/org/bouncycastle/jsse/provider/ProvAlgorithmConstraints.class
   JD: libs/bctls-jdk15on.jar/META-INF/versions/9/org/bouncycastle/jsse/provider/ProvKeyManagerFactorySpi.class
   JD: libs/bctls-jdk15on.jar/META-INF/versions/9/org/bouncycastle/jsse/provider/ProvSSLContextSpi$1.class
   JD: libs/bctls-jdk15on.jar/META-INF/versions/9/org/bouncycastle/jsse/provider/ProvSSLContextSpi.class
   JD: libs/bctls-jdk15on.jar/META-INF/versions/9/org/bouncycastle/jsse/provider/ProvSSLEngine.class
   JD: libs/bctls-jdk15on.jar/META-INF/versions/9/org/bouncycastle/jsse/provider/ProvSSLEngine_8.class
   JD: libs/bctls-jdk15on.jar/META-INF/versions/9/org/bouncycastle/jsse/provider/ProvSSLEngine_9.class
   JD: libs/bctls-jdk15on.jar/META-INF/versions/9/org/bouncycastle/jsse/provider/ProvSSLParameters.class
   JD: libs/bctls-jdk15on.jar/META-INF/versions/9/org/bouncycastle/jsse/provider/ProvSSLSessionContext$1.class
   JD: libs/bctls-jdk15on.jar/META-INF/versions/9/org/bouncycastle/jsse/provider/ProvSSLSessionContext$SessionEntry.class
   JD: libs/bctls-jdk15on.jar/META-INF/versions/9/org/bouncycastle/jsse/provider/ProvSSLSessionContext.class
   JD: libs/bctls-jdk15on.jar/META-INF/versions/9/org/bouncycastle/jsse/provider/ProvSSLSocketDirect.class
   JD: libs/bctls-jdk15on.jar/META-INF/versions/9/org/bouncycastle/jsse/provider/ProvSSLSocketDirect_8.class
   JD: libs/bctls-jdk15on.jar/META-INF/versions/9/org/bouncycastle/jsse/provider/ProvSSLSocketDirect_9.class
   JD: libs/bctls-jdk15on.jar/META-INF/versions/9/org/bouncycastle/jsse/provider/ProvSSLSocketWrap.class
   JD: libs/bctls-jdk15on.jar/META-INF/versions/9/org/bouncycastle/jsse/provider/ProvSSLSocketWrap_8.class
   JD: libs/bctls-jdk15on.jar/META-INF/versions/9/org/bouncycastle/jsse/provider/ProvSSLSocketWrap_9.class
   JD: libs/bctls-jdk15on.jar/META-INF/versions/9/org/bouncycastle/jsse/provider/ProvTlsClient$1.class
   JD: libs/bctls-jdk15on.jar/META-INF/versions/9/org/bouncycastle/jsse/provider/ProvTlsClient.class
   JD: libs/bctls-jdk15on.jar/META-INF/versions/9/org/bouncycastle/jsse/provider/ProvTlsManager.class
   JD: libs/bctls-jdk15on.jar/META-INF/versions/9/org/bouncycastle/jsse/provider/ProvTlsServer.class
   JD: libs/bctls-jdk15on.jar/META-INF/versions/9/org/bouncycastle/jsse/provider/ProvTrustManagerFactorySpi.class
   JD: libs/bctls-jdk15on.jar/META-INF/versions/9/org/bouncycastle/jsse/provider/ProvX509Key.class
   JD: libs/bctls-jdk15on.jar/META-INF/versions/9/org/bouncycastle/jsse/provider/ProvX509KeyManager$1.class
   JD: libs/bctls-jdk15on.jar/META-INF/versions/9/org/bouncycastle/jsse/provider/ProvX509KeyManager$DefaultPublicKeyFilter.class
   JD: libs/bctls-jdk15on.jar/META-INF/versions/9/org/bouncycastle/jsse/provider/ProvX509KeyManager$ECPublicKeyFilter13.class
   JD: libs/bctls-jdk15on.jar/META-INF/versions/9/org/bouncycastle/jsse/provider/ProvX509KeyManager$Match$Quality.class
   JD: libs/bctls-jdk15on.jar/META-INF/versions/9/org/bouncycastle/jsse/provider/ProvX509KeyManager$Match.class
   JD: libs/bctls-jdk15on.jar/META-INF/versions/9/org/bouncycastle/jsse/provider/ProvX509KeyManager$PublicKeyFilter.class
   JD: libs/bctls-jdk15on.jar/META-INF/versions/9/org/bouncycastle/jsse/provider/ProvX509KeyManager.class
   JD: libs/bctls-jdk15on.jar/META-INF/versions/9/org/bouncycastle/jsse/provider/ProvX509KeyManagerSimple$Credential.class
   JD: libs/bctls-jdk15on.jar/META-INF/versions/9/org/bouncycastle/jsse/provider/ProvX509KeyManagerSimple$DefaultPublicKeyFilter.class
   JD: libs/bctls-jdk15on.jar/META-INF/versions/9/org/bouncycastle/jsse/provider/ProvX509KeyManagerSimple$ECPublicKeyFilter13.class
   JD: libs/bctls-jdk15on.jar/META-INF/versions/9/org/bouncycastle/jsse/provider/ProvX509KeyManagerSimple$Match$Quality.class
   JD: libs/bctls-jdk15on.jar/META-INF/versions/9/org/bouncycastle/jsse/provider/ProvX509KeyManagerSimple$Match.class
   JD: libs/bctls-jdk15on.jar/META-INF/versions/9/org/bouncycastle/jsse/provider/ProvX509KeyManagerSimple$PublicKeyFilter.class
   JD: libs/bctls-jdk15on.jar/META-INF/versions/9/org/bouncycastle/jsse/provider/ProvX509KeyManagerSimple.class
   JD: libs/bctls-jdk15on.jar/META-INF/versions/9/org/bouncycastle/jsse/provider/ProvX509TrustManager$1.class
   JD: libs/bctls-jdk15on.jar/META-INF/versions/9/org/bouncycastle/jsse/provider/ProvX509TrustManager.class
   JD: libs/bctls-jdk15on.jar/META-INF/versions/9/org/bouncycastle/jsse/provider/SSLParametersUtil.class
   JD: libs/bctls-jdk15on.jar/META-INF/versions/9/org/bouncycastle/jsse/provider/SignatureSchemeInfo$All.class
   JD: libs/bctls-jdk15on.jar/META-INF/versions/9/org/bouncycastle/jsse/provider/SignatureSchemeInfo$PerContext.class
   JD: libs/bctls-jdk15on.jar/META-INF/versions/9/org/bouncycastle/jsse/provider/SignatureSchemeInfo.class
   JD: libs/bctls-jdk15on.jar/META-INF/versions/9/org/bouncycastle/tls/AbstractTlsClient.class
   JD: libs/bctls-jdk15on.jar/META-INF/versions/9/org/bouncycastle/tls/AbstractTlsContext.class
   JD: libs/bctls-jdk15on.jar/META-INF/versions/9/org/bouncycastle/tls/AbstractTlsKeyExchangeFactory.class
   JD: libs/bctls-jdk15on.jar/META-INF/versions/9/org/bouncycastle/tls/AbstractTlsPeer.class
   JD: libs/bctls-jdk15on.jar/META-INF/versions/9/org/bouncycastle/tls/AbstractTlsServer.class
   JD: libs/bctls-jdk15on.jar/META-INF/versions/9/org/bouncycastle/tls/ByteQueue.class
   JD: libs/bctls-jdk15on.jar/META-INF/versions/9/org/bouncycastle/tls/Certificate$ParseOptions.class
   JD: libs/bctls-jdk15on.jar/META-INF/versions/9/org/bouncycastle/tls/Certificate.class
   JD: libs/bctls-jdk15on.jar/META-INF/versions/9/org/bouncycastle/tls/CertificateRequest.class
   JD: libs/bctls-jdk15on.jar/META-INF/versions/9/org/bouncycastle/tls/CipherSuite.class
   JD: libs/bctls-jdk15on.jar/META-INF/versions/9/org/bouncycastle/tls/ClientCertificateType.class
   JD: libs/bctls-jdk15on.jar/META-INF/versions/9/org/bouncycastle/tls/ClientHello.class
   JD: libs/bctls-jdk15on.jar/META-INF/versions/9/org/bouncycastle/tls/CombinedHash.class
   JD: libs/bctls-jdk15on.jar/META-INF/versions/9/org/bouncycastle/tls/DefaultTlsDHGroupVerifier.class
   JD: libs/bctls-jdk15on.jar/META-INF/versions/9/org/bouncycastle/tls/DefaultTlsSRPConfigVerifier.class
   JD: libs/bctls-jdk15on.jar/META-INF/versions/9/org/bouncycastle/tls/DeferredHash.class
   JD: libs/bctls-jdk15on.jar/META-INF/versions/9/org/bouncycastle/tls/DigitallySigned.class
   JD: libs/bctls-jdk15on.jar/META-INF/versions/9/org/bouncycastle/tls/EncryptionAlgorithm.class
   JD: libs/bctls-jdk15on.jar/META-INF/versions/9/org/bouncycastle/tls/HandshakeMessageInput.class
   JD: libs/bctls-jdk15on.jar/META-INF/versions/9/org/bouncycastle/tls/HandshakeType.class
   JD: libs/bctls-jdk15on.jar/META-INF/versions/9/org/bouncycastle/tls/IdentifierType.class
   JD: libs/bctls-jdk15on.jar/META-INF/versions/9/org/bouncycastle/tls/KeyExchangeAlgorithm.class
   JD: libs/bctls-jdk15on.jar/META-INF/versions/9/org/bouncycastle/tls/NamedGroup.class
   JD: libs/bctls-jdk15on.jar/META-INF/versions/9/org/bouncycastle/tls/PRFAlgorithm.class
   JD: libs/bctls-jdk15on.jar/META-INF/versions/9/org/bouncycastle/tls/ProtocolName.class
   JD: libs/bctls-jdk15on.jar/META-INF/versions/9/org/bouncycastle/tls/RecordStream$Record.class
   JD: libs/bctls-jdk15on.jar/META-INF/versions/9/org/bouncycastle/tls/RecordStream$SequenceNumber.class
   JD: libs/bctls-jdk15on.jar/META-INF/versions/9/org/bouncycastle/tls/RecordStream.class
   JD: libs/bctls-jdk15on.jar/META-INF/versions/9/org/bouncycastle/tls/ServerName.class
   JD: libs/bctls-jdk15on.jar/META-INF/versions/9/org/bouncycastle/tls/SignatureAlgorithm.class
   JD: libs/bctls-jdk15on.jar/META-INF/versions/9/org/bouncycastle/tls/SignatureAndHashAlgorithm.class
   JD: libs/bctls-jdk15on.jar/META-INF/versions/9/org/bouncycastle/tls/SignatureScheme.class
   JD: libs/bctls-jdk15on.jar/META-INF/versions/9/org/bouncycastle/tls/TlsClient.class
   JD: libs/bctls-jdk15on.jar/META-INF/versions/9/org/bouncycastle/tls/TlsClientProtocol.class
   JD: libs/bctls-jdk15on.jar/META-INF/versions/9/org/bouncycastle/tls/TlsDHKeyExchange.class
   JD: libs/bctls-jdk15on.jar/META-INF/versions/9/org/bouncycastle/tls/TlsDHUtils.class
   JD: libs/bctls-jdk15on.jar/META-INF/versions/9/org/bouncycastle/tls/TlsECCUtils.class
   JD: libs/bctls-jdk15on.jar/META-INF/versions/9/org/bouncycastle/tls/TlsECDHKeyExchange.class
   JD: libs/bctls-jdk15on.jar/META-INF/versions/9/org/bouncycastle/tls/TlsException.class
   JD: libs/bctls-jdk15on.jar/META-INF/versions/9/org/bouncycastle/tls/TlsExtensionsUtils.class
   JD: libs/bctls-jdk15on.jar/META-INF/versions/9/org/bouncycastle/tls/TlsFatalAlertReceived.class
   JD: libs/bctls-jdk15on.jar/META-INF/versions/9/org/bouncycastle/tls/TlsHandshakeHash.class
   JD: libs/bctls-jdk15on.jar/META-INF/versions/9/org/bouncycastle/tls/TlsPSKKeyExchange.class
   JD: libs/bctls-jdk15on.jar/META-INF/versions/9/org/bouncycastle/tls/TlsPeer.class
   JD: libs/bctls-jdk15on.jar/META-INF/versions/9/org/bouncycastle/tls/TlsProtocol.class
   JD: libs/bctls-jdk15on.jar/META-INF/versions/9/org/bouncycastle/tls/TlsRSAKeyExchange.class
   JD: libs/bctls-jdk15on.jar/META-INF/versions/9/org/bouncycastle/tls/TlsRSAUtils.class
   JD: libs/bctls-jdk15on.jar/META-INF/versions/9/org/bouncycastle/tls/TlsSRPKeyExchange.class
   JD: libs/bctls-jdk15on.jar/META-INF/versions/9/org/bouncycastle/tls/TlsSRPUtils.class
   JD: libs/bctls-jdk15on.jar/META-INF/versions/9/org/bouncycastle/tls/TlsServerProtocol.class
   JD: libs/bctls-jdk15on.jar/META-INF/versions/9/org/bouncycastle/tls/TlsUtils.class
   JD: libs/bctls-jdk15on.jar/META-INF/versions/9/org/bouncycastle/tls/crypto/CryptoHashAlgorithm.class
   JD: libs/bctls-jdk15on.jar/META-INF/versions/9/org/bouncycastle/tls/crypto/CryptoSignatureAlgorithm.class
   JD: libs/bctls-jdk15on.jar/META-INF/versions/9/org/bouncycastle/tls/crypto/TlsCertificate.class
   JD: libs/bctls-jdk15on.jar/META-INF/versions/9/org/bouncycastle/tls/crypto/TlsCertificateRole.class
   JD: libs/bctls-jdk15on.jar/META-INF/versions/9/org/bouncycastle/tls/crypto/TlsCrypto.class
   JD: libs/bctls-jdk15on.jar/META-INF/versions/9/org/bouncycastle/tls/crypto/TlsCryptoException.class
   JD: libs/bctls-jdk15on.jar/META-INF/versions/9/org/bouncycastle/tls/crypto/TlsCryptoUtils.class
   JD: libs/bctls-jdk15on.jar/META-INF/versions/9/org/bouncycastle/tls/crypto/TlsHash.class
   JD: libs/bctls-jdk15on.jar/META-INF/versions/9/org/bouncycastle/tls/crypto/TlsSecret.class
   JD: libs/bctls-jdk15on.jar/META-INF/versions/9/org/bouncycastle/tls/crypto/impl/AbstractTlsCrypto.class
   JD: libs/bctls-jdk15on.jar/META-INF/versions/9/org/bouncycastle/tls/crypto/impl/RSAUtil.class
   JD: libs/bctls-jdk15on.jar/META-INF/versions/9/org/bouncycastle/tls/crypto/impl/TlsAEADCipher.class
   JD: libs/bctls-jdk15on.jar/META-INF/versions/9/org/bouncycastle/tls/crypto/impl/TlsBlockCipher.class
   JD: libs/bctls-jdk15on.jar/META-INF/versions/9/org/bouncycastle/tls/crypto/impl/TlsSuiteHMac.class
   JD: libs/bctls-jdk15on.jar/META-INF/versions/9/org/bouncycastle/tls/crypto/impl/jcajce/ECUtil.class
   JD: libs/bctls-jdk15on.jar/META-INF/versions/9/org/bouncycastle/tls/crypto/impl/jcajce/JcaDefaultTlsCredentialedSigner.class
   JD: libs/bctls-jdk15on.jar/META-INF/versions/9/org/bouncycastle/tls/crypto/impl/jcajce/JcaTlsCertificate.class
   JD: libs/bctls-jdk15on.jar/META-INF/versions/9/org/bouncycastle/tls/crypto/impl/jcajce/JcaTlsCrypto$1.class
   JD: libs/bctls-jdk15on.jar/META-INF/versions/9/org/bouncycastle/tls/crypto/impl/jcajce/JcaTlsCrypto$2.class
   JD: libs/bctls-jdk15on.jar/META-INF/versions/9/org/bouncycastle/tls/crypto/impl/jcajce/JcaTlsCrypto$3.class
   JD: libs/bctls-jdk15on.jar/META-INF/versions/9/org/bouncycastle/tls/crypto/impl/jcajce/JcaTlsCrypto$4.class
   JD: libs/bctls-jdk15on.jar/META-INF/versions/9/org/bouncycastle/tls/crypto/impl/jcajce/JcaTlsCrypto.class
   JD: libs/bctls-jdk15on.jar/META-INF/versions/9/org/bouncycastle/tls/crypto/impl/jcajce/JcaTlsECDSA13Signer.class
   JD: libs/bctls-jdk15on.jar/META-INF/versions/9/org/bouncycastle/tls/crypto/impl/jcajce/JcaTlsECDSA13Verifier.class
   JD: libs/bctls-jdk15on.jar/META-INF/versions/9/org/bouncycastle/tls/crypto/impl/jcajce/JcaTlsHash.class
   JD: libs/bctls-jdk15on.jar/META-INF/versions/9/org/bouncycastle/tls/crypto/impl/jcajce/JcaTlsRSAPSSSigner.class
   JD: libs/bctls-jdk15on.jar/META-INF/versions/9/org/bouncycastle/tls/crypto/impl/jcajce/JcaTlsRSAPSSVerifier.class
   JD: libs/bctls-jdk15on.jar/META-INF/versions/9/org/bouncycastle/tls/crypto/impl/jcajce/JceAEADCipherImpl.class
   JD: libs/bctls-jdk15on.jar/META-INF/versions/9/org/bouncycastle/tls/crypto/impl/jcajce/JceBlockCipherImpl.class
   JD: libs/bctls-jdk15on.jar/META-INF/versions/9/org/bouncycastle/tls/crypto/impl/jcajce/JceBlockCipherWithCBCImplicitIVImpl.class
   JD: libs/bctls-jdk15on.jar/META-INF/versions/9/org/bouncycastle/tls/crypto/impl/jcajce/JceChaCha20Poly1305.class
   JD: libs/bctls-jdk15on.jar/META-INF/versions/9/org/bouncycastle/tls/crypto/impl/jcajce/JceDefaultTlsCredentialedDecryptor.class
   JD: libs/bctls-jdk15on.jar/META-INF/versions/9/org/bouncycastle/tls/crypto/impl/jcajce/JceTlsECDomain.class
   JD: libs/bctls-jdk15on.jar/META-INF/versions/9/org/bouncycastle/tls/crypto/impl/jcajce/JceTlsSecret.class
   JD: libs/bctls-jdk15on.jar/META-INF/versions/9/org/bouncycastle/tls/crypto/impl/jcajce/JceX25519Domain.class
   JD: libs/bctls-jdk15on.jar/META-INF/versions/9/org/bouncycastle/tls/crypto/impl/jcajce/JceX448Domain.class
   JD: libs/bctls-jdk15on.jar/META-INF/versions/9/org/bouncycastle/tls/crypto/impl/jcajce/RSAUtil.class
   JD: libs/bctls-jdk15on.jar/META-INF/versions/9/org/bouncycastle/tls/crypto/impl/jcajce/XDHUtil.class
   JD: libs/bctls-jdk15on.jar/org/bouncycastle/jsse/BCSSLParameters.class
   JD: libs/bctls-jdk15on.jar/org/bouncycastle/jsse/BCX509ExtendedKeyManager.class
   JD: libs/bctls-jdk15on.jar/org/bouncycastle/jsse/BCX509Key.class
   JD: libs/bctls-jdk15on.jar/org/bouncycastle/jsse/provider/BouncyCastleJsseProvider$3.class
   JD: libs/bctls-jdk15on.jar/org/bouncycastle/jsse/provider/BouncyCastleJsseProvider$4.class
   JD: libs/bctls-jdk15on.jar/org/bouncycastle/jsse/provider/BouncyCastleJsseProvider$5.class
   JD: libs/bctls-jdk15on.jar/org/bouncycastle/jsse/provider/BouncyCastleJsseProvider$6.class
   JD: libs/bctls-jdk15on.jar/org/bouncycastle/jsse/provider/BouncyCastleJsseProvider$7.class
   JD: libs/bctls-jdk15on.jar/org/bouncycastle/jsse/provider/BouncyCastleJsseProvider$9.class
   JD: libs/bctls-jdk15on.jar/org/bouncycastle/jsse/provider/BouncyCastleJsseProvider.class
   JD: libs/bctls-jdk15on.jar/org/bouncycastle/jsse/provider/CipherSuiteInfo.class
   JD: libs/bctls-jdk15on.jar/org/bouncycastle/jsse/provider/DefaultSSLContextSpi$LazyInstance.class
   JD: libs/bctls-jdk15on.jar/org/bouncycastle/jsse/provider/DefaultSSLContextSpi$LazyManagers.class
   JD: libs/bctls-jdk15on.jar/org/bouncycastle/jsse/provider/DefaultSSLContextSpi.class
   JD: libs/bctls-jdk15on.jar/org/bouncycastle/jsse/provider/DummyX509KeyManager.class
   JD: libs/bctls-jdk15on.jar/org/bouncycastle/jsse/provider/DummyX509TrustManager.class
   JD: libs/bctls-jdk15on.jar/org/bouncycastle/jsse/provider/ImportX509KeyManager_4.class
   JD: libs/bctls-jdk15on.jar/org/bouncycastle/jsse/provider/ImportX509KeyManager_5.class
   JD: libs/bctls-jdk15on.jar/org/bouncycastle/jsse/provider/ImportX509TrustManager_5.class
   JD: libs/bctls-jdk15on.jar/org/bouncycastle/jsse/provider/JsseUtils.class
   JD: libs/bctls-jdk15on.jar/org/bouncycastle/jsse/provider/JsseUtils_8$ExportAPSelector.class
   JD: libs/bctls-jdk15on.jar/org/bouncycastle/jsse/provider/JsseUtils_8$ImportAPSelector.class
   JD: libs/bctls-jdk15on.jar/org/bouncycastle/jsse/provider/JsseUtils_8.class
   JD: libs/bctls-jdk15on.jar/org/bouncycastle/jsse/provider/KeyStoreUtil.class
   JD: libs/bctls-jdk15on.jar/org/bouncycastle/jsse/provider/NamedGroupInfo$All.class
   JD: libs/bctls-jdk15on.jar/org/bouncycastle/jsse/provider/NamedGroupInfo$PerConnection.class
   JD: libs/bctls-jdk15on.jar/org/bouncycastle/jsse/provider/NamedGroupInfo$PerContext.class
   JD: libs/bctls-jdk15on.jar/org/bouncycastle/jsse/provider/NamedGroupInfo.class
   JD: libs/bctls-jdk15on.jar/org/bouncycastle/jsse/provider/PropertyUtils.class
   JD: libs/bctls-jdk15on.jar/org/bouncycastle/jsse/provider/ProvAlgorithmChecker.class
   JD: libs/bctls-jdk15on.jar/org/bouncycastle/jsse/provider/ProvAlgorithmConstraints.class
   JD: libs/bctls-jdk15on.jar/org/bouncycastle/jsse/provider/ProvKeyManagerFactorySpi.class
   JD: libs/bctls-jdk15on.jar/org/bouncycastle/jsse/provider/ProvSSLContextSpi.class
   JD: libs/bctls-jdk15on.jar/org/bouncycastle/jsse/provider/ProvSSLEngine.class
   JD: libs/bctls-jdk15on.jar/org/bouncycastle/jsse/provider/ProvSSLEngine_8.class
   JD: libs/bctls-jdk15on.jar/org/bouncycastle/jsse/provider/ProvSSLParameters.class
   JD: libs/bctls-jdk15on.jar/org/bouncycastle/jsse/provider/ProvSSLSessionContext.class
   JD: libs/bctls-jdk15on.jar/org/bouncycastle/jsse/provider/ProvSSLSocketDirect.class
   JD: libs/bctls-jdk15on.jar/org/bouncycastle/jsse/provider/ProvSSLSocketDirect_8.class
   JD: libs/bctls-jdk15on.jar/org/bouncycastle/jsse/provider/ProvSSLSocketWrap.class
   JD: libs/bctls-jdk15on.jar/org/bouncycastle/jsse/provider/ProvSSLSocketWrap_8.class
   JD: libs/bctls-jdk15on.jar/org/bouncycastle/jsse/provider/ProvTlsClient.class
   JD: libs/bctls-jdk15on.jar/org/bouncycastle/jsse/provider/ProvTlsManager.class
   JD: libs/bctls-jdk15on.jar/org/bouncycastle/jsse/provider/ProvTlsServer.class
   JD: libs/bctls-jdk15on.jar/org/bouncycastle/jsse/provider/ProvTrustManagerFactorySpi.class
   JD: libs/bctls-jdk15on.jar/org/bouncycastle/jsse/provider/ProvX509Key.class
   JD: libs/bctls-jdk15on.jar/org/bouncycastle/jsse/provider/ProvX509KeyManager$DefaultPublicKeyFilter.class
   JD: libs/bctls-jdk15on.jar/org/bouncycastle/jsse/provider/ProvX509KeyManager$ECPublicKeyFilter13.class
   JD: libs/bctls-jdk15on.jar/org/bouncycastle/jsse/provider/ProvX509KeyManager$Match.class
   JD: libs/bctls-jdk15on.jar/org/bouncycastle/jsse/provider/ProvX509KeyManager$PublicKeyFilter.class
   JD: libs/bctls-jdk15on.jar/org/bouncycastle/jsse/provider/ProvX509KeyManager.class
   JD: libs/bctls-jdk15on.jar/org/bouncycastle/jsse/provider/ProvX509KeyManagerSimple$DefaultPublicKeyFilter.class
   JD: libs/bctls-jdk15on.jar/org/bouncycastle/jsse/provider/ProvX509KeyManagerSimple$ECPublicKeyFilter13.class
   JD: libs/bctls-jdk15on.jar/org/bouncycastle/jsse/provider/ProvX509KeyManagerSimple$Match.class
   JD: libs/bctls-jdk15on.jar/org/bouncycastle/jsse/provider/ProvX509KeyManagerSimple$PublicKeyFilter.class
   JD: libs/bctls-jdk15on.jar/org/bouncycastle/jsse/provider/ProvX509KeyManagerSimple.class
   JD: libs/bctls-jdk15on.jar/org/bouncycastle/jsse/provider/ProvX509TrustManager.class
   JD: libs/bctls-jdk15on.jar/org/bouncycastle/jsse/provider/SSLEngineUtil.class
   JD: libs/bctls-jdk15on.jar/org/bouncycastle/jsse/provider/SSLParametersUtil.class
   JD: libs/bctls-jdk15on.jar/org/bouncycastle/jsse/provider/SSLSocketUtil.class
   JD: libs/bctls-jdk15on.jar/org/bouncycastle/jsse/provider/SignatureSchemeInfo$All.class
   JD: libs/bctls-jdk15on.jar/org/bouncycastle/jsse/provider/SignatureSchemeInfo.class
   JD: libs/bctls-jdk15on.jar/org/bouncycastle/jsse/util/SNISocketFactory.class
   JD: libs/bctls-jdk15on.jar/org/bouncycastle/jsse/util/SNIUtil.class
   JD: libs/bctls-jdk15on.jar/org/bouncycastle/jsse/util/URLConnectionUtil.class
   JD: libs/bctls-jdk15on.jar/org/bouncycastle/tls/AbstractTlsClient.class
   JD: libs/bctls-jdk15on.jar/org/bouncycastle/tls/AbstractTlsContext.class
   JD: libs/bctls-jdk15on.jar/org/bouncycastle/tls/AbstractTlsKeyExchangeFactory.class
   JD: libs/bctls-jdk15on.jar/org/bouncycastle/tls/AbstractTlsPeer.class
   JD: libs/bctls-jdk15on.jar/org/bouncycastle/tls/AbstractTlsServer.class
   JD: libs/bctls-jdk15on.jar/org/bouncycastle/tls/BulkCipherAlgorithm.class
   JD: libs/bctls-jdk15on.jar/org/bouncycastle/tls/ByteQueue.class
   JD: libs/bctls-jdk15on.jar/org/bouncycastle/tls/Certificate$ParseOptions.class
   JD: libs/bctls-jdk15on.jar/org/bouncycastle/tls/Certificate.class
   JD: libs/bctls-jdk15on.jar/org/bouncycastle/tls/CipherSuite.class
   JD: libs/bctls-jdk15on.jar/org/bouncycastle/tls/ClientCertificateType.class
   JD: libs/bctls-jdk15on.jar/org/bouncycastle/tls/CombinedHash.class
   JD: libs/bctls-jdk15on.jar/org/bouncycastle/tls/DTLSServerProtocol.class
   JD: libs/bctls-jdk15on.jar/org/bouncycastle/tls/DefaultTlsDHGroupVerifier.class
   JD: libs/bctls-jdk15on.jar/org/bouncycastle/tls/DefaultTlsSRPConfigVerifier.class
   JD: libs/bctls-jdk15on.jar/org/bouncycastle/tls/DeferredHash.class
   JD: libs/bctls-jdk15on.jar/org/bouncycastle/tls/DigitallySigned.class
   JD: libs/bctls-jdk15on.jar/org/bouncycastle/tls/ECBasisType.class
   JD: libs/bctls-jdk15on.jar/org/bouncycastle/tls/EncryptionAlgorithm.class
   JD: libs/bctls-jdk15on.jar/org/bouncycastle/tls/HandshakeMessageInput.class
   JD: libs/bctls-jdk15on.jar/org/bouncycastle/tls/HandshakeType.class
   JD: libs/bctls-jdk15on.jar/org/bouncycastle/tls/IdentifierType.class
   JD: libs/bctls-jdk15on.jar/org/bouncycastle/tls/KeyExchangeAlgorithm.class
   JD: libs/bctls-jdk15on.jar/org/bouncycastle/tls/NamedGroup.class
   JD: libs/bctls-jdk15on.jar/org/bouncycastle/tls/PRFAlgorithm.class
   JD: libs/bctls-jdk15on.jar/org/bouncycastle/tls/ProtocolName.class
   JD: libs/bctls-jdk15on.jar/org/bouncycastle/tls/RecordStream$SequenceNumber.class
   JD: libs/bctls-jdk15on.jar/org/bouncycastle/tls/RecordStream.class
   JD: libs/bctls-jdk15on.jar/org/bouncycastle/tls/SignatureAlgorithm.class
   JD: libs/bctls-jdk15on.jar/org/bouncycastle/tls/SignatureAndHashAlgorithm.class
   JD: libs/bctls-jdk15on.jar/org/bouncycastle/tls/SignatureScheme.class
   JD: libs/bctls-jdk15on.jar/org/bouncycastle/tls/TlsClient.class
   JD: libs/bctls-jdk15on.jar/org/bouncycastle/tls/TlsClientProtocol.class
   JD: libs/bctls-jdk15on.jar/org/bouncycastle/tls/TlsDHKeyExchange.class
   JD: libs/bctls-jdk15on.jar/org/bouncycastle/tls/TlsDHUtils.class
   JD: libs/bctls-jdk15on.jar/org/bouncycastle/tls/TlsECCUtils.class
   JD: libs/bctls-jdk15on.jar/org/bouncycastle/tls/TlsECDHKeyExchange.class
   JD: libs/bctls-jdk15on.jar/org/bouncycastle/tls/TlsException.class
   JD: libs/bctls-jdk15on.jar/org/bouncycastle/tls/TlsExtensionsUtils.class
   JD: libs/bctls-jdk15on.jar/org/bouncycastle/tls/TlsFatalAlertReceived.class
   JD: libs/bctls-jdk15on.jar/org/bouncycastle/tls/TlsHandshakeHash.class
   JD: libs/bctls-jdk15on.jar/org/bouncycastle/tls/TlsPSKKeyExchange.class
   JD: libs/bctls-jdk15on.jar/org/bouncycastle/tls/TlsPeer.class
   JD: libs/bctls-jdk15on.jar/org/bouncycastle/tls/TlsProtocol.class
   JD: libs/bctls-jdk15on.jar/org/bouncycastle/tls/TlsRSAKeyExchange.class
   JD: libs/bctls-jdk15on.jar/org/bouncycastle/tls/TlsRSAUtils.class
   JD: libs/bctls-jdk15on.jar/org/bouncycastle/tls/TlsSRPKeyExchange.class
   JD: libs/bctls-jdk15on.jar/org/bouncycastle/tls/TlsSRPUtils.class
   JD: libs/bctls-jdk15on.jar/org/bouncycastle/tls/TlsServerProtocol.class
   JD: libs/bctls-jdk15on.jar/org/bouncycastle/tls/TlsUtils.class
   JD: libs/bctls-jdk15on.jar/org/bouncycastle/tls/URLAndHash.class
   JD: libs/bctls-jdk15on.jar/org/bouncycastle/tls/UseSRTPData.class
   JD: libs/bctls-jdk15on.jar/org/bouncycastle/tls/crypto/CryptoHashAlgorithm.class
   JD: libs/bctls-jdk15on.jar/org/bouncycastle/tls/crypto/CryptoSignatureAlgorithm.class
   JD: libs/bctls-jdk15on.jar/org/bouncycastle/tls/crypto/TlsCertificate.class
   JD: libs/bctls-jdk15on.jar/org/bouncycastle/tls/crypto/TlsCertificateRole.class
   JD: libs/bctls-jdk15on.jar/org/bouncycastle/tls/crypto/TlsCrypto.class
   JD: libs/bctls-jdk15on.jar/org/bouncycastle/tls/crypto/TlsCryptoException.class
   JD: libs/bctls-jdk15on.jar/org/bouncycastle/tls/crypto/TlsCryptoUtils.class
   JD: libs/bctls-jdk15on.jar/org/bouncycastle/tls/crypto/TlsHash.class
   JD: libs/bctls-jdk15on.jar/org/bouncycastle/tls/crypto/TlsSecret.class
   JD: libs/bctls-jdk15on.jar/org/bouncycastle/tls/crypto/impl/AbstractTlsCrypto.class
   JD: libs/bctls-jdk15on.jar/org/bouncycastle/tls/crypto/impl/RSAUtil.class
   JD: libs/bctls-jdk15on.jar/org/bouncycastle/tls/crypto/impl/TlsAEADCipher.class
   JD: libs/bctls-jdk15on.jar/org/bouncycastle/tls/crypto/impl/TlsBlockCipher.class
   JD: libs/bctls-jdk15on.jar/org/bouncycastle/tls/crypto/impl/TlsSuiteHMac.class
   JD: libs/bctls-jdk15on.jar/org/bouncycastle/tls/crypto/impl/bc/BcDefaultTlsCredentialedSigner.class
   JD: libs/bctls-jdk15on.jar/org/bouncycastle/tls/crypto/impl/bc/BcTlsAEADCipherImpl.class
   JD: libs/bctls-jdk15on.jar/org/bouncycastle/tls/crypto/impl/bc/BcTlsBlockCipherImpl.class
   JD: libs/bctls-jdk15on.jar/org/bouncycastle/tls/crypto/impl/bc/BcTlsCertificate.class
   JD: libs/bctls-jdk15on.jar/org/bouncycastle/tls/crypto/impl/bc/BcTlsCrypto$1.class.removed
   JD: libs/bctls-jdk15on.jar/org/bouncycastle/tls/crypto/impl/bc/BcTlsCrypto$2.class.removed
   JD: libs/bctls-jdk15on.jar/org/bouncycastle/tls/crypto/impl/bc/BcTlsCrypto$3.class.removed
   JD: libs/bctls-jdk15on.jar/org/bouncycastle/tls/crypto/impl/bc/BcTlsCrypto$4.class.removed
   JD: libs/bctls-jdk15on.jar/org/bouncycastle/tls/crypto/impl/bc/BcTlsCrypto$5.class.removed
   JD: libs/bctls-jdk15on.jar/org/bouncycastle/tls/crypto/impl/bc/BcTlsCrypto$AeadOperator.class.removed
   JD: libs/bctls-jdk15on.jar/org/bouncycastle/tls/crypto/impl/bc/BcTlsCrypto$BcTlsHash.class.removed
   JD: libs/bctls-jdk15on.jar/org/bouncycastle/tls/crypto/impl/bc/BcTlsCrypto$BlockOperator.class.removed
   JD: libs/bctls-jdk15on.jar/org/bouncycastle/tls/crypto/impl/bc/BcTlsCrypto$HMacOperator.class.removed
   JD: libs/bctls-jdk15on.jar/org/bouncycastle/tls/crypto/impl/bc/BcTlsCrypto.class
   JD: libs/bctls-jdk15on.jar/org/bouncycastle/tls/crypto/impl/bc/BcTlsDSASigner.class
   JD: libs/bctls-jdk15on.jar/org/bouncycastle/tls/crypto/impl/bc/BcTlsDSAVerifier.class
   JD: libs/bctls-jdk15on.jar/org/bouncycastle/tls/crypto/impl/bc/BcTlsDSSSigner.class
   JD: libs/bctls-jdk15on.jar/org/bouncycastle/tls/crypto/impl/bc/BcTlsDSSVerifier.class
   JD: libs/bctls-jdk15on.jar/org/bouncycastle/tls/crypto/impl/bc/BcTlsECDSA13Signer.class
   JD: libs/bctls-jdk15on.jar/org/bouncycastle/tls/crypto/impl/bc/BcTlsECDSA13Verifier.class
   JD: libs/bctls-jdk15on.jar/org/bouncycastle/tls/crypto/impl/bc/BcTlsECDSASigner.class
   JD: libs/bctls-jdk15on.jar/org/bouncycastle/tls/crypto/impl/bc/BcTlsECDSAVerifier.class
   JD: libs/bctls-jdk15on.jar/org/bouncycastle/tls/crypto/impl/bc/BcTlsECDomain.class
   JD: libs/bctls-jdk15on.jar/org/bouncycastle/tls/crypto/impl/bc/BcTlsEd25519Signer.class
   JD: libs/bctls-jdk15on.jar/org/bouncycastle/tls/crypto/impl/bc/BcTlsEd25519Verifier.class
   JD: libs/bctls-jdk15on.jar/org/bouncycastle/tls/crypto/impl/bc/BcTlsEd448Signer.class
   JD: libs/bctls-jdk15on.jar/org/bouncycastle/tls/crypto/impl/bc/BcTlsEd448Verifier.class
   JD: libs/bctls-jdk15on.jar/org/bouncycastle/tls/crypto/impl/bc/BcTlsHMAC.class
   JD: libs/bctls-jdk15on.jar/org/bouncycastle/tls/crypto/impl/bc/BcTlsHash.class
   JD: libs/bctls-jdk15on.jar/org/bouncycastle/tls/crypto/impl/bc/BcTlsNonceGenerator.class
   JD: libs/bctls-jdk15on.jar/org/bouncycastle/tls/crypto/impl/bc/BcTlsRSAEncryptor.class
   JD: libs/bctls-jdk15on.jar/org/bouncycastle/tls/crypto/impl/bc/BcTlsRSAPSSSigner.class
   JD: libs/bctls-jdk15on.jar/org/bouncycastle/tls/crypto/impl/bc/BcTlsRSAPSSVerifier.class
   JD: libs/bctls-jdk15on.jar/org/bouncycastle/tls/crypto/impl/bc/BcTlsRSASigner.class
   JD: libs/bctls-jdk15on.jar/org/bouncycastle/tls/crypto/impl/bc/BcTlsRSAVerifier.class
   JD: libs/bctls-jdk15on.jar/org/bouncycastle/tls/crypto/impl/bc/BcTlsSM2Signer.class
   JD: libs/bctls-jdk15on.jar/org/bouncycastle/tls/crypto/impl/bc/BcTlsSM2Verifier.class
   JD: libs/bctls-jdk15on.jar/org/bouncycastle/tls/crypto/impl/bc/BcTlsSRP6Client.class
   JD: libs/bctls-jdk15on.jar/org/bouncycastle/tls/crypto/impl/bc/BcTlsSRP6Server.class
   JD: libs/bctls-jdk15on.jar/org/bouncycastle/tls/crypto/impl/bc/BcTlsSRP6VerifierGenerator.class
   JD: libs/bctls-jdk15on.jar/org/bouncycastle/tls/crypto/impl/bc/BcTlsSecret.class
   JD: libs/bctls-jdk15on.jar/org/bouncycastle/tls/crypto/impl/jcajce/ECUtil.class
   JD: libs/bctls-jdk15on.jar/org/bouncycastle/tls/crypto/impl/jcajce/JcaDefaultTlsCredentialedSigner.class
   JD: libs/bctls-jdk15on.jar/org/bouncycastle/tls/crypto/impl/jcajce/JcaTlsCertificate.class
   JD: libs/bctls-jdk15on.jar/org/bouncycastle/tls/crypto/impl/jcajce/JcaTlsCrypto.class
   JD: libs/bctls-jdk15on.jar/org/bouncycastle/tls/crypto/impl/jcajce/JcaTlsECDSA13Signer.class
   JD: libs/bctls-jdk15on.jar/org/bouncycastle/tls/crypto/impl/jcajce/JcaTlsECDSA13Verifier.class
   JD: libs/bctls-jdk15on.jar/org/bouncycastle/tls/crypto/impl/jcajce/JcaTlsHash.class
   JD: libs/bctls-jdk15on.jar/org/bouncycastle/tls/crypto/impl/jcajce/JcaTlsRSAPSSSigner.class
   JD: libs/bctls-jdk15on.jar/org/bouncycastle/tls/crypto/impl/jcajce/JcaTlsRSAPSSVerifier.class
   JD: libs/bctls-jdk15on.jar/org/bouncycastle/tls/crypto/impl/jcajce/JceAEADCipherImpl.class
   JD: libs/bctls-jdk15on.jar/org/bouncycastle/tls/crypto/impl/jcajce/JceBlockCipherImpl.class
   JD: libs/bctls-jdk15on.jar/org/bouncycastle/tls/crypto/impl/jcajce/JceBlockCipherWithCBCImplicitIVImpl.class
   JD: libs/bctls-jdk15on.jar/org/bouncycastle/tls/crypto/impl/jcajce/JceChaCha20Poly1305.class
   JD: libs/bctls-jdk15on.jar/org/bouncycastle/tls/crypto/impl/jcajce/JceDefaultTlsCredentialedDecryptor.class
   JD: libs/bctls-jdk15on.jar/org/bouncycastle/tls/crypto/impl/jcajce/JceTlsECDomain.class
   JD: libs/bctls-jdk15on.jar/org/bouncycastle/tls/crypto/impl/jcajce/JceTlsSecret.class
   JD: libs/bctls-jdk15on.jar/org/bouncycastle/tls/crypto/impl/jcajce/JceX25519Domain.class
   JD: libs/bctls-jdk15on.jar/org/bouncycastle/tls/crypto/impl/jcajce/JceX448Domain.class
   JD: libs/bctls-jdk15on.jar/org/bouncycastle/tls/crypto/impl/jcajce/RSAUtil.class
   JD: libs/bctls-jdk15on.jar/org/bouncycastle/tls/crypto/impl/jcajce/XDHUtil.class
   libs/JDGUI.jar
   libs/JDUtils.jar
   libs/bcpkix-jdk15on.jar
   libs/bcprov-jdk15on.jar
   libs/bctls-jdk15on.jar
   libs/bcutil-jdk15on.jar
   licenses/bcpkix-jdk15on.jar.info
   licenses/bcprov-jdk15on.jar.info
   licenses/bctls-jdk15on.jar.info
   licenses/bcutil-jdk15on.jar.info
