Sat Jan 08 00:02:08 CST 2022
Package: package_1641571297495.awf
Install
Write Revision: 15864
----------------Plugins----------------
   jd/plugins/decrypter/Arabplus2Co.class
   jd/plugins/decrypter/ArchiveOrg.class
   jd/plugins/decrypter/Ardmediathek.class
   jd/plugins/decrypter/AventertainmentsCom.class
   jd/plugins/decrypter/Bestcash2020Com.class
   jd/plugins/decrypter/BrightcoveDecrypter.class
   jd/plugins/decrypter/BsTo.class
   jd/plugins/decrypter/CamvideosOrg.class.removed
   jd/plugins/decrypter/CamwhoresTv.class
   jd/plugins/decrypter/CashMaxOnline.class
   jd/plugins/decrypter/ChoMikujPl.class
   jd/plugins/decrypter/CloudMailRuDecrypter.class
   jd/plugins/decrypter/CyberdropMeAlbum.class
   jd/plugins/decrypter/DDLMscrg.class.removed
   jd/plugins/decrypter/DlPrteCom.class
   jd/plugins/decrypter/DownloadSaikoanimesNetFolder.class
   jd/plugins/decrypter/DuboxComFolder.class.removed
   jd/plugins/decrypter/Ebay.class
   jd/plugins/decrypter/FEmbedDecrypter$1.class
   jd/plugins/decrypter/FEmbedDecrypter.class
   jd/plugins/decrypter/FcLc.class
   jd/plugins/decrypter/FilefactoryComFolder.class
   jd/plugins/decrypter/FlickrCom$AlbumType.class
   jd/plugins/decrypter/FlickrCom$FlickrAlbum.class
   jd/plugins/decrypter/FlickrCom.class
   jd/plugins/decrypter/FlimmitCom$1.class
   jd/plugins/decrypter/FlimmitCom.class
   jd/plugins/decrypter/FromsmashComFolder.class
   jd/plugins/decrypter/GenericHTTPDirectoryIndexCrawler.class
   jd/plugins/decrypter/GenericRedirectors.class
   jd/plugins/decrypter/GenericXFileShareProFolder.class
   jd/plugins/decrypter/GenericYetiShareFolder.class
   jd/plugins/decrypter/GetComics.class
   jd/plugins/decrypter/GoFileIo.class
   jd/plugins/decrypter/HastaTeamCom.class.removed
   jd/plugins/decrypter/HitomiLa.class
   jd/plugins/decrypter/IsecureLink.class
   jd/plugins/decrypter/IssuuCom.class
   jd/plugins/decrypter/JavhdCom.class
   jd/plugins/decrypter/KeepLinksMe.class
   jd/plugins/decrypter/LinkCrawlerDeepHelper$1.class
   jd/plugins/decrypter/LinkCrawlerDeepHelper.class
   jd/plugins/decrypter/LinkjustCom.class
   jd/plugins/decrypter/Loan2hostCom.class
   jd/plugins/decrypter/MassengeschmackTvCrawler.class
   jd/plugins/decrypter/MetArt.class
   jd/plugins/decrypter/MicrosoftComDecrypter.class
   jd/plugins/decrypter/MightyScriptAdLinkFly$1.class
   jd/plugins/decrypter/MightyScriptAdLinkFly$CaptchaType.class
   jd/plugins/decrypter/MightyScriptAdLinkFly.class
   jd/plugins/decrypter/MightyScriptAdLinkFlyDefault.class
   jd/plugins/decrypter/MiklproCom.class
   jd/plugins/decrypter/MixCloudCom.class
   jd/plugins/decrypter/MystereTvComDecrypter.class.removed
   jd/plugins/decrypter/NexusmodsCom.class
   jd/plugins/decrypter/NkPlGallery.class.removed
   jd/plugins/decrypter/OuoIo.class
   jd/plugins/decrypter/PerfectGirlsNet.class
   jd/plugins/decrypter/PhotoShareRu.class
   jd/plugins/decrypter/PixivNetGallery.class
   jd/plugins/decrypter/PornportalComCrawler.class
   jd/plugins/decrypter/ProSh.class
   jd/plugins/decrypter/ProtectMylinksCom.class
   jd/plugins/decrypter/RGhostNetCrawler.class
   jd/plugins/decrypter/RmsZphrNt.class.removed
   jd/plugins/decrypter/Rule34Xxx.class
   jd/plugins/decrypter/SamaaProCom.class
   jd/plugins/decrypter/SamePageIoDecrypter.class.removed
   jd/plugins/decrypter/SerienStreamTo$1.class
   jd/plugins/decrypter/SerienStreamTo.class
   jd/plugins/decrypter/SexZindianComDecrypter.class
   jd/plugins/decrypter/SflnkgNt.class
   jd/plugins/decrypter/Sh2rtCom.class
   jd/plugins/decrypter/ShortCash2Xyz.class
   jd/plugins/decrypter/ShortEs.class
   jd/plugins/decrypter/ShorteSt.class
   jd/plugins/decrypter/ShrinkServiceIt.class
   jd/plugins/decrypter/SolidFilesComFolder.class
   jd/plugins/decrypter/SoundCloudComDecrypter$1.class
   jd/plugins/decrypter/SoundCloudComDecrypter.class
   jd/plugins/decrypter/SpasteCom.class
   jd/plugins/decrypter/SrBox.class
   jd/plugins/decrypter/TbCmV2$1.class
   jd/plugins/decrypter/TbCmV2$2.class
   jd/plugins/decrypter/TbCmV2$3.class
   jd/plugins/decrypter/TbCmV2$4.class
   jd/plugins/decrypter/TbCmV2$5.class
   jd/plugins/decrypter/TbCmV2$6.class
   jd/plugins/decrypter/TbCmV2$7.class
   jd/plugins/decrypter/TbCmV2$8.class
   jd/plugins/decrypter/TbCmV2.class
   jd/plugins/decrypter/TeraboxComFolder.class
   jd/plugins/decrypter/TiktokCom.class
   jd/plugins/decrypter/Try2LinkCom.class
   jd/plugins/decrypter/TwitterCom.class
   jd/plugins/decrypter/UdemyComDecrypter.class
   jd/plugins/decrypter/UiiIo.class
   jd/plugins/decrypter/VKontakteRu.class
   jd/plugins/decrypter/VimeoComDecrypter$1.class
   jd/plugins/decrypter/VimeoComDecrypter.class
   jd/plugins/decrypter/WduploadComFolder.class
   jd/plugins/decrypter/WikifeetCom.class
   jd/plugins/decrypter/XvideosComProfile.class
   jd/plugins/decrypter/ZopharNetCrawler.class
   jd/plugins/hoster/ARDMediathek.class
   jd/plugins/hoster/AkwamOrg.class
   jd/plugins/hoster/AndroidhostRu.class
   jd/plugins/hoster/ArchiveOrg.class
   jd/plugins/hoster/AventertainmentsCom.class
   jd/plugins/hoster/BoundhubCom.class
   jd/plugins/hoster/BrighteonCom.class
   jd/plugins/hoster/CamVideosOrg.class
   jd/plugins/hoster/CamwhoresTv.class
   jd/plugins/hoster/CamwhoreshdCom.class
   jd/plugins/hoster/ChoMikujPl$1.class
   jd/plugins/hoster/ChoMikujPl.class
   jd/plugins/hoster/CloudMailRu.class
   jd/plugins/hoster/CocoleechCom$CocoleechAccountFactory$1.class
   jd/plugins/hoster/CocoleechCom$CocoleechAccountFactory.class
   jd/plugins/hoster/CocoleechCom.class
   jd/plugins/hoster/DasanCo.class
   jd/plugins/hoster/DdebridCom.class
   jd/plugins/hoster/DebridplanetCom.class
   jd/plugins/hoster/DebridplanetCom2.class.removed
   jd/plugins/hoster/DirectHTTP$1.class
   jd/plugins/hoster/DirectHTTP$2.class
   jd/plugins/hoster/DirectHTTP.class
   jd/plugins/hoster/DluploadCom.class
   jd/plugins/hoster/DoodstreamCom.class
   jd/plugins/hoster/DosyaTc.class
   jd/plugins/hoster/DownloadAndroidRomCom.class.removed
   jd/plugins/hoster/DropgalaxyIn.class
   jd/plugins/hoster/DuboxCom$1.class.removed
   jd/plugins/hoster/DuboxCom$2.class.removed
   jd/plugins/hoster/DuboxCom.class.removed
   jd/plugins/hoster/EHentaiOrg.class
   jd/plugins/hoster/EasylinkzNet.class.removed
   jd/plugins/hoster/EdudocsNet.class.removed
   jd/plugins/hoster/FaceBookComVideos$1.class
   jd/plugins/hoster/FaceBookComVideos.class
   jd/plugins/hoster/FakirdebridNet$1.class
   jd/plugins/hoster/FakirdebridNet$FakirdebridNetAccountFactory$1.class
   jd/plugins/hoster/FakirdebridNet$FakirdebridNetAccountFactory.class
   jd/plugins/hoster/FakirdebridNet.class
   jd/plugins/hoster/FastDriveIo.class
   jd/plugins/hoster/FileAl.class
   jd/plugins/hoster/FileHippoCom.class
   jd/plugins/hoster/FileJokerNet.class
   jd/plugins/hoster/FilebinNet.class
   jd/plugins/hoster/FilefoxCc.class
   jd/plugins/hoster/FilerNet.class
   jd/plugins/hoster/FilesPw.class.removed
   jd/plugins/hoster/FilesonicMe.class
   jd/plugins/hoster/FileupCc.class.removed
   jd/plugins/hoster/FiveSixSevenYunpanCom.class
   jd/plugins/hoster/FlimmitCom.class
   jd/plugins/hoster/FlorenfileCom.class
   jd/plugins/hoster/FourShareVn$1.class
   jd/plugins/hoster/FourShareVn.class
   jd/plugins/hoster/FourSharedCom.class
   jd/plugins/hoster/FourfileNet.class.removed
   jd/plugins/hoster/FromsmashCom.class
   jd/plugins/hoster/FrprnCom.class
   jd/plugins/hoster/GfyCatCom.class
   jd/plugins/hoster/GigaPetaCom.class
   jd/plugins/hoster/GofileIo.class
   jd/plugins/hoster/GoogleDrive$1.class
   jd/plugins/hoster/GoogleDrive.class
   jd/plugins/hoster/GrooveSharingCom.class
   jd/plugins/hoster/HandelsblattCom.class.removed
   jd/plugins/hoster/HastaTeamComHoster.class.removed
   jd/plugins/hoster/HawkturboCom.class.removed
   jd/plugins/hoster/HotGooCom.class.removed
   jd/plugins/hoster/HotlinkCc.class
   jd/plugins/hoster/HqcomboCom.class.removed
   jd/plugins/hoster/HuabanCom.class
   jd/plugins/hoster/HugesharingNet.class.removed
   jd/plugins/hoster/HyperFileShareCom.class
   jd/plugins/hoster/ImageNetzDe.class
   jd/plugins/hoster/ImfbXyz.class
   jd/plugins/hoster/ImgBabesCom.class.removed
   jd/plugins/hoster/ImgflareCom.class.removed
   jd/plugins/hoster/ImgflareCom_ImgBabesCom.class
   jd/plugins/hoster/InboxLv.class
   jd/plugins/hoster/IndiShareMe.class
   jd/plugins/hoster/IoUa.class.removed
   jd/plugins/hoster/IssuuCom.class
   jd/plugins/hoster/IwaraTv.class
   jd/plugins/hoster/JapanWhoresCom.class
   jd/plugins/hoster/JetloadNet$1.class.removed
   jd/plugins/hoster/JetloadNet.class.removed
   jd/plugins/hoster/JoinPeerTubeOrg.class
   jd/plugins/hoster/JumpshareCom.class
   jd/plugins/hoster/KatfileCom.class
   jd/plugins/hoster/KeepresourceCom.class.removed
   jd/plugins/hoster/KernelVideoSharingComV2$1.class
   jd/plugins/hoster/KernelVideoSharingComV2.class
   jd/plugins/hoster/KernelVideoSharingComV2HostsDefault.class
   jd/plugins/hoster/KernelVideoSharingComV2HostsDefault2.class
   jd/plugins/hoster/KingfilePl.class.removed
   jd/plugins/hoster/KinopoiskRu.class.removed
   jd/plugins/hoster/KsharedCom.class
   jd/plugins/hoster/KuaixiazaiCom.class.removed
   jd/plugins/hoster/LbryTv$1.class
   jd/plugins/hoster/LbryTv.class
   jd/plugins/hoster/Leech360Com.class.removed
   jd/plugins/hoster/LibGenInfo.class
   jd/plugins/hoster/LilFileCom.class.removed
   jd/plugins/hoster/LinkSnappyCom$LinkSnappyComConfig$TRANSLATION.class
   jd/plugins/hoster/LinkSnappyCom$LinkSnappyComConfig.class
   jd/plugins/hoster/LinkSnappyCom.class
   jd/plugins/hoster/LinkzGe.class
   jd/plugins/hoster/Luv2skeetCom.class.removed
   jd/plugins/hoster/MakinaManiaCom.class
   jd/plugins/hoster/MassengeschmackTv.class
   jd/plugins/hoster/MathworksCom.class
   jd/plugins/hoster/MaxstreamVideo.class
   jd/plugins/hoster/MediaOneFileCom.class.removed
   jd/plugins/hoster/MegaConz$1.class
   jd/plugins/hoster/MegaConz$2.class
   jd/plugins/hoster/MegaConz$3.class
   jd/plugins/hoster/MegaConz$MegaDownloadLinkDownloadable.class
   jd/plugins/hoster/MegaConz$MegaHashCheck$1.class
   jd/plugins/hoster/MegaConz$MegaHashCheck.class
   jd/plugins/hoster/MegaConz.class
   jd/plugins/hoster/MegagamesCom.class
   jd/plugins/hoster/MegaloadTo.class.removed
   jd/plugins/hoster/MetArtCom$1.class
   jd/plugins/hoster/MetArtCom.class
   jd/plugins/hoster/MicrosoftCom.class
   jd/plugins/hoster/MiravdCom.class
   jd/plugins/hoster/MixdropCo.class
   jd/plugins/hoster/Multihoster8Com.class.removed
   jd/plugins/hoster/MwdyCc.class
   jd/plugins/hoster/MyFilesSu.class
   jd/plugins/hoster/MyStoreTo.class.removed
   jd/plugins/hoster/MyStreamTo.class.removed
   jd/plugins/hoster/MydaddyCc$1.class
   jd/plugins/hoster/MydaddyCc.class
   jd/plugins/hoster/MystereTvCom.class.removed
   jd/plugins/hoster/MyviRu.class
   jd/plugins/hoster/NaszaKlasa.class.removed
   jd/plugins/hoster/NewgroundsCom.class
   jd/plugins/hoster/NopyTo.class.removed
   jd/plugins/hoster/NovaFileCom.class
   jd/plugins/hoster/Offline.class
   jd/plugins/hoster/OkRu$1.class
   jd/plugins/hoster/OkRu.class
   jd/plugins/hoster/OkstreamCc.class
   jd/plugins/hoster/OldGamesCom.class
   jd/plugins/hoster/OncamMe.class
   jd/plugins/hoster/OneMbUpCom.class.removed
   jd/plugins/hoster/OneTwoThreeVideoNl.class
   jd/plugins/hoster/OnehundredThirtyNineFileCom.class.removed
   jd/plugins/hoster/OoglyIo.class.removed
   jd/plugins/hoster/OpenDriveCom$MODE.class
   jd/plugins/hoster/OpenDriveCom.class
   jd/plugins/hoster/OrtoFilesCom.class.removed
   jd/plugins/hoster/OsuYasOnlineNet.class.removed
   jd/plugins/hoster/PandafilesCom.class
   jd/plugins/hoster/PcWeltDe.class
   jd/plugins/hoster/PdfdriveCom.class
   jd/plugins/hoster/PerfectGirlsNet.class
   jd/plugins/hoster/PervclipsCom.class
   jd/plugins/hoster/PhotoShareRu.class
   jd/plugins/hoster/PornHubCom$BouncyCastleAESCounterModeDecrypt.class
   jd/plugins/hoster/PornHubCom.class
   jd/plugins/hoster/PornktuBe.class
   jd/plugins/hoster/PornsocketCom.class
   jd/plugins/hoster/PostimagesOrg.class
   jd/plugins/hoster/PreFilesCom.class
   jd/plugins/hoster/RGhostNet.class
   jd/plugins/hoster/RGhostRu.class.removed
   jd/plugins/hoster/RapiduNet$1.class
   jd/plugins/hoster/RapiduNet$2.class
   jd/plugins/hoster/RapiduNet.class
   jd/plugins/hoster/RecTubeCom.class
   jd/plugins/hoster/ResearchgateNet.class
   jd/plugins/hoster/RomsZopharNet.class.removed
   jd/plugins/hoster/RosefileNet.class
   jd/plugins/hoster/RtveEs.class
   jd/plugins/hoster/SamePageIo.class.removed
   jd/plugins/hoster/SandupCo.class.removed
   jd/plugins/hoster/SankakucomplexCom.class
   jd/plugins/hoster/SeventeeSixFengyunCom.class.removed
   jd/plugins/hoster/SeventySevenFileCom.class
   jd/plugins/hoster/SexZindianCom.class
   jd/plugins/hoster/SextvxCom.class
   jd/plugins/hoster/SfileMobi.class
   jd/plugins/hoster/Share2winXyz.class
   jd/plugins/hoster/ShareGadgetCom.class
   jd/plugins/hoster/SharelinkLi.class.removed
   jd/plugins/hoster/ShareplaceOrg.class
   jd/plugins/hoster/Shareplacecom.class.removed
   jd/plugins/hoster/SoftPediaCom.class
   jd/plugins/hoster/SolidFilesCom.class
   jd/plugins/hoster/SoundcloudCom$1.class
   jd/plugins/hoster/SoundcloudCom$2.class
   jd/plugins/hoster/SoundcloudCom$3.class
   jd/plugins/hoster/SoundcloudCom$AudioQualitySelectionMode$1.class
   jd/plugins/hoster/SoundcloudCom$AudioQualitySelectionMode$2.class
   jd/plugins/hoster/SoundcloudCom$AudioQualitySelectionMode$3.class
   jd/plugins/hoster/SoundcloudCom$AudioQualitySelectionMode.class
   jd/plugins/hoster/SoundcloudCom.class
   jd/plugins/hoster/StreamableCom.class
   jd/plugins/hoster/StreamsbNet.class
   jd/plugins/hoster/StreamtapeCom.class
   jd/plugins/hoster/StreamzCc.class
   jd/plugins/hoster/SubyShareCom.class
   jd/plugins/hoster/SunexenusCom.class
   jd/plugins/hoster/TakefileLink.class
   jd/plugins/hoster/TeraboxCom$1.class
   jd/plugins/hoster/TeraboxCom$2.class
   jd/plugins/hoster/TeraboxCom.class
   jd/plugins/hoster/TheartistunionCom.class.removed
   jd/plugins/hoster/TheyarehugeCom.class
   jd/plugins/hoster/TiktokCom.class
   jd/plugins/hoster/TitulkyCom.class
   jd/plugins/hoster/TunePk.class.removed
   jd/plugins/hoster/TxxxCom.class
   jd/plugins/hoster/UFileNet.class.removed
   jd/plugins/hoster/UdemyCom.class
   jd/plugins/hoster/UfileIo.class
   jd/plugins/hoster/UnknownPornScript5.class
   jd/plugins/hoster/UpfilesIo$MethodName.class
   jd/plugins/hoster/UpfilesIo.class
   jd/plugins/hoster/UploadManCom.class.removed
   jd/plugins/hoster/UploaderLink.class.removed
   jd/plugins/hoster/UploadgigCom.class
   jd/plugins/hoster/UploadingVn.class
   jd/plugins/hoster/UplodNet.class
   jd/plugins/hoster/UpstoRe.class
   jd/plugins/hoster/UserloadCo.class
   jd/plugins/hoster/UsersdriveCom.class
   jd/plugins/hoster/VKontakteRuHoster$1.class
   jd/plugins/hoster/VKontakteRuHoster$Quality$1.class
   jd/plugins/hoster/VKontakteRuHoster$Quality$2.class
   jd/plugins/hoster/VKontakteRuHoster$Quality$3.class
   jd/plugins/hoster/VKontakteRuHoster$Quality$4.class
   jd/plugins/hoster/VKontakteRuHoster$Quality$5.class
   jd/plugins/hoster/VKontakteRuHoster$Quality$6.class
   jd/plugins/hoster/VKontakteRuHoster$Quality.class
   jd/plugins/hoster/VKontakteRuHoster$QualitySelectionMode$1.class
   jd/plugins/hoster/VKontakteRuHoster$QualitySelectionMode$2.class
   jd/plugins/hoster/VKontakteRuHoster$QualitySelectionMode$3.class
   jd/plugins/hoster/VKontakteRuHoster$QualitySelectionMode$4.class
   jd/plugins/hoster/VKontakteRuHoster$QualitySelectionMode.class
   jd/plugins/hoster/VKontakteRuHoster.class
   jd/plugins/hoster/VeohCom.class
   jd/plugins/hoster/VideocelebsNet.class
   jd/plugins/hoster/VimeoCom$1.class
   jd/plugins/hoster/VimeoCom$VIMEO_URL_TYPE.class
   jd/plugins/hoster/VimeoCom$WrongRefererException.class
   jd/plugins/hoster/VimeoCom.class
   jd/plugins/hoster/VuploadCom.class
   jd/plugins/hoster/VxxxCom.class
   jd/plugins/hoster/WduploadCom.class
   jd/plugins/hoster/WyslijToPl.class.removed
   jd/plugins/hoster/XSUseNetCom.class
   jd/plugins/hoster/XbabeCom.class
   jd/plugins/hoster/XvideosCore$1.class
   jd/plugins/hoster/XvideosCore.class
   jd/plugins/hoster/YouPornCom$1.class
   jd/plugins/hoster/YouPornCom.class
   jd/plugins/hoster/ZopharNet.class
----------------Extensions----------------
----------------Direct Files----------------
   build.json
   translations/org/jdownloader/gui/translate/GuiTranslation.ko.lng
----------------Core Files----------------
   Core.jar
   JD: Core.jar/jd/config/Property.class
   JD: Core.jar/jd/controlling/AccountController$1.class
   JD: Core.jar/jd/controlling/AccountController$2.class
   JD: Core.jar/jd/controlling/AccountController$3.class
   JD: Core.jar/jd/controlling/AccountController$4.class
   JD: Core.jar/jd/controlling/AccountController$5$1.class
   JD: Core.jar/jd/controlling/AccountController$5.class
   JD: Core.jar/jd/controlling/AccountController$6.class
   JD: Core.jar/jd/controlling/AccountController$7.class
   JD: Core.jar/jd/controlling/AccountController$8.class
   JD: Core.jar/jd/controlling/AccountController.class
   JD: Core.jar/jd/controlling/downloadcontroller/DiskSpaceManager$1.class
   JD: Core.jar/jd/controlling/downloadcontroller/DiskSpaceManager$2.class
   JD: Core.jar/jd/controlling/downloadcontroller/DiskSpaceManager$DISKSPACERESERVATIONRESULT.class
   JD: Core.jar/jd/controlling/downloadcontroller/DiskSpaceManager.class
   JD: Core.jar/jd/controlling/downloadcontroller/DownloadController$1.class
   JD: Core.jar/jd/controlling/downloadcontroller/DownloadController$10.class
   JD: Core.jar/jd/controlling/downloadcontroller/DownloadController$11.class
   JD: Core.jar/jd/controlling/downloadcontroller/DownloadController$12.class
   JD: Core.jar/jd/controlling/downloadcontroller/DownloadController$13$1$1$1.class.removed
   JD: Core.jar/jd/controlling/downloadcontroller/DownloadController$13$1$1.class.removed
   JD: Core.jar/jd/controlling/downloadcontroller/DownloadController$13$1.class.removed
   JD: Core.jar/jd/controlling/downloadcontroller/DownloadController$13.class
   JD: Core.jar/jd/controlling/downloadcontroller/DownloadController$14$1$1$1.class
   JD: Core.jar/jd/controlling/downloadcontroller/DownloadController$14$1$1.class
   JD: Core.jar/jd/controlling/downloadcontroller/DownloadController$14$1.class
   JD: Core.jar/jd/controlling/downloadcontroller/DownloadController$14.class
   JD: Core.jar/jd/controlling/downloadcontroller/DownloadController$15.class
   JD: Core.jar/jd/controlling/downloadcontroller/DownloadController$16$1.class.removed
   JD: Core.jar/jd/controlling/downloadcontroller/DownloadController$16.class
   JD: Core.jar/jd/controlling/downloadcontroller/DownloadController$17$1.class
   JD: Core.jar/jd/controlling/downloadcontroller/DownloadController$17.class
   JD: Core.jar/jd/controlling/downloadcontroller/DownloadController$18.class
   JD: Core.jar/jd/controlling/downloadcontroller/DownloadController$19.class
   JD: Core.jar/jd/controlling/downloadcontroller/DownloadController$2.class
   JD: Core.jar/jd/controlling/downloadcontroller/DownloadController$20.class
   JD: Core.jar/jd/controlling/downloadcontroller/DownloadController$3.class
   JD: Core.jar/jd/controlling/downloadcontroller/DownloadController$4.class
   JD: Core.jar/jd/controlling/downloadcontroller/DownloadController$5.class
   JD: Core.jar/jd/controlling/downloadcontroller/DownloadController$6.class
   JD: Core.jar/jd/controlling/downloadcontroller/DownloadController$7.class
   JD: Core.jar/jd/controlling/downloadcontroller/DownloadController$8.class
   JD: Core.jar/jd/controlling/downloadcontroller/DownloadController$9.class
   JD: Core.jar/jd/controlling/downloadcontroller/DownloadController$LoadedPackage$1.class
   JD: Core.jar/jd/controlling/downloadcontroller/DownloadController$LoadedPackage$IndexedDownloadLink.class
   JD: Core.jar/jd/controlling/downloadcontroller/DownloadController$LoadedPackage.class
   JD: Core.jar/jd/controlling/downloadcontroller/DownloadController.class
   JD: Core.jar/jd/controlling/downloadcontroller/DownloadWatchDog$1.class
   JD: Core.jar/jd/controlling/downloadcontroller/DownloadWatchDog$10$1.class
   JD: Core.jar/jd/controlling/downloadcontroller/DownloadWatchDog$10.class
   JD: Core.jar/jd/controlling/downloadcontroller/DownloadWatchDog$11.class
   JD: Core.jar/jd/controlling/downloadcontroller/DownloadWatchDog$12$1.class
   JD: Core.jar/jd/controlling/downloadcontroller/DownloadWatchDog$12.class
   JD: Core.jar/jd/controlling/downloadcontroller/DownloadWatchDog$13$1.class
   JD: Core.jar/jd/controlling/downloadcontroller/DownloadWatchDog$13.class
   JD: Core.jar/jd/controlling/downloadcontroller/DownloadWatchDog$14.class
   JD: Core.jar/jd/controlling/downloadcontroller/DownloadWatchDog$15.class
   JD: Core.jar/jd/controlling/downloadcontroller/DownloadWatchDog$16.class
   JD: Core.jar/jd/controlling/downloadcontroller/DownloadWatchDog$17.class
   JD: Core.jar/jd/controlling/downloadcontroller/DownloadWatchDog$18.class
   JD: Core.jar/jd/controlling/downloadcontroller/DownloadWatchDog$19.class
   JD: Core.jar/jd/controlling/downloadcontroller/DownloadWatchDog$2.class
   JD: Core.jar/jd/controlling/downloadcontroller/DownloadWatchDog$20.class
   JD: Core.jar/jd/controlling/downloadcontroller/DownloadWatchDog$21.class
   JD: Core.jar/jd/controlling/downloadcontroller/DownloadWatchDog$22$1.class
   JD: Core.jar/jd/controlling/downloadcontroller/DownloadWatchDog$22.class
   JD: Core.jar/jd/controlling/downloadcontroller/DownloadWatchDog$23$1.class
   JD: Core.jar/jd/controlling/downloadcontroller/DownloadWatchDog$23.class
   JD: Core.jar/jd/controlling/downloadcontroller/DownloadWatchDog$24.class
   JD: Core.jar/jd/controlling/downloadcontroller/DownloadWatchDog$25.class
   JD: Core.jar/jd/controlling/downloadcontroller/DownloadWatchDog$26.class
   JD: Core.jar/jd/controlling/downloadcontroller/DownloadWatchDog$27$1.class
   JD: Core.jar/jd/controlling/downloadcontroller/DownloadWatchDog$27.class
   JD: Core.jar/jd/controlling/downloadcontroller/DownloadWatchDog$28.class
   JD: Core.jar/jd/controlling/downloadcontroller/DownloadWatchDog$29$1.class
   JD: Core.jar/jd/controlling/downloadcontroller/DownloadWatchDog$29.class
   JD: Core.jar/jd/controlling/downloadcontroller/DownloadWatchDog$3$1.class
   JD: Core.jar/jd/controlling/downloadcontroller/DownloadWatchDog$3.class
   JD: Core.jar/jd/controlling/downloadcontroller/DownloadWatchDog$30.class
   JD: Core.jar/jd/controlling/downloadcontroller/DownloadWatchDog$31.class
   JD: Core.jar/jd/controlling/downloadcontroller/DownloadWatchDog$32.class
   JD: Core.jar/jd/controlling/downloadcontroller/DownloadWatchDog$33$1.class
   JD: Core.jar/jd/controlling/downloadcontroller/DownloadWatchDog$33.class
   JD: Core.jar/jd/controlling/downloadcontroller/DownloadWatchDog$34$1.class
   JD: Core.jar/jd/controlling/downloadcontroller/DownloadWatchDog$34$2$1$1$1.class
   JD: Core.jar/jd/controlling/downloadcontroller/DownloadWatchDog$34$2$1$1.class
   JD: Core.jar/jd/controlling/downloadcontroller/DownloadWatchDog$34$2$1.class
   JD: Core.jar/jd/controlling/downloadcontroller/DownloadWatchDog$34$2.class
   JD: Core.jar/jd/controlling/downloadcontroller/DownloadWatchDog$34$3$1.class
   JD: Core.jar/jd/controlling/downloadcontroller/DownloadWatchDog$34$3.class
   JD: Core.jar/jd/controlling/downloadcontroller/DownloadWatchDog$34$4$1.class
   JD: Core.jar/jd/controlling/downloadcontroller/DownloadWatchDog$34$4.class
   JD: Core.jar/jd/controlling/downloadcontroller/DownloadWatchDog$34$5$1.class
   JD: Core.jar/jd/controlling/downloadcontroller/DownloadWatchDog$34$5$2.class
   JD: Core.jar/jd/controlling/downloadcontroller/DownloadWatchDog$34$5$3.class
   JD: Core.jar/jd/controlling/downloadcontroller/DownloadWatchDog$34$5$4.class
   JD: Core.jar/jd/controlling/downloadcontroller/DownloadWatchDog$34$5$5.class
   JD: Core.jar/jd/controlling/downloadcontroller/DownloadWatchDog$34$5$6.class
   JD: Core.jar/jd/controlling/downloadcontroller/DownloadWatchDog$34$5.class
   JD: Core.jar/jd/controlling/downloadcontroller/DownloadWatchDog$34$6.class
   JD: Core.jar/jd/controlling/downloadcontroller/DownloadWatchDog$34$7.class
   JD: Core.jar/jd/controlling/downloadcontroller/DownloadWatchDog$34$8.class
   JD: Core.jar/jd/controlling/downloadcontroller/DownloadWatchDog$34$9.class
   JD: Core.jar/jd/controlling/downloadcontroller/DownloadWatchDog$34.class
   JD: Core.jar/jd/controlling/downloadcontroller/DownloadWatchDog$35.class
   JD: Core.jar/jd/controlling/downloadcontroller/DownloadWatchDog$36.class
   JD: Core.jar/jd/controlling/downloadcontroller/DownloadWatchDog$37.class
   JD: Core.jar/jd/controlling/downloadcontroller/DownloadWatchDog$38$1.class
   JD: Core.jar/jd/controlling/downloadcontroller/DownloadWatchDog$38$2.class
   JD: Core.jar/jd/controlling/downloadcontroller/DownloadWatchDog$38.class
   JD: Core.jar/jd/controlling/downloadcontroller/DownloadWatchDog$39.class
   JD: Core.jar/jd/controlling/downloadcontroller/DownloadWatchDog$4$1.class
   JD: Core.jar/jd/controlling/downloadcontroller/DownloadWatchDog$4.class
   JD: Core.jar/jd/controlling/downloadcontroller/DownloadWatchDog$40.class
   JD: Core.jar/jd/controlling/downloadcontroller/DownloadWatchDog$41.class
   JD: Core.jar/jd/controlling/downloadcontroller/DownloadWatchDog$42.class
   JD: Core.jar/jd/controlling/downloadcontroller/DownloadWatchDog$43.class
   JD: Core.jar/jd/controlling/downloadcontroller/DownloadWatchDog$44.class
   JD: Core.jar/jd/controlling/downloadcontroller/DownloadWatchDog$45.class
   JD: Core.jar/jd/controlling/downloadcontroller/DownloadWatchDog$5$1.class
   JD: Core.jar/jd/controlling/downloadcontroller/DownloadWatchDog$5.class
   JD: Core.jar/jd/controlling/downloadcontroller/DownloadWatchDog$6$1.class
   JD: Core.jar/jd/controlling/downloadcontroller/DownloadWatchDog$6.class
   JD: Core.jar/jd/controlling/downloadcontroller/DownloadWatchDog$7$1.class
   JD: Core.jar/jd/controlling/downloadcontroller/DownloadWatchDog$7.class
   JD: Core.jar/jd/controlling/downloadcontroller/DownloadWatchDog$8.class
   JD: Core.jar/jd/controlling/downloadcontroller/DownloadWatchDog$9$1.class
   JD: Core.jar/jd/controlling/downloadcontroller/DownloadWatchDog$9.class
   JD: Core.jar/jd/controlling/downloadcontroller/DownloadWatchDog$ReconnectThread$1.class
   JD: Core.jar/jd/controlling/downloadcontroller/DownloadWatchDog$ReconnectThread.class
   JD: Core.jar/jd/controlling/downloadcontroller/DownloadWatchDog.class
   JD: Core.jar/jd/controlling/linkcollector/CrawledLinkStorable$1.class.removed
   JD: Core.jar/jd/controlling/linkcollector/CrawledLinkStorable$LinkOriginStorable.class.removed
   JD: Core.jar/jd/controlling/linkcollector/CrawledLinkStorable.class.removed
   JD: Core.jar/jd/controlling/linkcollector/CrawledPackageStorable$1.class.removed
   JD: Core.jar/jd/controlling/linkcollector/CrawledPackageStorable$2.class.removed
   JD: Core.jar/jd/controlling/linkcollector/CrawledPackageStorable$TYPE.class.removed
   JD: Core.jar/jd/controlling/linkcollector/CrawledPackageStorable.class.removed
   JD: Core.jar/jd/controlling/linkcollector/LinkCollector$1$1.class
   JD: Core.jar/jd/controlling/linkcollector/LinkCollector$1.class
   JD: Core.jar/jd/controlling/linkcollector/LinkCollector$10.class
   JD: Core.jar/jd/controlling/linkcollector/LinkCollector$11.class
   JD: Core.jar/jd/controlling/linkcollector/LinkCollector$12.class
   JD: Core.jar/jd/controlling/linkcollector/LinkCollector$13.class
   JD: Core.jar/jd/controlling/linkcollector/LinkCollector$14.class
   JD: Core.jar/jd/controlling/linkcollector/LinkCollector$15.class
   JD: Core.jar/jd/controlling/linkcollector/LinkCollector$16.class
   JD: Core.jar/jd/controlling/linkcollector/LinkCollector$17.class
   JD: Core.jar/jd/controlling/linkcollector/LinkCollector$18.class
   JD: Core.jar/jd/controlling/linkcollector/LinkCollector$19$1.class
   JD: Core.jar/jd/controlling/linkcollector/LinkCollector$19.class
   JD: Core.jar/jd/controlling/linkcollector/LinkCollector$2$1.class
   JD: Core.jar/jd/controlling/linkcollector/LinkCollector$2.class
   JD: Core.jar/jd/controlling/linkcollector/LinkCollector$20.class
   JD: Core.jar/jd/controlling/linkcollector/LinkCollector$21.class
   JD: Core.jar/jd/controlling/linkcollector/LinkCollector$22.class
   JD: Core.jar/jd/controlling/linkcollector/LinkCollector$23.class
   JD: Core.jar/jd/controlling/linkcollector/LinkCollector$24$1.class.removed
   JD: Core.jar/jd/controlling/linkcollector/LinkCollector$24$2.class.removed
   JD: Core.jar/jd/controlling/linkcollector/LinkCollector$24.class
   JD: Core.jar/jd/controlling/linkcollector/LinkCollector$25$1.class
   JD: Core.jar/jd/controlling/linkcollector/LinkCollector$25$2.class
   JD: Core.jar/jd/controlling/linkcollector/LinkCollector$25.class
   JD: Core.jar/jd/controlling/linkcollector/LinkCollector$26$1.class
   JD: Core.jar/jd/controlling/linkcollector/LinkCollector$26.class
   JD: Core.jar/jd/controlling/linkcollector/LinkCollector$27$1.class.removed
   JD: Core.jar/jd/controlling/linkcollector/LinkCollector$27.class
   JD: Core.jar/jd/controlling/linkcollector/LinkCollector$28$1.class
   JD: Core.jar/jd/controlling/linkcollector/LinkCollector$28$2.class.removed
   JD: Core.jar/jd/controlling/linkcollector/LinkCollector$28.class
   JD: Core.jar/jd/controlling/linkcollector/LinkCollector$29$1.class
   JD: Core.jar/jd/controlling/linkcollector/LinkCollector$29$2.class
   JD: Core.jar/jd/controlling/linkcollector/LinkCollector$29.class
   JD: Core.jar/jd/controlling/linkcollector/LinkCollector$3$1.class
   JD: Core.jar/jd/controlling/linkcollector/LinkCollector$3.class
   JD: Core.jar/jd/controlling/linkcollector/LinkCollector$30.class
   JD: Core.jar/jd/controlling/linkcollector/LinkCollector$31.class
   JD: Core.jar/jd/controlling/linkcollector/LinkCollector$32.class
   JD: Core.jar/jd/controlling/linkcollector/LinkCollector$33.class
   JD: Core.jar/jd/controlling/linkcollector/LinkCollector$34.class
   JD: Core.jar/jd/controlling/linkcollector/LinkCollector$4.class
   JD: Core.jar/jd/controlling/linkcollector/LinkCollector$5.class
   JD: Core.jar/jd/controlling/linkcollector/LinkCollector$6.class
   JD: Core.jar/jd/controlling/linkcollector/LinkCollector$7.class
   JD: Core.jar/jd/controlling/linkcollector/LinkCollector$8.class
   JD: Core.jar/jd/controlling/linkcollector/LinkCollector$9.class
   JD: Core.jar/jd/controlling/linkcollector/LinkCollector$CrawledPackageMappingID.class
   JD: Core.jar/jd/controlling/linkcollector/LinkCollector$JobLinkChecker.class
   JD: Core.jar/jd/controlling/linkcollector/LinkCollector$JobLinkCrawler$1.class
   JD: Core.jar/jd/controlling/linkcollector/LinkCollector$JobLinkCrawler.class
   JD: Core.jar/jd/controlling/linkcollector/LinkCollector$LoadedPackage.class
   JD: Core.jar/jd/controlling/linkcollector/LinkCollector$MoveLinksMode.class
   JD: Core.jar/jd/controlling/linkcollector/LinkCollector$MoveLinksSettings.class
   JD: Core.jar/jd/controlling/linkcollector/LinkCollector.class
   JD: Core.jar/jd/controlling/linkcrawler/LinkCrawler$1.class
   JD: Core.jar/jd/controlling/linkcrawler/LinkCrawler$10.class
   JD: Core.jar/jd/controlling/linkcrawler/LinkCrawler$11.class
   JD: Core.jar/jd/controlling/linkcrawler/LinkCrawler$12.class
   JD: Core.jar/jd/controlling/linkcrawler/LinkCrawler$13.class
   JD: Core.jar/jd/controlling/linkcrawler/LinkCrawler$14.class
   JD: Core.jar/jd/controlling/linkcrawler/LinkCrawler$15.class
   JD: Core.jar/jd/controlling/linkcrawler/LinkCrawler$16.class
   JD: Core.jar/jd/controlling/linkcrawler/LinkCrawler$17.class
   JD: Core.jar/jd/controlling/linkcrawler/LinkCrawler$18.class
   JD: Core.jar/jd/controlling/linkcrawler/LinkCrawler$19.class
   JD: Core.jar/jd/controlling/linkcrawler/LinkCrawler$2.class
   JD: Core.jar/jd/controlling/linkcrawler/LinkCrawler$20.class
   JD: Core.jar/jd/controlling/linkcrawler/LinkCrawler$21.class
   JD: Core.jar/jd/controlling/linkcrawler/LinkCrawler$22.class
   JD: Core.jar/jd/controlling/linkcrawler/LinkCrawler$23.class
   JD: Core.jar/jd/controlling/linkcrawler/LinkCrawler$24$1.class
   JD: Core.jar/jd/controlling/linkcrawler/LinkCrawler$24.class
   JD: Core.jar/jd/controlling/linkcrawler/LinkCrawler$25$1.class
   JD: Core.jar/jd/controlling/linkcrawler/LinkCrawler$25.class
   JD: Core.jar/jd/controlling/linkcrawler/LinkCrawler$26.class
   JD: Core.jar/jd/controlling/linkcrawler/LinkCrawler$27.class
   JD: Core.jar/jd/controlling/linkcrawler/LinkCrawler$28.class
   JD: Core.jar/jd/controlling/linkcrawler/LinkCrawler$29.class
   JD: Core.jar/jd/controlling/linkcrawler/LinkCrawler$3.class
   JD: Core.jar/jd/controlling/linkcrawler/LinkCrawler$4.class
   JD: Core.jar/jd/controlling/linkcrawler/LinkCrawler$5.class
   JD: Core.jar/jd/controlling/linkcrawler/LinkCrawler$6.class
   JD: Core.jar/jd/controlling/linkcrawler/LinkCrawler$7.class
   JD: Core.jar/jd/controlling/linkcrawler/LinkCrawler$8.class
   JD: Core.jar/jd/controlling/linkcrawler/LinkCrawler$9.class
   JD: Core.jar/jd/controlling/linkcrawler/LinkCrawler$DISTRIBUTE.class
   JD: Core.jar/jd/controlling/linkcrawler/LinkCrawler$DUPLICATE.class
   JD: Core.jar/jd/controlling/linkcrawler/LinkCrawler$LinkCrawlerGeneration.class
   JD: Core.jar/jd/controlling/linkcrawler/LinkCrawler$LinkCrawlerTask.class
   JD: Core.jar/jd/controlling/linkcrawler/LinkCrawler.class
   JD: Core.jar/jd/controlling/linkcrawler/LinkCrawlerDeepInspector.class
   JD: Core.jar/jd/crypt/JDCrypt.class
   JD: Core.jar/jd/plugins/Account$AccountType$1.class
   JD: Core.jar/jd/plugins/Account$AccountType$2.class
   JD: Core.jar/jd/plugins/Account$AccountType$3.class
   JD: Core.jar/jd/plugins/Account$AccountType$4.class
   JD: Core.jar/jd/plugins/Account$AccountType.class
   JD: Core.jar/jd/plugins/Account.class
   JD: Core.jar/jd/plugins/CrawledLinkStorable$1.class
   JD: Core.jar/jd/plugins/CrawledLinkStorable$LinkOriginStorable.class
   JD: Core.jar/jd/plugins/CrawledLinkStorable.class
   JD: Core.jar/jd/plugins/CrawledPackageStorable$1.class
   JD: Core.jar/jd/plugins/CrawledPackageStorable$2.class
   JD: Core.jar/jd/plugins/CrawledPackageStorable$TYPE.class
   JD: Core.jar/jd/plugins/CrawledPackageStorable.class
   JD: Core.jar/jd/plugins/DownloadLink$1.class
   JD: Core.jar/jd/plugins/DownloadLink$2.class
   JD: Core.jar/jd/plugins/DownloadLink$3.class
   JD: Core.jar/jd/plugins/DownloadLink$4.class
   JD: Core.jar/jd/plugins/DownloadLink$5.class
   JD: Core.jar/jd/plugins/DownloadLink$AvailableStatus.class
   JD: Core.jar/jd/plugins/DownloadLink.class
   JD: Core.jar/jd/plugins/DownloadLinkStorable$2.class
   JD: Core.jar/jd/plugins/DownloadLinkStorable$3.class.removed
   JD: Core.jar/jd/plugins/DownloadLinkStorable.class
   JD: Core.jar/jd/plugins/FilePackage.class
   JD: Core.jar/jd/plugins/Plugin$2.class
   JD: Core.jar/jd/plugins/Plugin$3.class
   JD: Core.jar/jd/plugins/Plugin$4.class
   JD: Core.jar/jd/plugins/Plugin.class
   JD: Core.jar/jd/plugins/PluginForDecrypt$1.class
   JD: Core.jar/jd/plugins/PluginForDecrypt$2.class
   JD: Core.jar/jd/plugins/PluginForDecrypt.class
   JD: Core.jar/org/jdownloader/gui/mainmenu/BackupCreateAction$1.class
   JD: Core.jar/org/jdownloader/gui/views/components/packagetable/PackageControllerTableModel$14.class
   JD: Core.jar/org/jdownloader/gui/views/components/packagetable/PackageControllerTableModel$15.class
   JD: Core.jar/org/jdownloader/gui/views/components/packagetable/PackageControllerTableModel$16.class
   JD: Core.jar/org/jdownloader/gui/views/components/packagetable/PackageControllerTableModel$17.class
   JD: Core.jar/org/jdownloader/gui/views/components/packagetable/PackageControllerTableModel$18.class
   JD: Core.jar/org/jdownloader/gui/views/components/packagetable/PackageControllerTableModel$19.class
   JD: Core.jar/org/jdownloader/gui/views/components/packagetable/PackageControllerTableModel.class
   JD: Core.jar/org/jdownloader/gui/views/components/packagetable/PackageControllerTableModelData$1.class
   JD: Core.jar/org/jdownloader/gui/views/components/packagetable/PackageControllerTableModelData$PackageControllerTableModelDataPackage.class
   JD: Core.jar/org/jdownloader/gui/views/components/packagetable/PackageControllerTableModelData.class
   JD: Core.jar/org/jdownloader/gui/views/downloads/columns/DurationColumn.class
   JD: Core.jar/org/jdownloader/gui/views/downloads/columns/ETAColumn$1.class
   JD: Core.jar/org/jdownloader/gui/views/downloads/columns/ETAColumn$2.class
   JD: Core.jar/org/jdownloader/gui/views/downloads/columns/ETAColumn$ColumnHelper.class
   JD: Core.jar/org/jdownloader/gui/views/downloads/columns/ETAColumn.class
   JD: Core.jar/org/jdownloader/gui/views/downloads/columns/HosterColumn.class
   JD: Core.jar/org/jdownloader/gui/views/downloads/columns/RemainingColumn.class
   JD: Core.jar/org/jdownloader/gui/views/linkgrabber/quickfilter/QuickFilterHosterTable$1.class
   JD: Core.jar/org/jdownloader/gui/views/linkgrabber/quickfilter/QuickFilterHosterTable$2.class
   JD: Core.jar/org/jdownloader/gui/views/linkgrabber/quickfilter/QuickFilterHosterTable.class
   JD: Core.jar/org/jdownloader/net/BCSSLSocketStreamFactory$1.class
   JD: Core.jar/org/jdownloader/net/BCSSLSocketStreamFactory$BCTLSSocketStreamTlsClient$1.class
   JD: Core.jar/org/jdownloader/net/BCSSLSocketStreamFactory$BCTLSSocketStreamTlsClient.class
   JD: Core.jar/org/jdownloader/net/BCSSLSocketStreamFactory.class
   JD: Core.jar/org/jdownloader/plugins/components/XFileSharingProBasic$1.class
   JD: Core.jar/org/jdownloader/plugins/components/XFileSharingProBasic$2.class
   JD: Core.jar/org/jdownloader/plugins/components/XFileSharingProBasic$URL_TYPE.class
   JD: Core.jar/org/jdownloader/plugins/components/XFileSharingProBasic$XFSApiAccountFactory$1.class
   JD: Core.jar/org/jdownloader/plugins/components/XFileSharingProBasic$XFSApiAccountFactory.class
   JD: Core.jar/org/jdownloader/plugins/components/XFileSharingProBasic.class
   JD: Core.jar/org/jdownloader/plugins/components/XFileSharingProBasicSpecialFilejoker.class
   JD: Core.jar/org/jdownloader/plugins/components/YetiShareCore$1.class
   JD: Core.jar/org/jdownloader/plugins/components/YetiShareCore$2.class
   JD: Core.jar/org/jdownloader/plugins/components/YetiShareCore.class
   JD: Core.jar/org/jdownloader/plugins/components/abstractSafeLinking.class
   JD: Core.jar/org/jdownloader/plugins/components/config/LbryTvConfig$1.class
   JD: Core.jar/org/jdownloader/plugins/components/config/LbryTvConfig$PreferredStreamQuality$1.class
   JD: Core.jar/org/jdownloader/plugins/components/config/LbryTvConfig$PreferredStreamQuality$2.class
   JD: Core.jar/org/jdownloader/plugins/components/config/LbryTvConfig$PreferredStreamQuality$3.class
   JD: Core.jar/org/jdownloader/plugins/components/config/LbryTvConfig$PreferredStreamQuality$4.class
   JD: Core.jar/org/jdownloader/plugins/components/config/LbryTvConfig$PreferredStreamQuality$5.class
   JD: Core.jar/org/jdownloader/plugins/components/config/LbryTvConfig$PreferredStreamQuality.class
   JD: Core.jar/org/jdownloader/plugins/components/config/LbryTvConfig.class
   JD: Core.jar/org/jdownloader/plugins/components/config/MydaddyCcConfig$1.class
   JD: Core.jar/org/jdownloader/plugins/components/config/MydaddyCcConfig$PreferredStreamQuality$1.class
   JD: Core.jar/org/jdownloader/plugins/components/config/MydaddyCcConfig$PreferredStreamQuality$2.class
   JD: Core.jar/org/jdownloader/plugins/components/config/MydaddyCcConfig$PreferredStreamQuality$3.class
   JD: Core.jar/org/jdownloader/plugins/components/config/MydaddyCcConfig$PreferredStreamQuality$4.class
   JD: Core.jar/org/jdownloader/plugins/components/config/MydaddyCcConfig$PreferredStreamQuality$5.class
   JD: Core.jar/org/jdownloader/plugins/components/config/MydaddyCcConfig$PreferredStreamQuality$6.class
   JD: Core.jar/org/jdownloader/plugins/components/config/MydaddyCcConfig$PreferredStreamQuality$7.class
   JD: Core.jar/org/jdownloader/plugins/components/config/MydaddyCcConfig$PreferredStreamQuality.class
   JD: Core.jar/org/jdownloader/plugins/components/config/MydaddyCcConfig.class
   JD: Core.jar/org/jdownloader/plugins/components/config/Rule34xxxConfig.class
   JD: Core.jar/org/jdownloader/plugins/components/config/SerienStreamToConfig.class
   JD: Core.jar/org/jdownloader/plugins/components/config/XvideosComConfigCore.class
   JD: Core.jar/org/jdownloader/plugins/components/hitomi-gg.js
   JD: Core.jar/org/jdownloader/plugins/components/youtube/YoutubeHelper$38.class
   JD: Core.jar/org/jdownloader/plugins/components/youtube/YoutubeHelper$39.class
   JD: Core.jar/org/jdownloader/plugins/components/youtube/YoutubeHelper$40.class
   JD: Core.jar/org/jdownloader/plugins/components/youtube/YoutubeHelper$41.class
   JD: Core.jar/org/jdownloader/plugins/components/youtube/YoutubeHelper$42.class
   JD: Core.jar/org/jdownloader/plugins/components/youtube/YoutubeHelper$43.class
   JD: Core.jar/org/jdownloader/plugins/components/youtube/YoutubeHelper.class
   JD: libs/JDGUI.jar/jd/gui/swing/dialog/AboutDialog.class
   JD: libs/JDUtils.jar/jd/nutils/encoding/Encoding.class
   JD: libs/JDUtils.jar/jd/nutils/encoding/HTMLEntities.class
   JD: libs/bcpkix-jdk15on.jar/META-INF/BC1024KE.DSA
   JD: libs/bcpkix-jdk15on.jar/META-INF/BC1024KE.SF
   JD: libs/bcpkix-jdk15on.jar/META-INF/BC2048KE.DSA
   JD: libs/bcpkix-jdk15on.jar/META-INF/BC2048KE.SF
   JD: libs/bcpkix-jdk15on.jar/META-INF/MANIFEST.MF
   JD: libs/bcpkix-jdk15on.jar/META-INF/versions/9/module-info.class
   JD: libs/bcpkix-jdk15on.jar/org/bouncycastle/cert/AttributeCertificateHolder.class
   JD: libs/bcpkix-jdk15on.jar/org/bouncycastle/cert/CertUtils.class
   JD: libs/bcpkix-jdk15on.jar/org/bouncycastle/cert/X509AttributeCertificateHolder.class
   JD: libs/bcpkix-jdk15on.jar/org/bouncycastle/cert/X509CRLHolder.class
   JD: libs/bcpkix-jdk15on.jar/org/bouncycastle/cert/X509CertificateHolder.class
   JD: libs/bcpkix-jdk15on.jar/org/bouncycastle/cert/X509ExtensionUtils.class
   JD: libs/bcpkix-jdk15on.jar/org/bouncycastle/cert/cmp/ProtectedPKIMessage.class
   JD: libs/bcpkix-jdk15on.jar/org/bouncycastle/cert/cmp/ProtectedPKIMessageBuilder.class
   JD: libs/bcpkix-jdk15on.jar/org/bouncycastle/cert/crmf/AuthenticatorControl.class
   JD: libs/bcpkix-jdk15on.jar/org/bouncycastle/cert/crmf/CertificateRequestMessage.class
   JD: libs/bcpkix-jdk15on.jar/org/bouncycastle/cert/crmf/EncryptedValueBuilder.class
   JD: libs/bcpkix-jdk15on.jar/org/bouncycastle/cert/crmf/EncryptedValueParser.class
   JD: libs/bcpkix-jdk15on.jar/org/bouncycastle/cert/crmf/PKMACValueVerifier.class
   JD: libs/bcpkix-jdk15on.jar/org/bouncycastle/cert/crmf/ProofOfPossessionSigningKeyBuilder.class
   JD: libs/bcpkix-jdk15on.jar/org/bouncycastle/cert/crmf/RegTokenControl.class
   JD: libs/bcpkix-jdk15on.jar/org/bouncycastle/cert/ocsp/CertificateID.class
   JD: libs/bcpkix-jdk15on.jar/org/bouncycastle/cert/ocsp/RespID.class
   JD: libs/bcpkix-jdk15on.jar/org/bouncycastle/cms/CMSAuthEnvelopedDataGenerator.class
   JD: libs/bcpkix-jdk15on.jar/org/bouncycastle/cms/CMSAuthenticatedDataGenerator.class
   JD: libs/bcpkix-jdk15on.jar/org/bouncycastle/cms/CMSAuthenticatedDataStreamGenerator$CmsAuthenticatedDataOutputStream.class
   JD: libs/bcpkix-jdk15on.jar/org/bouncycastle/cms/CMSAuthenticatedDataStreamGenerator.class
   JD: libs/bcpkix-jdk15on.jar/org/bouncycastle/cms/CMSCompressedDataStreamGenerator.class
   JD: libs/bcpkix-jdk15on.jar/org/bouncycastle/cms/CMSEncryptedDataGenerator.class
   JD: libs/bcpkix-jdk15on.jar/org/bouncycastle/cms/CMSEnvelopedDataGenerator.class
   JD: libs/bcpkix-jdk15on.jar/org/bouncycastle/cms/CMSEnvelopedDataStreamGenerator$CmsEnvelopedDataOutputStream.class
   JD: libs/bcpkix-jdk15on.jar/org/bouncycastle/cms/CMSEnvelopedDataStreamGenerator.class
   JD: libs/bcpkix-jdk15on.jar/org/bouncycastle/cms/CMSProcessableFile.class
   JD: libs/bcpkix-jdk15on.jar/org/bouncycastle/cms/CMSSignedData.class
   JD: libs/bcpkix-jdk15on.jar/org/bouncycastle/cms/CMSSignedDataGenerator.class
   JD: libs/bcpkix-jdk15on.jar/org/bouncycastle/cms/CMSSignedDataParser.class
   JD: libs/bcpkix-jdk15on.jar/org/bouncycastle/cms/CMSSignedDataStreamGenerator.class
   JD: libs/bcpkix-jdk15on.jar/org/bouncycastle/cms/CMSSignedGenerator.class
   JD: libs/bcpkix-jdk15on.jar/org/bouncycastle/cms/DefaultCMSSignatureAlgorithmNameGenerator.class
   JD: libs/bcpkix-jdk15on.jar/org/bouncycastle/cms/DefaultCMSSignatureEncryptionAlgorithmFinder.class
   JD: libs/bcpkix-jdk15on.jar/org/bouncycastle/cms/KeyAgreeRecipientInfoGenerator.class
   JD: libs/bcpkix-jdk15on.jar/org/bouncycastle/cms/KeyAgreeRecipientInformation.class
   JD: libs/bcpkix-jdk15on.jar/org/bouncycastle/cms/PKCS7TypedStream.class
   JD: libs/bcpkix-jdk15on.jar/org/bouncycastle/cms/SignerInfoGenerator.class
   JD: libs/bcpkix-jdk15on.jar/org/bouncycastle/cms/SignerInfoGeneratorBuilder.class
   JD: libs/bcpkix-jdk15on.jar/org/bouncycastle/cms/SignerInformation.class
   JD: libs/bcpkix-jdk15on.jar/org/bouncycastle/cms/bc/BcECSignerInfoVerifierBuilder.class
   JD: libs/bcpkix-jdk15on.jar/org/bouncycastle/cms/bc/BcEdDSASignerInfoVerifierBuilder.class
   JD: libs/bcpkix-jdk15on.jar/org/bouncycastle/cms/jcajce/JcaSignerInfoGeneratorBuilder.class
   JD: libs/bcpkix-jdk15on.jar/org/bouncycastle/cms/jcajce/JcaSimpleSignerInfoGeneratorBuilder.class
   JD: libs/bcpkix-jdk15on.jar/org/bouncycastle/its/
   JD: libs/bcpkix-jdk15on.jar/org/bouncycastle/its/ITSCertificate.class
   JD: libs/bcpkix-jdk15on.jar/org/bouncycastle/its/ITSCertificateBuilder.class
   JD: libs/bcpkix-jdk15on.jar/org/bouncycastle/its/ITSExplicitCertificateBuilder.class
   JD: libs/bcpkix-jdk15on.jar/org/bouncycastle/its/ITSImplicitCertificateBuilder.class
   JD: libs/bcpkix-jdk15on.jar/org/bouncycastle/its/ITSPublicEncryptionKey$symmAlgorithm.class
   JD: libs/bcpkix-jdk15on.jar/org/bouncycastle/its/ITSPublicEncryptionKey.class
   JD: libs/bcpkix-jdk15on.jar/org/bouncycastle/its/ITSPublicVerificationKey.class
   JD: libs/bcpkix-jdk15on.jar/org/bouncycastle/its/ITSValidityPeriod$Builder.class
   JD: libs/bcpkix-jdk15on.jar/org/bouncycastle/its/ITSValidityPeriod$Unit.class
   JD: libs/bcpkix-jdk15on.jar/org/bouncycastle/its/ITSValidityPeriod.class
   JD: libs/bcpkix-jdk15on.jar/org/bouncycastle/its/bc/
   JD: libs/bcpkix-jdk15on.jar/org/bouncycastle/its/bc/BcITSContentSigner.class
   JD: libs/bcpkix-jdk15on.jar/org/bouncycastle/its/bc/BcITSContentVerifierProvider$1.class
   JD: libs/bcpkix-jdk15on.jar/org/bouncycastle/its/bc/BcITSContentVerifierProvider$2.class
   JD: libs/bcpkix-jdk15on.jar/org/bouncycastle/its/bc/BcITSContentVerifierProvider.class
   JD: libs/bcpkix-jdk15on.jar/org/bouncycastle/its/bc/BcITSExplicitCertificateBuilder.class
   JD: libs/bcpkix-jdk15on.jar/org/bouncycastle/its/bc/BcITSImplicitCertificateBuilder.class
   JD: libs/bcpkix-jdk15on.jar/org/bouncycastle/its/bc/BcITSPublicEncryptionKey.class
   JD: libs/bcpkix-jdk15on.jar/org/bouncycastle/its/bc/BcITSPublicVerificationKey.class
   JD: libs/bcpkix-jdk15on.jar/org/bouncycastle/its/jcajce/
   JD: libs/bcpkix-jdk15on.jar/org/bouncycastle/its/jcajce/JcaITSContentSigner$1.class
   JD: libs/bcpkix-jdk15on.jar/org/bouncycastle/its/jcajce/JcaITSContentSigner$Builder.class
   JD: libs/bcpkix-jdk15on.jar/org/bouncycastle/its/jcajce/JcaITSContentSigner.class
   JD: libs/bcpkix-jdk15on.jar/org/bouncycastle/its/jcajce/JcaITSContentVerifierProvider$1.class
   JD: libs/bcpkix-jdk15on.jar/org/bouncycastle/its/jcajce/JcaITSContentVerifierProvider$Builder.class
   JD: libs/bcpkix-jdk15on.jar/org/bouncycastle/its/jcajce/JcaITSContentVerifierProvider.class
   JD: libs/bcpkix-jdk15on.jar/org/bouncycastle/its/jcajce/JcaITSExplicitCertificateBuilder.class
   JD: libs/bcpkix-jdk15on.jar/org/bouncycastle/its/jcajce/JcaITSImplicitCertificateBuilderBuilder.class
   JD: libs/bcpkix-jdk15on.jar/org/bouncycastle/its/jcajce/JcaITSPublicVerificationKey$Builder.class
   JD: libs/bcpkix-jdk15on.jar/org/bouncycastle/its/jcajce/JcaITSPublicVerificationKey.class
   JD: libs/bcpkix-jdk15on.jar/org/bouncycastle/its/jcajce/JceITSPublicEncryptionKey$Builder.class
   JD: libs/bcpkix-jdk15on.jar/org/bouncycastle/its/jcajce/JceITSPublicEncryptionKey.class
   JD: libs/bcpkix-jdk15on.jar/org/bouncycastle/its/operator/
   JD: libs/bcpkix-jdk15on.jar/org/bouncycastle/its/operator/ECDSAEncoder.class
   JD: libs/bcpkix-jdk15on.jar/org/bouncycastle/its/operator/ITSContentSigner.class
   JD: libs/bcpkix-jdk15on.jar/org/bouncycastle/its/operator/ITSContentVerifierProvider.class
   JD: libs/bcpkix-jdk15on.jar/org/bouncycastle/mozilla/SignedPublicKeyAndChallenge.class
   JD: libs/bcpkix-jdk15on.jar/org/bouncycastle/openssl/CertificateTrustBlock.class
   JD: libs/bcpkix-jdk15on.jar/org/bouncycastle/openssl/PEMParser$ECDSAKeyPairParser.class
   JD: libs/bcpkix-jdk15on.jar/org/bouncycastle/operator/DefaultDigestAlgorithmIdentifierFinder.class
   JD: libs/bcpkix-jdk15on.jar/org/bouncycastle/operator/DefaultSignatureAlgorithmIdentifierFinder.class
   JD: libs/bcpkix-jdk15on.jar/org/bouncycastle/operator/DefaultSignatureNameFinder.class
   JD: libs/bcpkix-jdk15on.jar/org/bouncycastle/operator/bc/BcDefaultDigestProvider$10.class
   JD: libs/bcpkix-jdk15on.jar/org/bouncycastle/operator/bc/BcDefaultDigestProvider$11.class
   JD: libs/bcpkix-jdk15on.jar/org/bouncycastle/operator/bc/BcDefaultDigestProvider$12.class
   JD: libs/bcpkix-jdk15on.jar/org/bouncycastle/operator/bc/BcDefaultDigestProvider$13.class
   JD: libs/bcpkix-jdk15on.jar/org/bouncycastle/operator/bc/BcDefaultDigestProvider$14.class
   JD: libs/bcpkix-jdk15on.jar/org/bouncycastle/operator/bc/BcDefaultDigestProvider$15.class
   JD: libs/bcpkix-jdk15on.jar/org/bouncycastle/operator/bc/BcDefaultDigestProvider$16.class
   JD: libs/bcpkix-jdk15on.jar/org/bouncycastle/operator/bc/BcDefaultDigestProvider$17.class
   JD: libs/bcpkix-jdk15on.jar/org/bouncycastle/operator/bc/BcDefaultDigestProvider$18.class
   JD: libs/bcpkix-jdk15on.jar/org/bouncycastle/operator/bc/BcDefaultDigestProvider$19.class
   JD: libs/bcpkix-jdk15on.jar/org/bouncycastle/operator/bc/BcDefaultDigestProvider$20.class
   JD: libs/bcpkix-jdk15on.jar/org/bouncycastle/operator/bc/BcDefaultDigestProvider$21.class
   JD: libs/bcpkix-jdk15on.jar/org/bouncycastle/operator/bc/BcDefaultDigestProvider$22.class
   JD: libs/bcpkix-jdk15on.jar/org/bouncycastle/operator/bc/BcDefaultDigestProvider$23.class
   JD: libs/bcpkix-jdk15on.jar/org/bouncycastle/operator/bc/BcDefaultDigestProvider$AdjustedXof.class
   JD: libs/bcpkix-jdk15on.jar/org/bouncycastle/operator/bc/BcDefaultDigestProvider.class
   JD: libs/bcpkix-jdk15on.jar/org/bouncycastle/operator/bc/BcEdDSAContentVerifierProviderBuilder.class
   JD: libs/bcpkix-jdk15on.jar/org/bouncycastle/operator/jcajce/JcaDigestCalculatorProviderBuilder.class
   JD: libs/bcpkix-jdk15on.jar/org/bouncycastle/operator/jcajce/OperatorHelper.class
   JD: libs/bcpkix-jdk15on.jar/org/bouncycastle/pkcs/PKCS10CertificationRequest.class
   JD: libs/bcpkix-jdk15on.jar/org/bouncycastle/pkcs/jcajce/JcePKCSPBEOutputEncryptorBuilder.class
   JD: libs/bcpkix-jdk15on.jar/org/bouncycastle/tsp/TimeStampResponse.class
   JD: libs/bcpkix-jdk15on.jar/org/bouncycastle/tsp/cms/CMSTimeStampedData.class
   JD: libs/bcpkix-jdk15on.jar/org/bouncycastle/tsp/cms/CMSTimeStampedDataGenerator.class
   JD: libs/bcpkix-jdk15on.jar/org/bouncycastle/tsp/cms/CMSTimeStampedDataParser.class
   JD: libs/bcpkix-jdk15on.jar/org/bouncycastle/tsp/cms/CMSTimeStampedGenerator.class
   JD: libs/bcpkix-jdk15on.jar/org/bouncycastle/tsp/cms/MetaDataUtil.class
   JD: libs/bcpkix-jdk15on.jar/org/bouncycastle/voms/VOMSAttribute.class
   JD: libs/bcprov-jdk15on.jar/META-INF/BC1024KE.DSA
   JD: libs/bcprov-jdk15on.jar/META-INF/BC1024KE.SF
   JD: libs/bcprov-jdk15on.jar/META-INF/BC2048KE.DSA
   JD: libs/bcprov-jdk15on.jar/META-INF/BC2048KE.SF
   JD: libs/bcprov-jdk15on.jar/META-INF/MANIFEST.MF
   JD: libs/bcprov-jdk15on.jar/META-INF/versions/11/org/bouncycastle/jcajce/provider/asymmetric/edec/KeyFactorySpi.class
   JD: libs/bcprov-jdk15on.jar/META-INF/versions/15/org/bouncycastle/jcajce/provider/asymmetric/edec/KeyFactorySpi.class
   JD: libs/bcprov-jdk15on.jar/META-INF/versions/9/module-info.class
   JD: libs/bcprov-jdk15on.jar/META-INF/versions/9/org/bouncycastle/asn1/ASN1ApplicationSpecific.class
   JD: libs/bcprov-jdk15on.jar/META-INF/versions/9/org/bouncycastle/asn1/ASN1ApplicationSpecificParser.class
   JD: libs/bcprov-jdk15on.jar/META-INF/versions/9/org/bouncycastle/asn1/ASN1BMPString$1.class
   JD: libs/bcprov-jdk15on.jar/META-INF/versions/9/org/bouncycastle/asn1/ASN1BMPString.class
   JD: libs/bcprov-jdk15on.jar/META-INF/versions/9/org/bouncycastle/asn1/ASN1BitString$1.class
   JD: libs/bcprov-jdk15on.jar/META-INF/versions/9/org/bouncycastle/asn1/ASN1BitString.class
   JD: libs/bcprov-jdk15on.jar/META-INF/versions/9/org/bouncycastle/asn1/ASN1BitStringParser.class
   JD: libs/bcprov-jdk15on.jar/META-INF/versions/9/org/bouncycastle/asn1/ASN1Boolean$1.class
   JD: libs/bcprov-jdk15on.jar/META-INF/versions/9/org/bouncycastle/asn1/ASN1Boolean.class
   JD: libs/bcprov-jdk15on.jar/META-INF/versions/9/org/bouncycastle/asn1/ASN1EncodableVector.class
   JD: libs/bcprov-jdk15on.jar/META-INF/versions/9/org/bouncycastle/asn1/ASN1Enumerated$1.class
   JD: libs/bcprov-jdk15on.jar/META-INF/versions/9/org/bouncycastle/asn1/ASN1Enumerated.class
   JD: libs/bcprov-jdk15on.jar/META-INF/versions/9/org/bouncycastle/asn1/ASN1External$1.class
   JD: libs/bcprov-jdk15on.jar/META-INF/versions/9/org/bouncycastle/asn1/ASN1External.class
   JD: libs/bcprov-jdk15on.jar/META-INF/versions/9/org/bouncycastle/asn1/ASN1ExternalParser.class
   JD: libs/bcprov-jdk15on.jar/META-INF/versions/9/org/bouncycastle/asn1/ASN1GeneralString$1.class
   JD: libs/bcprov-jdk15on.jar/META-INF/versions/9/org/bouncycastle/asn1/ASN1GeneralString.class
   JD: libs/bcprov-jdk15on.jar/META-INF/versions/9/org/bouncycastle/asn1/ASN1GeneralizedTime$1.class
   JD: libs/bcprov-jdk15on.jar/META-INF/versions/9/org/bouncycastle/asn1/ASN1GeneralizedTime.class
   JD: libs/bcprov-jdk15on.jar/META-INF/versions/9/org/bouncycastle/asn1/ASN1GraphicString$1.class
   JD: libs/bcprov-jdk15on.jar/META-INF/versions/9/org/bouncycastle/asn1/ASN1GraphicString.class
   JD: libs/bcprov-jdk15on.jar/META-INF/versions/9/org/bouncycastle/asn1/ASN1IA5String$1.class
   JD: libs/bcprov-jdk15on.jar/META-INF/versions/9/org/bouncycastle/asn1/ASN1IA5String.class
   JD: libs/bcprov-jdk15on.jar/META-INF/versions/9/org/bouncycastle/asn1/ASN1InputStream.class
   JD: libs/bcprov-jdk15on.jar/META-INF/versions/9/org/bouncycastle/asn1/ASN1Integer$1.class
   JD: libs/bcprov-jdk15on.jar/META-INF/versions/9/org/bouncycastle/asn1/ASN1Integer.class
   JD: libs/bcprov-jdk15on.jar/META-INF/versions/9/org/bouncycastle/asn1/ASN1Null$1.class
   JD: libs/bcprov-jdk15on.jar/META-INF/versions/9/org/bouncycastle/asn1/ASN1Null.class
   JD: libs/bcprov-jdk15on.jar/META-INF/versions/9/org/bouncycastle/asn1/ASN1NumericString$1.class
   JD: libs/bcprov-jdk15on.jar/META-INF/versions/9/org/bouncycastle/asn1/ASN1NumericString.class
   JD: libs/bcprov-jdk15on.jar/META-INF/versions/9/org/bouncycastle/asn1/ASN1Object.class
   JD: libs/bcprov-jdk15on.jar/META-INF/versions/9/org/bouncycastle/asn1/ASN1ObjectDescriptor$1.class
   JD: libs/bcprov-jdk15on.jar/META-INF/versions/9/org/bouncycastle/asn1/ASN1ObjectDescriptor.class
   JD: libs/bcprov-jdk15on.jar/META-INF/versions/9/org/bouncycastle/asn1/ASN1ObjectIdentifier$1.class
   JD: libs/bcprov-jdk15on.jar/META-INF/versions/9/org/bouncycastle/asn1/ASN1ObjectIdentifier$OidHandle.class
   JD: libs/bcprov-jdk15on.jar/META-INF/versions/9/org/bouncycastle/asn1/ASN1ObjectIdentifier.class
   JD: libs/bcprov-jdk15on.jar/META-INF/versions/9/org/bouncycastle/asn1/ASN1OctetString$1.class
   JD: libs/bcprov-jdk15on.jar/META-INF/versions/9/org/bouncycastle/asn1/ASN1OctetString.class
   JD: libs/bcprov-jdk15on.jar/META-INF/versions/9/org/bouncycastle/asn1/ASN1OutputStream.class
   JD: libs/bcprov-jdk15on.jar/META-INF/versions/9/org/bouncycastle/asn1/ASN1Primitive.class
   JD: libs/bcprov-jdk15on.jar/META-INF/versions/9/org/bouncycastle/asn1/ASN1PrintableString$1.class
   JD: libs/bcprov-jdk15on.jar/META-INF/versions/9/org/bouncycastle/asn1/ASN1PrintableString.class
   JD: libs/bcprov-jdk15on.jar/META-INF/versions/9/org/bouncycastle/asn1/ASN1Private.class.removed
   JD: libs/bcprov-jdk15on.jar/META-INF/versions/9/org/bouncycastle/asn1/ASN1PrivateParser.class.removed
   JD: libs/bcprov-jdk15on.jar/META-INF/versions/9/org/bouncycastle/asn1/ASN1RelativeOID$1.class
   JD: libs/bcprov-jdk15on.jar/META-INF/versions/9/org/bouncycastle/asn1/ASN1RelativeOID.class
   JD: libs/bcprov-jdk15on.jar/META-INF/versions/9/org/bouncycastle/asn1/ASN1Sequence$1.class
   JD: libs/bcprov-jdk15on.jar/META-INF/versions/9/org/bouncycastle/asn1/ASN1Sequence$2.class
   JD: libs/bcprov-jdk15on.jar/META-INF/versions/9/org/bouncycastle/asn1/ASN1Sequence$3.class
   JD: libs/bcprov-jdk15on.jar/META-INF/versions/9/org/bouncycastle/asn1/ASN1Sequence.class
   JD: libs/bcprov-jdk15on.jar/META-INF/versions/9/org/bouncycastle/asn1/ASN1Set$1.class
   JD: libs/bcprov-jdk15on.jar/META-INF/versions/9/org/bouncycastle/asn1/ASN1Set$2.class
   JD: libs/bcprov-jdk15on.jar/META-INF/versions/9/org/bouncycastle/asn1/ASN1Set$3.class
   JD: libs/bcprov-jdk15on.jar/META-INF/versions/9/org/bouncycastle/asn1/ASN1Set.class
   JD: libs/bcprov-jdk15on.jar/META-INF/versions/9/org/bouncycastle/asn1/ASN1StreamParser.class
   JD: libs/bcprov-jdk15on.jar/META-INF/versions/9/org/bouncycastle/asn1/ASN1T61String$1.class
   JD: libs/bcprov-jdk15on.jar/META-INF/versions/9/org/bouncycastle/asn1/ASN1T61String.class
   JD: libs/bcprov-jdk15on.jar/META-INF/versions/9/org/bouncycastle/asn1/ASN1Tag.class
   JD: libs/bcprov-jdk15on.jar/META-INF/versions/9/org/bouncycastle/asn1/ASN1TaggedObject.class
   JD: libs/bcprov-jdk15on.jar/META-INF/versions/9/org/bouncycastle/asn1/ASN1TaggedObjectParser.class
   JD: libs/bcprov-jdk15on.jar/META-INF/versions/9/org/bouncycastle/asn1/ASN1Type.class
   JD: libs/bcprov-jdk15on.jar/META-INF/versions/9/org/bouncycastle/asn1/ASN1UTCTime$1.class
   JD: libs/bcprov-jdk15on.jar/META-INF/versions/9/org/bouncycastle/asn1/ASN1UTCTime.class
   JD: libs/bcprov-jdk15on.jar/META-INF/versions/9/org/bouncycastle/asn1/ASN1UTF8String$1.class
   JD: libs/bcprov-jdk15on.jar/META-INF/versions/9/org/bouncycastle/asn1/ASN1UTF8String.class
   JD: libs/bcprov-jdk15on.jar/META-INF/versions/9/org/bouncycastle/asn1/ASN1UniversalString$1.class
   JD: libs/bcprov-jdk15on.jar/META-INF/versions/9/org/bouncycastle/asn1/ASN1UniversalString.class
   JD: libs/bcprov-jdk15on.jar/META-INF/versions/9/org/bouncycastle/asn1/ASN1UniversalType.class
   JD: libs/bcprov-jdk15on.jar/META-INF/versions/9/org/bouncycastle/asn1/ASN1UniversalTypes.class
   JD: libs/bcprov-jdk15on.jar/META-INF/versions/9/org/bouncycastle/asn1/ASN1Util.class
   JD: libs/bcprov-jdk15on.jar/META-INF/versions/9/org/bouncycastle/asn1/ASN1VideotexString$1.class
   JD: libs/bcprov-jdk15on.jar/META-INF/versions/9/org/bouncycastle/asn1/ASN1VideotexString.class
   JD: libs/bcprov-jdk15on.jar/META-INF/versions/9/org/bouncycastle/asn1/ASN1VisibleString$1.class
   JD: libs/bcprov-jdk15on.jar/META-INF/versions/9/org/bouncycastle/asn1/ASN1VisibleString.class
   JD: libs/bcprov-jdk15on.jar/META-INF/versions/9/org/bouncycastle/asn1/BERApplicationSpecific.class
   JD: libs/bcprov-jdk15on.jar/META-INF/versions/9/org/bouncycastle/asn1/BERApplicationSpecificParser.class
   JD: libs/bcprov-jdk15on.jar/META-INF/versions/9/org/bouncycastle/asn1/BERBitString.class
   JD: libs/bcprov-jdk15on.jar/META-INF/versions/9/org/bouncycastle/asn1/BERBitStringParser.class
   JD: libs/bcprov-jdk15on.jar/META-INF/versions/9/org/bouncycastle/asn1/BEROctetString$1.class
   JD: libs/bcprov-jdk15on.jar/META-INF/versions/9/org/bouncycastle/asn1/BEROctetString$2.class
   JD: libs/bcprov-jdk15on.jar/META-INF/versions/9/org/bouncycastle/asn1/BEROctetString.class
   JD: libs/bcprov-jdk15on.jar/META-INF/versions/9/org/bouncycastle/asn1/BEROctetStringParser.class
   JD: libs/bcprov-jdk15on.jar/META-INF/versions/9/org/bouncycastle/asn1/BERPrivate.class.removed
   JD: libs/bcprov-jdk15on.jar/META-INF/versions/9/org/bouncycastle/asn1/BERPrivateParser.class.removed
   JD: libs/bcprov-jdk15on.jar/META-INF/versions/9/org/bouncycastle/asn1/BERSequence.class
   JD: libs/bcprov-jdk15on.jar/META-INF/versions/9/org/bouncycastle/asn1/BERSequenceParser.class
   JD: libs/bcprov-jdk15on.jar/META-INF/versions/9/org/bouncycastle/asn1/BERSet.class
   JD: libs/bcprov-jdk15on.jar/META-INF/versions/9/org/bouncycastle/asn1/BERSetParser.class
   JD: libs/bcprov-jdk15on.jar/META-INF/versions/9/org/bouncycastle/asn1/BERTaggedObject.class
   JD: libs/bcprov-jdk15on.jar/META-INF/versions/9/org/bouncycastle/asn1/BERTaggedObjectParser.class
   JD: libs/bcprov-jdk15on.jar/META-INF/versions/9/org/bouncycastle/asn1/BERTags.class
   JD: libs/bcprov-jdk15on.jar/META-INF/versions/9/org/bouncycastle/asn1/ConstructedBitStream.class
   JD: libs/bcprov-jdk15on.jar/META-INF/versions/9/org/bouncycastle/asn1/DERApplicationSpecific.class
   JD: libs/bcprov-jdk15on.jar/META-INF/versions/9/org/bouncycastle/asn1/DERBMPString.class
   JD: libs/bcprov-jdk15on.jar/META-INF/versions/9/org/bouncycastle/asn1/DERBitString.class
   JD: libs/bcprov-jdk15on.jar/META-INF/versions/9/org/bouncycastle/asn1/DERExternal.class
   JD: libs/bcprov-jdk15on.jar/META-INF/versions/9/org/bouncycastle/asn1/DERExternalParser.class
   JD: libs/bcprov-jdk15on.jar/META-INF/versions/9/org/bouncycastle/asn1/DERFactory.class
   JD: libs/bcprov-jdk15on.jar/META-INF/versions/9/org/bouncycastle/asn1/DERGeneralString.class
   JD: libs/bcprov-jdk15on.jar/META-INF/versions/9/org/bouncycastle/asn1/DERGeneralizedTime.class
   JD: libs/bcprov-jdk15on.jar/META-INF/versions/9/org/bouncycastle/asn1/DERGraphicString.class
   JD: libs/bcprov-jdk15on.jar/META-INF/versions/9/org/bouncycastle/asn1/DERIA5String.class
   JD: libs/bcprov-jdk15on.jar/META-INF/versions/9/org/bouncycastle/asn1/DERNull.class
   JD: libs/bcprov-jdk15on.jar/META-INF/versions/9/org/bouncycastle/asn1/DERNumericString.class
   JD: libs/bcprov-jdk15on.jar/META-INF/versions/9/org/bouncycastle/asn1/DEROctetString.class
   JD: libs/bcprov-jdk15on.jar/META-INF/versions/9/org/bouncycastle/asn1/DEROutputStream.class
   JD: libs/bcprov-jdk15on.jar/META-INF/versions/9/org/bouncycastle/asn1/DERPrintableString.class
   JD: libs/bcprov-jdk15on.jar/META-INF/versions/9/org/bouncycastle/asn1/DERSequence.class
   JD: libs/bcprov-jdk15on.jar/META-INF/versions/9/org/bouncycastle/asn1/DERSet.class
   JD: libs/bcprov-jdk15on.jar/META-INF/versions/9/org/bouncycastle/asn1/DERT61String.class
   JD: libs/bcprov-jdk15on.jar/META-INF/versions/9/org/bouncycastle/asn1/DERTaggedObject.class
   JD: libs/bcprov-jdk15on.jar/META-INF/versions/9/org/bouncycastle/asn1/DERUTF8String.class
   JD: libs/bcprov-jdk15on.jar/META-INF/versions/9/org/bouncycastle/asn1/DERUniversalString.class
   JD: libs/bcprov-jdk15on.jar/META-INF/versions/9/org/bouncycastle/asn1/DERVideotexString.class
   JD: libs/bcprov-jdk15on.jar/META-INF/versions/9/org/bouncycastle/asn1/DERVisibleString.class
   JD: libs/bcprov-jdk15on.jar/META-INF/versions/9/org/bouncycastle/asn1/DLApplicationSpecific.class
   JD: libs/bcprov-jdk15on.jar/META-INF/versions/9/org/bouncycastle/asn1/DLBitString.class
   JD: libs/bcprov-jdk15on.jar/META-INF/versions/9/org/bouncycastle/asn1/DLBitStringParser.class
   JD: libs/bcprov-jdk15on.jar/META-INF/versions/9/org/bouncycastle/asn1/DLExternal.class
   JD: libs/bcprov-jdk15on.jar/META-INF/versions/9/org/bouncycastle/asn1/DLFactory.class
   JD: libs/bcprov-jdk15on.jar/META-INF/versions/9/org/bouncycastle/asn1/DLOutputStream.class
   JD: libs/bcprov-jdk15on.jar/META-INF/versions/9/org/bouncycastle/asn1/DLPrivate.class.removed
   JD: libs/bcprov-jdk15on.jar/META-INF/versions/9/org/bouncycastle/asn1/DLSequence.class
   JD: libs/bcprov-jdk15on.jar/META-INF/versions/9/org/bouncycastle/asn1/DLSequenceParser.class
   JD: libs/bcprov-jdk15on.jar/META-INF/versions/9/org/bouncycastle/asn1/DLSet.class
   JD: libs/bcprov-jdk15on.jar/META-INF/versions/9/org/bouncycastle/asn1/DLSetParser.class
   JD: libs/bcprov-jdk15on.jar/META-INF/versions/9/org/bouncycastle/asn1/DLTaggedObject.class
   JD: libs/bcprov-jdk15on.jar/META-INF/versions/9/org/bouncycastle/asn1/DLTaggedObjectParser.class
   JD: libs/bcprov-jdk15on.jar/META-INF/versions/9/org/bouncycastle/asn1/DefiniteLengthInputStream.class
   JD: libs/bcprov-jdk15on.jar/META-INF/versions/9/org/bouncycastle/asn1/LazyConstructionEnumeration.class
   JD: libs/bcprov-jdk15on.jar/META-INF/versions/9/org/bouncycastle/asn1/LazyEncodedSequence.class
   JD: libs/bcprov-jdk15on.jar/META-INF/versions/9/org/bouncycastle/asn1/StreamUtil.class
   JD: libs/bcprov-jdk15on.jar/META-INF/versions/9/org/bouncycastle/asn1/x509/SubjectPublicKeyInfo.class
   JD: libs/bcprov-jdk15on.jar/META-INF/versions/9/org/bouncycastle/asn1/x9/X9FieldElement.class
   JD: libs/bcprov-jdk15on.jar/META-INF/versions/9/org/bouncycastle/crypto/digests/KeccakDigest.class
   JD: libs/bcprov-jdk15on.jar/META-INF/versions/9/org/bouncycastle/crypto/digests/SHA3Digest.class
   JD: libs/bcprov-jdk15on.jar/META-INF/versions/9/org/bouncycastle/crypto/digests/SHAKEDigest.class
   JD: libs/bcprov-jdk15on.jar/META-INF/versions/9/org/bouncycastle/crypto/util/DigestFactory$1.class
   JD: libs/bcprov-jdk15on.jar/META-INF/versions/9/org/bouncycastle/crypto/util/DigestFactory$10.class
   JD: libs/bcprov-jdk15on.jar/META-INF/versions/9/org/bouncycastle/crypto/util/DigestFactory$11.class
   JD: libs/bcprov-jdk15on.jar/META-INF/versions/9/org/bouncycastle/crypto/util/DigestFactory$12.class
   JD: libs/bcprov-jdk15on.jar/META-INF/versions/9/org/bouncycastle/crypto/util/DigestFactory$2.class
   JD: libs/bcprov-jdk15on.jar/META-INF/versions/9/org/bouncycastle/crypto/util/DigestFactory$3.class
   JD: libs/bcprov-jdk15on.jar/META-INF/versions/9/org/bouncycastle/crypto/util/DigestFactory$4.class
   JD: libs/bcprov-jdk15on.jar/META-INF/versions/9/org/bouncycastle/crypto/util/DigestFactory$5.class
   JD: libs/bcprov-jdk15on.jar/META-INF/versions/9/org/bouncycastle/crypto/util/DigestFactory$6.class
   JD: libs/bcprov-jdk15on.jar/META-INF/versions/9/org/bouncycastle/crypto/util/DigestFactory$7.class
   JD: libs/bcprov-jdk15on.jar/META-INF/versions/9/org/bouncycastle/crypto/util/DigestFactory$8.class
   JD: libs/bcprov-jdk15on.jar/META-INF/versions/9/org/bouncycastle/crypto/util/DigestFactory$9.class
   JD: libs/bcprov-jdk15on.jar/META-INF/versions/9/org/bouncycastle/crypto/util/DigestFactory.class
   JD: libs/bcprov-jdk15on.jar/META-INF/versions/9/org/bouncycastle/jce/provider/BouncyCastleProvider.class
   JD: libs/bcprov-jdk15on.jar/META-INF/versions/9/org/bouncycastle/math/ec/ECFieldElement$AbstractF2m.class
   JD: libs/bcprov-jdk15on.jar/META-INF/versions/9/org/bouncycastle/math/ec/ECFieldElement$F2m.class
   JD: libs/bcprov-jdk15on.jar/META-INF/versions/9/org/bouncycastle/math/ec/ECFieldElement$Fp.class
   JD: libs/bcprov-jdk15on.jar/META-INF/versions/9/org/bouncycastle/math/ec/endo/GLVTypeBParameters.class
   JD: libs/bcprov-jdk15on.jar/META-INF/versions/9/org/bouncycastle/math/raw/Mod.class
   JD: libs/bcprov-jdk15on.jar/META-INF/versions/9/org/bouncycastle/math/raw/Nat.class
   JD: libs/bcprov-jdk15on.jar/META-INF/versions/9/org/bouncycastle/pqc/crypto/qtesla/QTesla1p$Gaussian.class
   JD: libs/bcprov-jdk15on.jar/META-INF/versions/9/org/bouncycastle/pqc/crypto/qtesla/QTesla1p$QTesla1PPolynomial.class
   JD: libs/bcprov-jdk15on.jar/META-INF/versions/9/org/bouncycastle/pqc/crypto/util/PublicKeyFactory$NHConverter.class
   JD: libs/bcprov-jdk15on.jar/META-INF/versions/9/org/bouncycastle/pqc/crypto/util/PublicKeyFactory$QTeslaConverter.class
   JD: libs/bcprov-jdk15on.jar/META-INF/versions/9/org/bouncycastle/pqc/crypto/util/PublicKeyFactory$SPHINCSConverter.class
   JD: libs/bcprov-jdk15on.jar/META-INF/versions/9/org/bouncycastle/pqc/crypto/xmss/LTreeAddress$Builder.class
   JD: libs/bcprov-jdk15on.jar/META-INF/versions/9/org/bouncycastle/pqc/crypto/xmss/LTreeAddress.class
   JD: libs/bcprov-jdk15on.jar/META-INF/versions/9/org/bouncycastle/pqc/crypto/xmss/OTSHashAddress$Builder.class
   JD: libs/bcprov-jdk15on.jar/META-INF/versions/9/org/bouncycastle/pqc/crypto/xmss/OTSHashAddress.class
   JD: libs/bcprov-jdk15on.jar/META-INF/versions/9/org/bouncycastle/pqc/jcajce/provider/BouncyCastlePQCProvider.class
   JD: libs/bcprov-jdk15on.jar/META-INF/versions/9/org/bouncycastle/util/Arrays$Iterator.class
   JD: libs/bcprov-jdk15on.jar/META-INF/versions/9/org/bouncycastle/util/Arrays.class
   JD: libs/bcprov-jdk15on.jar/META-INF/versions/9/org/bouncycastle/util/BigIntegers.class
   JD: libs/bcprov-jdk15on.jar/META-INF/versions/9/org/bouncycastle/util/encoders/HexEncoder.class
   JD: libs/bcprov-jdk15on.jar/META-INF/versions/9/org/bouncycastle/util/encoders/UTF8.class
   JD: libs/bcprov-jdk15on.jar/META-INF/versions/9/org/bouncycastle/util/io/Streams.class
   JD: libs/bcprov-jdk15on.jar/org/bouncycastle/asn1/ASN1ApplicationSpecific.class
   JD: libs/bcprov-jdk15on.jar/org/bouncycastle/asn1/ASN1ApplicationSpecificParser.class
   JD: libs/bcprov-jdk15on.jar/org/bouncycastle/asn1/ASN1BMPString$1.class
   JD: libs/bcprov-jdk15on.jar/org/bouncycastle/asn1/ASN1BMPString.class
   JD: libs/bcprov-jdk15on.jar/org/bouncycastle/asn1/ASN1BitString$1.class
   JD: libs/bcprov-jdk15on.jar/org/bouncycastle/asn1/ASN1BitString.class
   JD: libs/bcprov-jdk15on.jar/org/bouncycastle/asn1/ASN1BitStringParser.class
   JD: libs/bcprov-jdk15on.jar/org/bouncycastle/asn1/ASN1Boolean$1.class
   JD: libs/bcprov-jdk15on.jar/org/bouncycastle/asn1/ASN1Boolean.class
   JD: libs/bcprov-jdk15on.jar/org/bouncycastle/asn1/ASN1EncodableVector.class
   JD: libs/bcprov-jdk15on.jar/org/bouncycastle/asn1/ASN1Enumerated$1.class
   JD: libs/bcprov-jdk15on.jar/org/bouncycastle/asn1/ASN1Enumerated.class
   JD: libs/bcprov-jdk15on.jar/org/bouncycastle/asn1/ASN1External$1.class
   JD: libs/bcprov-jdk15on.jar/org/bouncycastle/asn1/ASN1External.class
   JD: libs/bcprov-jdk15on.jar/org/bouncycastle/asn1/ASN1ExternalParser.class
   JD: libs/bcprov-jdk15on.jar/org/bouncycastle/asn1/ASN1GeneralString$1.class
   JD: libs/bcprov-jdk15on.jar/org/bouncycastle/asn1/ASN1GeneralString.class
   JD: libs/bcprov-jdk15on.jar/org/bouncycastle/asn1/ASN1GeneralizedTime$1.class
   JD: libs/bcprov-jdk15on.jar/org/bouncycastle/asn1/ASN1GeneralizedTime.class
   JD: libs/bcprov-jdk15on.jar/org/bouncycastle/asn1/ASN1GraphicString$1.class
   JD: libs/bcprov-jdk15on.jar/org/bouncycastle/asn1/ASN1GraphicString.class
   JD: libs/bcprov-jdk15on.jar/org/bouncycastle/asn1/ASN1IA5String$1.class
   JD: libs/bcprov-jdk15on.jar/org/bouncycastle/asn1/ASN1IA5String.class
   JD: libs/bcprov-jdk15on.jar/org/bouncycastle/asn1/ASN1InputStream.class
   JD: libs/bcprov-jdk15on.jar/org/bouncycastle/asn1/ASN1Integer$1.class
   JD: libs/bcprov-jdk15on.jar/org/bouncycastle/asn1/ASN1Integer.class
   JD: libs/bcprov-jdk15on.jar/org/bouncycastle/asn1/ASN1Null$1.class
   JD: libs/bcprov-jdk15on.jar/org/bouncycastle/asn1/ASN1Null.class
   JD: libs/bcprov-jdk15on.jar/org/bouncycastle/asn1/ASN1NumericString$1.class
   JD: libs/bcprov-jdk15on.jar/org/bouncycastle/asn1/ASN1NumericString.class
   JD: libs/bcprov-jdk15on.jar/org/bouncycastle/asn1/ASN1Object.class
   JD: libs/bcprov-jdk15on.jar/org/bouncycastle/asn1/ASN1ObjectDescriptor$1.class
   JD: libs/bcprov-jdk15on.jar/org/bouncycastle/asn1/ASN1ObjectDescriptor.class
   JD: libs/bcprov-jdk15on.jar/org/bouncycastle/asn1/ASN1ObjectIdentifier$1.class
   JD: libs/bcprov-jdk15on.jar/org/bouncycastle/asn1/ASN1ObjectIdentifier$OidHandle.class
   JD: libs/bcprov-jdk15on.jar/org/bouncycastle/asn1/ASN1ObjectIdentifier.class
   JD: libs/bcprov-jdk15on.jar/org/bouncycastle/asn1/ASN1OctetString$1.class
   JD: libs/bcprov-jdk15on.jar/org/bouncycastle/asn1/ASN1OctetString.class
   JD: libs/bcprov-jdk15on.jar/org/bouncycastle/asn1/ASN1OutputStream.class
   JD: libs/bcprov-jdk15on.jar/org/bouncycastle/asn1/ASN1Primitive.class
   JD: libs/bcprov-jdk15on.jar/org/bouncycastle/asn1/ASN1PrintableString$1.class
   JD: libs/bcprov-jdk15on.jar/org/bouncycastle/asn1/ASN1PrintableString.class
   JD: libs/bcprov-jdk15on.jar/org/bouncycastle/asn1/ASN1Private.class.removed
   JD: libs/bcprov-jdk15on.jar/org/bouncycastle/asn1/ASN1PrivateParser.class.removed
   JD: libs/bcprov-jdk15on.jar/org/bouncycastle/asn1/ASN1RelativeOID$1.class
   JD: libs/bcprov-jdk15on.jar/org/bouncycastle/asn1/ASN1RelativeOID.class
   JD: libs/bcprov-jdk15on.jar/org/bouncycastle/asn1/ASN1Sequence$1.class
   JD: libs/bcprov-jdk15on.jar/org/bouncycastle/asn1/ASN1Sequence$2.class
   JD: libs/bcprov-jdk15on.jar/org/bouncycastle/asn1/ASN1Sequence$3.class
   JD: libs/bcprov-jdk15on.jar/org/bouncycastle/asn1/ASN1Sequence.class
   JD: libs/bcprov-jdk15on.jar/org/bouncycastle/asn1/ASN1Set$1.class
   JD: libs/bcprov-jdk15on.jar/org/bouncycastle/asn1/ASN1Set$2.class
   JD: libs/bcprov-jdk15on.jar/org/bouncycastle/asn1/ASN1Set$3.class
   JD: libs/bcprov-jdk15on.jar/org/bouncycastle/asn1/ASN1Set.class
   JD: libs/bcprov-jdk15on.jar/org/bouncycastle/asn1/ASN1StreamParser.class
   JD: libs/bcprov-jdk15on.jar/org/bouncycastle/asn1/ASN1T61String$1.class
   JD: libs/bcprov-jdk15on.jar/org/bouncycastle/asn1/ASN1T61String.class
   JD: libs/bcprov-jdk15on.jar/org/bouncycastle/asn1/ASN1Tag.class
   JD: libs/bcprov-jdk15on.jar/org/bouncycastle/asn1/ASN1TaggedObject.class
   JD: libs/bcprov-jdk15on.jar/org/bouncycastle/asn1/ASN1TaggedObjectParser.class
   JD: libs/bcprov-jdk15on.jar/org/bouncycastle/asn1/ASN1Type.class
   JD: libs/bcprov-jdk15on.jar/org/bouncycastle/asn1/ASN1UTCTime$1.class
   JD: libs/bcprov-jdk15on.jar/org/bouncycastle/asn1/ASN1UTCTime.class
   JD: libs/bcprov-jdk15on.jar/org/bouncycastle/asn1/ASN1UTF8String$1.class
   JD: libs/bcprov-jdk15on.jar/org/bouncycastle/asn1/ASN1UTF8String.class
   JD: libs/bcprov-jdk15on.jar/org/bouncycastle/asn1/ASN1UniversalString$1.class
   JD: libs/bcprov-jdk15on.jar/org/bouncycastle/asn1/ASN1UniversalString.class
   JD: libs/bcprov-jdk15on.jar/org/bouncycastle/asn1/ASN1UniversalType.class
   JD: libs/bcprov-jdk15on.jar/org/bouncycastle/asn1/ASN1UniversalTypes.class
   JD: libs/bcprov-jdk15on.jar/org/bouncycastle/asn1/ASN1Util.class
   JD: libs/bcprov-jdk15on.jar/org/bouncycastle/asn1/ASN1VideotexString$1.class
   JD: libs/bcprov-jdk15on.jar/org/bouncycastle/asn1/ASN1VideotexString.class
   JD: libs/bcprov-jdk15on.jar/org/bouncycastle/asn1/ASN1VisibleString$1.class
   JD: libs/bcprov-jdk15on.jar/org/bouncycastle/asn1/ASN1VisibleString.class
   JD: libs/bcprov-jdk15on.jar/org/bouncycastle/asn1/BERApplicationSpecific.class
   JD: libs/bcprov-jdk15on.jar/org/bouncycastle/asn1/BERApplicationSpecificParser.class
   JD: libs/bcprov-jdk15on.jar/org/bouncycastle/asn1/BERBitString.class
   JD: libs/bcprov-jdk15on.jar/org/bouncycastle/asn1/BERBitStringParser.class
   JD: libs/bcprov-jdk15on.jar/org/bouncycastle/asn1/BERGenerator.class
   JD: libs/bcprov-jdk15on.jar/org/bouncycastle/asn1/BEROctetString.class
   JD: libs/bcprov-jdk15on.jar/org/bouncycastle/asn1/BEROctetStringGenerator$BufferedBEROctetStream.class
   JD: libs/bcprov-jdk15on.jar/org/bouncycastle/asn1/BEROctetStringParser.class
   JD: libs/bcprov-jdk15on.jar/org/bouncycastle/asn1/BERPrivate.class.removed
   JD: libs/bcprov-jdk15on.jar/org/bouncycastle/asn1/BERPrivateParser.class.removed
   JD: libs/bcprov-jdk15on.jar/org/bouncycastle/asn1/BERSequence.class
   JD: libs/bcprov-jdk15on.jar/org/bouncycastle/asn1/BERSequenceGenerator.class
   JD: libs/bcprov-jdk15on.jar/org/bouncycastle/asn1/BERSequenceParser.class
   JD: libs/bcprov-jdk15on.jar/org/bouncycastle/asn1/BERSet.class
   JD: libs/bcprov-jdk15on.jar/org/bouncycastle/asn1/BERSetParser.class
   JD: libs/bcprov-jdk15on.jar/org/bouncycastle/asn1/BERTaggedObject.class
   JD: libs/bcprov-jdk15on.jar/org/bouncycastle/asn1/BERTaggedObjectParser.class
   JD: libs/bcprov-jdk15on.jar/org/bouncycastle/asn1/BERTags.class
   JD: libs/bcprov-jdk15on.jar/org/bouncycastle/asn1/ConstructedBitStream.class
   JD: libs/bcprov-jdk15on.jar/org/bouncycastle/asn1/DERApplicationSpecific.class
   JD: libs/bcprov-jdk15on.jar/org/bouncycastle/asn1/DERBMPString.class
   JD: libs/bcprov-jdk15on.jar/org/bouncycastle/asn1/DERBitString.class
   JD: libs/bcprov-jdk15on.jar/org/bouncycastle/asn1/DERExternal.class
   JD: libs/bcprov-jdk15on.jar/org/bouncycastle/asn1/DERExternalParser.class
   JD: libs/bcprov-jdk15on.jar/org/bouncycastle/asn1/DERFactory.class
   JD: libs/bcprov-jdk15on.jar/org/bouncycastle/asn1/DERGeneralString.class
   JD: libs/bcprov-jdk15on.jar/org/bouncycastle/asn1/DERGeneralizedTime.class
   JD: libs/bcprov-jdk15on.jar/org/bouncycastle/asn1/DERGraphicString.class
   JD: libs/bcprov-jdk15on.jar/org/bouncycastle/asn1/DERIA5String.class
   JD: libs/bcprov-jdk15on.jar/org/bouncycastle/asn1/DERNull.class
   JD: libs/bcprov-jdk15on.jar/org/bouncycastle/asn1/DERNumericString.class
   JD: libs/bcprov-jdk15on.jar/org/bouncycastle/asn1/DEROctetString.class
   JD: libs/bcprov-jdk15on.jar/org/bouncycastle/asn1/DEROutputStream.class
   JD: libs/bcprov-jdk15on.jar/org/bouncycastle/asn1/DERPrintableString.class
   JD: libs/bcprov-jdk15on.jar/org/bouncycastle/asn1/DERPrivate.class.removed
   JD: libs/bcprov-jdk15on.jar/org/bouncycastle/asn1/DERSequence.class
   JD: libs/bcprov-jdk15on.jar/org/bouncycastle/asn1/DERSequenceGenerator.class
   JD: libs/bcprov-jdk15on.jar/org/bouncycastle/asn1/DERSet.class
   JD: libs/bcprov-jdk15on.jar/org/bouncycastle/asn1/DERT61String.class
   JD: libs/bcprov-jdk15on.jar/org/bouncycastle/asn1/DERTaggedObject.class
   JD: libs/bcprov-jdk15on.jar/org/bouncycastle/asn1/DERUTF8String.class
   JD: libs/bcprov-jdk15on.jar/org/bouncycastle/asn1/DERUniversalString.class
   JD: libs/bcprov-jdk15on.jar/org/bouncycastle/asn1/DERVideotexString.class
   JD: libs/bcprov-jdk15on.jar/org/bouncycastle/asn1/DERVisibleString.class
   JD: libs/bcprov-jdk15on.jar/org/bouncycastle/asn1/DLApplicationSpecific.class
   JD: libs/bcprov-jdk15on.jar/org/bouncycastle/asn1/DLBitString.class
   JD: libs/bcprov-jdk15on.jar/org/bouncycastle/asn1/DLBitStringParser.class
   JD: libs/bcprov-jdk15on.jar/org/bouncycastle/asn1/DLExternal.class
   JD: libs/bcprov-jdk15on.jar/org/bouncycastle/asn1/DLFactory.class
   JD: libs/bcprov-jdk15on.jar/org/bouncycastle/asn1/DLOutputStream.class
   JD: libs/bcprov-jdk15on.jar/org/bouncycastle/asn1/DLPrivate.class.removed
   JD: libs/bcprov-jdk15on.jar/org/bouncycastle/asn1/DLSequence.class
   JD: libs/bcprov-jdk15on.jar/org/bouncycastle/asn1/DLSequenceParser.class
   JD: libs/bcprov-jdk15on.jar/org/bouncycastle/asn1/DLSet.class
   JD: libs/bcprov-jdk15on.jar/org/bouncycastle/asn1/DLSetParser.class
   JD: libs/bcprov-jdk15on.jar/org/bouncycastle/asn1/DLTaggedObject.class
   JD: libs/bcprov-jdk15on.jar/org/bouncycastle/asn1/DLTaggedObjectParser.class
   JD: libs/bcprov-jdk15on.jar/org/bouncycastle/asn1/DefiniteLengthInputStream.class
   JD: libs/bcprov-jdk15on.jar/org/bouncycastle/asn1/LazyConstructionEnumeration.class
   JD: libs/bcprov-jdk15on.jar/org/bouncycastle/asn1/LazyEncodedSequence.class
   JD: libs/bcprov-jdk15on.jar/org/bouncycastle/asn1/StreamUtil.class
   JD: libs/bcprov-jdk15on.jar/org/bouncycastle/asn1/bc/ObjectData.class
   JD: libs/bcprov-jdk15on.jar/org/bouncycastle/asn1/bc/ObjectStoreData.class
   JD: libs/bcprov-jdk15on.jar/org/bouncycastle/asn1/misc/NetscapeCertType.class
   JD: libs/bcprov-jdk15on.jar/org/bouncycastle/asn1/misc/NetscapeRevocationURL.class
   JD: libs/bcprov-jdk15on.jar/org/bouncycastle/asn1/misc/VerisignCzagExtension.class
   JD: libs/bcprov-jdk15on.jar/org/bouncycastle/asn1/mozilla/PublicKeyAndChallenge.class
   JD: libs/bcprov-jdk15on.jar/org/bouncycastle/asn1/mozilla/SignedPublicKeyAndChallenge.class
   JD: libs/bcprov-jdk15on.jar/org/bouncycastle/asn1/ocsp/CertStatus.class
   JD: libs/bcprov-jdk15on.jar/org/bouncycastle/asn1/ocsp/CrlID.class
   JD: libs/bcprov-jdk15on.jar/org/bouncycastle/asn1/ocsp/ResponseBytes.class
   JD: libs/bcprov-jdk15on.jar/org/bouncycastle/asn1/pkcs/CertificationRequestInfo.class
   JD: libs/bcprov-jdk15on.jar/org/bouncycastle/asn1/pkcs/RSAESOAEPparams.class
   JD: libs/bcprov-jdk15on.jar/org/bouncycastle/asn1/sec/ECPrivateKey.class
   JD: libs/bcprov-jdk15on.jar/org/bouncycastle/asn1/sec/ECPrivateKeyStructure.class
   JD: libs/bcprov-jdk15on.jar/org/bouncycastle/asn1/util/ASN1Dump.class
   JD: libs/bcprov-jdk15on.jar/org/bouncycastle/asn1/util/DERDump.class
   JD: libs/bcprov-jdk15on.jar/org/bouncycastle/asn1/util/Dump.class
   JD: libs/bcprov-jdk15on.jar/org/bouncycastle/asn1/x500/DirectoryString.class
   JD: libs/bcprov-jdk15on.jar/org/bouncycastle/asn1/x500/style/IETFUtils.class
   JD: libs/bcprov-jdk15on.jar/org/bouncycastle/asn1/x509/AttributeCertificate.class
   JD: libs/bcprov-jdk15on.jar/org/bouncycastle/asn1/x509/AttributeCertificateInfo.class
   JD: libs/bcprov-jdk15on.jar/org/bouncycastle/asn1/x509/AuthorityKeyIdentifier.class
   JD: libs/bcprov-jdk15on.jar/org/bouncycastle/asn1/x509/Certificate.class
   JD: libs/bcprov-jdk15on.jar/org/bouncycastle/asn1/x509/CertificateList.class
   JD: libs/bcprov-jdk15on.jar/org/bouncycastle/asn1/x509/DisplayText.class
   JD: libs/bcprov-jdk15on.jar/org/bouncycastle/asn1/x509/DistributionPoint.class
   JD: libs/bcprov-jdk15on.jar/org/bouncycastle/asn1/x509/ExtensionsGenerator.class
   JD: libs/bcprov-jdk15on.jar/org/bouncycastle/asn1/x509/GeneralName.class
   JD: libs/bcprov-jdk15on.jar/org/bouncycastle/asn1/x509/IetfAttrSyntax.class
   JD: libs/bcprov-jdk15on.jar/org/bouncycastle/asn1/x509/IssuerSerial.class
   JD: libs/bcprov-jdk15on.jar/org/bouncycastle/asn1/x509/IssuingDistributionPoint.class
   JD: libs/bcprov-jdk15on.jar/org/bouncycastle/asn1/x509/KeyPurposeId.class
   JD: libs/bcprov-jdk15on.jar/org/bouncycastle/asn1/x509/KeyUsage.class
   JD: libs/bcprov-jdk15on.jar/org/bouncycastle/asn1/x509/ObjectDigestInfo.class
   JD: libs/bcprov-jdk15on.jar/org/bouncycastle/asn1/x509/PKIXNameConstraintValidator.class
   JD: libs/bcprov-jdk15on.jar/org/bouncycastle/asn1/x509/ReasonFlags.class
   JD: libs/bcprov-jdk15on.jar/org/bouncycastle/asn1/x509/SubjectPublicKeyInfo.class
   JD: libs/bcprov-jdk15on.jar/org/bouncycastle/asn1/x509/TBSCertificate.class
   JD: libs/bcprov-jdk15on.jar/org/bouncycastle/asn1/x509/TBSCertificateStructure.class
   JD: libs/bcprov-jdk15on.jar/org/bouncycastle/asn1/x509/V2Form.class
   JD: libs/bcprov-jdk15on.jar/org/bouncycastle/asn1/x509/X509CertificateStructure.class
   JD: libs/bcprov-jdk15on.jar/org/bouncycastle/asn1/x509/X509Name.class
   JD: libs/bcprov-jdk15on.jar/org/bouncycastle/asn1/x509/X509NameEntryConverter.class
   JD: libs/bcprov-jdk15on.jar/org/bouncycastle/asn1/x509/qualified/BiometricData.class
   JD: libs/bcprov-jdk15on.jar/org/bouncycastle/asn1/x509/qualified/Iso4217CurrencyCode.class
   JD: libs/bcprov-jdk15on.jar/org/bouncycastle/asn1/x509/sigi/PersonalData.class
   JD: libs/bcprov-jdk15on.jar/org/bouncycastle/asn1/x9/DHValidationParms.class
   JD: libs/bcprov-jdk15on.jar/org/bouncycastle/asn1/x9/ValidationParams.class
   JD: libs/bcprov-jdk15on.jar/org/bouncycastle/asn1/x9/X9FieldElement.class
   JD: libs/bcprov-jdk15on.jar/org/bouncycastle/crypto/digests/Blake3Digest.class
   JD: libs/bcprov-jdk15on.jar/org/bouncycastle/crypto/digests/Kangaroo$KangarooBase.class
   JD: libs/bcprov-jdk15on.jar/org/bouncycastle/crypto/digests/Kangaroo$KangarooParameters$Builder.class
   JD: libs/bcprov-jdk15on.jar/org/bouncycastle/crypto/digests/Kangaroo$KangarooParameters.class
   JD: libs/bcprov-jdk15on.jar/org/bouncycastle/crypto/digests/Kangaroo$KangarooSponge.class
   JD: libs/bcprov-jdk15on.jar/org/bouncycastle/crypto/digests/KeccakDigest.class
   JD: libs/bcprov-jdk15on.jar/org/bouncycastle/crypto/encodings/OAEPEncoding.class
   JD: libs/bcprov-jdk15on.jar/org/bouncycastle/crypto/engines/LEAEngine.class
   JD: libs/bcprov-jdk15on.jar/org/bouncycastle/crypto/engines/TwofishEngine.class
   JD: libs/bcprov-jdk15on.jar/org/bouncycastle/crypto/modes/SICBlockCipher.class
   JD: libs/bcprov-jdk15on.jar/org/bouncycastle/crypto/util/OpenSSHPrivateKeyUtil.class
   JD: libs/bcprov-jdk15on.jar/org/bouncycastle/crypto/util/PrivateKeyFactory.class
   JD: libs/bcprov-jdk15on.jar/org/bouncycastle/crypto/util/PrivateKeyInfoFactory.class
   JD: libs/bcprov-jdk15on.jar/org/bouncycastle/crypto/util/PublicKeyFactory$ECConverter.class
   JD: libs/bcprov-jdk15on.jar/org/bouncycastle/crypto/util/PublicKeyFactory.class
   JD: libs/bcprov-jdk15on.jar/org/bouncycastle/jcajce/provider/asymmetric/COMPOSITE$CompositeKeyInfoConverter.class
   JD: libs/bcprov-jdk15on.jar/org/bouncycastle/jcajce/provider/asymmetric/dstu/BCDSTU4145PrivateKey.class
   JD: libs/bcprov-jdk15on.jar/org/bouncycastle/jcajce/provider/asymmetric/dstu/BCDSTU4145PublicKey.class
   JD: libs/bcprov-jdk15on.jar/org/bouncycastle/jcajce/provider/asymmetric/ec/BCECPrivateKey.class
   JD: libs/bcprov-jdk15on.jar/org/bouncycastle/jcajce/provider/asymmetric/ec/BCECPublicKey.class
   JD: libs/bcprov-jdk15on.jar/org/bouncycastle/jcajce/provider/asymmetric/ec/IESCipher.class
   JD: libs/bcprov-jdk15on.jar/org/bouncycastle/jcajce/provider/asymmetric/ec/KeyFactorySpi.class
   JD: libs/bcprov-jdk15on.jar/org/bouncycastle/jcajce/provider/asymmetric/ecgost/BCECGOST3410PrivateKey.class
   JD: libs/bcprov-jdk15on.jar/org/bouncycastle/jcajce/provider/asymmetric/ecgost/BCECGOST3410PublicKey.class
   JD: libs/bcprov-jdk15on.jar/org/bouncycastle/jcajce/provider/asymmetric/ecgost12/BCECGOST3410_2012PrivateKey.class
   JD: libs/bcprov-jdk15on.jar/org/bouncycastle/jcajce/provider/asymmetric/ecgost12/BCECGOST3410_2012PublicKey.class
   JD: libs/bcprov-jdk15on.jar/org/bouncycastle/jcajce/provider/asymmetric/edec/BCEdDSAPublicKey.class
   JD: libs/bcprov-jdk15on.jar/org/bouncycastle/jcajce/provider/asymmetric/edec/BCXDHPublicKey.class
   JD: libs/bcprov-jdk15on.jar/org/bouncycastle/jcajce/provider/asymmetric/edec/KeyFactorySpi.class
   JD: libs/bcprov-jdk15on.jar/org/bouncycastle/jcajce/provider/asymmetric/ies/AlgorithmParametersSpi.class
   JD: libs/bcprov-jdk15on.jar/org/bouncycastle/jcajce/provider/asymmetric/x509/X509CRLImpl.class
   JD: libs/bcprov-jdk15on.jar/org/bouncycastle/jcajce/provider/asymmetric/x509/X509CRLObject.class
   JD: libs/bcprov-jdk15on.jar/org/bouncycastle/jcajce/provider/asymmetric/x509/X509CertificateImpl.class
   JD: libs/bcprov-jdk15on.jar/org/bouncycastle/jcajce/provider/asymmetric/x509/X509CertificateObject.class
   JD: libs/bcprov-jdk15on.jar/org/bouncycastle/jcajce/provider/keystore/bc/BcKeyStoreSpi.class
   JD: libs/bcprov-jdk15on.jar/org/bouncycastle/jcajce/provider/keystore/pkcs12/PKCS12KeyStoreSpi$IgnoresCaseHashtable.class
   JD: libs/bcprov-jdk15on.jar/org/bouncycastle/jcajce/provider/keystore/pkcs12/PKCS12KeyStoreSpi.class
   JD: libs/bcprov-jdk15on.jar/org/bouncycastle/jcajce/util/ECKeyUtil$ECPublicKeyWithCompression.class
   JD: libs/bcprov-jdk15on.jar/org/bouncycastle/jce/ECKeyUtil.class
   JD: libs/bcprov-jdk15on.jar/org/bouncycastle/jce/netscape/NetscapeCertRequest.class
   JD: libs/bcprov-jdk15on.jar/org/bouncycastle/jce/provider/BouncyCastleProvider.class
   JD: libs/bcprov-jdk15on.jar/org/bouncycastle/jce/provider/JCEECPrivateKey.class
   JD: libs/bcprov-jdk15on.jar/org/bouncycastle/jce/provider/JCEECPublicKey.class
   JD: libs/bcprov-jdk15on.jar/org/bouncycastle/jce/provider/ProvOcspRevocationChecker.class
   JD: libs/bcprov-jdk15on.jar/org/bouncycastle/jce/provider/X509CRLObject.class
   JD: libs/bcprov-jdk15on.jar/org/bouncycastle/jce/provider/X509CertificateObject.class
   JD: libs/bcprov-jdk15on.jar/org/bouncycastle/math/ec/ECFieldElement$F2m.class
   JD: libs/bcprov-jdk15on.jar/org/bouncycastle/math/ec/ECFieldElement$Fp.class
   JD: libs/bcprov-jdk15on.jar/org/bouncycastle/math/ec/endo/GLVTypeBParameters.class
   JD: libs/bcprov-jdk15on.jar/org/bouncycastle/math/ec/tools/DiscoverEndomorphisms.class
   JD: libs/bcprov-jdk15on.jar/org/bouncycastle/math/raw/Mod.class
   JD: libs/bcprov-jdk15on.jar/org/bouncycastle/math/raw/Nat.class
   JD: libs/bcprov-jdk15on.jar/org/bouncycastle/pqc/crypto/newhope/NHOtherInfoGenerator.class
   JD: libs/bcprov-jdk15on.jar/org/bouncycastle/pqc/crypto/sphincsplus/
   JD: libs/bcprov-jdk15on.jar/org/bouncycastle/pqc/crypto/sphincsplus/ADRS.class
   JD: libs/bcprov-jdk15on.jar/org/bouncycastle/pqc/crypto/sphincsplus/Fors.class
   JD: libs/bcprov-jdk15on.jar/org/bouncycastle/pqc/crypto/sphincsplus/HT.class
   JD: libs/bcprov-jdk15on.jar/org/bouncycastle/pqc/crypto/sphincsplus/IndexedDigest.class
   JD: libs/bcprov-jdk15on.jar/org/bouncycastle/pqc/crypto/sphincsplus/NodeEntry.class
   JD: libs/bcprov-jdk15on.jar/org/bouncycastle/pqc/crypto/sphincsplus/PK.class
   JD: libs/bcprov-jdk15on.jar/org/bouncycastle/pqc/crypto/sphincsplus/SIG.class
   JD: libs/bcprov-jdk15on.jar/org/bouncycastle/pqc/crypto/sphincsplus/SIG_FORS.class
   JD: libs/bcprov-jdk15on.jar/org/bouncycastle/pqc/crypto/sphincsplus/SIG_XMSS.class
   JD: libs/bcprov-jdk15on.jar/org/bouncycastle/pqc/crypto/sphincsplus/SK.class
   JD: libs/bcprov-jdk15on.jar/org/bouncycastle/pqc/crypto/sphincsplus/SPHINCSPlusEngine$Sha256Engine.class
   JD: libs/bcprov-jdk15on.jar/org/bouncycastle/pqc/crypto/sphincsplus/SPHINCSPlusEngine$Shake256Engine.class
   JD: libs/bcprov-jdk15on.jar/org/bouncycastle/pqc/crypto/sphincsplus/SPHINCSPlusEngine.class
   JD: libs/bcprov-jdk15on.jar/org/bouncycastle/pqc/crypto/sphincsplus/SPHINCSPlusKeyGenerationParameters.class
   JD: libs/bcprov-jdk15on.jar/org/bouncycastle/pqc/crypto/sphincsplus/SPHINCSPlusKeyPairGenerator.class
   JD: libs/bcprov-jdk15on.jar/org/bouncycastle/pqc/crypto/sphincsplus/SPHINCSPlusKeyParameters.class
   JD: libs/bcprov-jdk15on.jar/org/bouncycastle/pqc/crypto/sphincsplus/SPHINCSPlusParameters.class
   JD: libs/bcprov-jdk15on.jar/org/bouncycastle/pqc/crypto/sphincsplus/SPHINCSPlusPrivateKeyParameters.class
   JD: libs/bcprov-jdk15on.jar/org/bouncycastle/pqc/crypto/sphincsplus/SPHINCSPlusPublicKeyParameters.class
   JD: libs/bcprov-jdk15on.jar/org/bouncycastle/pqc/crypto/sphincsplus/SPHINCSPlusSigner.class
   JD: libs/bcprov-jdk15on.jar/org/bouncycastle/pqc/crypto/sphincsplus/WotsPlus.class
   JD: libs/bcprov-jdk15on.jar/org/bouncycastle/pqc/crypto/util/PublicKeyFactory$NHConverter.class
   JD: libs/bcprov-jdk15on.jar/org/bouncycastle/pqc/crypto/util/PublicKeyFactory$QTeslaConverter.class
   JD: libs/bcprov-jdk15on.jar/org/bouncycastle/pqc/crypto/util/PublicKeyFactory$SPHINCSConverter.class
   JD: libs/bcprov-jdk15on.jar/org/bouncycastle/pqc/jcajce/provider/BouncyCastlePQCProvider.class
   JD: libs/bcprov-jdk15on.jar/org/bouncycastle/util/Arrays.class
   JD: libs/bcprov-jdk15on.jar/org/bouncycastle/util/BigIntegers.class
   JD: libs/bcprov-jdk15on.jar/org/bouncycastle/util/Characters.class
   JD: libs/bcprov-jdk15on.jar/org/bouncycastle/util/encoders/Base32Encoder.class
   JD: libs/bcprov-jdk15on.jar/org/bouncycastle/util/encoders/Base64Encoder.class
   JD: libs/bcprov-jdk15on.jar/org/bouncycastle/util/encoders/HexEncoder.class
   JD: libs/bcprov-jdk15on.jar/org/bouncycastle/util/io/Streams.class
   JD: libs/bcprov-jdk15on.jar/org/bouncycastle/util/io/pem/PemReader.class
   JD: libs/bcprov-jdk15on.jar/org/bouncycastle/x509/AttributeCertificateHolder.class
   JD: libs/bcprov-jdk15on.jar/org/bouncycastle/x509/PKIXCertPathReviewer.class
   JD: libs/bcprov-jdk15on.jar/org/bouncycastle/x509/X509V2AttributeCertificate.class
   JD: libs/bcprov-jdk15on.jar/org/bouncycastle/x509/X509V2CRLGenerator.class
   JD: libs/bctls-jdk15on.jar/META-INF/BC1024KE.DSA
   JD: libs/bctls-jdk15on.jar/META-INF/BC1024KE.SF
   JD: libs/bctls-jdk15on.jar/META-INF/BC2048KE.DSA
   JD: libs/bctls-jdk15on.jar/META-INF/BC2048KE.SF
   JD: libs/bctls-jdk15on.jar/META-INF/MANIFEST.MF
   JD: libs/bctls-jdk15on.jar/META-INF/versions/9/org/bouncycastle/jsse/provider/BouncyCastleJsseProvider.class
   JD: libs/bctls-jdk15on.jar/META-INF/versions/9/org/bouncycastle/jsse/provider/JsseUtils.class
   JD: libs/bctls-jdk15on.jar/META-INF/versions/9/org/bouncycastle/jsse/provider/PropertyUtils$1.class
   JD: libs/bctls-jdk15on.jar/META-INF/versions/9/org/bouncycastle/jsse/provider/PropertyUtils$2.class
   JD: libs/bctls-jdk15on.jar/META-INF/versions/9/org/bouncycastle/jsse/provider/PropertyUtils.class
   JD: libs/bctls-jdk15on.jar/META-INF/versions/9/org/bouncycastle/jsse/provider/ProvAlgorithmChecker.class
   JD: libs/bctls-jdk15on.jar/META-INF/versions/9/org/bouncycastle/jsse/provider/ProvAlgorithmConstraints.class
   JD: libs/bctls-jdk15on.jar/META-INF/versions/9/org/bouncycastle/jsse/provider/ProvKeyManagerFactorySpi.class
   JD: libs/bctls-jdk15on.jar/META-INF/versions/9/org/bouncycastle/jsse/provider/ProvSSLContextSpi$1.class
   JD: libs/bctls-jdk15on.jar/META-INF/versions/9/org/bouncycastle/jsse/provider/ProvSSLContextSpi.class
   JD: libs/bctls-jdk15on.jar/META-INF/versions/9/org/bouncycastle/jsse/provider/ProvSSLEngine.class
   JD: libs/bctls-jdk15on.jar/META-INF/versions/9/org/bouncycastle/jsse/provider/ProvSSLSession.class
   JD: libs/bctls-jdk15on.jar/META-INF/versions/9/org/bouncycastle/jsse/provider/ProvSSLSessionBase$X509CertificateWrapper.class
   JD: libs/bctls-jdk15on.jar/META-INF/versions/9/org/bouncycastle/jsse/provider/ProvSSLSessionBase.class
   JD: libs/bctls-jdk15on.jar/META-INF/versions/9/org/bouncycastle/jsse/provider/ProvSSLSessionContext.class
   JD: libs/bctls-jdk15on.jar/META-INF/versions/9/org/bouncycastle/jsse/provider/ProvSSLSessionHandshake.class
   JD: libs/bctls-jdk15on.jar/META-INF/versions/9/org/bouncycastle/jsse/provider/ProvSSLSessionResumed.class
   JD: libs/bctls-jdk15on.jar/META-INF/versions/9/org/bouncycastle/jsse/provider/ProvSSLSocketBase$1.class
   JD: libs/bctls-jdk15on.jar/META-INF/versions/9/org/bouncycastle/jsse/provider/ProvSSLSocketBase$2$1.class
   JD: libs/bctls-jdk15on.jar/META-INF/versions/9/org/bouncycastle/jsse/provider/ProvSSLSocketBase$2.class
   JD: libs/bctls-jdk15on.jar/META-INF/versions/9/org/bouncycastle/jsse/provider/ProvSSLSocketBase.class
   JD: libs/bctls-jdk15on.jar/META-INF/versions/9/org/bouncycastle/jsse/provider/ProvSSLSocketDirect$AppDataInput.class
   JD: libs/bctls-jdk15on.jar/META-INF/versions/9/org/bouncycastle/jsse/provider/ProvSSLSocketDirect$AppDataOutput.class
   JD: libs/bctls-jdk15on.jar/META-INF/versions/9/org/bouncycastle/jsse/provider/ProvSSLSocketDirect.class
   JD: libs/bctls-jdk15on.jar/META-INF/versions/9/org/bouncycastle/jsse/provider/ProvSSLSocketWrap$AppDataInput.class
   JD: libs/bctls-jdk15on.jar/META-INF/versions/9/org/bouncycastle/jsse/provider/ProvSSLSocketWrap$AppDataOutput.class
   JD: libs/bctls-jdk15on.jar/META-INF/versions/9/org/bouncycastle/jsse/provider/ProvSSLSocketWrap.class
   JD: libs/bctls-jdk15on.jar/META-INF/versions/9/org/bouncycastle/jsse/provider/ProvTlsClient$1.class
   JD: libs/bctls-jdk15on.jar/META-INF/versions/9/org/bouncycastle/jsse/provider/ProvTlsClient.class
   JD: libs/bctls-jdk15on.jar/META-INF/versions/9/org/bouncycastle/jsse/provider/ProvTlsClientProtocol.class
   JD: libs/bctls-jdk15on.jar/META-INF/versions/9/org/bouncycastle/jsse/provider/ProvTlsServer.class
   JD: libs/bctls-jdk15on.jar/META-INF/versions/9/org/bouncycastle/jsse/provider/ProvTrustManagerFactorySpi.class
   JD: libs/bctls-jdk15on.jar/META-INF/versions/9/org/bouncycastle/jsse/provider/ProvX509KeyManager$DefaultPublicKeyFilter.class
   JD: libs/bctls-jdk15on.jar/META-INF/versions/9/org/bouncycastle/jsse/provider/ProvX509KeyManager$ECPublicKeyFilter13.class
   JD: libs/bctls-jdk15on.jar/META-INF/versions/9/org/bouncycastle/jsse/provider/ProvX509KeyManager$Match$Quality.class
   JD: libs/bctls-jdk15on.jar/META-INF/versions/9/org/bouncycastle/jsse/provider/ProvX509KeyManager$Match.class
   JD: libs/bctls-jdk15on.jar/META-INF/versions/9/org/bouncycastle/jsse/provider/ProvX509KeyManager.class
   JD: libs/bctls-jdk15on.jar/META-INF/versions/9/org/bouncycastle/jsse/provider/ProvX509KeyManagerSimple$Credential.class
   JD: libs/bctls-jdk15on.jar/META-INF/versions/9/org/bouncycastle/jsse/provider/ProvX509KeyManagerSimple$DefaultPublicKeyFilter.class
   JD: libs/bctls-jdk15on.jar/META-INF/versions/9/org/bouncycastle/jsse/provider/ProvX509KeyManagerSimple$ECPublicKeyFilter13.class
   JD: libs/bctls-jdk15on.jar/META-INF/versions/9/org/bouncycastle/jsse/provider/ProvX509KeyManagerSimple$Match$Quality.class
   JD: libs/bctls-jdk15on.jar/META-INF/versions/9/org/bouncycastle/jsse/provider/ProvX509KeyManagerSimple$Match.class
   JD: libs/bctls-jdk15on.jar/META-INF/versions/9/org/bouncycastle/jsse/provider/ProvX509KeyManagerSimple.class
   JD: libs/bctls-jdk15on.jar/META-INF/versions/9/org/bouncycastle/tls/AbstractTlsClient.class
   JD: libs/bctls-jdk15on.jar/META-INF/versions/9/org/bouncycastle/tls/AbstractTlsContext.class
   JD: libs/bctls-jdk15on.jar/META-INF/versions/9/org/bouncycastle/tls/AbstractTlsPeer.class
   JD: libs/bctls-jdk15on.jar/META-INF/versions/9/org/bouncycastle/tls/AbstractTlsServer.class
   JD: libs/bctls-jdk15on.jar/META-INF/versions/9/org/bouncycastle/tls/CertificateRequest.class
   JD: libs/bctls-jdk15on.jar/META-INF/versions/9/org/bouncycastle/tls/CertificateStatus.class
   JD: libs/bctls-jdk15on.jar/META-INF/versions/9/org/bouncycastle/tls/ClientHello.class
   JD: libs/bctls-jdk15on.jar/META-INF/versions/9/org/bouncycastle/tls/DeferredHash.class
   JD: libs/bctls-jdk15on.jar/META-INF/versions/9/org/bouncycastle/tls/HandshakeMessageInput.class
   JD: libs/bctls-jdk15on.jar/META-INF/versions/9/org/bouncycastle/tls/HandshakeMessageOutput.class
   JD: libs/bctls-jdk15on.jar/META-INF/versions/9/org/bouncycastle/tls/OCSPStatusRequest.class
   JD: libs/bctls-jdk15on.jar/META-INF/versions/9/org/bouncycastle/tls/OfferedPsks$BindersConfig.class
   JD: libs/bctls-jdk15on.jar/META-INF/versions/9/org/bouncycastle/tls/OfferedPsks$SelectedConfig.class
   JD: libs/bctls-jdk15on.jar/META-INF/versions/9/org/bouncycastle/tls/OfferedPsks.class
   JD: libs/bctls-jdk15on.jar/META-INF/versions/9/org/bouncycastle/tls/PskIdentity.class
   JD: libs/bctls-jdk15on.jar/META-INF/versions/9/org/bouncycastle/tls/PskKeyExchangeMode.class
   JD: libs/bctls-jdk15on.jar/META-INF/versions/9/org/bouncycastle/tls/SecurityParameters.class
   JD: libs/bctls-jdk15on.jar/META-INF/versions/9/org/bouncycastle/tls/TlsClient.class
   JD: libs/bctls-jdk15on.jar/META-INF/versions/9/org/bouncycastle/tls/TlsClientProtocol.class
   JD: libs/bctls-jdk15on.jar/META-INF/versions/9/org/bouncycastle/tls/TlsDHEKeyExchange.class
   JD: libs/bctls-jdk15on.jar/META-INF/versions/9/org/bouncycastle/tls/TlsDHKeyExchange.class
   JD: libs/bctls-jdk15on.jar/META-INF/versions/9/org/bouncycastle/tls/TlsECDHEKeyExchange.class
   JD: libs/bctls-jdk15on.jar/META-INF/versions/9/org/bouncycastle/tls/TlsECDHKeyExchange.class
   JD: libs/bctls-jdk15on.jar/META-INF/versions/9/org/bouncycastle/tls/TlsExtensionsUtils.class
   JD: libs/bctls-jdk15on.jar/META-INF/versions/9/org/bouncycastle/tls/TlsPSK.class
   JD: libs/bctls-jdk15on.jar/META-INF/versions/9/org/bouncycastle/tls/TlsPSKExternal.class
   JD: libs/bctls-jdk15on.jar/META-INF/versions/9/org/bouncycastle/tls/TlsPSKKeyExchange.class
   JD: libs/bctls-jdk15on.jar/META-INF/versions/9/org/bouncycastle/tls/TlsPeer.class
   JD: libs/bctls-jdk15on.jar/META-INF/versions/9/org/bouncycastle/tls/TlsProtocol.class
   JD: libs/bctls-jdk15on.jar/META-INF/versions/9/org/bouncycastle/tls/TlsRSAKeyExchange.class
   JD: libs/bctls-jdk15on.jar/META-INF/versions/9/org/bouncycastle/tls/TlsRSAUtils.class.removed
   JD: libs/bctls-jdk15on.jar/META-INF/versions/9/org/bouncycastle/tls/TlsSRPKeyExchange.class
   JD: libs/bctls-jdk15on.jar/META-INF/versions/9/org/bouncycastle/tls/TlsServer.class
   JD: libs/bctls-jdk15on.jar/META-INF/versions/9/org/bouncycastle/tls/TlsServerProtocol.class
   JD: libs/bctls-jdk15on.jar/META-INF/versions/9/org/bouncycastle/tls/TlsUtils.class
   JD: libs/bctls-jdk15on.jar/META-INF/versions/9/org/bouncycastle/tls/TrustedAuthority.class
   JD: libs/bctls-jdk15on.jar/META-INF/versions/9/org/bouncycastle/tls/crypto/TlsCertificate.class
   JD: libs/bctls-jdk15on.jar/META-INF/versions/9/org/bouncycastle/tls/crypto/TlsCryptoUtils.class
   JD: libs/bctls-jdk15on.jar/META-INF/versions/9/org/bouncycastle/tls/crypto/TlsEncryptor.class
   JD: libs/bctls-jdk15on.jar/META-INF/versions/9/org/bouncycastle/tls/crypto/TlsHashOutputStream.class
   JD: libs/bctls-jdk15on.jar/META-INF/versions/9/org/bouncycastle/tls/crypto/TlsSecret.class
   JD: libs/bctls-jdk15on.jar/META-INF/versions/9/org/bouncycastle/tls/crypto/impl/AbstractTlsCrypto.class
   JD: libs/bctls-jdk15on.jar/META-INF/versions/9/org/bouncycastle/tls/crypto/impl/AbstractTlsSecret.class
   JD: libs/bctls-jdk15on.jar/META-INF/versions/9/org/bouncycastle/tls/crypto/impl/TlsAEADCipher.class
   JD: libs/bctls-jdk15on.jar/META-INF/versions/9/org/bouncycastle/tls/crypto/impl/TlsAEADCipherImpl.class
   JD: libs/bctls-jdk15on.jar/META-INF/versions/9/org/bouncycastle/tls/crypto/impl/TlsEncryptor.class.removed
   JD: libs/bctls-jdk15on.jar/META-INF/versions/9/org/bouncycastle/tls/crypto/impl/jcajce/DHUtil.class
   JD: libs/bctls-jdk15on.jar/META-INF/versions/9/org/bouncycastle/tls/crypto/impl/jcajce/ECUtil.class
   JD: libs/bctls-jdk15on.jar/META-INF/versions/9/org/bouncycastle/tls/crypto/impl/jcajce/JcaTlsCertificate.class
   JD: libs/bctls-jdk15on.jar/META-INF/versions/9/org/bouncycastle/tls/crypto/impl/jcajce/JcaTlsCrypto$1.class
   JD: libs/bctls-jdk15on.jar/META-INF/versions/9/org/bouncycastle/tls/crypto/impl/jcajce/JcaTlsCrypto$2.class
   JD: libs/bctls-jdk15on.jar/META-INF/versions/9/org/bouncycastle/tls/crypto/impl/jcajce/JcaTlsCrypto$3.class
   JD: libs/bctls-jdk15on.jar/META-INF/versions/9/org/bouncycastle/tls/crypto/impl/jcajce/JcaTlsCrypto$4.class.removed
   JD: libs/bctls-jdk15on.jar/META-INF/versions/9/org/bouncycastle/tls/crypto/impl/jcajce/JcaTlsCrypto.class
   JD: libs/bctls-jdk15on.jar/META-INF/versions/9/org/bouncycastle/tls/crypto/impl/jcajce/JcaTlsRSAEncryptor.class
   JD: libs/bctls-jdk15on.jar/META-INF/versions/9/org/bouncycastle/tls/crypto/impl/jcajce/JceAEADCipherImpl$1.class
   JD: libs/bctls-jdk15on.jar/META-INF/versions/9/org/bouncycastle/tls/crypto/impl/jcajce/JceAEADCipherImpl.class
   JD: libs/bctls-jdk15on.jar/META-INF/versions/9/org/bouncycastle/tls/crypto/impl/jcajce/JceChaCha20Poly1305.class
   JD: libs/bctls-jdk15on.jar/META-INF/versions/9/org/bouncycastle/tls/crypto/impl/jcajce/JceTlsECDomain.class
   JD: libs/bctls-jdk15on.jar/META-INF/versions/9/org/bouncycastle/tls/crypto/impl/jcajce/JceTlsSecret.class
   JD: libs/bctls-jdk15on.jar/META-INF/versions/9/org/bouncycastle/tls/crypto/impl/jcajce/XDHUtil.class
   JD: libs/bctls-jdk15on.jar/META-INF/versions/9/org/bouncycastle/tls/crypto/impl/jcajce/srp/SRP6Util.class
   JD: libs/bctls-jdk15on.jar/org/bouncycastle/jsse/provider/BouncyCastleJsseProvider.class
   JD: libs/bctls-jdk15on.jar/org/bouncycastle/jsse/provider/JsseUtils.class
   JD: libs/bctls-jdk15on.jar/org/bouncycastle/jsse/provider/PropertyUtils.class
   JD: libs/bctls-jdk15on.jar/org/bouncycastle/jsse/provider/ProvAlgorithmChecker.class
   JD: libs/bctls-jdk15on.jar/org/bouncycastle/jsse/provider/ProvAlgorithmConstraints.class
   JD: libs/bctls-jdk15on.jar/org/bouncycastle/jsse/provider/ProvKeyManagerFactorySpi.class
   JD: libs/bctls-jdk15on.jar/org/bouncycastle/jsse/provider/ProvSSLContextSpi.class
   JD: libs/bctls-jdk15on.jar/org/bouncycastle/jsse/provider/ProvSSLEngine.class
   JD: libs/bctls-jdk15on.jar/org/bouncycastle/jsse/provider/ProvSSLSession.class
   JD: libs/bctls-jdk15on.jar/org/bouncycastle/jsse/provider/ProvSSLSessionBase.class
   JD: libs/bctls-jdk15on.jar/org/bouncycastle/jsse/provider/ProvSSLSessionContext.class
   JD: libs/bctls-jdk15on.jar/org/bouncycastle/jsse/provider/ProvSSLSessionHandshake.class
   JD: libs/bctls-jdk15on.jar/org/bouncycastle/jsse/provider/ProvSSLSessionResumed.class
   JD: libs/bctls-jdk15on.jar/org/bouncycastle/jsse/provider/ProvSSLSocketBase.class
   JD: libs/bctls-jdk15on.jar/org/bouncycastle/jsse/provider/ProvSSLSocketDirect.class
   JD: libs/bctls-jdk15on.jar/org/bouncycastle/jsse/provider/ProvSSLSocketWrap.class
   JD: libs/bctls-jdk15on.jar/org/bouncycastle/jsse/provider/ProvTlsClient$1.class
   JD: libs/bctls-jdk15on.jar/org/bouncycastle/jsse/provider/ProvTlsClient.class
   JD: libs/bctls-jdk15on.jar/org/bouncycastle/jsse/provider/ProvTlsClientProtocol.class
   JD: libs/bctls-jdk15on.jar/org/bouncycastle/jsse/provider/ProvTlsServer.class
   JD: libs/bctls-jdk15on.jar/org/bouncycastle/jsse/provider/ProvTrustManagerFactorySpi.class
   JD: libs/bctls-jdk15on.jar/org/bouncycastle/jsse/provider/ProvX509KeyManager$Match.class
   JD: libs/bctls-jdk15on.jar/org/bouncycastle/jsse/provider/ProvX509KeyManager.class
   JD: libs/bctls-jdk15on.jar/org/bouncycastle/jsse/provider/ProvX509KeyManagerSimple$Match.class
   JD: libs/bctls-jdk15on.jar/org/bouncycastle/jsse/provider/ProvX509KeyManagerSimple.class
   JD: libs/bctls-jdk15on.jar/org/bouncycastle/tls/AbstractTlsClient.class
   JD: libs/bctls-jdk15on.jar/org/bouncycastle/tls/AbstractTlsContext.class
   JD: libs/bctls-jdk15on.jar/org/bouncycastle/tls/AbstractTlsPeer.class
   JD: libs/bctls-jdk15on.jar/org/bouncycastle/tls/AbstractTlsServer.class
   JD: libs/bctls-jdk15on.jar/org/bouncycastle/tls/BasicTlsPSKExternal.class
   JD: libs/bctls-jdk15on.jar/org/bouncycastle/tls/CertificateRequest.class
   JD: libs/bctls-jdk15on.jar/org/bouncycastle/tls/CertificateStatus.class
   JD: libs/bctls-jdk15on.jar/org/bouncycastle/tls/ClientHello.class
   JD: libs/bctls-jdk15on.jar/org/bouncycastle/tls/DTLSClientProtocol.class
   JD: libs/bctls-jdk15on.jar/org/bouncycastle/tls/DTLSReliableHandshake.class
   JD: libs/bctls-jdk15on.jar/org/bouncycastle/tls/DeferredHash.class
   JD: libs/bctls-jdk15on.jar/org/bouncycastle/tls/HandshakeMessageInput.class
   JD: libs/bctls-jdk15on.jar/org/bouncycastle/tls/HandshakeMessageOutput.class
   JD: libs/bctls-jdk15on.jar/org/bouncycastle/tls/OCSPStatusRequest.class
   JD: libs/bctls-jdk15on.jar/org/bouncycastle/tls/OfferedPsks$BindersConfig.class
   JD: libs/bctls-jdk15on.jar/org/bouncycastle/tls/OfferedPsks$SelectedConfig.class
   JD: libs/bctls-jdk15on.jar/org/bouncycastle/tls/OfferedPsks.class
   JD: libs/bctls-jdk15on.jar/org/bouncycastle/tls/PskIdentity.class
   JD: libs/bctls-jdk15on.jar/org/bouncycastle/tls/SecurityParameters.class
   JD: libs/bctls-jdk15on.jar/org/bouncycastle/tls/TlsClient.class
   JD: libs/bctls-jdk15on.jar/org/bouncycastle/tls/TlsClientProtocol.class
   JD: libs/bctls-jdk15on.jar/org/bouncycastle/tls/TlsDHEKeyExchange.class
   JD: libs/bctls-jdk15on.jar/org/bouncycastle/tls/TlsDHKeyExchange.class
   JD: libs/bctls-jdk15on.jar/org/bouncycastle/tls/TlsECDHEKeyExchange.class
   JD: libs/bctls-jdk15on.jar/org/bouncycastle/tls/TlsECDHKeyExchange.class
   JD: libs/bctls-jdk15on.jar/org/bouncycastle/tls/TlsExtensionsUtils.class
   JD: libs/bctls-jdk15on.jar/org/bouncycastle/tls/TlsPSK.class
   JD: libs/bctls-jdk15on.jar/org/bouncycastle/tls/TlsPSKExternal.class
   JD: libs/bctls-jdk15on.jar/org/bouncycastle/tls/TlsPSKKeyExchange.class
   JD: libs/bctls-jdk15on.jar/org/bouncycastle/tls/TlsPeer.class
   JD: libs/bctls-jdk15on.jar/org/bouncycastle/tls/TlsProtocol.class
   JD: libs/bctls-jdk15on.jar/org/bouncycastle/tls/TlsRSAKeyExchange.class
   JD: libs/bctls-jdk15on.jar/org/bouncycastle/tls/TlsRSAUtils.class
   JD: libs/bctls-jdk15on.jar/org/bouncycastle/tls/TlsSRPKeyExchange.class
   JD: libs/bctls-jdk15on.jar/org/bouncycastle/tls/TlsServer.class
   JD: libs/bctls-jdk15on.jar/org/bouncycastle/tls/TlsServerProtocol.class
   JD: libs/bctls-jdk15on.jar/org/bouncycastle/tls/TlsUtils.class
   JD: libs/bctls-jdk15on.jar/org/bouncycastle/tls/TrustedAuthority.class
   JD: libs/bctls-jdk15on.jar/org/bouncycastle/tls/crypto/TlsCertificate.class
   JD: libs/bctls-jdk15on.jar/org/bouncycastle/tls/crypto/TlsCryptoUtils.class
   JD: libs/bctls-jdk15on.jar/org/bouncycastle/tls/crypto/TlsEncryptor.class
   JD: libs/bctls-jdk15on.jar/org/bouncycastle/tls/crypto/TlsHashOutputStream.class
   JD: libs/bctls-jdk15on.jar/org/bouncycastle/tls/crypto/TlsSecret.class
   JD: libs/bctls-jdk15on.jar/org/bouncycastle/tls/crypto/impl/AbstractTlsCrypto.class
   JD: libs/bctls-jdk15on.jar/org/bouncycastle/tls/crypto/impl/AbstractTlsSecret.class
   JD: libs/bctls-jdk15on.jar/org/bouncycastle/tls/crypto/impl/TlsAEADCipher.class
   JD: libs/bctls-jdk15on.jar/org/bouncycastle/tls/crypto/impl/TlsAEADCipherImpl.class
   JD: libs/bctls-jdk15on.jar/org/bouncycastle/tls/crypto/impl/TlsEncryptor.class.removed
   JD: libs/bctls-jdk15on.jar/org/bouncycastle/tls/crypto/impl/bc/BcChaCha20Poly1305.class
   JD: libs/bctls-jdk15on.jar/org/bouncycastle/tls/crypto/impl/bc/BcTlsAEADCipherImpl.class
   JD: libs/bctls-jdk15on.jar/org/bouncycastle/tls/crypto/impl/bc/BcTlsCertificate.class
   JD: libs/bctls-jdk15on.jar/org/bouncycastle/tls/crypto/impl/bc/BcTlsCrypto.class
   JD: libs/bctls-jdk15on.jar/org/bouncycastle/tls/crypto/impl/bc/BcTlsRSAEncryptor.class
   JD: libs/bctls-jdk15on.jar/org/bouncycastle/tls/crypto/impl/bc/BcTlsSecret.class
   JD: libs/bctls-jdk15on.jar/org/bouncycastle/tls/crypto/impl/jcajce/DHUtil.class
   JD: libs/bctls-jdk15on.jar/org/bouncycastle/tls/crypto/impl/jcajce/ECUtil.class
   JD: libs/bctls-jdk15on.jar/org/bouncycastle/tls/crypto/impl/jcajce/JcaTlsCertificate.class
   JD: libs/bctls-jdk15on.jar/org/bouncycastle/tls/crypto/impl/jcajce/JcaTlsCrypto$4.class.removed
   JD: libs/bctls-jdk15on.jar/org/bouncycastle/tls/crypto/impl/jcajce/JcaTlsCrypto.class
   JD: libs/bctls-jdk15on.jar/org/bouncycastle/tls/crypto/impl/jcajce/JcaTlsRSAEncryptor.class
   JD: libs/bctls-jdk15on.jar/org/bouncycastle/tls/crypto/impl/jcajce/JceAEADCipherImpl.class
   JD: libs/bctls-jdk15on.jar/org/bouncycastle/tls/crypto/impl/jcajce/JceChaCha20Poly1305.class
   JD: libs/bctls-jdk15on.jar/org/bouncycastle/tls/crypto/impl/jcajce/JceTlsECDomain.class
   JD: libs/bctls-jdk15on.jar/org/bouncycastle/tls/crypto/impl/jcajce/JceTlsSecret.class
   JD: libs/bctls-jdk15on.jar/org/bouncycastle/tls/crypto/impl/jcajce/XDHUtil.class
   JD: libs/bcutil-jdk15on.jar/META-INF/BC1024KE.DSA
   JD: libs/bcutil-jdk15on.jar/META-INF/BC1024KE.SF
   JD: libs/bcutil-jdk15on.jar/META-INF/BC2048KE.DSA
   JD: libs/bcutil-jdk15on.jar/META-INF/BC2048KE.SF
   JD: libs/bcutil-jdk15on.jar/META-INF/MANIFEST.MF
   JD: libs/bcutil-jdk15on.jar/META-INF/versions/9/module-info.class
   JD: libs/bcutil-jdk15on.jar/org/bouncycastle/asn1/cmc/CMCStatusInfo.class
   JD: libs/bcutil-jdk15on.jar/org/bouncycastle/asn1/cmc/CMCStatusInfoBuilder.class
   JD: libs/bcutil-jdk15on.jar/org/bouncycastle/asn1/cmc/CMCStatusInfoV2.class
   JD: libs/bcutil-jdk15on.jar/org/bouncycastle/asn1/cmc/CMCStatusInfoV2Builder.class
   JD: libs/bcutil-jdk15on.jar/org/bouncycastle/asn1/cmc/CertificationRequest$CertificationRequestInfo.class
   JD: libs/bcutil-jdk15on.jar/org/bouncycastle/asn1/cmc/CertificationRequest.class
   JD: libs/bcutil-jdk15on.jar/org/bouncycastle/asn1/cmc/GetCRL.class
   JD: libs/bcutil-jdk15on.jar/org/bouncycastle/asn1/cmc/RevokeRequest.class
   JD: libs/bcutil-jdk15on.jar/org/bouncycastle/asn1/cmp/OOBCertHash.class
   JD: libs/bcutil-jdk15on.jar/org/bouncycastle/asn1/cmp/PKIFailureInfo.class
   JD: libs/bcutil-jdk15on.jar/org/bouncycastle/asn1/cmp/PKIFreeText.class
   JD: libs/bcutil-jdk15on.jar/org/bouncycastle/asn1/cmp/PKIMessage.class
   JD: libs/bcutil-jdk15on.jar/org/bouncycastle/asn1/cmp/PKIStatusInfo.class
   JD: libs/bcutil-jdk15on.jar/org/bouncycastle/asn1/cms/AuthEnvelopedDataParser.class
   JD: libs/bcutil-jdk15on.jar/org/bouncycastle/asn1/cms/AuthenticatedDataParser.class
   JD: libs/bcutil-jdk15on.jar/org/bouncycastle/asn1/cms/ContentInfo.class
   JD: libs/bcutil-jdk15on.jar/org/bouncycastle/asn1/cms/ContentInfoParser.class
   JD: libs/bcutil-jdk15on.jar/org/bouncycastle/asn1/cms/EncryptedContentInfoParser.class
   JD: libs/bcutil-jdk15on.jar/org/bouncycastle/asn1/cms/EnvelopedData.class
   JD: libs/bcutil-jdk15on.jar/org/bouncycastle/asn1/cms/EnvelopedDataParser.class
   JD: libs/bcutil-jdk15on.jar/org/bouncycastle/asn1/cms/KeyAgreeRecipientInfo.class
   JD: libs/bcutil-jdk15on.jar/org/bouncycastle/asn1/cms/KeyTransRecipientInfo.class
   JD: libs/bcutil-jdk15on.jar/org/bouncycastle/asn1/cms/MetaData.class
   JD: libs/bcutil-jdk15on.jar/org/bouncycastle/asn1/cms/OriginatorPublicKey.class
   JD: libs/bcutil-jdk15on.jar/org/bouncycastle/asn1/cms/PasswordRecipientInfo.class
   JD: libs/bcutil-jdk15on.jar/org/bouncycastle/asn1/cms/RecipientKeyIdentifier.class
   JD: libs/bcutil-jdk15on.jar/org/bouncycastle/asn1/cms/SignedDataParser.class
   JD: libs/bcutil-jdk15on.jar/org/bouncycastle/asn1/cms/SignerInfo.class
   JD: libs/bcutil-jdk15on.jar/org/bouncycastle/asn1/cms/Time.class
   JD: libs/bcutil-jdk15on.jar/org/bouncycastle/asn1/cms/TimeStampedData.class
   JD: libs/bcutil-jdk15on.jar/org/bouncycastle/asn1/cms/TimeStampedDataParser.class
   JD: libs/bcutil-jdk15on.jar/org/bouncycastle/asn1/crmf/CertTemplate.class
   JD: libs/bcutil-jdk15on.jar/org/bouncycastle/asn1/crmf/EncKeyWithID.class
   JD: libs/bcutil-jdk15on.jar/org/bouncycastle/asn1/crmf/EncryptedValue.class
   JD: libs/bcutil-jdk15on.jar/org/bouncycastle/asn1/crmf/PKMACValue.class
   JD: libs/bcutil-jdk15on.jar/org/bouncycastle/asn1/crmf/POPOPrivKey.class
   JD: libs/bcutil-jdk15on.jar/org/bouncycastle/asn1/crmf/POPOSigningKey.class
   JD: libs/bcutil-jdk15on.jar/org/bouncycastle/asn1/esf/SPuri.class
   JD: libs/bcutil-jdk15on.jar/org/bouncycastle/asn1/esf/SignerAttribute.class
   JD: libs/bcutil-jdk15on.jar/org/bouncycastle/asn1/esf/SignerLocation.class
   JD: libs/bcutil-jdk15on.jar/org/bouncycastle/asn1/ess/ContentHints.class
   JD: libs/bcutil-jdk15on.jar/org/bouncycastle/asn1/icao/LDSVersionInfo.class
   JD: libs/bcutil-jdk15on.jar/org/bouncycastle/asn1/isismtt/x509/MonetaryLimit.class
   JD: libs/bcutil-jdk15on.jar/org/bouncycastle/asn1/isismtt/x509/NamingAuthority.class
   JD: libs/bcutil-jdk15on.jar/org/bouncycastle/asn1/isismtt/x509/ProcurationSyntax.class
   JD: libs/bcutil-jdk15on.jar/org/bouncycastle/asn1/isismtt/x509/ProfessionInfo.class
   JD: libs/bcutil-jdk15on.jar/org/bouncycastle/asn1/its.removed
   JD: libs/bcutil-jdk15on.jar/org/bouncycastle/asn1/its/AesCcmCiphertext.class.removed
   JD: libs/bcutil-jdk15on.jar/org/bouncycastle/asn1/its/BitmapSspRange.class.removed
   JD: libs/bcutil-jdk15on.jar/org/bouncycastle/asn1/its/CertificateBase.class.removed
   JD: libs/bcutil-jdk15on.jar/org/bouncycastle/asn1/its/CertificateType.class.removed
   JD: libs/bcutil-jdk15on.jar/org/bouncycastle/asn1/its/CircularRegion.class.removed
   JD: libs/bcutil-jdk15on.jar/org/bouncycastle/asn1/its/Duration.class.removed
   JD: libs/bcutil-jdk15on.jar/org/bouncycastle/asn1/its/EncryptedData.class.removed
   JD: libs/bcutil-jdk15on.jar/org/bouncycastle/asn1/its/EndEntityType.class.removed
   JD: libs/bcutil-jdk15on.jar/org/bouncycastle/asn1/its/EtsiTs103097Module.class.removed
   JD: libs/bcutil-jdk15on.jar/org/bouncycastle/asn1/its/ExplicitCertificate.class.removed
   JD: libs/bcutil-jdk15on.jar/org/bouncycastle/asn1/its/GeographicRegion.class.removed
   JD: libs/bcutil-jdk15on.jar/org/bouncycastle/asn1/its/GroupLinkageValue.class.removed
   JD: libs/bcutil-jdk15on.jar/org/bouncycastle/asn1/its/HashAlgorithm.class.removed
   JD: libs/bcutil-jdk15on.jar/org/bouncycastle/asn1/its/HashedData.class.removed
   JD: libs/bcutil-jdk15on.jar/org/bouncycastle/asn1/its/HeaderInfo.class.removed
   JD: libs/bcutil-jdk15on.jar/org/bouncycastle/asn1/its/IValue.class.removed
   JD: libs/bcutil-jdk15on.jar/org/bouncycastle/asn1/its/Ieee1609Dot2Content.class.removed
   JD: libs/bcutil-jdk15on.jar/org/bouncycastle/asn1/its/Ieee1609Dot2Data.class.removed
   JD: libs/bcutil-jdk15on.jar/org/bouncycastle/asn1/its/ImplicitCertificate.class.removed
   JD: libs/bcutil-jdk15on.jar/org/bouncycastle/asn1/its/IssuerIdentifier.class.removed
   JD: libs/bcutil-jdk15on.jar/org/bouncycastle/asn1/its/Latitude.class.removed
   JD: libs/bcutil-jdk15on.jar/org/bouncycastle/asn1/its/LinkageData.class.removed
   JD: libs/bcutil-jdk15on.jar/org/bouncycastle/asn1/its/LinkageValue.class.removed
   JD: libs/bcutil-jdk15on.jar/org/bouncycastle/asn1/its/Longitude.class.removed
   JD: libs/bcutil-jdk15on.jar/org/bouncycastle/asn1/its/PKRecipientInfo.class.removed
   JD: libs/bcutil-jdk15on.jar/org/bouncycastle/asn1/its/PolygonalRegion.class.removed
   JD: libs/bcutil-jdk15on.jar/org/bouncycastle/asn1/its/PsidGroupPermissions.class.removed
   JD: libs/bcutil-jdk15on.jar/org/bouncycastle/asn1/its/PsidSspRange.class.removed
   JD: libs/bcutil-jdk15on.jar/org/bouncycastle/asn1/its/RecipientInfo.class.removed
   JD: libs/bcutil-jdk15on.jar/org/bouncycastle/asn1/its/RectangularRegion.class.removed
   JD: libs/bcutil-jdk15on.jar/org/bouncycastle/asn1/its/SequenceOfCertificate.class.removed
   JD: libs/bcutil-jdk15on.jar/org/bouncycastle/asn1/its/SequenceOfOctetString.class.removed
   JD: libs/bcutil-jdk15on.jar/org/bouncycastle/asn1/its/SequenceOfPsidGroupPermissions.class.removed
   JD: libs/bcutil-jdk15on.jar/org/bouncycastle/asn1/its/SequenceOfRecipientInfo.class.removed
   JD: libs/bcutil-jdk15on.jar/org/bouncycastle/asn1/its/SequenceOfRectangularRegion.class.removed
   JD: libs/bcutil-jdk15on.jar/org/bouncycastle/asn1/its/ServiceSpecificPermissions.class.removed
   JD: libs/bcutil-jdk15on.jar/org/bouncycastle/asn1/its/Signature.class.removed
   JD: libs/bcutil-jdk15on.jar/org/bouncycastle/asn1/its/SignedData.class.removed
   JD: libs/bcutil-jdk15on.jar/org/bouncycastle/asn1/its/SignedDataPayload.class.removed
   JD: libs/bcutil-jdk15on.jar/org/bouncycastle/asn1/its/SignerIdentifier.class.removed
   JD: libs/bcutil-jdk15on.jar/org/bouncycastle/asn1/its/SspRange.class.removed
   JD: libs/bcutil-jdk15on.jar/org/bouncycastle/asn1/its/SubjectPermissions.class.removed
   JD: libs/bcutil-jdk15on.jar/org/bouncycastle/asn1/its/SymmAlgorithm.class.removed
   JD: libs/bcutil-jdk15on.jar/org/bouncycastle/asn1/its/SymmRecipientInfo.class.removed
   JD: libs/bcutil-jdk15on.jar/org/bouncycastle/asn1/its/ToBeSignedCertificate.class.removed
   JD: libs/bcutil-jdk15on.jar/org/bouncycastle/asn1/its/ToBeSignedData.class.removed
   JD: libs/bcutil-jdk15on.jar/org/bouncycastle/asn1/its/TwoDLocation.class.removed
   JD: libs/bcutil-jdk15on.jar/org/bouncycastle/asn1/its/Utils.class.removed
   JD: libs/bcutil-jdk15on.jar/org/bouncycastle/asn1/its/ValidityPeriod.class.removed
   JD: libs/bcutil-jdk15on.jar/org/bouncycastle/asn1/its/VerificationKeyIndicator.class.removed
   JD: libs/bcutil-jdk15on.jar/org/bouncycastle/oer/
   JD: libs/bcutil-jdk15on.jar/org/bouncycastle/oer/BitBuilder.class
   JD: libs/bcutil-jdk15on.jar/org/bouncycastle/oer/OERDefinition$BaseType.class
   JD: libs/bcutil-jdk15on.jar/org/bouncycastle/oer/OERDefinition$Builder.class
   JD: libs/bcutil-jdk15on.jar/org/bouncycastle/oer/OERDefinition$Element.class
   JD: libs/bcutil-jdk15on.jar/org/bouncycastle/oer/OERDefinition$MutableBuilder.class
   JD: libs/bcutil-jdk15on.jar/org/bouncycastle/oer/OERDefinition$OptionalList.class
   JD: libs/bcutil-jdk15on.jar/org/bouncycastle/oer/OERDefinition.class
   JD: libs/bcutil-jdk15on.jar/org/bouncycastle/oer/OEREncoder.class
   JD: libs/bcutil-jdk15on.jar/org/bouncycastle/oer/OERInputStream$1.class
   JD: libs/bcutil-jdk15on.jar/org/bouncycastle/oer/OERInputStream$Choice.class
   JD: libs/bcutil-jdk15on.jar/org/bouncycastle/oer/OERInputStream$LengthInfo.class
   JD: libs/bcutil-jdk15on.jar/org/bouncycastle/oer/OERInputStream$Sequence.class
   JD: libs/bcutil-jdk15on.jar/org/bouncycastle/oer/OERInputStream.class
   JD: libs/bcutil-jdk15on.jar/org/bouncycastle/oer/OEROptional$1.class
   JD: libs/bcutil-jdk15on.jar/org/bouncycastle/oer/OEROptional.class
   JD: libs/bcutil-jdk15on.jar/org/bouncycastle/oer/OEROutputStream$1.class
   JD: libs/bcutil-jdk15on.jar/org/bouncycastle/oer/OEROutputStream.class
   JD: libs/bcutil-jdk15on.jar/org/bouncycastle/oer/its/
   JD: libs/bcutil-jdk15on.jar/org/bouncycastle/oer/its/AesCcmCiphertext$Builder.class
   JD: libs/bcutil-jdk15on.jar/org/bouncycastle/oer/its/AesCcmCiphertext.class
   JD: libs/bcutil-jdk15on.jar/org/bouncycastle/oer/its/BasePublicEncryptionKey$Builder.class
   JD: libs/bcutil-jdk15on.jar/org/bouncycastle/oer/its/BasePublicEncryptionKey.class
   JD: libs/bcutil-jdk15on.jar/org/bouncycastle/oer/its/BitmapSsp.class
   JD: libs/bcutil-jdk15on.jar/org/bouncycastle/oer/its/BitmapSspRange.class
   JD: libs/bcutil-jdk15on.jar/org/bouncycastle/oer/its/Certificate$Builder.class
   JD: libs/bcutil-jdk15on.jar/org/bouncycastle/oer/its/Certificate.class
   JD: libs/bcutil-jdk15on.jar/org/bouncycastle/oer/its/CertificateBase$Builder.class
   JD: libs/bcutil-jdk15on.jar/org/bouncycastle/oer/its/CertificateBase.class
   JD: libs/bcutil-jdk15on.jar/org/bouncycastle/oer/its/CertificateId$Builder.class
   JD: libs/bcutil-jdk15on.jar/org/bouncycastle/oer/its/CertificateId.class
   JD: libs/bcutil-jdk15on.jar/org/bouncycastle/oer/its/CertificateType.class
   JD: libs/bcutil-jdk15on.jar/org/bouncycastle/oer/its/CircularRegion$Builder.class
   JD: libs/bcutil-jdk15on.jar/org/bouncycastle/oer/its/CircularRegion.class
   JD: libs/bcutil-jdk15on.jar/org/bouncycastle/oer/its/ContributedExtensionBlock.class
   JD: libs/bcutil-jdk15on.jar/org/bouncycastle/oer/its/CounterSignature.class
   JD: libs/bcutil-jdk15on.jar/org/bouncycastle/oer/its/CountryAndRegions$CountryAndRegionsBuilder.class
   JD: libs/bcutil-jdk15on.jar/org/bouncycastle/oer/its/CountryAndRegions.class
   JD: libs/bcutil-jdk15on.jar/org/bouncycastle/oer/its/CountryOnly.class
   JD: libs/bcutil-jdk15on.jar/org/bouncycastle/oer/its/CrlSeries.class
   JD: libs/bcutil-jdk15on.jar/org/bouncycastle/oer/its/Duration.class
   JD: libs/bcutil-jdk15on.jar/org/bouncycastle/oer/its/EccCurvePoint.class
   JD: libs/bcutil-jdk15on.jar/org/bouncycastle/oer/its/EccP256CurvePoint$Builder.class
   JD: libs/bcutil-jdk15on.jar/org/bouncycastle/oer/its/EccP256CurvePoint.class
   JD: libs/bcutil-jdk15on.jar/org/bouncycastle/oer/its/EccP384CurvePoint$Builder.class
   JD: libs/bcutil-jdk15on.jar/org/bouncycastle/oer/its/EccP384CurvePoint.class
   JD: libs/bcutil-jdk15on.jar/org/bouncycastle/oer/its/EcdsaP256Signature$Builder.class
   JD: libs/bcutil-jdk15on.jar/org/bouncycastle/oer/its/EcdsaP256Signature.class
   JD: libs/bcutil-jdk15on.jar/org/bouncycastle/oer/its/EcdsaP384Signature$Builder.class
   JD: libs/bcutil-jdk15on.jar/org/bouncycastle/oer/its/EcdsaP384Signature.class
   JD: libs/bcutil-jdk15on.jar/org/bouncycastle/oer/its/EncryptedData$Builder.class
   JD: libs/bcutil-jdk15on.jar/org/bouncycastle/oer/its/EncryptedData.class
   JD: libs/bcutil-jdk15on.jar/org/bouncycastle/oer/its/EncryptedDataEncryptionKey$Builder.class
   JD: libs/bcutil-jdk15on.jar/org/bouncycastle/oer/its/EncryptedDataEncryptionKey.class
   JD: libs/bcutil-jdk15on.jar/org/bouncycastle/oer/its/EndEntityType.class
   JD: libs/bcutil-jdk15on.jar/org/bouncycastle/oer/its/EtsiOriginatingHeaderInfoExtension.class
   JD: libs/bcutil-jdk15on.jar/org/bouncycastle/oer/its/EtsiTs103097Module.class
   JD: libs/bcutil-jdk15on.jar/org/bouncycastle/oer/its/ExplicitCertificate.class
   JD: libs/bcutil-jdk15on.jar/org/bouncycastle/oer/its/GeographicRegion.class
   JD: libs/bcutil-jdk15on.jar/org/bouncycastle/oer/its/GroupLinkageValue.class
   JD: libs/bcutil-jdk15on.jar/org/bouncycastle/oer/its/HashAlgorithm.class
   JD: libs/bcutil-jdk15on.jar/org/bouncycastle/oer/its/HashedData$Builder.class
   JD: libs/bcutil-jdk15on.jar/org/bouncycastle/oer/its/HashedData.class
   JD: libs/bcutil-jdk15on.jar/org/bouncycastle/oer/its/HashedId$HashedId10.class
   JD: libs/bcutil-jdk15on.jar/org/bouncycastle/oer/its/HashedId$HashedId3.class
   JD: libs/bcutil-jdk15on.jar/org/bouncycastle/oer/its/HashedId$HashedId32.class
   JD: libs/bcutil-jdk15on.jar/org/bouncycastle/oer/its/HashedId$HashedId8.class
   JD: libs/bcutil-jdk15on.jar/org/bouncycastle/oer/its/HashedId.class
   JD: libs/bcutil-jdk15on.jar/org/bouncycastle/oer/its/HeaderInfo.class
   JD: libs/bcutil-jdk15on.jar/org/bouncycastle/oer/its/HeaderInfoContributorId.class
   JD: libs/bcutil-jdk15on.jar/org/bouncycastle/oer/its/Hostname.class
   JD: libs/bcutil-jdk15on.jar/org/bouncycastle/oer/its/IValue.class
   JD: libs/bcutil-jdk15on.jar/org/bouncycastle/oer/its/IdentifiedRegion.class
   JD: libs/bcutil-jdk15on.jar/org/bouncycastle/oer/its/Ieee1609Dot2Content$Builder.class
   JD: libs/bcutil-jdk15on.jar/org/bouncycastle/oer/its/Ieee1609Dot2Content.class
   JD: libs/bcutil-jdk15on.jar/org/bouncycastle/oer/its/Ieee1609Dot2Data$Builder.class
   JD: libs/bcutil-jdk15on.jar/org/bouncycastle/oer/its/Ieee1609Dot2Data.class
   JD: libs/bcutil-jdk15on.jar/org/bouncycastle/oer/its/ImplicitCertificate.class
   JD: libs/bcutil-jdk15on.jar/org/bouncycastle/oer/its/IssuerIdentifier$Builder.class
   JD: libs/bcutil-jdk15on.jar/org/bouncycastle/oer/its/IssuerIdentifier.class
   JD: libs/bcutil-jdk15on.jar/org/bouncycastle/oer/its/Latitude.class
   JD: libs/bcutil-jdk15on.jar/org/bouncycastle/oer/its/LinkageData.class
   JD: libs/bcutil-jdk15on.jar/org/bouncycastle/oer/its/LinkageValue.class
   JD: libs/bcutil-jdk15on.jar/org/bouncycastle/oer/its/Longitude.class
   JD: libs/bcutil-jdk15on.jar/org/bouncycastle/oer/its/MissingCrlIdentifier.class
   JD: libs/bcutil-jdk15on.jar/org/bouncycastle/oer/its/NinetyDegreeInt.class
   JD: libs/bcutil-jdk15on.jar/org/bouncycastle/oer/its/OneEightyDegreeInt.class
   JD: libs/bcutil-jdk15on.jar/org/bouncycastle/oer/its/PKRecipientInfo$Builder.class
   JD: libs/bcutil-jdk15on.jar/org/bouncycastle/oer/its/PKRecipientInfo.class
   JD: libs/bcutil-jdk15on.jar/org/bouncycastle/oer/its/PduFunctionType.class
   JD: libs/bcutil-jdk15on.jar/org/bouncycastle/oer/its/PolygonalRegion$Builder.class
   JD: libs/bcutil-jdk15on.jar/org/bouncycastle/oer/its/PolygonalRegion.class
   JD: libs/bcutil-jdk15on.jar/org/bouncycastle/oer/its/PreSharedKeyRecipientInfo.class
   JD: libs/bcutil-jdk15on.jar/org/bouncycastle/oer/its/Psid.class
   JD: libs/bcutil-jdk15on.jar/org/bouncycastle/oer/its/PsidGroupPermissions$Builder.class
   JD: libs/bcutil-jdk15on.jar/org/bouncycastle/oer/its/PsidGroupPermissions.class
   JD: libs/bcutil-jdk15on.jar/org/bouncycastle/oer/its/PsidSsp$Builder.class
   JD: libs/bcutil-jdk15on.jar/org/bouncycastle/oer/its/PsidSsp.class
   JD: libs/bcutil-jdk15on.jar/org/bouncycastle/oer/its/PsidSspRange$Builder.class
   JD: libs/bcutil-jdk15on.jar/org/bouncycastle/oer/its/PsidSspRange.class
   JD: libs/bcutil-jdk15on.jar/org/bouncycastle/oer/its/PublicEncryptionKey.class
   JD: libs/bcutil-jdk15on.jar/org/bouncycastle/oer/its/PublicVerificationKey$Builder.class
   JD: libs/bcutil-jdk15on.jar/org/bouncycastle/oer/its/PublicVerificationKey.class
   JD: libs/bcutil-jdk15on.jar/org/bouncycastle/oer/its/RecipientInfo.class
   JD: libs/bcutil-jdk15on.jar/org/bouncycastle/oer/its/RectangularRegion.class
   JD: libs/bcutil-jdk15on.jar/org/bouncycastle/oer/its/Region.class
   JD: libs/bcutil-jdk15on.jar/org/bouncycastle/oer/its/RegionAndSubregions$Builder.class
   JD: libs/bcutil-jdk15on.jar/org/bouncycastle/oer/its/RegionAndSubregions.class
   JD: libs/bcutil-jdk15on.jar/org/bouncycastle/oer/its/RegionInterface.class
   JD: libs/bcutil-jdk15on.jar/org/bouncycastle/oer/its/SequenceOfCertificate$Builder.class
   JD: libs/bcutil-jdk15on.jar/org/bouncycastle/oer/its/SequenceOfCertificate.class
   JD: libs/bcutil-jdk15on.jar/org/bouncycastle/oer/its/SequenceOfIdentifiedRegion.class
   JD: libs/bcutil-jdk15on.jar/org/bouncycastle/oer/its/SequenceOfOctetString.class
   JD: libs/bcutil-jdk15on.jar/org/bouncycastle/oer/its/SequenceOfPsidGroupPermissions$Builder.class
   JD: libs/bcutil-jdk15on.jar/org/bouncycastle/oer/its/SequenceOfPsidGroupPermissions.class
   JD: libs/bcutil-jdk15on.jar/org/bouncycastle/oer/its/SequenceOfPsidSsp$Builder.class
   JD: libs/bcutil-jdk15on.jar/org/bouncycastle/oer/its/SequenceOfPsidSsp.class
   JD: libs/bcutil-jdk15on.jar/org/bouncycastle/oer/its/SequenceOfPsidSspRange$Builder.class
   JD: libs/bcutil-jdk15on.jar/org/bouncycastle/oer/its/SequenceOfPsidSspRange.class
   JD: libs/bcutil-jdk15on.jar/org/bouncycastle/oer/its/SequenceOfRecipientInfo$Builder.class
   JD: libs/bcutil-jdk15on.jar/org/bouncycastle/oer/its/SequenceOfRecipientInfo.class
   JD: libs/bcutil-jdk15on.jar/org/bouncycastle/oer/its/SequenceOfRectangularRegion.class
   JD: libs/bcutil-jdk15on.jar/org/bouncycastle/oer/its/ServiceSpecificPermissions$Builder.class
   JD: libs/bcutil-jdk15on.jar/org/bouncycastle/oer/its/ServiceSpecificPermissions.class
   JD: libs/bcutil-jdk15on.jar/org/bouncycastle/oer/its/Signature$Builder.class
   JD: libs/bcutil-jdk15on.jar/org/bouncycastle/oer/its/Signature.class
   JD: libs/bcutil-jdk15on.jar/org/bouncycastle/oer/its/SignedData$Builder.class
   JD: libs/bcutil-jdk15on.jar/org/bouncycastle/oer/its/SignedData.class
   JD: libs/bcutil-jdk15on.jar/org/bouncycastle/oer/its/SignedDataPayload$Builder.class
   JD: libs/bcutil-jdk15on.jar/org/bouncycastle/oer/its/SignedDataPayload.class
   JD: libs/bcutil-jdk15on.jar/org/bouncycastle/oer/its/SignerIdentifier$Builder.class
   JD: libs/bcutil-jdk15on.jar/org/bouncycastle/oer/its/SignerIdentifier.class
   JD: libs/bcutil-jdk15on.jar/org/bouncycastle/oer/its/SspRange$Builder.class
   JD: libs/bcutil-jdk15on.jar/org/bouncycastle/oer/its/SspRange.class
   JD: libs/bcutil-jdk15on.jar/org/bouncycastle/oer/its/SubjectAssurance.class
   JD: libs/bcutil-jdk15on.jar/org/bouncycastle/oer/its/SubjectPermissions$Builder.class
   JD: libs/bcutil-jdk15on.jar/org/bouncycastle/oer/its/SubjectPermissions.class
   JD: libs/bcutil-jdk15on.jar/org/bouncycastle/oer/its/SymmAlgorithm.class
   JD: libs/bcutil-jdk15on.jar/org/bouncycastle/oer/its/SymmRecipientInfo.class
   JD: libs/bcutil-jdk15on.jar/org/bouncycastle/oer/its/SymmetricCiphertext$Builder.class
   JD: libs/bcutil-jdk15on.jar/org/bouncycastle/oer/its/SymmetricCiphertext.class
   JD: libs/bcutil-jdk15on.jar/org/bouncycastle/oer/its/ToBeSignedCertificate$Builder.class
   JD: libs/bcutil-jdk15on.jar/org/bouncycastle/oer/its/ToBeSignedCertificate.class
   JD: libs/bcutil-jdk15on.jar/org/bouncycastle/oer/its/ToBeSignedData$Builder.class
   JD: libs/bcutil-jdk15on.jar/org/bouncycastle/oer/its/ToBeSignedData.class
   JD: libs/bcutil-jdk15on.jar/org/bouncycastle/oer/its/TwoDLocation$Builder.class
   JD: libs/bcutil-jdk15on.jar/org/bouncycastle/oer/its/TwoDLocation.class
   JD: libs/bcutil-jdk15on.jar/org/bouncycastle/oer/its/Uint16.class
   JD: libs/bcutil-jdk15on.jar/org/bouncycastle/oer/its/Uint8.class
   JD: libs/bcutil-jdk15on.jar/org/bouncycastle/oer/its/Utils$1.class
   JD: libs/bcutil-jdk15on.jar/org/bouncycastle/oer/its/Utils.class
   JD: libs/bcutil-jdk15on.jar/org/bouncycastle/oer/its/ValidityPeriod$Builder.class
   JD: libs/bcutil-jdk15on.jar/org/bouncycastle/oer/its/ValidityPeriod.class
   JD: libs/bcutil-jdk15on.jar/org/bouncycastle/oer/its/VerificationKeyIndicator$Builder.class
   JD: libs/bcutil-jdk15on.jar/org/bouncycastle/oer/its/VerificationKeyIndicator.class
   JD: libs/bcutil-jdk15on.jar/org/bouncycastle/oer/its/template/
   JD: libs/bcutil-jdk15on.jar/org/bouncycastle/oer/its/template/IEEE1609dot2.class
   JD: libs/bcutil-jdk15on.jar/org/bouncycastle/oer/its/template/Ieee1609Dot2BaseTypes.class
   JD: libs/cons.jar/org/jdownloader/container/JD2Import.class
   libs/JDGUI.jar
   libs/JDUtils.jar
   libs/bcpkix-jdk15on.jar
   libs/bcprov-jdk15on.jar
   libs/bctls-jdk15on.jar
   libs/bcutil-jdk15on.jar
   libs/cons.jar
   libs/laf/flatlaf.license
   licenses/bcpkix-jdk15on.jar.info
   licenses/bcprov-jdk15on.jar.info
   licenses/bctls-jdk15on.jar.info
   licenses/bcutil-jdk15on.jar.info
