Sun Jul 10 23:09:26 CST 2022
Package: package_1657465734276.awf
Install
Write Revision: 16258
----------------Plugins----------------
   jd/plugins/decrypter/AbloadDeGallery.class
   jd/plugins/decrypter/AbstractChan.class
   jd/plugins/decrypter/AbstractPastebinCrawler$PastebinMetadata.class
   jd/plugins/decrypter/AbstractPastebinCrawler.class
   jd/plugins/decrypter/AcomicSpace.class
   jd/plugins/decrypter/AdfLy.class
   jd/plugins/decrypter/AdshortCo.class
   jd/plugins/decrypter/AdultempireComCrawler.class
   jd/plugins/decrypter/AdyouMe.class.removed
   jd/plugins/decrypter/Agdd5brCom.class.removed
   jd/plugins/decrypter/AhMeComGallery.class
   jd/plugins/decrypter/AkvideoStreamCrawler.class.removed
   jd/plugins/decrypter/AkwamCc.class
   jd/plugins/decrypter/AlbumEE.class.removed
   jd/plugins/decrypter/AlfafileNetFolder.class
   jd/plugins/decrypter/AlldebridComFolder.class
   jd/plugins/decrypter/AllsyncCom.class
   jd/plugins/decrypter/AllySh.class
   jd/plugins/decrypter/AmateurDumperCom.class
   jd/plugins/decrypter/AmateurGaloreNet.class
   jd/plugins/decrypter/AmateurMasturbationsCom.class
   jd/plugins/decrypter/AnimeFreak.class.removed
   jd/plugins/decrypter/AnimeFrenzy.class
   jd/plugins/decrypter/AnimeTheHyliaCom.class.removed
   jd/plugins/decrypter/AnotepadCom.class
   jd/plugins/decrypter/AparatCom.class
   jd/plugins/decrypter/ArchiveOrg.class
   jd/plugins/decrypter/Ardmediathek$ArdMetadata.class
   jd/plugins/decrypter/Ardmediathek$VideoResolution.class
   jd/plugins/decrypter/Ardmediathek.class
   jd/plugins/decrypter/ArdmediathekEmbed.class
   jd/plugins/decrypter/ArteMediathekDecrypter.class
   jd/plugins/decrypter/ArteMediathekDecrypterExtern.class.removed
   jd/plugins/decrypter/ArteMediathekV3.class
   jd/plugins/decrypter/AsBook.class.removed
   jd/plugins/decrypter/AsianembedIo.class
   jd/plugins/decrypter/AtakuAttitudeNet.class
   jd/plugins/decrypter/AudioMackComDecrypter.class
   jd/plugins/decrypter/AudionowDe.class
   jd/plugins/decrypter/AvThNet.class
   jd/plugins/decrypter/AventertainmentsCom.class
   jd/plugins/decrypter/AzureMediaService.class.removed
   jd/plugins/decrypter/BadJoJoComDecrypter.class
   jd/plugins/decrypter/BandCampComDecrypter.class
   jd/plugins/decrypter/BatoTo.class
   jd/plugins/decrypter/BbcComDecrypter.class
   jd/plugins/decrypter/BcVc.class
   jd/plugins/decrypter/BdsmlrComCrawler.class
   jd/plugins/decrypter/BentBoxCo.class
   jd/plugins/decrypter/Bestcash2020Com.class
   jd/plugins/decrypter/BiqleRu$1.class
   jd/plugins/decrypter/BiqleRu.class
   jd/plugins/decrypter/BitchuteComChannel.class
   jd/plugins/decrypter/BlockFilestoreCom.class.removed
   jd/plugins/decrypter/BlockfilestoreComFolder.class
   jd/plugins/decrypter/BloggerCom.class
   jd/plugins/decrypter/BloombergComDecrypter.class.removed
   jd/plugins/decrypter/BoobinspectorComDecrypter.class
   jd/plugins/decrypter/BppasteCom.class.removed
   jd/plugins/decrypter/Br2RadioDe.class
   jd/plugins/decrypter/BurningCamelCom.class
   jd/plugins/decrypter/CamhubCc.class
   jd/plugins/decrypter/CaminspectorNet.class
   jd/plugins/decrypter/CamseekTv.class
   jd/plugins/decrypter/CamwhoresTv.class
   jd/plugins/decrypter/CartoonsOnline.class.removed
   jd/plugins/decrypter/ChoMikujPl.class
   jd/plugins/decrypter/CleanxvideosNet.class.removed
   jd/plugins/decrypter/CloudMailRuDecrypter.class
   jd/plugins/decrypter/CnnT.class
   jd/plugins/decrypter/CntrstrkD.class.removed
   jd/plugins/decrypter/ComicOnlineFree.class
   jd/plugins/decrypter/ComicWalkerCom.class
   jd/plugins/decrypter/CommonsWikimediaOrg.class
   jd/plugins/decrypter/CompuPasteCom.class
   jd/plugins/decrypter/ComunidadmontepinarEs.class
   jd/plugins/decrypter/CrackedCom.class
   jd/plugins/decrypter/CrhyRllCom$DestinationQuality.class.removed
   jd/plugins/decrypter/CrhyRllCom.class.removed
   jd/plugins/decrypter/CriptTo.class
   jd/plugins/decrypter/CtDiskComFolder.class
   jd/plugins/decrypter/CyberSansarCom.class
   jd/plugins/decrypter/CyberdropMeAlbum.class
   jd/plugins/decrypter/CzechavCom.class.removed
   jd/plugins/decrypter/CzechavComCrawler.class
   jd/plugins/decrypter/DailyMotionComDecrypter.class
   jd/plugins/decrypter/DailyMotionComDecrypterV2$1.class
   jd/plugins/decrypter/DailyMotionComDecrypterV2.class
   jd/plugins/decrypter/DanbooruDonmaiUs.class
   jd/plugins/decrypter/DataHuFolder.class
   jd/plugins/decrypter/DcLnkIfo.class.removed
   jd/plugins/decrypter/DecrypterForRedirectServicesWithoutDirectRedirects.class
   jd/plugins/decrypter/DefinebabeComDecrypter.class
   jd/plugins/decrypter/DeluxemusicTvPlaylist.class
   jd/plugins/decrypter/DepositfilesComFolder.class
   jd/plugins/decrypter/DeviantArtCom.class
   jd/plugins/decrypter/DirectlinkSite.class.removed
   jd/plugins/decrypter/DlcryptNet.class
   jd/plugins/decrypter/DlslinkNet.class
   jd/plugins/decrypter/DnsCz.class.removed
   jd/plugins/decrypter/Do3Inf.class.removed
   jd/plugins/decrypter/DonkPartyCom.class
   jd/plugins/decrypter/DownmagazNet.class
   jd/plugins/decrypter/DpstFlsCm.class.removed
   jd/plugins/decrypter/DramaCoolVideo.class
   jd/plugins/decrypter/DramaGalaxy.class.removed
   jd/plugins/decrypter/DreamAmateursCom.class.removed
   jd/plugins/decrypter/DrivehubLink.class.removed
   jd/plugins/decrypter/DropBoxCom$1.class
   jd/plugins/decrypter/DropBoxCom$2.class
   jd/plugins/decrypter/DropBoxCom$3.class.removed
   jd/plugins/decrypter/DropBoxCom.class
   jd/plugins/decrypter/DropboxGallery.class.removed
   jd/plugins/decrypter/Dummy.class.removed
   jd/plugins/decrypter/DyskOnetPl.class.removed
   jd/plugins/decrypter/EHentaiOrg.class
   jd/plugins/decrypter/EfuktComDecrypter.class
   jd/plugins/decrypter/EightTracksCom.class
   jd/plugins/decrypter/EmbedoTo.class.removed
   jd/plugins/decrypter/EmbedyCc.class
   jd/plugins/decrypter/EroProfileComGallery.class
   jd/plugins/decrypter/EroScriptsCom$SmartGroup$1.class
   jd/plugins/decrypter/EroScriptsCom$SmartGroup.class
   jd/plugins/decrypter/EroScriptsCom.class
   jd/plugins/decrypter/EroVideoNet.class
   jd/plugins/decrypter/EroxiaCom.class
   jd/plugins/decrypter/FEmbedDecrypter$1.class
   jd/plugins/decrypter/FEmbedDecrypter.class
   jd/plugins/decrypter/FaceBookComGallery$1.class
   jd/plugins/decrypter/FaceBookComGallery.class
   jd/plugins/decrypter/FakkuNet.class
   jd/plugins/decrypter/FantasymassageCom.class
   jd/plugins/decrypter/FenixFansub.class.removed
   jd/plugins/decrypter/FestivalOhneBandsDe.class
   jd/plugins/decrypter/File2Me.class
   jd/plugins/decrypter/FileCryptCc.class
   jd/plugins/decrypter/FileKareliaRuDecrypter.class
   jd/plugins/decrypter/FilefactoryComFolder.class
   jd/plugins/decrypter/FilerNetFolder.class
   jd/plugins/decrypter/FiveMoviesTo.class.removed
   jd/plugins/decrypter/FivehundretPxCom.class
   jd/plugins/decrypter/FlickrCom$1.class
   jd/plugins/decrypter/FlickrCom$2.class
   jd/plugins/decrypter/FlickrCom$AlbumType.class
   jd/plugins/decrypter/FlickrCom$FlickrAlbum.class
   jd/plugins/decrypter/FlickrCom.class
   jd/plugins/decrypter/FlimmitCom$1.class
   jd/plugins/decrypter/FlimmitCom.class
   jd/plugins/decrypter/Flr.class.removed
   jd/plugins/decrypter/FotografDe.class
   jd/plugins/decrypter/FourPlayersDe.class
   jd/plugins/decrypter/FreeDiscPlFolder$1.class
   jd/plugins/decrypter/FreeDiscPlFolder.class
   jd/plugins/decrypter/FreeLoopsCom.class
   jd/plugins/decrypter/FreeViewMoviesComCrawler.class
   jd/plugins/decrypter/FromsmashComFolder.class
   jd/plugins/decrypter/Fsiblog2ComCrawler.class
   jd/plugins/decrypter/FucktubeCom.class
   jd/plugins/decrypter/FullpornerCom.class
   jd/plugins/decrypter/FuraffinityNet.class
   jd/plugins/decrypter/FuskatorCom$RequestType.class
   jd/plugins/decrypter/FuskatorCom.class
   jd/plugins/decrypter/Gaskrank.class
   jd/plugins/decrypter/GeTtDecrypter.class.removed
   jd/plugins/decrypter/GelbooruCom.class
   jd/plugins/decrypter/GeneralOtrDecrypter.class.removed
   jd/plugins/decrypter/GenericAutoContainer.class
   jd/plugins/decrypter/GenericBase64Decrypter.class
   jd/plugins/decrypter/GenericF4MDecrypter.class
   jd/plugins/decrypter/GenericHTTPDirectoryIndexCrawler$1.class
   jd/plugins/decrypter/GenericHTTPDirectoryIndexCrawler$DirectoryListingMode.class
   jd/plugins/decrypter/GenericHTTPDirectoryIndexCrawler.class
   jd/plugins/decrypter/GenericM3u8Decrypter.class
   jd/plugins/decrypter/GenericNZBDecrypter.class
   jd/plugins/decrypter/GenericRedirectors.class
   jd/plugins/decrypter/GenericWBoardDecrypter.class
   jd/plugins/decrypter/GenericXFileShareProFolder.class
   jd/plugins/decrypter/GenericYetiShareFolder.class
   jd/plugins/decrypter/GenshinManga.class
   jd/plugins/decrypter/GhostbinCom.class
   jd/plugins/decrypter/GigaBaseComFolder.class.removed
   jd/plugins/decrypter/GigapetaComFolder.class
   jd/plugins/decrypter/GoFileIo.class
   jd/plugins/decrypter/GoGoAnimePro.class
   jd/plugins/decrypter/GoGoStream.class.removed
   jd/plugins/decrypter/GogoAnimeTv.class
   jd/plugins/decrypter/Gogoplay4Com$1.class
   jd/plugins/decrypter/Gogoplay4Com.class
   jd/plugins/decrypter/GoogleDrive.class
   jd/plugins/decrypter/GoogleDriveDirectoryIndex.class
   jd/plugins/decrypter/GooglePhotos.class
   jd/plugins/decrypter/HastebinCom.class.removed
   jd/plugins/decrypter/HdMxTpsCom.class.removed
   jd/plugins/decrypter/HentaiCafe.class.removed
   jd/plugins/decrypter/HentaiFoundryComGallery.class
   jd/plugins/decrypter/HiLvng.class
   jd/plugins/decrypter/HidriveComCrawler.class
   jd/plugins/decrypter/HighpornNet.class
   jd/plugins/decrypter/HitomiLa.class
   jd/plugins/decrypter/HomemadeVoyeurCom.class
   jd/plugins/decrypter/HooktubeCom.class
   jd/plugins/decrypter/HostedfilesNet.class.removed
   jd/plugins/decrypter/HotfilEs.class
   jd/plugins/decrypter/HotpornfileOrg.class
   jd/plugins/decrypter/HqMatureTubeCom.class
   jd/plugins/decrypter/HqTubeXxxCom.class.removed
   jd/plugins/decrypter/HqpornerCom.class
   jd/plugins/decrypter/HypemCom.class
   jd/plugins/decrypter/IcedriveNetFolder.class
   jd/plugins/decrypter/IcloudCom.class
   jd/plugins/decrypter/IgnCom.class
   jd/plugins/decrypter/ImagEarnCom.class.removed
   jd/plugins/decrypter/ImageHosterDecrypter.class
   jd/plugins/decrypter/ImageVenueComGallery.class
   jd/plugins/decrypter/ImagebamCom.class
   jd/plugins/decrypter/ImgBoxCom.class
   jd/plugins/decrypter/ImgSrcRu$Reason.class
   jd/plugins/decrypter/ImgSrcRu.class
   jd/plugins/decrypter/ImgurComGallery$1.class
   jd/plugins/decrypter/ImgurComGallery.class
   jd/plugins/decrypter/ImxToGallery.class
   jd/plugins/decrypter/IndianpornvideosCom.class
   jd/plugins/decrypter/InstaGramComDecrypter$1.class
   jd/plugins/decrypter/InstaGramComDecrypter$InstagramMetadata.class
   jd/plugins/decrypter/InstaGramComDecrypter.class
   jd/plugins/decrypter/Invidious.class
   jd/plugins/decrypter/IsecureLink.class
   jd/plugins/decrypter/IwaraTv.class
   jd/plugins/decrypter/JamendoCom.class
   jd/plugins/decrypter/JavFembed.class.removed
   jd/plugins/decrypter/JavStream.class.removed
   jd/plugins/decrypter/JavdoeCom.class.removed
   jd/plugins/decrypter/JavhdToday.class
   jd/plugins/decrypter/JulesjordanComDecrypter.class
   jd/plugins/decrypter/JumpshareCom.class
   jd/plugins/decrypter/JustPasteIt.class
   jd/plugins/decrypter/KamababaComCrawler.class
   jd/plugins/decrypter/KatfileDlcOvhRedirector.class
   jd/plugins/decrypter/KissAnimeAsia.class.removed
   jd/plugins/decrypter/KndGrlsCom.class
   jd/plugins/decrypter/LbTubeCom.class.removed
   jd/plugins/decrypter/LeitupCom.class
   jd/plugins/decrypter/Lhtranslation.class
   jd/plugins/decrypter/LimitsizamcaOrg.class.removed
   jd/plugins/decrypter/LinksDashProtectionCom.class.removed
   jd/plugins/decrypter/LinksProtectionCom.class.removed
   jd/plugins/decrypter/LinksSafetyCom.class.removed
   jd/plugins/decrypter/LiveDriveComFolder.class
   jd/plugins/decrypter/LiveMixtapesComDecrypter.class
   jd/plugins/decrypter/LiveStreamCom.class
   jd/plugins/decrypter/LnkBnCh.class.removed
   jd/plugins/decrypter/LnkBnk.class.removed
   jd/plugins/decrypter/Loan2hostCom.class
   jd/plugins/decrypter/LockmyLink.class
   jd/plugins/decrypter/MagentaCloudDe.class.removed
   jd/plugins/decrypter/MangaEdenCom.class.removed
   jd/plugins/decrypter/MangaFascansCom.class
   jd/plugins/decrypter/MangaTx.class
   jd/plugins/decrypter/MangadexOrg.class
   jd/plugins/decrypter/MangahostCom.class
   jd/plugins/decrypter/Mangakakalot.class
   jd/plugins/decrypter/ManganatoCom.class
   jd/plugins/decrypter/MangaparkCom.class.removed
   jd/plugins/decrypter/MangazukiCo.class
   jd/plugins/decrypter/MangazukiMe.class.removed
   jd/plugins/decrypter/MaxstreamVideoCrawler.class
   jd/plugins/decrypter/MegaConz$1$1.class
   jd/plugins/decrypter/MegaConz$1$2.class
   jd/plugins/decrypter/MegaConz$1.class
   jd/plugins/decrypter/MegaConz$2.class
   jd/plugins/decrypter/MegaConz$MegaFolder.class
   jd/plugins/decrypter/MegaConz.class
   jd/plugins/decrypter/MegaDpUaFolder.class
   jd/plugins/decrypter/MegaEncDecrypter.class
   jd/plugins/decrypter/MetArt.class
   jd/plugins/decrypter/MgfpCm.class
   jd/plugins/decrypter/MightyScriptAdLinkFly$1.class
   jd/plugins/decrypter/MightyScriptAdLinkFly$2.class
   jd/plugins/decrypter/MightyScriptAdLinkFly$CaptchaType.class
   jd/plugins/decrypter/MightyScriptAdLinkFly.class
   jd/plugins/decrypter/MightyScriptAdLinkFlyDefault.class
   jd/plugins/decrypter/MiklproCom.class
   jd/plugins/decrypter/MioTo.class
   jd/plugins/decrypter/MixCloudCom.class
   jd/plugins/decrypter/MixoticNet.class
   jd/plugins/decrypter/MotherLessCom$1.class.removed
   jd/plugins/decrypter/MotherLessCom.class.removed
   jd/plugins/decrypter/MotherLessComCrawler.class
   jd/plugins/decrypter/MotorsportMagazinCom.class.removed
   jd/plugins/decrypter/MountFileNetFolder.class
   jd/plugins/decrypter/MovierlsNet.class.removed
   jd/plugins/decrypter/MoviesWatch.class.removed
   jd/plugins/decrypter/MultiupOrg.class
   jd/plugins/decrypter/Music163Com.class
   jd/plugins/decrypter/MuzykaInteriaPl.class.removed
   jd/plugins/decrypter/MyCrazyVidsCom.class.removed
   jd/plugins/decrypter/MylinkLi$1.class
   jd/plugins/decrypter/MylinkLi.class
   jd/plugins/decrypter/MywikifeetCom.class
   jd/plugins/decrypter/MyxvidsCom.class
   jd/plugins/decrypter/NaughtyBlgOrg$1.class
   jd/plugins/decrypter/NaughtyBlgOrg$Category.class
   jd/plugins/decrypter/NaughtyBlgOrg.class
   jd/plugins/decrypter/NaughtyamericaCom.class.removed
   jd/plugins/decrypter/NaughtyamericaComCrawler.class
   jd/plugins/decrypter/NewAsianTv.class
   jd/plugins/decrypter/NhentaiNet.class
   jd/plugins/decrypter/NitroFlareCom.class.removed
   jd/plugins/decrypter/NitroFlareComFolder.class
   jd/plugins/decrypter/NsKhD.class
   jd/plugins/decrypter/NudespreeCom.class
   jd/plugins/decrypter/NwLbmRlsesNet.class
   jd/plugins/decrypter/ORFMediathekDecrypter.class
   jd/plugins/decrypter/OkRuDecrypter.class
   jd/plugins/decrypter/OneChannelCh.class.removed
   jd/plugins/decrypter/OneDriveLiveCom.class
   jd/plugins/decrypter/OneFichierComFolder.class
   jd/plugins/decrypter/OneTwoThreeMovies.class.removed
   jd/plugins/decrypter/OnlySpankingOrg.class
   jd/plugins/decrypter/OrangedoxCom.class
   jd/plugins/decrypter/OrfAt$1.class
   jd/plugins/decrypter/OrfAt.class
   jd/plugins/decrypter/PanBaiduCom.class
   jd/plugins/decrypter/ParteeeyDeGallery.class
   jd/plugins/decrypter/Paste2Org.class
   jd/plugins/decrypter/PasteItTop.class.removed
   jd/plugins/decrypter/PastedCo.class
   jd/plugins/decrypter/PeerTubeCrawler.class
   jd/plugins/decrypter/PerfectGirlsNet.class
   jd/plugins/decrypter/PhotobucketComAlbum.class
   jd/plugins/decrypter/PicsVc.class
   jd/plugins/decrypter/PixivNetGallery.class
   jd/plugins/decrypter/PlayVidComDecrypter.class.removed
   jd/plugins/decrypter/Porn3dxComCrawler.class
   jd/plugins/decrypter/Porn4kTo.class
   jd/plugins/decrypter/PornCom.class
   jd/plugins/decrypter/PornComixInfo.class
   jd/plugins/decrypter/PornComixInfoIComixzillaCom.class
   jd/plugins/decrypter/PornComixInfoPornComixOne.class
   jd/plugins/decrypter/PornEmbedParser$1.class
   jd/plugins/decrypter/PornEmbedParser.class
   jd/plugins/decrypter/PornHubCom.class.removed
   jd/plugins/decrypter/PornHubComGallery.class
   jd/plugins/decrypter/PornHubComVideoCrawler.class
   jd/plugins/decrypter/PornRabbitComDecrypter.class.removed
   jd/plugins/decrypter/PornRoleplayOrg.class
   jd/plugins/decrypter/PornadoCo.class
   jd/plugins/decrypter/PorncomixinfoNet.class
   jd/plugins/decrypter/PornflipComCrawler.class
   jd/plugins/decrypter/PornozavrNet.class
   jd/plugins/decrypter/PornportalComCrawler.class
   jd/plugins/decrypter/PorntrexComCrawler.class
   jd/plugins/decrypter/PornzizCom.class.removed
   jd/plugins/decrypter/PremiumizeMeZeveraFolder$1.class
   jd/plugins/decrypter/PremiumizeMeZeveraFolder$2.class
   jd/plugins/decrypter/PremiumizeMeZeveraFolder.class
   jd/plugins/decrypter/PrettynubilesCom.class
   jd/plugins/decrypter/PrnHstComFldr.class
   jd/plugins/decrypter/PrntSc.class
   jd/plugins/decrypter/ProDjCm.class
   jd/plugins/decrypter/ProtectIplus4uCom.class.removed
   jd/plugins/decrypter/ProxrMe.class
   jd/plugins/decrypter/PrtctdScdvntCm.class
   jd/plugins/decrypter/PsychoPlay.class.removed
   jd/plugins/decrypter/PublicfeetCom.class
   jd/plugins/decrypter/PutenbrustNet.class.removed
   jd/plugins/decrypter/PutlockerhdIo.class
   jd/plugins/decrypter/PutlockersAm.class.removed
   jd/plugins/decrypter/Q32Pw.class
   jd/plugins/decrypter/R8LinkCom.class.removed
   jd/plugins/decrypter/RapidGatorNetFolder.class
   jd/plugins/decrypter/RapidOkCom.class.removed
   jd/plugins/decrypter/RappersIn.class
   jd/plugins/decrypter/RdLnkCo.class.removed
   jd/plugins/decrypter/ReadAllComics.class
   jd/plugins/decrypter/ReadComicsOnlineRu.class
   jd/plugins/decrypter/ReadMng.class
   jd/plugins/decrypter/RecaptchaDemoBrowserTest.class.removed
   jd/plugins/decrypter/RedbullTv.class
   jd/plugins/decrypter/RedditCom.class
   jd/plugins/decrypter/RevisionThreeCom.class.removed
   jd/plugins/decrypter/ReviveLinkCom.class
   jd/plugins/decrypter/RlCtCm.class
   jd/plugins/decrypter/RlGalleriesNt.class
   jd/plugins/decrypter/RlnktCm.class.removed
   jd/plugins/decrypter/RmFrksNt.class.removed
   jd/plugins/decrypter/RozhlasCz.class
   jd/plugins/decrypter/RpprsIn.class.removed
   jd/plugins/decrypter/RrozhlasCz.class.removed
   jd/plugins/decrypter/RtbfBeDecrypter.class
   jd/plugins/decrypter/RtlBe.class
   jd/plugins/decrypter/Rule34Xxx.class
   jd/plugins/decrypter/RumbleCom$1.class
   jd/plugins/decrypter/RumbleCom.class
   jd/plugins/decrypter/SafelinkMe.class.removed
   jd/plugins/decrypter/SamaaProCom.class
   jd/plugins/decrypter/SecurityLinksCom.class.removed
   jd/plugins/decrypter/SeedrCc.class
   jd/plugins/decrypter/SerienStreamTo$1.class
   jd/plugins/decrypter/SerienStreamTo$2.class
   jd/plugins/decrypter/SerienStreamTo.class
   jd/plugins/decrypter/SexCom.class
   jd/plugins/decrypter/SexZindianComDecrypter.class
   jd/plugins/decrypter/SfLnkCnvCm.class
   jd/plugins/decrypter/Shaanig.class.removed
   jd/plugins/decrypter/ShareDmcaGripe.class.removed
   jd/plugins/decrypter/SharelinkedCom.class.removed
   jd/plugins/decrypter/ShoRtifyCom.class.removed
   jd/plugins/decrypter/ShortCash2Xyz.class
   jd/plugins/decrypter/ShortenmyurlsNet.class.removed
   jd/plugins/decrypter/ShotzonCom.class
   jd/plugins/decrypter/ShrinkServiceIt.class
   jd/plugins/decrypter/ShrtflyVip.class
   jd/plugins/decrypter/ShtIo.class.removed
   jd/plugins/decrypter/SidespaceNet.class.removed
   jd/plugins/decrypter/SimpleHtmlBasedGalleryPlugin$SiteAndType.class
   jd/plugins/decrypter/SimpleHtmlBasedGalleryPlugin$SiteData.class
   jd/plugins/decrypter/SimpleHtmlBasedGalleryPlugin$Type.class
   jd/plugins/decrypter/SimpleHtmlBasedGalleryPlugin.class
   jd/plugins/decrypter/SinggahIn.class.removed
   jd/plugins/decrypter/Sketchfab.class
   jd/plugins/decrypter/SmaleTubeComGallery.class
   jd/plugins/decrypter/SndSnapDecrypt.class.removed
   jd/plugins/decrypter/SnrlCm.class
   jd/plugins/decrypter/SolidFilesComFolder.class
   jd/plugins/decrypter/SoundCloudComDecrypter$1.class
   jd/plugins/decrypter/SoundCloudComDecrypter.class
   jd/plugins/decrypter/SoundSnapComCrawler.class
   jd/plugins/decrypter/SpankBangCom.class
   jd/plugins/decrypter/SpasteCom.class
   jd/plugins/decrypter/Spi0nCom.class.removed
   jd/plugins/decrypter/SpiegelDe.class
   jd/plugins/decrypter/SrnfnsOrg.class
   jd/plugins/decrypter/Srnnks$DecryptRunnable.class.removed
   jd/plugins/decrypter/Srnnks.class.removed
   jd/plugins/decrypter/SrnnksCategory$Format.class.removed
   jd/plugins/decrypter/SrnnksCategory$IdNamePair.class.removed
   jd/plugins/decrypter/SrnnksCategory$Link.class.removed
   jd/plugins/decrypter/SrnnksCategory.class.removed
   jd/plugins/decrypter/StereoMoodCom.class.removed
   jd/plugins/decrypter/StileProjectComDecrypter.class
   jd/plugins/decrypter/StolenVideosNet.class.removed
   jd/plugins/decrypter/StreamMdh.class
   jd/plugins/decrypter/StreamTo$1.class.removed
   jd/plugins/decrypter/StreamTo$2.class.removed
   jd/plugins/decrypter/StreamTo.class.removed
   jd/plugins/decrypter/SubMangaCom.class.removed
   jd/plugins/decrypter/SubMangaOrg.class.removed
   jd/plugins/decrypter/SuicidegirlsCom.class.removed
   jd/plugins/decrypter/SuicidegirlsComCrawler.class
   jd/plugins/decrypter/SuperhqpornComDecrypter.class
   jd/plugins/decrypter/SweetpornOrg.class
   jd/plugins/decrypter/Sxrcm.class
   jd/plugins/decrypter/SxyprnCom.class.removed
   jd/plugins/decrypter/SxyprnComCrawler.class
   jd/plugins/decrypter/TKlnCm.class.removed
   jd/plugins/decrypter/TataTo.class.removed
   jd/plugins/decrypter/TbCmV2$1.class
   jd/plugins/decrypter/TbCmV2$2.class
   jd/plugins/decrypter/TbCmV2$3.class
   jd/plugins/decrypter/TbCmV2$4.class
   jd/plugins/decrypter/TbCmV2$5.class
   jd/plugins/decrypter/TbCmV2$6.class
   jd/plugins/decrypter/TbCmV2$7.class
   jd/plugins/decrypter/TbCmV2$8.class
   jd/plugins/decrypter/TbCmV2.class
   jd/plugins/decrypter/TedCom.class
   jd/plugins/decrypter/TeleMuCom.class.removed
   jd/plugins/decrypter/TelequebecTv.class.removed
   jd/plugins/decrypter/TeraboxComFolder.class
   jd/plugins/decrypter/TextSnipCom.class.removed
   jd/plugins/decrypter/TextupFr.class
   jd/plugins/decrypter/TheSupCm.class.removed
   jd/plugins/decrypter/ThinanaXyz.class.removed
   jd/plugins/decrypter/ThinfiCom.class
   jd/plugins/decrypter/ThingiverseCom.class
   jd/plugins/decrypter/ThirteenDlNet.class
   jd/plugins/decrypter/ThisvidComAlbums.class
   jd/plugins/decrypter/ThreeDlTv.class.removed
   jd/plugins/decrypter/ThreeQVideo.class
   jd/plugins/decrypter/ThrowbinIo.class.removed
   jd/plugins/decrypter/ThumbzillaCom.class
   jd/plugins/decrypter/TiktokCom.class.removed
   jd/plugins/decrypter/TiktokComCrawler.class
   jd/plugins/decrypter/TinyCc.class
   jd/plugins/decrypter/TkmflCm.class.removed
   jd/plugins/decrypter/TopDocumentaryFilmsCom.class
   jd/plugins/decrypter/TopFilesOrg.class.removed
   jd/plugins/decrypter/TopkySk.class
   jd/plugins/decrypter/Tr5In.class.removed
   jd/plugins/decrypter/TrLink.class
   jd/plugins/decrypter/TrnTblMe.class
   jd/plugins/decrypter/Try2LinkCom.class
   jd/plugins/decrypter/TuPasteInfo.class.removed
   jd/plugins/decrypter/TubePerverzijaCom.class
   jd/plugins/decrypter/TumblrComDecrypter.class
   jd/plugins/decrypter/TurboBitNetFolder.class
   jd/plugins/decrypter/TurboimagehostCom.class
   jd/plugins/decrypter/TvAdbCm.class
   jd/plugins/decrypter/TvShowsClub.class
   jd/plugins/decrypter/TvnowDe.class
   jd/plugins/decrypter/TwitterCom.class.removed
   jd/plugins/decrypter/TwitterComCrawler.class
   jd/plugins/decrypter/TwitterComShorturls.class
   jd/plugins/decrypter/UnExtUploadCom.class.removed
   jd/plugins/decrypter/UniBytesComFolder.class.removed
   jd/plugins/decrypter/UnionmangasCom.class
   jd/plugins/decrypter/UnknownPornScript1Crawler.class
   jd/plugins/decrypter/UnknownPornScript8Crawler.class
   jd/plugins/decrypter/UpMirrorCom.class.removed
   jd/plugins/decrypter/UpldsCom.class.removed
   jd/plugins/decrypter/UploadedToFolder.class
   jd/plugins/decrypter/UprotectorXyz.class.removed
   jd/plugins/decrypter/UrLnkBz.class.removed
   jd/plugins/decrypter/UrLy.class.removed
   jd/plugins/decrypter/UrlsecIo.class.removed
   jd/plugins/decrypter/VKontakteRu$1.class
   jd/plugins/decrypter/VKontakteRu.class
   jd/plugins/decrypter/VLComic.class.removed
   jd/plugins/decrypter/VcryptNet.class.removed
   jd/plugins/decrypter/Vdnrlngn.class.removed
   jd/plugins/decrypter/VepornNet.class
   jd/plugins/decrypter/VidCloudCoDecrypter.class.removed
   jd/plugins/decrypter/VidCloudIcu.class.removed
   jd/plugins/decrypter/VidEarnDecrypter.class
   jd/plugins/decrypter/VideoFc2ComProfileCrawler.class
   jd/plugins/decrypter/VideoMarkizaSk.class.removed
   jd/plugins/decrypter/VideoOneLife.class.removed
   jd/plugins/decrypter/VidnowTo.class.removed
   jd/plugins/decrypter/Viet69Net.class
   jd/plugins/decrypter/ViidSu.class.removed
   jd/plugins/decrypter/VimeoComDecrypter$1.class
   jd/plugins/decrypter/VimeoComDecrypter.class
   jd/plugins/decrypter/VimeoProComDecrypter.class
   jd/plugins/decrypter/VoirFilms.class.removed
   jd/plugins/decrypter/VscoCo.class
   jd/plugins/decrypter/WduploadComFolder.class
   jd/plugins/decrypter/WebtoonsCom.class
   jd/plugins/decrypter/WikifeetCom.class
   jd/plugins/decrypter/WoodrocketCom.class
   jd/plugins/decrypter/XHamsterGallery.class
   jd/plugins/decrypter/XXXAPornComDecrypter.class
   jd/plugins/decrypter/XhamsterShorturls.class
   jd/plugins/decrypter/XiaoshenkeNetCrawler.class
   jd/plugins/decrypter/XlcNt.class.removed
   jd/plugins/decrypter/XnXxComCrawler.class.removed
   jd/plugins/decrypter/XvideosComProfile.class
   jd/plugins/decrypter/XxxBunkerCom.class
   jd/plugins/decrypter/YouSexTubeCom.class.removed
   jd/plugins/decrypter/YoukuCom.class
   jd/plugins/decrypter/ZDFMediathekDecrypter$QUALITY.class
   jd/plugins/decrypter/ZDFMediathekDecrypter.class
   jd/plugins/decrypter/Zro10BasicDecrypt.class.removed
   jd/plugins/hoster/ARDMediathek.class
   jd/plugins/hoster/AbcvideoCc.class.removed
   jd/plugins/hoster/AccioDebridCom.class
   jd/plugins/hoster/AhMeCom.class
   jd/plugins/hoster/AkwamCc.class
   jd/plugins/hoster/AlfafileNet.class
   jd/plugins/hoster/AljazeeraCom.class.removed
   jd/plugins/hoster/AllDebridCom$2.class
   jd/plugins/hoster/AllDebridCom$3.class
   jd/plugins/hoster/AllDebridCom$AlldebridComConfig$TRANSLATION.class
   jd/plugins/hoster/AllDebridCom$AlldebridComConfig.class
   jd/plugins/hoster/AllDebridCom.class
   jd/plugins/hoster/AmunetCloud.class
   jd/plugins/hoster/AnalacrobatsCom.class
   jd/plugins/hoster/AncensoredCom.class
   jd/plugins/hoster/AnimeTheHyliaCom.class.removed
   jd/plugins/hoster/AnimeggOrg$1.class
   jd/plugins/hoster/AnimeggOrg.class
   jd/plugins/hoster/AnonVCom.class
   jd/plugins/hoster/AnoticNet.class.removed
   jd/plugins/hoster/AnyhentaiCom.class
   jd/plugins/hoster/AnysexCom.class
   jd/plugins/hoster/ArchiveOrg.class
   jd/plugins/hoster/ArteTv$1.class
   jd/plugins/hoster/ArteTv$2.class
   jd/plugins/hoster/ArteTv$3.class
   jd/plugins/hoster/ArteTv.class
   jd/plugins/hoster/AudioMa.class
   jd/plugins/hoster/AvThXyz.class
   jd/plugins/hoster/AvgleCom.class
   jd/plugins/hoster/BadJoJoCom.class
   jd/plugins/hoster/BadoinkvrCom.class
   jd/plugins/hoster/BaixarPremiumNet.class
   jd/plugins/hoster/BaixarPremiumNetComprarpremiumCom.class
   jd/plugins/hoster/BaixarPremiumNetContaComboComBr.class
   jd/plugins/hoster/BandCampCom.class
   jd/plugins/hoster/BangbrosCom$1.class.removed
   jd/plugins/hoster/BangbrosCom.class
   jd/plugins/hoster/BatshareNet.class
   jd/plugins/hoster/BbcCom.class
   jd/plugins/hoster/BdsmlrCom.class
   jd/plugins/hoster/BeegCom.class
   jd/plugins/hoster/BentBoxCo.class
   jd/plugins/hoster/BestdebridCom$BestdebridAccountFactory$1.class
   jd/plugins/hoster/BestdebridCom$BestdebridAccountFactory.class
   jd/plugins/hoster/BestdebridCom.class
   jd/plugins/hoster/BfilEs.class.removed
   jd/plugins/hoster/BibeltvDe.class
   jd/plugins/hoster/BigholestubeCom.class
   jd/plugins/hoster/BitchuteCom.class
   jd/plugins/hoster/BitpornoCom.class
   jd/plugins/hoster/Black2ubeCom.class
   jd/plugins/hoster/BlockfilestoreCom.class
   jd/plugins/hoster/BloombergCom$1.class.removed
   jd/plugins/hoster/BloombergCom.class.removed
   jd/plugins/hoster/BoobInspectorCom.class
   jd/plugins/hoster/BookFiOrg.class
   jd/plugins/hoster/BoxbitApp.class
   jd/plugins/hoster/BoysfoodCom.class
   jd/plugins/hoster/BrDe.class
   jd/plugins/hoster/BurningCamelCom.class
   jd/plugins/hoster/CamVideosOrg.class
   jd/plugins/hoster/CamwhoresTv.class
   jd/plugins/hoster/CamwhoreshdCom.class
   jd/plugins/hoster/CboxeraCom.class
   jd/plugins/hoster/ChedriveCom.class
   jd/plugins/hoster/ChipDe.class
   jd/plugins/hoster/ChoMikujPl$1.class
   jd/plugins/hoster/ChoMikujPl.class
   jd/plugins/hoster/ClicknuploadOrg.class
   jd/plugins/hoster/CloudbateCom.class
   jd/plugins/hoster/CloudghostNet.class
   jd/plugins/hoster/CocoleechCom$CocoleechAccountFactory$1.class
   jd/plugins/hoster/CocoleechCom$CocoleechAccountFactory.class
   jd/plugins/hoster/CocoleechCom.class
   jd/plugins/hoster/CollectionofbestpornCom.class
   jd/plugins/hoster/CommonsWikimediaOrg.class
   jd/plugins/hoster/ConexaomegaCom.class
   jd/plugins/hoster/ConexaomegaComBr.class
   jd/plugins/hoster/ContasturboCom.class
   jd/plugins/hoster/CooldebridCom.class
   jd/plugins/hoster/CovynNet.class
   jd/plugins/hoster/CrackedCom.class
   jd/plugins/hoster/CrunchyRollCom.class.removed
   jd/plugins/hoster/CtDiskCom$1.class
   jd/plugins/hoster/CtDiskCom.class
   jd/plugins/hoster/CutedriveCom.class.removed
   jd/plugins/hoster/CzechavCom.class
   jd/plugins/hoster/DailyMotionCom$1.class.removed
   jd/plugins/hoster/DailyMotionCom.class
   jd/plugins/hoster/DailyleechCom.class
   jd/plugins/hoster/DanbooruDonmaiUs$1.class
   jd/plugins/hoster/DanbooruDonmaiUs.class
   jd/plugins/hoster/DaofileCom.class
   jd/plugins/hoster/DatPiffCom.class
   jd/plugins/hoster/DataHu.class
   jd/plugins/hoster/DateiloadCom.class.removed
   jd/plugins/hoster/DatoidCz.class
   jd/plugins/hoster/DdebridCom.class
   jd/plugins/hoster/DdownloadCom.class
   jd/plugins/hoster/DebridFileCom.class
   jd/plugins/hoster/DebridItaliaCom.class
   jd/plugins/hoster/DebridLinkFr2$1.class
   jd/plugins/hoster/DebridLinkFr2$2.class
   jd/plugins/hoster/DebridLinkFr2$3.class
   jd/plugins/hoster/DebridLinkFr2$4.class
   jd/plugins/hoster/DebridLinkFr2$5.class
   jd/plugins/hoster/DebridLinkFr2.class
   jd/plugins/hoster/DebridplanetCom.class
   jd/plugins/hoster/DeepbridCom.class
   jd/plugins/hoster/DefineBabeCom.class
   jd/plugins/hoster/DeluxemusicTv.class.removed
   jd/plugins/hoster/DepicMe.class
   jd/plugins/hoster/DepositFiles.class
   jd/plugins/hoster/DigiloadCom.class.removed
   jd/plugins/hoster/Dir50Club.class.removed
   jd/plugins/hoster/DirectHTTP$1.class
   jd/plugins/hoster/DirectHTTP$2.class.removed
   jd/plugins/hoster/DirectHTTP.class
   jd/plugins/hoster/DirtyshipCom.class
   jd/plugins/hoster/DiskYandexNet$1.class.removed
   jd/plugins/hoster/DiskYandexNet.class
   jd/plugins/hoster/DluploadCom.class
   jd/plugins/hoster/DocworkspaceCom.class
   jd/plugins/hoster/DoodstreamCom.class
   jd/plugins/hoster/DosyaTv.class.removed
   jd/plugins/hoster/DosyashareCom.class
   jd/plugins/hoster/DouyinCom.class
   jd/plugins/hoster/DownloadGg.class
   jd/plugins/hoster/DownsterNet$Hoster.class
   jd/plugins/hoster/DownsterNet.class
   jd/plugins/hoster/DrTuberCom$1.class
   jd/plugins/hoster/DrTuberCom.class
   jd/plugins/hoster/DropboxCom$1.class.removed
   jd/plugins/hoster/DropboxCom$DropboxAccountFactory$1.class
   jd/plugins/hoster/DropboxCom$DropboxAccountFactory.class
   jd/plugins/hoster/DropboxCom.class
   jd/plugins/hoster/DropdocRu.class
   jd/plugins/hoster/DropgalaxyIn$1.class
   jd/plugins/hoster/DropgalaxyIn$2.class
   jd/plugins/hoster/DropgalaxyIn.class
   jd/plugins/hoster/DunShareCom.class
   jd/plugins/hoster/EHentaiOrg.class
   jd/plugins/hoster/EPornerCom$1.class
   jd/plugins/hoster/EPornerCom.class
   jd/plugins/hoster/EasyFilesPl$1.class
   jd/plugins/hoster/EasyFilesPl.class
   jd/plugins/hoster/EasyuploadIo.class
   jd/plugins/hoster/EfuktCom.class
   jd/plugins/hoster/EightTracksCom.class
   jd/plugins/hoster/ElitefileNet.class
   jd/plugins/hoster/EraiDdlthreeInfo.class
   jd/plugins/hoster/EroProfileCom.class
   jd/plugins/hoster/EroScriptsCom.class
   jd/plugins/hoster/EroxiaCom.class
   jd/plugins/hoster/EsouboryCz.class
   jd/plugins/hoster/EvilAngelCom$1.class.removed
   jd/plugins/hoster/EvilAngelCom$2.class.removed
   jd/plugins/hoster/EvilAngelCom$3.class.removed
   jd/plugins/hoster/EvilAngelCom.class
   jd/plugins/hoster/EvilAngelLegacy$1.class
   jd/plugins/hoster/EvilAngelLegacy$2.class
   jd/plugins/hoster/EvilAngelLegacy.class
   jd/plugins/hoster/EvilangelCore$1.class
   jd/plugins/hoster/EvilangelCore$2.class
   jd/plugins/hoster/EvilangelCore$3.class.removed
   jd/plugins/hoster/EvilangelCore.class
   jd/plugins/hoster/ExLoadCom.class
   jd/plugins/hoster/ExpfileCom.class
   jd/plugins/hoster/FEmbedCom.class
   jd/plugins/hoster/FShareVn$1.class
   jd/plugins/hoster/FShareVn$2.class
   jd/plugins/hoster/FShareVn.class
   jd/plugins/hoster/FaceBookComVideos$1.class.removed
   jd/plugins/hoster/FaceBookComVideos.class
   jd/plugins/hoster/FakirdebridNet$1.class
   jd/plugins/hoster/FakirdebridNet$FakirdebridNetAccountFactory$1.class
   jd/plugins/hoster/FakirdebridNet$FakirdebridNetAccountFactory.class
   jd/plugins/hoster/FakirdebridNet.class
   jd/plugins/hoster/FakkuNet.class
   jd/plugins/hoster/FantastiCc.class
   jd/plugins/hoster/FantasymassageCom.class
   jd/plugins/hoster/FastDownCom.class
   jd/plugins/hoster/FastixRu.class
   jd/plugins/hoster/FfDownloaderCom.class
   jd/plugins/hoster/FhscriptCom.class
   jd/plugins/hoster/FileBitPl.class
   jd/plugins/hoster/FileFactory.class
   jd/plugins/hoster/FileHippoCom.class
   jd/plugins/hoster/FileJokerNet.class
   jd/plugins/hoster/FilePupNet.class
   jd/plugins/hoster/FilebonusNet.class.removed
   jd/plugins/hoster/FilefoxCc.class
   jd/plugins/hoster/FilemoonSx.class
   jd/plugins/hoster/FilerNet.class
   jd/plugins/hoster/FilespaceCom.class
   jd/plugins/hoster/FilestoreTo.class
   jd/plugins/hoster/FlashfilesCom.class
   jd/plugins/hoster/FlickrCom$1.class
   jd/plugins/hoster/FlickrCom$2.class.removed
   jd/plugins/hoster/FlickrCom$PhotoQuality$1.class
   jd/plugins/hoster/FlickrCom$PhotoQuality$10.class
   jd/plugins/hoster/FlickrCom$PhotoQuality$11.class
   jd/plugins/hoster/FlickrCom$PhotoQuality$12.class
   jd/plugins/hoster/FlickrCom$PhotoQuality$13.class
   jd/plugins/hoster/FlickrCom$PhotoQuality$14.class
   jd/plugins/hoster/FlickrCom$PhotoQuality$15.class
   jd/plugins/hoster/FlickrCom$PhotoQuality$16.class
   jd/plugins/hoster/FlickrCom$PhotoQuality$17.class
   jd/plugins/hoster/FlickrCom$PhotoQuality$2.class
   jd/plugins/hoster/FlickrCom$PhotoQuality$3.class
   jd/plugins/hoster/FlickrCom$PhotoQuality$4.class
   jd/plugins/hoster/FlickrCom$PhotoQuality$5.class
   jd/plugins/hoster/FlickrCom$PhotoQuality$6.class
   jd/plugins/hoster/FlickrCom$PhotoQuality$7.class
   jd/plugins/hoster/FlickrCom$PhotoQuality$8.class
   jd/plugins/hoster/FlickrCom$PhotoQuality$9.class
   jd/plugins/hoster/FlickrCom$PhotoQuality.class
   jd/plugins/hoster/FlickrCom$VideoQuality$1.class
   jd/plugins/hoster/FlickrCom$VideoQuality$2.class
   jd/plugins/hoster/FlickrCom$VideoQuality$3.class
   jd/plugins/hoster/FlickrCom$VideoQuality.class
   jd/plugins/hoster/FlickrCom.class
   jd/plugins/hoster/FlimmitCom.class
   jd/plugins/hoster/FluidPlayer.class
   jd/plugins/hoster/FlyFilesNet.class
   jd/plugins/hoster/FlyflvCom.class
   jd/plugins/hoster/FourSharedCom.class
   jd/plugins/hoster/FoxLeechCom.class
   jd/plugins/hoster/FreeDiscPl$1.class
   jd/plugins/hoster/FreeDiscPl.class
   jd/plugins/hoster/FreeFuckVidzCom.class
   jd/plugins/hoster/FreeM3DownloadNet.class
   jd/plugins/hoster/FreeViewMoviesCom.class
   jd/plugins/hoster/FreeshemaletubeCom.class
   jd/plugins/hoster/Ftp$1.class
   jd/plugins/hoster/Ftp$2.class
   jd/plugins/hoster/Ftp.class
   jd/plugins/hoster/FuxCom.class
   jd/plugins/hoster/GamesDatabaseCom.class
   jd/plugins/hoster/GaskrankTv.class
   jd/plugins/hoster/GeT24Org.class
   jd/plugins/hoster/GelbooruCom.class
   jd/plugins/hoster/GenericF4M.class
   jd/plugins/hoster/GenericM3u8.class
   jd/plugins/hoster/GenericUseNet$1.class
   jd/plugins/hoster/GenericUseNet$2$1.class
   jd/plugins/hoster/GenericUseNet$2.class
   jd/plugins/hoster/GenericUseNet.class
   jd/plugins/hoster/GfyCatCom$1.class
   jd/plugins/hoster/GfyCatCom.class
   jd/plugins/hoster/GigaBaseCom.class.removed
   jd/plugins/hoster/GigaPetaCom.class
   jd/plugins/hoster/GiphyCom.class
   jd/plugins/hoster/GirlfriendvideosCom.class
   jd/plugins/hoster/GofileIo.class
   jd/plugins/hoster/GoogleDrive$1.class
   jd/plugins/hoster/GoogleDrive$2.class
   jd/plugins/hoster/GoogleDrive.class
   jd/plugins/hoster/GotgaypornCom.class
   jd/plugins/hoster/GotpornCom.class
   jd/plugins/hoster/Grab8Com$1.class
   jd/plugins/hoster/Grab8Com.class
   jd/plugins/hoster/HdsexOrg.class
   jd/plugins/hoster/HearthisAt.class
   jd/plugins/hoster/HexuploadNet.class
   jd/plugins/hoster/HidriveCom.class
   jd/plugins/hoster/HighWayCore$1.class
   jd/plugins/hoster/HighWayCore$2.class
   jd/plugins/hoster/HighWayCore.class
   jd/plugins/hoster/HighloadTo.class
   jd/plugins/hoster/HighpornNet.class
   jd/plugins/hoster/HighstreamTv.class
   jd/plugins/hoster/HitFileNet.class
   jd/plugins/hoster/HogTv.class
   jd/plugins/hoster/Hot4shareCom.class
   jd/plugins/hoster/HotlinkCc.class
   jd/plugins/hoster/HqwoCc.class
   jd/plugins/hoster/HshopEristaMe.class
   jd/plugins/hoster/IcedriveNet.class
   jd/plugins/hoster/IcloudCom.class
   jd/plugins/hoster/ImDbCom.class
   jd/plugins/hoster/ImageFap$1.class
   jd/plugins/hoster/ImageFap$2.class
   jd/plugins/hoster/ImageFap.class
   jd/plugins/hoster/ImageVenueCom.class
   jd/plugins/hoster/ImagesHackCom.class
   jd/plugins/hoster/ImfbXyz.class
   jd/plugins/hoster/ImgSrcRu.class
   jd/plugins/hoster/ImgmazeCom.class
   jd/plugins/hoster/ImgurComHoster$1.class
   jd/plugins/hoster/ImgurComHoster$2.class
   jd/plugins/hoster/ImgurComHoster$3.class
   jd/plugins/hoster/ImgurComHoster$4.class
   jd/plugins/hoster/ImgurComHoster$5.class
   jd/plugins/hoster/ImgurComHoster$6.class
   jd/plugins/hoster/ImgurComHoster$RESPONSE_TYPE.class
   jd/plugins/hoster/ImgurComHoster.class
   jd/plugins/hoster/IndianPornVideosCom.class
   jd/plugins/hoster/InstaGramCom$1.class
   jd/plugins/hoster/InstaGramCom.class
   jd/plugins/hoster/IwaraTv.class
   jd/plugins/hoster/JamendoCom.class
   jd/plugins/hoster/JavhdCom.class
   jd/plugins/hoster/JavynowCom.class
   jd/plugins/hoster/JdLog.class
   jd/plugins/hoster/JizzbunkerCom.class
   jd/plugins/hoster/JoinPeerTubeOrg.class
   jd/plugins/hoster/JulesjordanCom.class
   jd/plugins/hoster/JumploadsCom.class
   jd/plugins/hoster/JumpshareCom.class
   jd/plugins/hoster/K2SApi$1.class
   jd/plugins/hoster/K2SApi$2.class
   jd/plugins/hoster/K2SApi$3.class
   jd/plugins/hoster/K2SApi$CAPTCHA.class
   jd/plugins/hoster/K2SApi.class
   jd/plugins/hoster/KamababaCom.class
   jd/plugins/hoster/KatfileCom.class
   jd/plugins/hoster/KernelVideoSharingComV2$1.class
   jd/plugins/hoster/KernelVideoSharingComV2.class
   jd/plugins/hoster/KernelVideoSharingComV2HostsDefault.class
   jd/plugins/hoster/KinkCom$1.class.removed
   jd/plugins/hoster/KinkCom.class
   jd/plugins/hoster/KooFileCom.class.removed
   jd/plugins/hoster/KsharedCom.class
   jd/plugins/hoster/KvidOrg.class
   jd/plugins/hoster/LbryTv.class
   jd/plugins/hoster/LetsuploadCo.class
   jd/plugins/hoster/LikeeVideo.class
   jd/plugins/hoster/LinkCrawlerRetry$1$1.class
   jd/plugins/hoster/LinkCrawlerRetry$1.class
   jd/plugins/hoster/LinkCrawlerRetry$2$1.class
   jd/plugins/hoster/LinkCrawlerRetry$2.class
   jd/plugins/hoster/LinkCrawlerRetry.class
   jd/plugins/hoster/LinkSnappyCom$LinkSnappyComConfig$TRANSLATION.class
   jd/plugins/hoster/LinkSnappyCom$LinkSnappyComConfig.class
   jd/plugins/hoster/LinkSnappyCom.class
   jd/plugins/hoster/LinkifierCom.class
   jd/plugins/hoster/LinksvipNet.class
   jd/plugins/hoster/LiteroticaCom.class
   jd/plugins/hoster/LiveDriveCom.class
   jd/plugins/hoster/LiveMixTapesCom.class
   jd/plugins/hoster/LiveStreamCom.class
   jd/plugins/hoster/LoaditIo.class
   jd/plugins/hoster/MangaedenCom.class.removed
   jd/plugins/hoster/MediadeliveryNet.class
   jd/plugins/hoster/MediaempireMe.class.removed
   jd/plugins/hoster/MediafilesCc.class
   jd/plugins/hoster/MegaConz$1.class
   jd/plugins/hoster/MegaConz$2.class
   jd/plugins/hoster/MegaConz$3.class
   jd/plugins/hoster/MegaConz$MegaDownloadLinkDownloadable.class
   jd/plugins/hoster/MegaConz$MegaHashCheck$1.class
   jd/plugins/hoster/MegaConz$MegaHashCheck.class
   jd/plugins/hoster/MegaConz.class
   jd/plugins/hoster/MegaDebridEu.class
   jd/plugins/hoster/MegafilePL.class.removed
   jd/plugins/hoster/MegarapidoNet.class
   jd/plugins/hoster/MetArtCom$1.class
   jd/plugins/hoster/MetArtCom.class
   jd/plugins/hoster/MexashareCom.class
   jd/plugins/hoster/MilffoxCom.class
   jd/plugins/hoster/MilfzrCom.class
   jd/plugins/hoster/MixCloudCom.class
   jd/plugins/hoster/MixdropCo$1.class
   jd/plugins/hoster/MixdropCo.class
   jd/plugins/hoster/MobilismOrg.class
   jd/plugins/hoster/MotherLessCom.class
   jd/plugins/hoster/MotherpornoCom.class
   jd/plugins/hoster/MovieFapCom.class
   jd/plugins/hoster/MrdeepfakesCom.class
   jd/plugins/hoster/MultiShareCz.class
   jd/plugins/hoster/MultiVipNet$MultiVipNetAccountFactory$1.class
   jd/plugins/hoster/MultiVipNet$MultiVipNetAccountFactory.class
   jd/plugins/hoster/MultiVipNet.class
   jd/plugins/hoster/MultiupOrg.class
   jd/plugins/hoster/Music163Com$1.class
   jd/plugins/hoster/Music163Com$2.class
   jd/plugins/hoster/Music163Com.class
   jd/plugins/hoster/MvidooCom.class
   jd/plugins/hoster/MydaddyCc$1.class
   jd/plugins/hoster/MydaddyCc.class
   jd/plugins/hoster/MydebridCom.class
   jd/plugins/hoster/MyqloudOrg.class
   jd/plugins/hoster/MyviRu.class
   jd/plugins/hoster/MyzcloudMe.class
   jd/plugins/hoster/NaughtyamericaCom.class
   jd/plugins/hoster/NaughtymachinimaCom.class
   jd/plugins/hoster/NeodebridCom.class
   jd/plugins/hoster/NewgroundsCom.class
   jd/plugins/hoster/NhentaiNet.class
   jd/plugins/hoster/NitroFlareCom.class
   jd/plugins/hoster/NoPremiumPl.class
   jd/plugins/hoster/NonktubeCom.class
   jd/plugins/hoster/NovaFileCom.class
   jd/plugins/hoster/NubilefilmsCom.class
   jd/plugins/hoster/ORFMediathek$1.class
   jd/plugins/hoster/ORFMediathek.class
   jd/plugins/hoster/OffCloudCom$OffCloudComPluginConfigInterface$Translation.class
   jd/plugins/hoster/OffCloudCom$OffCloudComPluginConfigInterface.class
   jd/plugins/hoster/OffCloudCom.class
   jd/plugins/hoster/Offline.class
   jd/plugins/hoster/OkstreamCc.class
   jd/plugins/hoster/OncamMe.class
   jd/plugins/hoster/OneDlNet.class
   jd/plugins/hoster/OneDriveLiveCom.class
   jd/plugins/hoster/OneFichierCom$1.class
   jd/plugins/hoster/OneFichierCom$OnefichierAccountFactory$1.class
   jd/plugins/hoster/OneFichierCom$OnefichierAccountFactory.class
   jd/plugins/hoster/OneFichierCom.class
   jd/plugins/hoster/OneXCom.class
   jd/plugins/hoster/OnstcloudsCom.class
   jd/plugins/hoster/PCloudCom.class
   jd/plugins/hoster/Paste2Org.class
   jd/plugins/hoster/PhotobucketCom.class
   jd/plugins/hoster/PicflashOrg.class
   jd/plugins/hoster/PimpRollHostedTube.class
   jd/plugins/hoster/PinterestCom$1.class
   jd/plugins/hoster/PinterestCom$2.class.removed
   jd/plugins/hoster/PinterestCom.class
   jd/plugins/hoster/PixeldrainCom$1.class
   jd/plugins/hoster/PixeldrainCom$PixeldrainAccountFactory$1.class
   jd/plugins/hoster/PixeldrainCom$PixeldrainAccountFactory.class
   jd/plugins/hoster/PixeldrainCom.class
   jd/plugins/hoster/PixivNet$1.class
   jd/plugins/hoster/PixivNet$2.class
   jd/plugins/hoster/PixivNet$3.class.removed
   jd/plugins/hoster/PixivNet$4.class.removed
   jd/plugins/hoster/PixivNet$5.class.removed
   jd/plugins/hoster/PixivNet.class
   jd/plugins/hoster/PlayFm.class
   jd/plugins/hoster/PlayVidCom.class.removed
   jd/plugins/hoster/PluralsightCom.class
   jd/plugins/hoster/PobierzBiz$1.class.removed
   jd/plugins/hoster/PobierzBiz$2.class.removed
   jd/plugins/hoster/PobierzBiz.class
   jd/plugins/hoster/PoopeegirlsCom.class
   jd/plugins/hoster/PornCom.class
   jd/plugins/hoster/PornHostCom.class
   jd/plugins/hoster/PornHubCom$1.class
   jd/plugins/hoster/PornHubCom$BouncyCastleAESCounterModeDecrypt.class
   jd/plugins/hoster/PornHubCom.class
   jd/plugins/hoster/PornRabbitCom.class.removed
   jd/plugins/hoster/PornStarNetworkCom.class
   jd/plugins/hoster/PornTubeClubCom.class
   jd/plugins/hoster/PornalinCom.class
   jd/plugins/hoster/PorndigCom.class
   jd/plugins/hoster/PorndoeCom$1.class
   jd/plugins/hoster/PorndoeCom.class
   jd/plugins/hoster/PornezNet.class
   jd/plugins/hoster/PornflipCom.class
   jd/plugins/hoster/PornhdCom.class
   jd/plugins/hoster/PornktuBe.class
   jd/plugins/hoster/PornoneCom$1.class
   jd/plugins/hoster/PornoneCom.class
   jd/plugins/hoster/PornonodCom.class
   jd/plugins/hoster/PornportalCom.class
   jd/plugins/hoster/PornroxCom.class
   jd/plugins/hoster/PornsocketCom.class
   jd/plugins/hoster/PornveCom.class
   jd/plugins/hoster/PornyeahCom.class.removed
   jd/plugins/hoster/PowVideoNet.class
   jd/plugins/hoster/PreFilesCom.class
   jd/plugins/hoster/PremboxCom.class
   jd/plugins/hoster/PremiumTo$1.class
   jd/plugins/hoster/PremiumTo$2.class
   jd/plugins/hoster/PremiumTo$PremiumDotToConfigInterface$Translation.class
   jd/plugins/hoster/PremiumTo$PremiumDotToConfigInterface.class
   jd/plugins/hoster/PremiumTo.class
   jd/plugins/hoster/PremiumaxNet.class
   jd/plugins/hoster/PremiumizeMe$1.class
   jd/plugins/hoster/PremiumizeMe$PremiumizeAccountFactory$1.class
   jd/plugins/hoster/PremiumizeMe$PremiumizeAccountFactory.class
   jd/plugins/hoster/PremiumizeMe$PremiumizeMeConfigInterface$Translation.class
   jd/plugins/hoster/PremiumizeMe$PremiumizeMeConfigInterface.class
   jd/plugins/hoster/PremiumizeMe.class
   jd/plugins/hoster/ProLeechLink$1.class
   jd/plugins/hoster/ProLeechLink$2.class
   jd/plugins/hoster/ProLeechLink.class
   jd/plugins/hoster/RPNetBiz.class
   jd/plugins/hoster/RacatyNet.class
   jd/plugins/hoster/RapidGatorNet.class
   jd/plugins/hoster/RapidekPl$1.class
   jd/plugins/hoster/RapidekPl.class
   jd/plugins/hoster/RapideoPl.class
   jd/plugins/hoster/RapidoxPl.class
   jd/plugins/hoster/RapidrarCom.class
   jd/plugins/hoster/Rapids24Pl.class
   jd/plugins/hoster/RapidsPl$1.class
   jd/plugins/hoster/RapidsPl.class
   jd/plugins/hoster/RapidtrafficCore$1.class
   jd/plugins/hoster/RapidtrafficCore$2.class
   jd/plugins/hoster/RapidtrafficCore.class
   jd/plugins/hoster/RapidtrafficPl$1.class.removed
   jd/plugins/hoster/RapidtrafficPl$2.class.removed
   jd/plugins/hoster/RapidtrafficPl.class
   jd/plugins/hoster/RapiduNet$1.class.removed
   jd/plugins/hoster/RapiduNet$2.class.removed
   jd/plugins/hoster/RapiduNet.class.removed
   jd/plugins/hoster/RarbgTo.class
   jd/plugins/hoster/RarcloudsCom.class
   jd/plugins/hoster/RealDebridCom$1.class
   jd/plugins/hoster/RealDebridCom$2.class
   jd/plugins/hoster/RealDebridCom$3.class
   jd/plugins/hoster/RealDebridCom$4.class
   jd/plugins/hoster/RealDebridCom$5.class
   jd/plugins/hoster/RealDebridCom$6.class
   jd/plugins/hoster/RealDebridCom$7.class
   jd/plugins/hoster/RealDebridCom$8.class
   jd/plugins/hoster/RealDebridCom$9.class
   jd/plugins/hoster/RealDebridCom$APIException.class
   jd/plugins/hoster/RealDebridCom.class
   jd/plugins/hoster/RealGfPornCom.class
   jd/plugins/hoster/RecurbateCom$1.class.removed
   jd/plugins/hoster/RecurbateCom.class
   jd/plugins/hoster/RedTubeCom$1.class
   jd/plugins/hoster/RedTubeCom.class
   jd/plugins/hoster/RedbullTv$1.class
   jd/plugins/hoster/RedbullTv.class
   jd/plugins/hoster/RedditCom$1.class
   jd/plugins/hoster/RedditCom$2.class
   jd/plugins/hoster/RedditCom.class
   jd/plugins/hoster/ResearchgateNet.class
   jd/plugins/hoster/RonemoCom.class
   jd/plugins/hoster/RosefileNet.class
   jd/plugins/hoster/RtveEs.class
   jd/plugins/hoster/SaruchCo.class
   jd/plugins/hoster/SaveTv.class
   jd/plugins/hoster/SeedrCc$1.class.removed
   jd/plugins/hoster/SeedrCc.class
   jd/plugins/hoster/SendCm.class
   jd/plugins/hoster/SendfoxOrg.class.removed
   jd/plugins/hoster/ServePornCom.class
   jd/plugins/hoster/ServusCom.class
   jd/plugins/hoster/SeventySevenFileCom.class
   jd/plugins/hoster/SexZindianCom.class
   jd/plugins/hoster/SexalarabCom.class
   jd/plugins/hoster/SexbotCom.class
   jd/plugins/hoster/SexuCom.class
   jd/plugins/hoster/ShareVideosSe.class
   jd/plugins/hoster/SimplyDebridCom.class
   jd/plugins/hoster/SmoozedCom$1.class
   jd/plugins/hoster/SmoozedCom.class
   jd/plugins/hoster/SolidFilesCom.class
   jd/plugins/hoster/SoundSnapCom.class
   jd/plugins/hoster/SoundcloudCom$1.class
   jd/plugins/hoster/SoundcloudCom$2.class
   jd/plugins/hoster/SoundcloudCom$3.class.removed
   jd/plugins/hoster/SoundcloudCom$AudioQualitySelectionMode$1.class
   jd/plugins/hoster/SoundcloudCom$AudioQualitySelectionMode$2.class
   jd/plugins/hoster/SoundcloudCom$AudioQualitySelectionMode$3.class
   jd/plugins/hoster/SoundcloudCom$AudioQualitySelectionMode.class
   jd/plugins/hoster/SoundcloudCom.class
   jd/plugins/hoster/SpankBangCom.class
   jd/plugins/hoster/SpeedVideoNet.class.removed
   jd/plugins/hoster/SproutVideoCom.class
   jd/plugins/hoster/SrfCh$1.class
   jd/plugins/hoster/SrfCh.class
   jd/plugins/hoster/StahomatCzSuperloadCz.class
   jd/plugins/hoster/StileProjectCom.class
   jd/plugins/hoster/StreamlareCom.class
   jd/plugins/hoster/StreamonTo.class.removed
   jd/plugins/hoster/StreamplayTo.class
   jd/plugins/hoster/StreamsbNet$1.class.removed
   jd/plugins/hoster/StreamsbNet.class
   jd/plugins/hoster/StreamtapeCom.class
   jd/plugins/hoster/SuFileCom.class
   jd/plugins/hoster/SubyShareCom.class
   jd/plugins/hoster/SuicidegirlsCom$1.class
   jd/plugins/hoster/SuicidegirlsCom.class
   jd/plugins/hoster/SunPornoCom.class
   jd/plugins/hoster/SuperHqPornCom.class
   jd/plugins/hoster/SuperdownComBr$1.class
   jd/plugins/hoster/SuperdownComBr.class
   jd/plugins/hoster/SxyprnCom.class
   jd/plugins/hoster/TadaigouCom.class.removed
   jd/plugins/hoster/TakefileLink.class
   jd/plugins/hoster/Tb7Pl.class
   jd/plugins/hoster/TeraboxCom$1.class
   jd/plugins/hoster/TeraboxCom$2.class.removed
   jd/plugins/hoster/TeraboxCom.class
   jd/plugins/hoster/ThisvidCom.class
   jd/plugins/hoster/ThothubOrg.class
   jd/plugins/hoster/ThroatfucktubeCom.class
   jd/plugins/hoster/TiktokCom$1.class
   jd/plugins/hoster/TiktokCom.class
   jd/plugins/hoster/TinyfilesCom.class
   jd/plugins/hoster/TnaFlixCom.class
   jd/plugins/hoster/TrannyOne.class
   jd/plugins/hoster/TrannytubeTv.class
   jd/plugins/hoster/TransferChomikujPl$TransferChomikujPlAccountFactory$1.class
   jd/plugins/hoster/TransferChomikujPl$TransferChomikujPlAccountFactory.class
   jd/plugins/hoster/TransferChomikujPl.class
   jd/plugins/hoster/TransloadMe.class
   jd/plugins/hoster/TrendypornCom.class
   jd/plugins/hoster/Tube8Com$BouncyCastleAESCounterModeDecrypt.class
   jd/plugins/hoster/Tube8Com.class
   jd/plugins/hoster/TubeRampantTv.class
   jd/plugins/hoster/TumblrCom$1.class.removed
   jd/plugins/hoster/TumblrCom.class
   jd/plugins/hoster/TurbixPl.class
   jd/plugins/hoster/TurboBitNet$1.class
   jd/plugins/hoster/TurboBitNet.class
   jd/plugins/hoster/TvNrkNo.class
   jd/plugins/hoster/TvnowDe$1.class
   jd/plugins/hoster/TvnowDe.class
   jd/plugins/hoster/TwitterCom$1.class.removed
   jd/plugins/hoster/TwitterCom$TwitterConfigInterface$TRANSLATION.class.removed
   jd/plugins/hoster/TwitterCom$TwitterConfigInterface.class.removed
   jd/plugins/hoster/TwitterCom.class
   jd/plugins/hoster/TwojLimitPl.class
   jd/plugins/hoster/TxxxCom.class
   jd/plugins/hoster/UbiqfileCom.class
   jd/plugins/hoster/UdemyCom$1.class
   jd/plugins/hoster/UdemyCom.class
   jd/plugins/hoster/UfileIo.class
   jd/plugins/hoster/UflashTv.class
   jd/plugins/hoster/UlabsDe.class
   jd/plugins/hoster/UniBytesCom.class.removed
   jd/plugins/hoster/UnknownPornScript1.class
   jd/plugins/hoster/UnknownPornScript2.class
   jd/plugins/hoster/UnknownPornScript4.class
   jd/plugins/hoster/UnknownPornScript5.class
   jd/plugins/hoster/UnknownPornScript8.class
   jd/plugins/hoster/UnknownPornScript9.class
   jd/plugins/hoster/UpToBoxCom$1.class
   jd/plugins/hoster/UpToBoxCom$UptoboxAccountFactory$1.class
   jd/plugins/hoster/UpToBoxCom$UptoboxAccountFactory.class
   jd/plugins/hoster/UpToBoxCom.class
   jd/plugins/hoster/UpdateRequiredHostPlugin.class
   jd/plugins/hoster/UploadBoyCom.class
   jd/plugins/hoster/UploadbankCom.class
   jd/plugins/hoster/Uploadedto.class
   jd/plugins/hoster/UploadgigCom.class
   jd/plugins/hoster/UploadhavenCom.class
   jd/plugins/hoster/UploadhubTo.class
   jd/plugins/hoster/UpstoRe.class
   jd/plugins/hoster/UpvideoTo.class
   jd/plugins/hoster/UseNet$1.class
   jd/plugins/hoster/UseNet$2.class
   jd/plugins/hoster/UseNet$3.class
   jd/plugins/hoster/UseNet$4.class
   jd/plugins/hoster/UseNet.class
   jd/plugins/hoster/UseNetEwekaNl.class
   jd/plugins/hoster/UsersdriveCom.class
   jd/plugins/hoster/UseruploadNet.class
   jd/plugins/hoster/VKontakteRuHoster$1.class
   jd/plugins/hoster/VKontakteRuHoster$Quality$1.class
   jd/plugins/hoster/VKontakteRuHoster$Quality$2.class
   jd/plugins/hoster/VKontakteRuHoster$Quality$3.class
   jd/plugins/hoster/VKontakteRuHoster$Quality$4.class
   jd/plugins/hoster/VKontakteRuHoster$Quality$5.class
   jd/plugins/hoster/VKontakteRuHoster$Quality$6.class
   jd/plugins/hoster/VKontakteRuHoster$Quality$7.class
   jd/plugins/hoster/VKontakteRuHoster$Quality$8.class
   jd/plugins/hoster/VKontakteRuHoster$Quality.class
   jd/plugins/hoster/VKontakteRuHoster$QualitySelectionMode$1.class
   jd/plugins/hoster/VKontakteRuHoster$QualitySelectionMode$2.class
   jd/plugins/hoster/VKontakteRuHoster$QualitySelectionMode$3.class
   jd/plugins/hoster/VKontakteRuHoster$QualitySelectionMode$4.class
   jd/plugins/hoster/VKontakteRuHoster$QualitySelectionMode.class
   jd/plugins/hoster/VKontakteRuHoster.class
   jd/plugins/hoster/VPornoTv.class
   jd/plugins/hoster/VidcloudCo$VidcloudConfigInterface$TRANSLATION.class.removed
   jd/plugins/hoster/VidcloudCo$VidcloudConfigInterface.class.removed
   jd/plugins/hoster/VidcloudCo.class.removed
   jd/plugins/hoster/VidearnCom.class
   jd/plugins/hoster/VideoFCTwoCom.class
   jd/plugins/hoster/VideoFCTwoCore.class
   jd/plugins/hoster/VideoGoogle.class
   jd/plugins/hoster/VideoLaxdCom.class
   jd/plugins/hoster/VideoOneLife.class.removed
   jd/plugins/hoster/VideosectionCom.class
   jd/plugins/hoster/VideovardSx.class
   jd/plugins/hoster/VidloxTv.class.removed
   jd/plugins/hoster/VidmolyTo.class
   jd/plugins/hoster/VidozaNet.class
   jd/plugins/hoster/VimeoCom$1.class
   jd/plugins/hoster/VimeoCom$VIMEO_URL_TYPE.class
   jd/plugins/hoster/VimeoCom$WrongRefererException.class
   jd/plugins/hoster/VimeoCom.class
   jd/plugins/hoster/VivoSx.class.removed
   jd/plugins/hoster/VivudCom.class
   jd/plugins/hoster/VoeSx.class
   jd/plugins/hoster/VpornvideosCom.class
   jd/plugins/hoster/WduploadCom.class
   jd/plugins/hoster/WebmshareCom.class
   jd/plugins/hoster/WickedsickTv.class
   jd/plugins/hoster/WikiFortioCom.class
   jd/plugins/hoster/WistiaCom.class
   jd/plugins/hoster/WoodrocketCom.class
   jd/plugins/hoster/WorldBytezCom.class
   jd/plugins/hoster/WrzucajplikiPl.class
   jd/plugins/hoster/WupfileCom.class
   jd/plugins/hoster/XHamsterCom$1.class
   jd/plugins/hoster/XHamsterCom.class
   jd/plugins/hoster/XXXAPornCom.class
   jd/plugins/hoster/XfpanCc.class
   jd/plugins/hoster/XfreehdCom.class
   jd/plugins/hoster/XiaoshenkeNet.class
   jd/plugins/hoster/XingyaodiskCom.class
   jd/plugins/hoster/XnxxCom.class
   jd/plugins/hoster/XnxxGold.class
   jd/plugins/hoster/XsNewsNl$1.class
   jd/plugins/hoster/XsNewsNl.class
   jd/plugins/hoster/Xt7Pl$1.class
   jd/plugins/hoster/Xt7Pl$2.class
   jd/plugins/hoster/Xt7Pl.class
   jd/plugins/hoster/XtremestreamCo$1.class
   jd/plugins/hoster/XtremestreamCo.class
   jd/plugins/hoster/XubsterCom.class
   jd/plugins/hoster/XupIn.class
   jd/plugins/hoster/XvideosCom.class
   jd/plugins/hoster/XvideosCore$1.class
   jd/plugins/hoster/XvideosCore.class
   jd/plugins/hoster/XvideosharingCom.class
   jd/plugins/hoster/XxxBunkerCom.class
   jd/plugins/hoster/XyouCom.class
   jd/plugins/hoster/YiffyfurTube.class
   jd/plugins/hoster/YouJizzCom$1.class
   jd/plugins/hoster/YouJizzCom.class
   jd/plugins/hoster/YouPornCom$1.class
   jd/plugins/hoster/YouPornCom.class
   jd/plugins/hoster/YoutubeDashV2$1.class
   jd/plugins/hoster/YoutubeDashV2$10.class
   jd/plugins/hoster/YoutubeDashV2$11.class
   jd/plugins/hoster/YoutubeDashV2$12.class
   jd/plugins/hoster/YoutubeDashV2$13.class
   jd/plugins/hoster/YoutubeDashV2$14.class
   jd/plugins/hoster/YoutubeDashV2$15.class
   jd/plugins/hoster/YoutubeDashV2$16$1.class.removed
   jd/plugins/hoster/YoutubeDashV2$16.class
   jd/plugins/hoster/YoutubeDashV2$17$1.class
   jd/plugins/hoster/YoutubeDashV2$17.class
   jd/plugins/hoster/YoutubeDashV2$18.class
   jd/plugins/hoster/YoutubeDashV2$2.class
   jd/plugins/hoster/YoutubeDashV2$3.class
   jd/plugins/hoster/YoutubeDashV2$4.class
   jd/plugins/hoster/YoutubeDashV2$5$1.class.removed
   jd/plugins/hoster/YoutubeDashV2$5.class
   jd/plugins/hoster/YoutubeDashV2$6$1.class
   jd/plugins/hoster/YoutubeDashV2$6.class
   jd/plugins/hoster/YoutubeDashV2$7.class
   jd/plugins/hoster/YoutubeDashV2$8.class
   jd/plugins/hoster/YoutubeDashV2$9.class
   jd/plugins/hoster/YoutubeDashV2$DashDownloadPluginProgress.class
   jd/plugins/hoster/YoutubeDashV2.class
   jd/plugins/hoster/ZapiszSe.class
   jd/plugins/hoster/ZbigzCom.class
   jd/plugins/hoster/ZdfDeMediathek$ZdfmediathekConfigInterface$TRANSLATION.class
   jd/plugins/hoster/ZdfDeMediathek$ZdfmediathekConfigInterface.class
   jd/plugins/hoster/ZdfDeMediathek.class
   jd/plugins/hoster/ZeveraCom$ZeveraAccountFactory$1.class
   jd/plugins/hoster/ZeveraCom$ZeveraAccountFactory.class
   jd/plugins/hoster/ZeveraCom.class
   jd/plugins/hoster/ZeveraCore$1.class
   jd/plugins/hoster/ZeveraCore$2.class
   jd/plugins/hoster/ZeveraCore$3.class
   jd/plugins/hoster/ZeveraCore.class
----------------Extensions----------------
   extensions/Extraction.jar
----------------Direct Files----------------
   build.json
   translations/jd/captcha/translate/CaptchaTranslation.zh_CN.lng
   translations/jd/controlling/reconnect/pluginsinc/batch/translate/BatchTranslation.zh_CN.lng
   translations/jd/controlling/reconnect/pluginsinc/liveheader/translate/LiveheaderTranslation.zh_CN.lng
   translations/jd/controlling/reconnect/pluginsinc/upnp/translate/UpnpTranslation.zh_CN.lng
   translations/org/appwork/utils/locale/AWUTranslation.zh_CN.lng
   translations/org/appwork/utils/logging2/sendlogs/LogSenderTranslation.pt_BR.lng
   translations/org/appwork/utils/logging2/sendlogs/LogSenderTranslation.zh_CN.lng
   translations/org/jdownloader/extensions/antistandby/translate/AntistandbyTranslation.zh_CN.lng
   translations/org/jdownloader/extensions/extraction/translate/ExtractionTranslation.bs.lng
   translations/org/jdownloader/extensions/extraction/translate/ExtractionTranslation.pt_BR.lng
   translations/org/jdownloader/extensions/extraction/translate/ExtractionTranslation.zh_CN.lng
   translations/org/jdownloader/extensions/shutdown/translate/ShutdownTranslation.zh_CN.lng
   translations/org/jdownloader/extensions/translator/TranslatorTranslation.zh_CN.lng
   translations/org/jdownloader/gui/jdtrayicon/translate/TrayiconTranslation.zh_CN.lng
   translations/org/jdownloader/gui/translate/GuiTranslation.bs.lng
   translations/org/jdownloader/gui/translate/GuiTranslation.pt_BR.lng
   translations/org/jdownloader/gui/translate/GuiTranslation.zh_CN.lng
   translations/org/jdownloader/translate/JdownloaderTranslation.bs.lng
   translations/org/jdownloader/translate/JdownloaderTranslation.pt_BR.lng
   translations/org/jdownloader/translate/JdownloaderTranslation.zh_CN.lng
   translations/org/jdownloader/updatev2/UpdaterTranslation.zh_CN.lng
----------------Core Files----------------
   Core.jar
   JD: Core.jar/jd/SecondLevelLaunch.class
   JD: Core.jar/jd/config/Property.class
   JD: Core.jar/jd/controlling/downloadcontroller/AccountCache$1$1.class
   JD: Core.jar/jd/controlling/downloadcontroller/AccountCache$1.class
   JD: Core.jar/jd/controlling/downloadcontroller/AccountCache$2.class
   JD: Core.jar/jd/controlling/downloadcontroller/AccountCache$3.class
   JD: Core.jar/jd/controlling/downloadcontroller/AccountCache$ACCOUNTTYPE.class
   JD: Core.jar/jd/controlling/downloadcontroller/AccountCache$CachedAccount.class
   JD: Core.jar/jd/controlling/downloadcontroller/AccountCache.class
   JD: Core.jar/jd/controlling/downloadcontroller/DiskSpaceChecker.class
   JD: Core.jar/jd/controlling/downloadcontroller/DiskSpaceChecker17.class
   JD: Core.jar/jd/controlling/downloadcontroller/DownloadController$17$1.class
   JD: Core.jar/jd/controlling/downloadcontroller/DownloadController$9$1.class
   JD: Core.jar/jd/controlling/downloadcontroller/DownloadController.class
   JD: Core.jar/jd/controlling/downloadcontroller/DownloadLinkCandidateHistory$1.class
   JD: Core.jar/jd/controlling/downloadcontroller/DownloadLinkCandidateHistory$2.class
   JD: Core.jar/jd/controlling/downloadcontroller/DownloadLinkCandidateHistory.class
   JD: Core.jar/jd/controlling/downloadcontroller/DownloadLinkCandidateSelector$2.class
   JD: Core.jar/jd/controlling/downloadcontroller/DownloadLinkCandidateSelector.class
   JD: Core.jar/jd/controlling/downloadcontroller/DownloadSession$1.class
   JD: Core.jar/jd/controlling/downloadcontroller/DownloadSession$2.class
   JD: Core.jar/jd/controlling/downloadcontroller/DownloadSession$3.class
   JD: Core.jar/jd/controlling/downloadcontroller/DownloadSession$4.class
   JD: Core.jar/jd/controlling/downloadcontroller/DownloadSession$5.class
   JD: Core.jar/jd/controlling/downloadcontroller/DownloadSession$6.class
   JD: Core.jar/jd/controlling/downloadcontroller/DownloadSession$7.class
   JD: Core.jar/jd/controlling/downloadcontroller/DownloadSession$STOPMARK.class
   JD: Core.jar/jd/controlling/downloadcontroller/DownloadSession$SessionState.class
   JD: Core.jar/jd/controlling/downloadcontroller/DownloadSession.class
   JD: Core.jar/jd/controlling/downloadcontroller/HistoryEntry$1.class
   JD: Core.jar/jd/controlling/downloadcontroller/HistoryEntry.class
   JD: Core.jar/jd/controlling/faviconcontroller/FavIcons$1.class
   JD: Core.jar/jd/controlling/faviconcontroller/FavIcons$2.class
   JD: Core.jar/jd/controlling/faviconcontroller/FavIcons$3.class
   JD: Core.jar/jd/controlling/faviconcontroller/FavIcons$4.class
   JD: Core.jar/jd/controlling/faviconcontroller/FavIcons.class
   JD: Core.jar/jd/controlling/faviconcontroller/FavIconsConfig.class
   JD: Core.jar/jd/controlling/linkcollector/LinkCollector$1$1.class
   JD: Core.jar/jd/controlling/linkcollector/LinkCollector$1.class
   JD: Core.jar/jd/controlling/linkcollector/LinkCollector$10.class
   JD: Core.jar/jd/controlling/linkcollector/LinkCollector$11.class
   JD: Core.jar/jd/controlling/linkcollector/LinkCollector$12.class
   JD: Core.jar/jd/controlling/linkcollector/LinkCollector$13.class
   JD: Core.jar/jd/controlling/linkcollector/LinkCollector$14.class
   JD: Core.jar/jd/controlling/linkcollector/LinkCollector$15.class
   JD: Core.jar/jd/controlling/linkcollector/LinkCollector$16.class
   JD: Core.jar/jd/controlling/linkcollector/LinkCollector$17.class
   JD: Core.jar/jd/controlling/linkcollector/LinkCollector$18.class
   JD: Core.jar/jd/controlling/linkcollector/LinkCollector$19$1.class
   JD: Core.jar/jd/controlling/linkcollector/LinkCollector$19.class
   JD: Core.jar/jd/controlling/linkcollector/LinkCollector$2$1.class
   JD: Core.jar/jd/controlling/linkcollector/LinkCollector$2.class
   JD: Core.jar/jd/controlling/linkcollector/LinkCollector$20$1.class
   JD: Core.jar/jd/controlling/linkcollector/LinkCollector$20.class
   JD: Core.jar/jd/controlling/linkcollector/LinkCollector$21.class
   JD: Core.jar/jd/controlling/linkcollector/LinkCollector$22.class
   JD: Core.jar/jd/controlling/linkcollector/LinkCollector$23.class
   JD: Core.jar/jd/controlling/linkcollector/LinkCollector$24.class
   JD: Core.jar/jd/controlling/linkcollector/LinkCollector$25.class
   JD: Core.jar/jd/controlling/linkcollector/LinkCollector$26.class
   JD: Core.jar/jd/controlling/linkcollector/LinkCollector$27$1$1.class
   JD: Core.jar/jd/controlling/linkcollector/LinkCollector$27$1.class
   JD: Core.jar/jd/controlling/linkcollector/LinkCollector$27$2.class
   JD: Core.jar/jd/controlling/linkcollector/LinkCollector$27$3.class
   JD: Core.jar/jd/controlling/linkcollector/LinkCollector$27.class
   JD: Core.jar/jd/controlling/linkcollector/LinkCollector$28$1.class
   JD: Core.jar/jd/controlling/linkcollector/LinkCollector$28.class
   JD: Core.jar/jd/controlling/linkcollector/LinkCollector$29.class
   JD: Core.jar/jd/controlling/linkcollector/LinkCollector$3$1.class
   JD: Core.jar/jd/controlling/linkcollector/LinkCollector$3.class
   JD: Core.jar/jd/controlling/linkcollector/LinkCollector$30$1.class
   JD: Core.jar/jd/controlling/linkcollector/LinkCollector$30.class
   JD: Core.jar/jd/controlling/linkcollector/LinkCollector$31$1.class
   JD: Core.jar/jd/controlling/linkcollector/LinkCollector$31$2.class
   JD: Core.jar/jd/controlling/linkcollector/LinkCollector$31.class
   JD: Core.jar/jd/controlling/linkcollector/LinkCollector$32.class
   JD: Core.jar/jd/controlling/linkcollector/LinkCollector$33.class
   JD: Core.jar/jd/controlling/linkcollector/LinkCollector$34.class
   JD: Core.jar/jd/controlling/linkcollector/LinkCollector$35.class
   JD: Core.jar/jd/controlling/linkcollector/LinkCollector$36.class
   JD: Core.jar/jd/controlling/linkcollector/LinkCollector$4.class
   JD: Core.jar/jd/controlling/linkcollector/LinkCollector$5.class
   JD: Core.jar/jd/controlling/linkcollector/LinkCollector$6.class
   JD: Core.jar/jd/controlling/linkcollector/LinkCollector$7.class
   JD: Core.jar/jd/controlling/linkcollector/LinkCollector$8.class
   JD: Core.jar/jd/controlling/linkcollector/LinkCollector$9.class
   JD: Core.jar/jd/controlling/linkcollector/LinkCollector$CrawledPackageMappingID.class
   JD: Core.jar/jd/controlling/linkcollector/LinkCollector$JobLinkCrawler$2.class
   JD: Core.jar/jd/controlling/linkcollector/LinkCollector$JobLinkCrawler.class
   JD: Core.jar/jd/controlling/linkcollector/LinkCollector$LoadedPackage.class
   JD: Core.jar/jd/controlling/linkcollector/LinkCollector$MoveLinksMode.class
   JD: Core.jar/jd/controlling/linkcollector/LinkCollector$MoveLinksSettings.class
   JD: Core.jar/jd/controlling/linkcollector/LinkCollector.class
   JD: Core.jar/jd/controlling/linkcollector/LinkCollectorCrawler.class
   JD: Core.jar/jd/controlling/linkcollector/LinknameCleaner$EXTENSION_SETTINGS.class
   JD: Core.jar/jd/controlling/linkcollector/LinknameCleaner.class
   JD: Core.jar/jd/controlling/linkcrawler/CrawledPackageView$LinkInfo.class
   JD: Core.jar/jd/controlling/linkcrawler/CrawledPackageView$Temp.class
   JD: Core.jar/jd/controlling/linkcrawler/CrawledPackageView.class
   JD: Core.jar/jd/controlling/linkcrawler/LinkCrawler$18.class
   JD: Core.jar/jd/controlling/linkcrawler/LinkCrawler$19.class
   JD: Core.jar/jd/controlling/linkcrawler/LinkCrawler$20.class
   JD: Core.jar/jd/controlling/linkcrawler/LinkCrawler$21.class
   JD: Core.jar/jd/controlling/linkcrawler/LinkCrawler$22.class
   JD: Core.jar/jd/controlling/linkcrawler/LinkCrawler$23$1.class
   JD: Core.jar/jd/controlling/linkcrawler/LinkCrawler$23.class
   JD: Core.jar/jd/controlling/linkcrawler/LinkCrawler$24$1.class
   JD: Core.jar/jd/controlling/linkcrawler/LinkCrawler$24.class
   JD: Core.jar/jd/controlling/linkcrawler/LinkCrawler$25.class
   JD: Core.jar/jd/controlling/linkcrawler/LinkCrawler$26.class
   JD: Core.jar/jd/controlling/linkcrawler/LinkCrawler$27.class
   JD: Core.jar/jd/controlling/linkcrawler/LinkCrawler$28.class
   JD: Core.jar/jd/controlling/linkcrawler/LinkCrawler.class
   JD: Core.jar/jd/controlling/linkcrawler/LinkCrawlerDeepInspector.class
   JD: Core.jar/jd/controlling/packagecontroller/AbstractPackageNode.class
   JD: Core.jar/jd/controlling/packagecontroller/ChildrenView.class
   JD: Core.jar/jd/controlling/proxy/AbstractProxySelectorImpl$Type.class
   JD: Core.jar/jd/controlling/proxy/AbstractProxySelectorImpl.class
   JD: Core.jar/jd/controlling/proxy/PacProxySelectorImpl.class
   JD: Core.jar/jd/controlling/proxy/ProxyController$1.class
   JD: Core.jar/jd/controlling/proxy/ProxyController$10.class
   JD: Core.jar/jd/controlling/proxy/ProxyController$11.class
   JD: Core.jar/jd/controlling/proxy/ProxyController$12.class
   JD: Core.jar/jd/controlling/proxy/ProxyController$13.class
   JD: Core.jar/jd/controlling/proxy/ProxyController$14.class
   JD: Core.jar/jd/controlling/proxy/ProxyController$15.class
   JD: Core.jar/jd/controlling/proxy/ProxyController$16.class
   JD: Core.jar/jd/controlling/proxy/ProxyController$17.class
   JD: Core.jar/jd/controlling/proxy/ProxyController$18.class
   JD: Core.jar/jd/controlling/proxy/ProxyController$19.class
   JD: Core.jar/jd/controlling/proxy/ProxyController$2.class
   JD: Core.jar/jd/controlling/proxy/ProxyController$20.class
   JD: Core.jar/jd/controlling/proxy/ProxyController$21.class
   JD: Core.jar/jd/controlling/proxy/ProxyController$3.class
   JD: Core.jar/jd/controlling/proxy/ProxyController$4.class
   JD: Core.jar/jd/controlling/proxy/ProxyController$5.class
   JD: Core.jar/jd/controlling/proxy/ProxyController$6.class
   JD: Core.jar/jd/controlling/proxy/ProxyController$7$1.class
   JD: Core.jar/jd/controlling/proxy/ProxyController$7.class
   JD: Core.jar/jd/controlling/proxy/ProxyController$8.class
   JD: Core.jar/jd/controlling/proxy/ProxyController$9.class
   JD: Core.jar/jd/controlling/proxy/ProxyController$SelectedProxyLock.class
   JD: Core.jar/jd/controlling/proxy/ProxyController.class
   JD: Core.jar/jd/controlling/proxy/SingleBasicProxySelectorImpl.class
   JD: Core.jar/jd/controlling/reconnect/pluginsinc/liveheader/StackTraceElementClassCache.class
   JD: Core.jar/jd/parser/html/Form$MethodType.class
   JD: Core.jar/jd/parser/html/Form.class
   JD: Core.jar/jd/parser/html/HTMLParser$ConcatCharSequence.class
   JD: Core.jar/jd/parser/html/HTMLParser$HexHtmlParserCharSequence.class
   JD: Core.jar/jd/parser/html/HTMLParser$HtmlParserCharSequence.class
   JD: Core.jar/jd/parser/html/HTMLParser$HtmlParserOptions.class
   JD: Core.jar/jd/parser/html/HTMLParser$HtmlParserResultSet.class
   JD: Core.jar/jd/parser/html/HTMLParser$Httppattern.class
   JD: Core.jar/jd/parser/html/HTMLParser.class
   JD: Core.jar/jd/parser/html/InputField$ButtonType.class
   JD: Core.jar/jd/parser/html/InputField$Element.class
   JD: Core.jar/jd/parser/html/InputField$ElementType.class
   JD: Core.jar/jd/parser/html/InputField$InputType.class
   JD: Core.jar/jd/parser/html/InputField$UnknownType.class
   JD: Core.jar/jd/parser/html/InputField.class
   JD: Core.jar/jd/plugins/Account$AccountError.class
   JD: Core.jar/jd/plugins/Account$AccountType$1.class
   JD: Core.jar/jd/plugins/Account$AccountType$2.class
   JD: Core.jar/jd/plugins/Account$AccountType$3.class
   JD: Core.jar/jd/plugins/Account$AccountType$4.class
   JD: Core.jar/jd/plugins/Account$AccountType.class
   JD: Core.jar/jd/plugins/Account.class
   JD: Core.jar/jd/plugins/AccountInfo.class
   JD: Core.jar/jd/plugins/CryptedLink.class
   JD: Core.jar/jd/plugins/DefaultEditAccountPanel$1.class
   JD: Core.jar/jd/plugins/DefaultEditAccountPanel.class
   JD: Core.jar/jd/plugins/DownloadLink$1.class
   JD: Core.jar/jd/plugins/DownloadLink$2.class
   JD: Core.jar/jd/plugins/DownloadLink$3.class
   JD: Core.jar/jd/plugins/DownloadLink$4.class
   JD: Core.jar/jd/plugins/DownloadLink$5.class
   JD: Core.jar/jd/plugins/DownloadLink.class
   JD: Core.jar/jd/plugins/FavitIcon.class
   JD: Core.jar/jd/plugins/FilePackageView$1.class
   JD: Core.jar/jd/plugins/FilePackageView$10.class
   JD: Core.jar/jd/plugins/FilePackageView$2.class
   JD: Core.jar/jd/plugins/FilePackageView$3.class
   JD: Core.jar/jd/plugins/FilePackageView$4.class
   JD: Core.jar/jd/plugins/FilePackageView$5.class
   JD: Core.jar/jd/plugins/FilePackageView$6.class
   JD: Core.jar/jd/plugins/FilePackageView$7.class
   JD: Core.jar/jd/plugins/FilePackageView$8.class
   JD: Core.jar/jd/plugins/FilePackageView$9.class
   JD: Core.jar/jd/plugins/FilePackageView$ExtractionPluginState.class
   JD: Core.jar/jd/plugins/FilePackageView$LinkInfo.class
   JD: Core.jar/jd/plugins/FilePackageView$PluginState.class
   JD: Core.jar/jd/plugins/FilePackageView$Temp.class
   JD: Core.jar/jd/plugins/FilePackageView.class
   JD: Core.jar/jd/plugins/LinkInfo$3.class
   JD: Core.jar/jd/plugins/LinkInfo$4.class
   JD: Core.jar/jd/plugins/LinkInfo.class
   JD: Core.jar/jd/plugins/Plugin$2.class
   JD: Core.jar/jd/plugins/Plugin$3.class
   JD: Core.jar/jd/plugins/Plugin$4.class
   JD: Core.jar/jd/plugins/Plugin.class
   JD: Core.jar/jd/plugins/PluginConfigPanelNG$1.class
   JD: Core.jar/jd/plugins/PluginConfigPanelNG$10.class
   JD: Core.jar/jd/plugins/PluginConfigPanelNG$11.class
   JD: Core.jar/jd/plugins/PluginConfigPanelNG$2.class
   JD: Core.jar/jd/plugins/PluginConfigPanelNG$3.class
   JD: Core.jar/jd/plugins/PluginConfigPanelNG$4.class
   JD: Core.jar/jd/plugins/PluginConfigPanelNG$5.class
   JD: Core.jar/jd/plugins/PluginConfigPanelNG$6$1.class
   JD: Core.jar/jd/plugins/PluginConfigPanelNG$6.class
   JD: Core.jar/jd/plugins/PluginConfigPanelNG$7.class
   JD: Core.jar/jd/plugins/PluginConfigPanelNG$8.class
   JD: Core.jar/jd/plugins/PluginConfigPanelNG$9.class
   JD: Core.jar/jd/plugins/PluginConfigPanelNG.class
   JD: Core.jar/jd/plugins/PluginDependencies.class
   JD: Core.jar/jd/plugins/PluginForDecrypt$1.class
   JD: Core.jar/jd/plugins/PluginForDecrypt$2.class
   JD: Core.jar/jd/plugins/PluginForDecrypt.class
   JD: Core.jar/jd/plugins/PluginForHost$1.class
   JD: Core.jar/jd/plugins/PluginForHost$10$1.class
   JD: Core.jar/jd/plugins/PluginForHost$10$2.class
   JD: Core.jar/jd/plugins/PluginForHost$10.class
   JD: Core.jar/jd/plugins/PluginForHost$11.class
   JD: Core.jar/jd/plugins/PluginForHost$12.class
   JD: Core.jar/jd/plugins/PluginForHost$13.class
   JD: Core.jar/jd/plugins/PluginForHost$2.class
   JD: Core.jar/jd/plugins/PluginForHost$3.class
   JD: Core.jar/jd/plugins/PluginForHost$4.class
   JD: Core.jar/jd/plugins/PluginForHost$5$1.class
   JD: Core.jar/jd/plugins/PluginForHost$5$2$1.class
   JD: Core.jar/jd/plugins/PluginForHost$5$2.class
   JD: Core.jar/jd/plugins/PluginForHost$5.class
   JD: Core.jar/jd/plugins/PluginForHost$6$1.class
   JD: Core.jar/jd/plugins/PluginForHost$6$2$1.class
   JD: Core.jar/jd/plugins/PluginForHost$6$2$2.class
   JD: Core.jar/jd/plugins/PluginForHost$6$2.class
   JD: Core.jar/jd/plugins/PluginForHost$6.class
   JD: Core.jar/jd/plugins/PluginForHost$7.class
   JD: Core.jar/jd/plugins/PluginForHost$8.class
   JD: Core.jar/jd/plugins/PluginForHost$9.class
   JD: Core.jar/jd/plugins/PluginForHost$FilePair.class
   JD: Core.jar/jd/plugins/PluginForHost.class
   JD: Core.jar/jd/plugins/PluginProgress.class
   JD: Core.jar/jd/plugins/components/MediathekHelper.class
   JD: Core.jar/jd/plugins/components/SiteType$SiteTemplate.class
   JD: Core.jar/jd/plugins/download/DownloadLinkDownloadable.class
   JD: Core.jar/jd/plugins/download/HashInfo.class
   JD: Core.jar/jd/plugins/download/raf/ChunkRange.class
   JD: Core.jar/org/jdownloader/api/cnl2/ExternInterfaceImpl$1.class
   JD: Core.jar/org/jdownloader/api/cnl2/ExternInterfaceImpl$10.class
   JD: Core.jar/org/jdownloader/api/cnl2/ExternInterfaceImpl$11.class
   JD: Core.jar/org/jdownloader/api/cnl2/ExternInterfaceImpl$12.class
   JD: Core.jar/org/jdownloader/api/cnl2/ExternInterfaceImpl$2.class
   JD: Core.jar/org/jdownloader/api/cnl2/ExternInterfaceImpl$3.class
   JD: Core.jar/org/jdownloader/api/cnl2/ExternInterfaceImpl$4.class
   JD: Core.jar/org/jdownloader/api/cnl2/ExternInterfaceImpl$5.class
   JD: Core.jar/org/jdownloader/api/cnl2/ExternInterfaceImpl$6.class
   JD: Core.jar/org/jdownloader/api/cnl2/ExternInterfaceImpl$7.class
   JD: Core.jar/org/jdownloader/api/cnl2/ExternInterfaceImpl$8.class
   JD: Core.jar/org/jdownloader/api/cnl2/ExternInterfaceImpl$9.class
   JD: Core.jar/org/jdownloader/api/cnl2/ExternInterfaceImpl.class
   JD: Core.jar/org/jdownloader/api/content/v2/ContentAPIImplV2$1.class
   JD: Core.jar/org/jdownloader/api/content/v2/ContentAPIImplV2$2.class
   JD: Core.jar/org/jdownloader/api/content/v2/ContentAPIImplV2$3.class
   JD: Core.jar/org/jdownloader/api/content/v2/ContentAPIImplV2$4.class
   JD: Core.jar/org/jdownloader/api/content/v2/ContentAPIImplV2.class
   JD: Core.jar/org/jdownloader/api/downloads/v2/DownloadsAPIV2.class
   JD: Core.jar/org/jdownloader/api/downloads/v2/DownloadsAPIV2Impl.class
   JD: Core.jar/org/jdownloader/api/jdanywhere/api/storable/LinkStatusJobStorable.class
   JD: Core.jar/org/jdownloader/api/linkcollector/v2/LinkCollectorAPIImplV2$1.class
   JD: Core.jar/org/jdownloader/api/linkcollector/v2/LinkCollectorAPIImplV2$2.class
   JD: Core.jar/org/jdownloader/api/linkcollector/v2/LinkCollectorAPIImplV2$3.class
   JD: Core.jar/org/jdownloader/api/linkcollector/v2/LinkCollectorAPIImplV2$4.class
   JD: Core.jar/org/jdownloader/api/linkcollector/v2/LinkCollectorAPIImplV2$5.class
   JD: Core.jar/org/jdownloader/api/linkcollector/v2/LinkCollectorAPIImplV2$6.class
   JD: Core.jar/org/jdownloader/api/linkcollector/v2/LinkCollectorAPIImplV2$7.class
   JD: Core.jar/org/jdownloader/api/linkcollector/v2/LinkCollectorAPIImplV2.class
   JD: Core.jar/org/jdownloader/api/linkcollector/v2/LinkCollectorAPIV2.class
   JD: Core.jar/org/jdownloader/api/myjdownloader/MyJDownloaderSettings$DeviceNameFactory.class
   JD: Core.jar/org/jdownloader/api/myjdownloader/MyJDownloaderSettings$MyJDownloaderError.class
   JD: Core.jar/org/jdownloader/api/myjdownloader/MyJDownloaderSettings.class
   JD: Core.jar/org/jdownloader/api/myjdownloader/remotemenu/CheckOnlineStatusAction$1$1.class
   JD: Core.jar/org/jdownloader/api/myjdownloader/remotemenu/CheckOnlineStatusAction$1.class
   JD: Core.jar/org/jdownloader/api/myjdownloader/remotemenu/CheckOnlineStatusAction.class
   JD: Core.jar/org/jdownloader/api/plugins/PluginsQueryStorable.class
   JD: Core.jar/org/jdownloader/api/utils/PackageControllerUtils$1.class
   JD: Core.jar/org/jdownloader/api/utils/PackageControllerUtils$2.class
   JD: Core.jar/org/jdownloader/api/utils/PackageControllerUtils$3.class
   JD: Core.jar/org/jdownloader/api/utils/PackageControllerUtils.class
   JD: Core.jar/org/jdownloader/captcha/v2/challenge/recaptcha/v2/AbstractRecaptchaV2$1.class
   JD: Core.jar/org/jdownloader/captcha/v2/challenge/recaptcha/v2/AbstractRecaptchaV2.class
   JD: Core.jar/org/jdownloader/captcha/v2/challenge/recaptcha/v2/RecaptchaV2Challenge$1.class
   JD: Core.jar/org/jdownloader/captcha/v2/challenge/recaptcha/v2/RecaptchaV2Challenge$10.class
   JD: Core.jar/org/jdownloader/captcha/v2/challenge/recaptcha/v2/RecaptchaV2Challenge$2.class
   JD: Core.jar/org/jdownloader/captcha/v2/challenge/recaptcha/v2/RecaptchaV2Challenge$3.class
   JD: Core.jar/org/jdownloader/captcha/v2/challenge/recaptcha/v2/RecaptchaV2Challenge$4.class
   JD: Core.jar/org/jdownloader/captcha/v2/challenge/recaptcha/v2/RecaptchaV2Challenge$5.class
   JD: Core.jar/org/jdownloader/captcha/v2/challenge/recaptcha/v2/RecaptchaV2Challenge$6.class
   JD: Core.jar/org/jdownloader/captcha/v2/challenge/recaptcha/v2/RecaptchaV2Challenge$7.class
   JD: Core.jar/org/jdownloader/captcha/v2/challenge/recaptcha/v2/RecaptchaV2Challenge$8.class
   JD: Core.jar/org/jdownloader/captcha/v2/challenge/recaptcha/v2/RecaptchaV2Challenge$9.class
   JD: Core.jar/org/jdownloader/captcha/v2/challenge/recaptcha/v2/RecaptchaV2Challenge$RecaptchaV2APIStorable.class
   JD: Core.jar/org/jdownloader/captcha/v2/challenge/recaptcha/v2/RecaptchaV2Challenge.class
   JD: Core.jar/org/jdownloader/captcha/v2/challenge/solvemedia/SolveMedia.class
   JD: Core.jar/org/jdownloader/captcha/v2/solver/browser/BrowserCaptchaDialog$1.class
   JD: Core.jar/org/jdownloader/captcha/v2/solver/browser/BrowserCaptchaDialog$10.class
   JD: Core.jar/org/jdownloader/captcha/v2/solver/browser/BrowserCaptchaDialog$11.class
   JD: Core.jar/org/jdownloader/captcha/v2/solver/browser/BrowserCaptchaDialog$12.class
   JD: Core.jar/org/jdownloader/captcha/v2/solver/browser/BrowserCaptchaDialog$13.class
   JD: Core.jar/org/jdownloader/captcha/v2/solver/browser/BrowserCaptchaDialog$14.class
   JD: Core.jar/org/jdownloader/captcha/v2/solver/browser/BrowserCaptchaDialog$15$1.class
   JD: Core.jar/org/jdownloader/captcha/v2/solver/browser/BrowserCaptchaDialog$15.class
   JD: Core.jar/org/jdownloader/captcha/v2/solver/browser/BrowserCaptchaDialog$16.class
   JD: Core.jar/org/jdownloader/captcha/v2/solver/browser/BrowserCaptchaDialog$2.class
   JD: Core.jar/org/jdownloader/captcha/v2/solver/browser/BrowserCaptchaDialog$3.class
   JD: Core.jar/org/jdownloader/captcha/v2/solver/browser/BrowserCaptchaDialog$4.class
   JD: Core.jar/org/jdownloader/captcha/v2/solver/browser/BrowserCaptchaDialog$5.class
   JD: Core.jar/org/jdownloader/captcha/v2/solver/browser/BrowserCaptchaDialog$6.class
   JD: Core.jar/org/jdownloader/captcha/v2/solver/browser/BrowserCaptchaDialog$7$1.class
   JD: Core.jar/org/jdownloader/captcha/v2/solver/browser/BrowserCaptchaDialog$7$2.class
   JD: Core.jar/org/jdownloader/captcha/v2/solver/browser/BrowserCaptchaDialog$7.class
   JD: Core.jar/org/jdownloader/captcha/v2/solver/browser/BrowserCaptchaDialog$8.class
   JD: Core.jar/org/jdownloader/captcha/v2/solver/browser/BrowserCaptchaDialog$9.class
   JD: Core.jar/org/jdownloader/captcha/v2/solver/browser/BrowserCaptchaDialog.class
   JD: Core.jar/org/jdownloader/captcha/v2/solver/browser/BrowserCaptchaSolverConfig.class
   JD: Core.jar/org/jdownloader/captcha/v2/solver/dbc/DeathByCaptchaSolver$1.class
   JD: Core.jar/org/jdownloader/captcha/v2/solver/dbc/DeathByCaptchaSolver.class
   JD: Core.jar/org/jdownloader/captcha/v2/solver/solver9kw/Captcha9kwSolverMultiClick$1.class
   JD: Core.jar/org/jdownloader/captcha/v2/solver/solver9kw/Captcha9kwSolverMultiClick.class
   JD: Core.jar/org/jdownloader/controlling/contextmenu/ContextMenuManager$1.class
   JD: Core.jar/org/jdownloader/controlling/contextmenu/ContextMenuManager$2$1.class
   JD: Core.jar/org/jdownloader/controlling/contextmenu/ContextMenuManager$2.class
   JD: Core.jar/org/jdownloader/controlling/contextmenu/ContextMenuManager$3.class
   JD: Core.jar/org/jdownloader/controlling/contextmenu/ContextMenuManager$4.class
   JD: Core.jar/org/jdownloader/controlling/contextmenu/ContextMenuManager$5.class
   JD: Core.jar/org/jdownloader/controlling/contextmenu/ContextMenuManager$6.class
   JD: Core.jar/org/jdownloader/controlling/contextmenu/ContextMenuManager$7.class
   JD: Core.jar/org/jdownloader/controlling/contextmenu/ContextMenuManager$8.class
   JD: Core.jar/org/jdownloader/controlling/contextmenu/ContextMenuManager.class
   JD: Core.jar/org/jdownloader/controlling/contextmenu/MenuContainer.class
   JD: Core.jar/org/jdownloader/controlling/contextmenu/MenuItemData$1$1.class
   JD: Core.jar/org/jdownloader/controlling/contextmenu/MenuItemData$1.class
   JD: Core.jar/org/jdownloader/controlling/contextmenu/MenuItemData$2.class
   JD: Core.jar/org/jdownloader/controlling/contextmenu/MenuItemData$3.class
   JD: Core.jar/org/jdownloader/controlling/contextmenu/MenuItemData$Type.class
   JD: Core.jar/org/jdownloader/controlling/contextmenu/MenuItemData.class
   JD: Core.jar/org/jdownloader/controlling/contextmenu/SeparatorData.class
   JD: Core.jar/org/jdownloader/controlling/contextmenu/gui/MenuBuilder$1.class
   JD: Core.jar/org/jdownloader/controlling/contextmenu/gui/MenuBuilder$2.class
   JD: Core.jar/org/jdownloader/controlling/contextmenu/gui/MenuBuilder.class
   JD: Core.jar/org/jdownloader/controlling/ffmpeg/AbstractFFmpegBinary$1.class
   JD: Core.jar/org/jdownloader/controlling/ffmpeg/AbstractFFmpegBinary$2.class
   JD: Core.jar/org/jdownloader/controlling/ffmpeg/AbstractFFmpegBinary$3.class
   JD: Core.jar/org/jdownloader/controlling/ffmpeg/AbstractFFmpegBinary$4.class
   JD: Core.jar/org/jdownloader/controlling/ffmpeg/AbstractFFmpegBinary$5.class
   JD: Core.jar/org/jdownloader/controlling/ffmpeg/AbstractFFmpegBinary$6.class
   JD: Core.jar/org/jdownloader/controlling/ffmpeg/AbstractFFmpegBinary$7.class
   JD: Core.jar/org/jdownloader/controlling/ffmpeg/AbstractFFmpegBinary$8.class
   JD: Core.jar/org/jdownloader/controlling/ffmpeg/AbstractFFmpegBinary$AccessibleByteArrayOutputStream.class
   JD: Core.jar/org/jdownloader/controlling/ffmpeg/AbstractFFmpegBinary$FLAG.class
   JD: Core.jar/org/jdownloader/controlling/ffmpeg/AbstractFFmpegBinary$FLAGTYPE.class
   JD: Core.jar/org/jdownloader/controlling/ffmpeg/AbstractFFmpegBinary.class
   JD: Core.jar/org/jdownloader/controlling/ffmpeg/FFMpegException.class
   JD: Core.jar/org/jdownloader/controlling/ffmpeg/FFMpegInstallProgress.class
   JD: Core.jar/org/jdownloader/controlling/ffmpeg/FFMpegInstallThread$1.class
   JD: Core.jar/org/jdownloader/controlling/ffmpeg/FFMpegInstallThread$BINARY.class
   JD: Core.jar/org/jdownloader/controlling/ffmpeg/FFMpegInstallThread$ExtensionPackages$1.class
   JD: Core.jar/org/jdownloader/controlling/ffmpeg/FFMpegInstallThread$ExtensionPackages$2.class
   JD: Core.jar/org/jdownloader/controlling/ffmpeg/FFMpegInstallThread$ExtensionPackages$3.class
   JD: Core.jar/org/jdownloader/controlling/ffmpeg/FFMpegInstallThread$ExtensionPackages$4.class
   JD: Core.jar/org/jdownloader/controlling/ffmpeg/FFMpegInstallThread$ExtensionPackages$5.class
   JD: Core.jar/org/jdownloader/controlling/ffmpeg/FFMpegInstallThread$ExtensionPackages$6.class
   JD: Core.jar/org/jdownloader/controlling/ffmpeg/FFMpegInstallThread$ExtensionPackages$7.class
   JD: Core.jar/org/jdownloader/controlling/ffmpeg/FFMpegInstallThread$ExtensionPackages$8.class
   JD: Core.jar/org/jdownloader/controlling/ffmpeg/FFMpegInstallThread$ExtensionPackages.class
   JD: Core.jar/org/jdownloader/controlling/ffmpeg/FFMpegInstallThread.class
   JD: Core.jar/org/jdownloader/controlling/ffmpeg/FFmpeg.class
   JD: Core.jar/org/jdownloader/controlling/ffmpeg/FFmpegBinaryValueEditor.class
   JD: Core.jar/org/jdownloader/controlling/filter/CompiledFiletypeFilter$1.class
   JD: Core.jar/org/jdownloader/controlling/filter/CompiledFiletypeFilter$ArchiveExtensions.class
   JD: Core.jar/org/jdownloader/controlling/filter/CompiledFiletypeFilter$AudioExtensions.class
   JD: Core.jar/org/jdownloader/controlling/filter/CompiledFiletypeFilter$ImageExtensions.class
   JD: Core.jar/org/jdownloader/controlling/filter/CompiledFiletypeFilter$VideoExtensions.class
   JD: Core.jar/org/jdownloader/controlling/filter/CompiledFiletypeFilter.class
   JD: Core.jar/org/jdownloader/controlling/filter/CompiledOriginFilter$1.class
   JD: Core.jar/org/jdownloader/controlling/filter/CompiledOriginFilter.class
   JD: Core.jar/org/jdownloader/controlling/filter/CompiledRegexFilter.class
   JD: Core.jar/org/jdownloader/controlling/filter/LinkFilterController$1.class
   JD: Core.jar/org/jdownloader/controlling/filter/LinkFilterController$2.class
   JD: Core.jar/org/jdownloader/controlling/filter/LinkFilterController$3.class
   JD: Core.jar/org/jdownloader/controlling/filter/LinkFilterController$4.class
   JD: Core.jar/org/jdownloader/controlling/filter/LinkFilterController$5.class
   JD: Core.jar/org/jdownloader/controlling/filter/LinkFilterController.class
   JD: Core.jar/org/jdownloader/controlling/filter/RegexFilter$1.class
   JD: Core.jar/org/jdownloader/controlling/filter/RegexFilter$MatchType.class
   JD: Core.jar/org/jdownloader/controlling/filter/RegexFilter.class
   JD: Core.jar/org/jdownloader/controlling/filter/RuleWrapper$1.class
   JD: Core.jar/org/jdownloader/controlling/filter/RuleWrapper$AUTO_PATTERN_MODE.class
   JD: Core.jar/org/jdownloader/controlling/filter/RuleWrapper.class
   JD: Core.jar/org/jdownloader/controlling/hosterrule/HosterRuleConfig.class
   JD: Core.jar/org/jdownloader/controlling/hosterrule/HosterRuleController$1.class
   JD: Core.jar/org/jdownloader/controlling/hosterrule/HosterRuleController$10$1.class
   JD: Core.jar/org/jdownloader/controlling/hosterrule/HosterRuleController$10.class
   JD: Core.jar/org/jdownloader/controlling/hosterrule/HosterRuleController$11.class
   JD: Core.jar/org/jdownloader/controlling/hosterrule/HosterRuleController$12.class
   JD: Core.jar/org/jdownloader/controlling/hosterrule/HosterRuleController$13.class
   JD: Core.jar/org/jdownloader/controlling/hosterrule/HosterRuleController$14.class
   JD: Core.jar/org/jdownloader/controlling/hosterrule/HosterRuleController$15.class
   JD: Core.jar/org/jdownloader/controlling/hosterrule/HosterRuleController$2.class
   JD: Core.jar/org/jdownloader/controlling/hosterrule/HosterRuleController$3.class
   JD: Core.jar/org/jdownloader/controlling/hosterrule/HosterRuleController$4$1.class.removed
   JD: Core.jar/org/jdownloader/controlling/hosterrule/HosterRuleController$4.class
   JD: Core.jar/org/jdownloader/controlling/hosterrule/HosterRuleController$5.class
   JD: Core.jar/org/jdownloader/controlling/hosterrule/HosterRuleController$6$1.class
   JD: Core.jar/org/jdownloader/controlling/hosterrule/HosterRuleController$6.class
   JD: Core.jar/org/jdownloader/controlling/hosterrule/HosterRuleController$7.class
   JD: Core.jar/org/jdownloader/controlling/hosterrule/HosterRuleController$8$1.class.removed
   JD: Core.jar/org/jdownloader/controlling/hosterrule/HosterRuleController$8.class
   JD: Core.jar/org/jdownloader/controlling/hosterrule/HosterRuleController$9.class
   JD: Core.jar/org/jdownloader/controlling/hosterrule/HosterRuleController.class
   JD: Core.jar/org/jdownloader/controlling/packagizer/PackagizerController$12.class
   JD: Core.jar/org/jdownloader/controlling/packagizer/PackagizerController$13.class
   JD: Core.jar/org/jdownloader/controlling/packagizer/PackagizerController$14.class
   JD: Core.jar/org/jdownloader/controlling/packagizer/PackagizerController$15.class
   JD: Core.jar/org/jdownloader/controlling/packagizer/PackagizerController$16.class
   JD: Core.jar/org/jdownloader/controlling/packagizer/PackagizerController$17.class
   JD: Core.jar/org/jdownloader/controlling/packagizer/PackagizerController$18.class
   JD: Core.jar/org/jdownloader/controlling/packagizer/PackagizerController$19.class
   JD: Core.jar/org/jdownloader/controlling/packagizer/PackagizerController$20.class
   JD: Core.jar/org/jdownloader/controlling/packagizer/PackagizerController$21.class
   JD: Core.jar/org/jdownloader/controlling/packagizer/PackagizerController$22.class
   JD: Core.jar/org/jdownloader/controlling/packagizer/PackagizerController$23.class
   JD: Core.jar/org/jdownloader/controlling/packagizer/PackagizerController$7.class
   JD: Core.jar/org/jdownloader/controlling/packagizer/PackagizerController$REPLACEVARIABLE.class
   JD: Core.jar/org/jdownloader/controlling/packagizer/PackagizerController.class
   JD: Core.jar/org/jdownloader/crosssystem/macos/
   JD: Core.jar/org/jdownloader/crosssystem/macos/AWTMacOSApplicationAdapter$1$1$1$1.class
   JD: Core.jar/org/jdownloader/crosssystem/macos/AWTMacOSApplicationAdapter$1$1$1$2.class
   JD: Core.jar/org/jdownloader/crosssystem/macos/AWTMacOSApplicationAdapter$1$1$1.class
   JD: Core.jar/org/jdownloader/crosssystem/macos/AWTMacOSApplicationAdapter$1$1.class
   JD: Core.jar/org/jdownloader/crosssystem/macos/AWTMacOSApplicationAdapter$1.class
   JD: Core.jar/org/jdownloader/crosssystem/macos/AWTMacOSApplicationAdapter$2$1$1.class
   JD: Core.jar/org/jdownloader/crosssystem/macos/AWTMacOSApplicationAdapter$2$1.class
   JD: Core.jar/org/jdownloader/crosssystem/macos/AWTMacOSApplicationAdapter$2.class
   JD: Core.jar/org/jdownloader/crosssystem/macos/AWTMacOSApplicationAdapter$3$1$1.class
   JD: Core.jar/org/jdownloader/crosssystem/macos/AWTMacOSApplicationAdapter$3$1.class
   JD: Core.jar/org/jdownloader/crosssystem/macos/AWTMacOSApplicationAdapter$3.class
   JD: Core.jar/org/jdownloader/crosssystem/macos/AWTMacOSApplicationAdapter$4$1$1.class
   JD: Core.jar/org/jdownloader/crosssystem/macos/AWTMacOSApplicationAdapter$4$1.class
   JD: Core.jar/org/jdownloader/crosssystem/macos/AWTMacOSApplicationAdapter$4.class
   JD: Core.jar/org/jdownloader/crosssystem/macos/AWTMacOSApplicationAdapter$5.class
   JD: Core.jar/org/jdownloader/crosssystem/macos/AWTMacOSApplicationAdapter$6.class
   JD: Core.jar/org/jdownloader/crosssystem/macos/AWTMacOSApplicationAdapter.class
   JD: Core.jar/org/jdownloader/crosssystem/macos/EAWTMacOSApplicationAdapter$1.class
   JD: Core.jar/org/jdownloader/crosssystem/macos/EAWTMacOSApplicationAdapter$2$1.class
   JD: Core.jar/org/jdownloader/crosssystem/macos/EAWTMacOSApplicationAdapter$2$2.class
   JD: Core.jar/org/jdownloader/crosssystem/macos/EAWTMacOSApplicationAdapter$2.class
   JD: Core.jar/org/jdownloader/crosssystem/macos/EAWTMacOSApplicationAdapter$3.class
   JD: Core.jar/org/jdownloader/crosssystem/macos/EAWTMacOSApplicationAdapter$4.class
   JD: Core.jar/org/jdownloader/crosssystem/macos/EAWTMacOSApplicationAdapter.class
   JD: Core.jar/org/jdownloader/crosssystem/macos/MacOSApplicationAdapter.class
   JD: Core.jar/org/jdownloader/crosssystem/macos/MacOSDockAdapter$1$1.class
   JD: Core.jar/org/jdownloader/crosssystem/macos/MacOSDockAdapter$1$2.class
   JD: Core.jar/org/jdownloader/crosssystem/macos/MacOSDockAdapter$1$3.class
   JD: Core.jar/org/jdownloader/crosssystem/macos/MacOSDockAdapter$1.class
   JD: Core.jar/org/jdownloader/crosssystem/macos/MacOSDockAdapter$2$1.class
   JD: Core.jar/org/jdownloader/crosssystem/macos/MacOSDockAdapter$2$2.class
   JD: Core.jar/org/jdownloader/crosssystem/macos/MacOSDockAdapter$2$3.class
   JD: Core.jar/org/jdownloader/crosssystem/macos/MacOSDockAdapter$2.class
   JD: Core.jar/org/jdownloader/crosssystem/macos/MacOSDockAdapter.class
   JD: Core.jar/org/jdownloader/crosssystem/windows/WindowsApplicationAdapter$1$1.class
   JD: Core.jar/org/jdownloader/crosssystem/windows/WindowsApplicationAdapter$1$2.class
   JD: Core.jar/org/jdownloader/crosssystem/windows/WindowsApplicationAdapter$1.class
   JD: Core.jar/org/jdownloader/crosssystem/windows/WindowsApplicationAdapter$2.class
   JD: Core.jar/org/jdownloader/crosssystem/windows/WindowsApplicationAdapter.class
   JD: Core.jar/org/jdownloader/downloader/hls/HLSDownloader$8.class
   JD: Core.jar/org/jdownloader/downloader/hls/HLSDownloader.class
   JD: Core.jar/org/jdownloader/downloader/hls/M3U8Playlist.class
   JD: Core.jar/org/jdownloader/downloader/segment/Segment.class
   JD: Core.jar/org/jdownloader/downloader/segment/SegmentDownloader$1.class
   JD: Core.jar/org/jdownloader/downloader/segment/SegmentDownloader$2.class
   JD: Core.jar/org/jdownloader/downloader/segment/SegmentDownloader.class
   JD: Core.jar/org/jdownloader/extensions/AbstractExtensionContextMenuLink.class
   JD: Core.jar/org/jdownloader/gui/jdtrayicon/TrayIconPopup$3$1.class
   JD: Core.jar/org/jdownloader/gui/jdtrayicon/TrayIconPopup.class
   JD: Core.jar/org/jdownloader/gui/jdtrayicon/actions/ChunksEditorLink$1.class
   JD: Core.jar/org/jdownloader/gui/jdtrayicon/actions/ChunksEditorLink$2.class
   JD: Core.jar/org/jdownloader/gui/jdtrayicon/actions/ChunksEditorLink.class
   JD: Core.jar/org/jdownloader/gui/jdtrayicon/actions/ParalellDownloadsEditorLink$1.class
   JD: Core.jar/org/jdownloader/gui/jdtrayicon/actions/ParalellDownloadsEditorLink$2.class
   JD: Core.jar/org/jdownloader/gui/jdtrayicon/actions/ParalellDownloadsEditorLink.class
   JD: Core.jar/org/jdownloader/gui/jdtrayicon/actions/ParallelDownloadsPerHostEditorLink$1.class
   JD: Core.jar/org/jdownloader/gui/jdtrayicon/actions/ParallelDownloadsPerHostEditorLink$2.class
   JD: Core.jar/org/jdownloader/gui/jdtrayicon/actions/ParallelDownloadsPerHostEditorLink.class
   JD: Core.jar/org/jdownloader/gui/jdtrayicon/actions/SpeedlimitEditorLink$1.class
   JD: Core.jar/org/jdownloader/gui/jdtrayicon/actions/SpeedlimitEditorLink$2.class
   JD: Core.jar/org/jdownloader/gui/jdtrayicon/actions/SpeedlimitEditorLink.class
   JD: Core.jar/org/jdownloader/gui/mainmenu/ChunksEditorLink$1.class
   JD: Core.jar/org/jdownloader/gui/mainmenu/ChunksEditorLink$2.class
   JD: Core.jar/org/jdownloader/gui/mainmenu/ChunksEditorLink.class
   JD: Core.jar/org/jdownloader/gui/mainmenu/ParalellDownloadsEditorLink$1.class
   JD: Core.jar/org/jdownloader/gui/mainmenu/ParalellDownloadsEditorLink$2.class
   JD: Core.jar/org/jdownloader/gui/mainmenu/ParalellDownloadsEditorLink.class
   JD: Core.jar/org/jdownloader/gui/mainmenu/ParallelDownloadsPerHostEditorLink$1.class
   JD: Core.jar/org/jdownloader/gui/mainmenu/ParallelDownloadsPerHostEditorLink$2.class
   JD: Core.jar/org/jdownloader/gui/mainmenu/ParallelDownloadsPerHostEditorLink.class
   JD: Core.jar/org/jdownloader/gui/mainmenu/SpeedlimitEditorLink$1.class
   JD: Core.jar/org/jdownloader/gui/mainmenu/SpeedlimitEditorLink$2.class
   JD: Core.jar/org/jdownloader/gui/mainmenu/SpeedlimitEditorLink.class
   JD: Core.jar/org/jdownloader/gui/mainmenu/action/LogSendAction$1$1.class
   JD: Core.jar/org/jdownloader/gui/mainmenu/action/LogSendAction$1.class
   JD: Core.jar/org/jdownloader/gui/mainmenu/action/LogSendAction.class
   JD: Core.jar/org/jdownloader/gui/notify/BubbleNotify$2.class
   JD: Core.jar/org/jdownloader/gui/notify/BubbleNotify$3.class
   JD: Core.jar/org/jdownloader/gui/notify/BubbleNotify$4.class
   JD: Core.jar/org/jdownloader/gui/notify/BubbleNotify$5.class
   JD: Core.jar/org/jdownloader/gui/notify/BubbleNotify$6.class
   JD: Core.jar/org/jdownloader/gui/notify/BubbleNotify$7.class
   JD: Core.jar/org/jdownloader/gui/notify/BubbleNotify$8.class
   JD: Core.jar/org/jdownloader/gui/notify/BubbleNotify.class
   JD: Core.jar/org/jdownloader/gui/notify/gui/BubbleNotifyConfig$Anchor.class
   JD: Core.jar/org/jdownloader/gui/notify/gui/BubbleNotifyConfig$BubbleNotifyEnabledState.class
   JD: Core.jar/org/jdownloader/gui/notify/gui/BubbleNotifyConfig$LINKGRABBER_BUBBLE_NOTIFY_ON.class
   JD: Core.jar/org/jdownloader/gui/notify/gui/BubbleNotifyConfigPanel$2.class
   JD: Core.jar/org/jdownloader/gui/notify/gui/BubbleNotifyConfigPanel.class
   JD: Core.jar/org/jdownloader/gui/translate/GuiTranslation.class
   JD: Core.jar/org/jdownloader/gui/views/components/LinktablesSearchCategory.class
   JD: Core.jar/org/jdownloader/gui/views/components/packagetable/PackageControllerTableModel$10.class
   JD: Core.jar/org/jdownloader/gui/views/components/packagetable/PackageControllerTableModel$14.class
   JD: Core.jar/org/jdownloader/gui/views/components/packagetable/PackageControllerTableModel$15.class
   JD: Core.jar/org/jdownloader/gui/views/components/packagetable/PackageControllerTableModel$16.class
   JD: Core.jar/org/jdownloader/gui/views/components/packagetable/PackageControllerTableModel$17.class
   JD: Core.jar/org/jdownloader/gui/views/components/packagetable/PackageControllerTableModel$18.class
   JD: Core.jar/org/jdownloader/gui/views/components/packagetable/PackageControllerTableModel$19.class
   JD: Core.jar/org/jdownloader/gui/views/components/packagetable/PackageControllerTableModel$20.class
   JD: Core.jar/org/jdownloader/gui/views/components/packagetable/PackageControllerTableModel$21.class
   JD: Core.jar/org/jdownloader/gui/views/components/packagetable/PackageControllerTableModel.class
   JD: Core.jar/org/jdownloader/gui/views/components/packagetable/PackageControllerTableModelData$1.class
   JD: Core.jar/org/jdownloader/gui/views/components/packagetable/PackageControllerTableModelData$PackageControllerTableModelDataPackage.class
   JD: Core.jar/org/jdownloader/gui/views/components/packagetable/PackageControllerTableModelData.class
   JD: Core.jar/org/jdownloader/gui/views/components/packagetable/PackageControllerTableModelSelectionInfo.class
   JD: Core.jar/org/jdownloader/gui/views/components/packagetable/PackageControllerTableModelSelectionOnlySelectionInfo$1.class
   JD: Core.jar/org/jdownloader/gui/views/components/packagetable/PackageControllerTableModelSelectionOnlySelectionInfo$2.class
   JD: Core.jar/org/jdownloader/gui/views/components/packagetable/PackageControllerTableModelSelectionOnlySelectionInfo$3.class
   JD: Core.jar/org/jdownloader/gui/views/components/packagetable/PackageControllerTableModelSelectionOnlySelectionInfo$4.class
   JD: Core.jar/org/jdownloader/gui/views/components/packagetable/PackageControllerTableModelSelectionOnlySelectionInfo.class
   JD: Core.jar/org/jdownloader/gui/views/components/packagetable/SearchField$1.class
   JD: Core.jar/org/jdownloader/gui/views/components/packagetable/SearchField$2.class
   JD: Core.jar/org/jdownloader/gui/views/components/packagetable/SearchField$3.class
   JD: Core.jar/org/jdownloader/gui/views/components/packagetable/SearchField$4.class
   JD: Core.jar/org/jdownloader/gui/views/components/packagetable/SearchField.class
   JD: Core.jar/org/jdownloader/gui/views/components/packagetable/columns/FileTypeColumn.class
   JD: Core.jar/org/jdownloader/gui/views/components/packagetable/context/CheckStatusAction$1$1.class
   JD: Core.jar/org/jdownloader/gui/views/components/packagetable/context/CheckStatusAction$1$2.class
   JD: Core.jar/org/jdownloader/gui/views/components/packagetable/context/CheckStatusAction$1.class
   JD: Core.jar/org/jdownloader/gui/views/components/packagetable/context/CheckStatusAction$LinkCheckProgress.class
   JD: Core.jar/org/jdownloader/gui/views/components/packagetable/context/CheckStatusAction.class
   JD: Core.jar/org/jdownloader/gui/views/downloads/DownloadsPabelWidgetContainer$1.class.removed
   JD: Core.jar/org/jdownloader/gui/views/downloads/DownloadsPabelWidgetContainer$2.class.removed
   JD: Core.jar/org/jdownloader/gui/views/downloads/DownloadsPabelWidgetContainer$3.class.removed
   JD: Core.jar/org/jdownloader/gui/views/downloads/DownloadsPabelWidgetContainer$4.class.removed
   JD: Core.jar/org/jdownloader/gui/views/downloads/DownloadsPabelWidgetContainer$5.class.removed
   JD: Core.jar/org/jdownloader/gui/views/downloads/DownloadsPabelWidgetContainer.class.removed
   JD: Core.jar/org/jdownloader/gui/views/downloads/DownloadsPanel.class
   JD: Core.jar/org/jdownloader/gui/views/downloads/DownloadsPanelWidgetContainer$1.class
   JD: Core.jar/org/jdownloader/gui/views/downloads/DownloadsPanelWidgetContainer$2.class
   JD: Core.jar/org/jdownloader/gui/views/downloads/DownloadsPanelWidgetContainer$3.class
   JD: Core.jar/org/jdownloader/gui/views/downloads/DownloadsPanelWidgetContainer$4.class
   JD: Core.jar/org/jdownloader/gui/views/downloads/DownloadsPanelWidgetContainer$5.class
   JD: Core.jar/org/jdownloader/gui/views/downloads/DownloadsPanelWidgetContainer.class
   JD: Core.jar/org/jdownloader/gui/views/downloads/WidgetContainer$1$1.class
   JD: Core.jar/org/jdownloader/gui/views/downloads/WidgetContainer$1.class
   JD: Core.jar/org/jdownloader/gui/views/downloads/WidgetContainer$2.class
   JD: Core.jar/org/jdownloader/gui/views/downloads/WidgetContainer.class
   JD: Core.jar/org/jdownloader/gui/views/downloads/action/CopyGenericContextAction$1.class
   JD: Core.jar/org/jdownloader/gui/views/downloads/action/CopyGenericContextAction.class
   JD: Core.jar/org/jdownloader/gui/views/downloads/action/OpenInBrowserAction$1$1.class
   JD: Core.jar/org/jdownloader/gui/views/downloads/action/OpenInBrowserAction$1.class
   JD: Core.jar/org/jdownloader/gui/views/downloads/action/OpenInBrowserAction.class
   JD: Core.jar/org/jdownloader/gui/views/downloads/bottombar/CustomizeableActionBar$1$1.class
   JD: Core.jar/org/jdownloader/gui/views/downloads/bottombar/CustomizeableActionBar$1.class
   JD: Core.jar/org/jdownloader/gui/views/downloads/bottombar/CustomizeableActionBar$2.class
   JD: Core.jar/org/jdownloader/gui/views/downloads/bottombar/CustomizeableActionBar$3$1.class
   JD: Core.jar/org/jdownloader/gui/views/downloads/bottombar/CustomizeableActionBar$3$2.class
   JD: Core.jar/org/jdownloader/gui/views/downloads/bottombar/CustomizeableActionBar$3.class
   JD: Core.jar/org/jdownloader/gui/views/downloads/bottombar/CustomizeableActionBar.class
   JD: Core.jar/org/jdownloader/gui/views/downloads/bottombar/DownloadsTableSearchField$1.class
   JD: Core.jar/org/jdownloader/gui/views/downloads/bottombar/DownloadsTableSearchField$10.class
   JD: Core.jar/org/jdownloader/gui/views/downloads/bottombar/DownloadsTableSearchField$2.class
   JD: Core.jar/org/jdownloader/gui/views/downloads/bottombar/DownloadsTableSearchField$3.class
   JD: Core.jar/org/jdownloader/gui/views/downloads/bottombar/DownloadsTableSearchField$4.class
   JD: Core.jar/org/jdownloader/gui/views/downloads/bottombar/DownloadsTableSearchField$5.class
   JD: Core.jar/org/jdownloader/gui/views/downloads/bottombar/DownloadsTableSearchField$6.class
   JD: Core.jar/org/jdownloader/gui/views/downloads/bottombar/DownloadsTableSearchField$7.class
   JD: Core.jar/org/jdownloader/gui/views/downloads/bottombar/DownloadsTableSearchField$8.class
   JD: Core.jar/org/jdownloader/gui/views/downloads/bottombar/DownloadsTableSearchField$9.class
   JD: Core.jar/org/jdownloader/gui/views/downloads/bottombar/DownloadsTableSearchField.class
   JD: Core.jar/org/jdownloader/gui/views/downloads/bottombar/HorizontalBoxItem$1.class
   JD: Core.jar/org/jdownloader/gui/views/downloads/bottombar/HorizontalBoxItem$2.class
   JD: Core.jar/org/jdownloader/gui/views/downloads/bottombar/HorizontalBoxItem$3.class
   JD: Core.jar/org/jdownloader/gui/views/downloads/bottombar/HorizontalBoxItem.class
   JD: Core.jar/org/jdownloader/gui/views/downloads/bottombar/QuickFilterMenuItem$1.class
   JD: Core.jar/org/jdownloader/gui/views/downloads/bottombar/QuickFilterMenuItem$FilterCombo$1.class
   JD: Core.jar/org/jdownloader/gui/views/downloads/bottombar/QuickFilterMenuItem$FilterCombo$2.class
   JD: Core.jar/org/jdownloader/gui/views/downloads/bottombar/QuickFilterMenuItem$FilterCombo$3.class
   JD: Core.jar/org/jdownloader/gui/views/downloads/bottombar/QuickFilterMenuItem$FilterCombo$4.class
   JD: Core.jar/org/jdownloader/gui/views/downloads/bottombar/QuickFilterMenuItem$FilterCombo$5.class
   JD: Core.jar/org/jdownloader/gui/views/downloads/bottombar/QuickFilterMenuItem$FilterCombo$6.class
   JD: Core.jar/org/jdownloader/gui/views/downloads/bottombar/QuickFilterMenuItem$FilterCombo$7.class
   JD: Core.jar/org/jdownloader/gui/views/downloads/bottombar/QuickFilterMenuItem$FilterCombo$8.class
   JD: Core.jar/org/jdownloader/gui/views/downloads/bottombar/QuickFilterMenuItem$FilterCombo.class
   JD: Core.jar/org/jdownloader/gui/views/downloads/bottombar/QuickFilterMenuItem.class
   JD: Core.jar/org/jdownloader/gui/views/downloads/bottombar/SearchMenuItem$1.class
   JD: Core.jar/org/jdownloader/gui/views/downloads/bottombar/SearchMenuItem$2$1.class
   JD: Core.jar/org/jdownloader/gui/views/downloads/bottombar/SearchMenuItem$2.class
   JD: Core.jar/org/jdownloader/gui/views/downloads/bottombar/SearchMenuItem$3.class
   JD: Core.jar/org/jdownloader/gui/views/downloads/bottombar/SearchMenuItem$4.class
   JD: Core.jar/org/jdownloader/gui/views/downloads/bottombar/SearchMenuItem$5.class
   JD: Core.jar/org/jdownloader/gui/views/downloads/bottombar/SearchMenuItem.class
   JD: Core.jar/org/jdownloader/gui/views/downloads/columns/ConnectionColumn$1.class
   JD: Core.jar/org/jdownloader/gui/views/downloads/columns/ConnectionColumn$2.class
   JD: Core.jar/org/jdownloader/gui/views/downloads/columns/ConnectionColumn$ConnectionTooltip$1$1.class
   JD: Core.jar/org/jdownloader/gui/views/downloads/columns/ConnectionColumn$ConnectionTooltip$1$2.class
   JD: Core.jar/org/jdownloader/gui/views/downloads/columns/ConnectionColumn$ConnectionTooltip$1.class
   JD: Core.jar/org/jdownloader/gui/views/downloads/columns/ConnectionColumn$ConnectionTooltip.class
   JD: Core.jar/org/jdownloader/gui/views/downloads/columns/ConnectionColumn.class
   JD: Core.jar/org/jdownloader/gui/views/downloads/columns/ProgressColumn$1.class
   JD: Core.jar/org/jdownloader/gui/views/downloads/columns/ProgressColumn$2$1.class
   JD: Core.jar/org/jdownloader/gui/views/downloads/columns/ProgressColumn$2.class
   JD: Core.jar/org/jdownloader/gui/views/downloads/columns/ProgressColumn$3.class
   JD: Core.jar/org/jdownloader/gui/views/downloads/columns/ProgressColumn.class
   JD: Core.jar/org/jdownloader/gui/views/downloads/contextmenumanager/DownloadsTablePluginLink.class
   JD: Core.jar/org/jdownloader/gui/views/downloads/properties/AbstractNodePropertiesPanel$1.class
   JD: Core.jar/org/jdownloader/gui/views/downloads/properties/AbstractNodePropertiesPanel$10.class
   JD: Core.jar/org/jdownloader/gui/views/downloads/properties/AbstractNodePropertiesPanel$11.class
   JD: Core.jar/org/jdownloader/gui/views/downloads/properties/AbstractNodePropertiesPanel$12.class
   JD: Core.jar/org/jdownloader/gui/views/downloads/properties/AbstractNodePropertiesPanel$13.class
   JD: Core.jar/org/jdownloader/gui/views/downloads/properties/AbstractNodePropertiesPanel$14.class
   JD: Core.jar/org/jdownloader/gui/views/downloads/properties/AbstractNodePropertiesPanel$15.class
   JD: Core.jar/org/jdownloader/gui/views/downloads/properties/AbstractNodePropertiesPanel$16.class
   JD: Core.jar/org/jdownloader/gui/views/downloads/properties/AbstractNodePropertiesPanel$17.class
   JD: Core.jar/org/jdownloader/gui/views/downloads/properties/AbstractNodePropertiesPanel$18.class
   JD: Core.jar/org/jdownloader/gui/views/downloads/properties/AbstractNodePropertiesPanel$19.class
   JD: Core.jar/org/jdownloader/gui/views/downloads/properties/AbstractNodePropertiesPanel$2.class
   JD: Core.jar/org/jdownloader/gui/views/downloads/properties/AbstractNodePropertiesPanel$20.class
   JD: Core.jar/org/jdownloader/gui/views/downloads/properties/AbstractNodePropertiesPanel$21.class
   JD: Core.jar/org/jdownloader/gui/views/downloads/properties/AbstractNodePropertiesPanel$22.class
   JD: Core.jar/org/jdownloader/gui/views/downloads/properties/AbstractNodePropertiesPanel$23.class
   JD: Core.jar/org/jdownloader/gui/views/downloads/properties/AbstractNodePropertiesPanel$24.class
   JD: Core.jar/org/jdownloader/gui/views/downloads/properties/AbstractNodePropertiesPanel$25$1.class
   JD: Core.jar/org/jdownloader/gui/views/downloads/properties/AbstractNodePropertiesPanel$25.class
   JD: Core.jar/org/jdownloader/gui/views/downloads/properties/AbstractNodePropertiesPanel$26$1.class.removed
   JD: Core.jar/org/jdownloader/gui/views/downloads/properties/AbstractNodePropertiesPanel$26.class
   JD: Core.jar/org/jdownloader/gui/views/downloads/properties/AbstractNodePropertiesPanel$27.class.removed
   JD: Core.jar/org/jdownloader/gui/views/downloads/properties/AbstractNodePropertiesPanel$3$1.class
   JD: Core.jar/org/jdownloader/gui/views/downloads/properties/AbstractNodePropertiesPanel$3.class
   JD: Core.jar/org/jdownloader/gui/views/downloads/properties/AbstractNodePropertiesPanel$4$1.class.removed
   JD: Core.jar/org/jdownloader/gui/views/downloads/properties/AbstractNodePropertiesPanel$4.class
   JD: Core.jar/org/jdownloader/gui/views/downloads/properties/AbstractNodePropertiesPanel$5.class
   JD: Core.jar/org/jdownloader/gui/views/downloads/properties/AbstractNodePropertiesPanel$6$1.class
   JD: Core.jar/org/jdownloader/gui/views/downloads/properties/AbstractNodePropertiesPanel$6.class
   JD: Core.jar/org/jdownloader/gui/views/downloads/properties/AbstractNodePropertiesPanel$7$1.class.removed
   JD: Core.jar/org/jdownloader/gui/views/downloads/properties/AbstractNodePropertiesPanel$7.class
   JD: Core.jar/org/jdownloader/gui/views/downloads/properties/AbstractNodePropertiesPanel$8.class
   JD: Core.jar/org/jdownloader/gui/views/downloads/properties/AbstractNodePropertiesPanel$9.class
   JD: Core.jar/org/jdownloader/gui/views/downloads/properties/AbstractNodePropertiesPanel$Listener.class
   JD: Core.jar/org/jdownloader/gui/views/downloads/properties/AbstractNodePropertiesPanel.class
   JD: Core.jar/org/jdownloader/gui/views/downloads/properties/DownloadLinkNodeProperties$1.class
   JD: Core.jar/org/jdownloader/gui/views/downloads/properties/DownloadLinkNodeProperties.class
   JD: Core.jar/org/jdownloader/gui/views/downloads/properties/DownloadListPropertiesPanel$1.class
   JD: Core.jar/org/jdownloader/gui/views/downloads/properties/DownloadListPropertiesPanel.class
   JD: Core.jar/org/jdownloader/gui/views/downloads/properties/DownloadPropertiesHeader$1.class
   JD: Core.jar/org/jdownloader/gui/views/downloads/properties/DownloadPropertiesHeader.class
   JD: Core.jar/org/jdownloader/gui/views/downloads/properties/FilePackageNodeProperties$1.class
   JD: Core.jar/org/jdownloader/gui/views/downloads/properties/FilePackageNodeProperties.class
   JD: Core.jar/org/jdownloader/gui/views/downloads/table/DownloadTableContextMenuFactory.class
   JD: Core.jar/org/jdownloader/gui/views/linkgrabber/LinkGrabberPanel$1.class
   JD: Core.jar/org/jdownloader/gui/views/linkgrabber/LinkGrabberPanel$10.class
   JD: Core.jar/org/jdownloader/gui/views/linkgrabber/LinkGrabberPanel$11.class
   JD: Core.jar/org/jdownloader/gui/views/linkgrabber/LinkGrabberPanel$2$1.class
   JD: Core.jar/org/jdownloader/gui/views/linkgrabber/LinkGrabberPanel$2.class
   JD: Core.jar/org/jdownloader/gui/views/linkgrabber/LinkGrabberPanel$3.class
   JD: Core.jar/org/jdownloader/gui/views/linkgrabber/LinkGrabberPanel$4.class
   JD: Core.jar/org/jdownloader/gui/views/linkgrabber/LinkGrabberPanel$5.class
   JD: Core.jar/org/jdownloader/gui/views/linkgrabber/LinkGrabberPanel$6$1.class
   JD: Core.jar/org/jdownloader/gui/views/linkgrabber/LinkGrabberPanel$6.class
   JD: Core.jar/org/jdownloader/gui/views/linkgrabber/LinkGrabberPanel$7.class
   JD: Core.jar/org/jdownloader/gui/views/linkgrabber/LinkGrabberPanel$8.class
   JD: Core.jar/org/jdownloader/gui/views/linkgrabber/LinkGrabberPanel$9.class
   JD: Core.jar/org/jdownloader/gui/views/linkgrabber/LinkGrabberPanel.class
   JD: Core.jar/org/jdownloader/gui/views/linkgrabber/LinkGrabberSidebar$1.class
   JD: Core.jar/org/jdownloader/gui/views/linkgrabber/LinkGrabberSidebar$2.class
   JD: Core.jar/org/jdownloader/gui/views/linkgrabber/LinkGrabberSidebar.class
   JD: Core.jar/org/jdownloader/gui/views/linkgrabber/LinkGrabberTable$1.class
   JD: Core.jar/org/jdownloader/gui/views/linkgrabber/LinkGrabberTable$2.class
   JD: Core.jar/org/jdownloader/gui/views/linkgrabber/LinkGrabberTable$3$1.class
   JD: Core.jar/org/jdownloader/gui/views/linkgrabber/LinkGrabberTable$3.class
   JD: Core.jar/org/jdownloader/gui/views/linkgrabber/LinkGrabberTable$4.class
   JD: Core.jar/org/jdownloader/gui/views/linkgrabber/LinkGrabberTable$5.class
   JD: Core.jar/org/jdownloader/gui/views/linkgrabber/LinkGrabberTable$6.class
   JD: Core.jar/org/jdownloader/gui/views/linkgrabber/LinkGrabberTable$7.class
   JD: Core.jar/org/jdownloader/gui/views/linkgrabber/LinkGrabberTable.class
   JD: Core.jar/org/jdownloader/gui/views/linkgrabber/LinkgrabberSearchField$1.class
   JD: Core.jar/org/jdownloader/gui/views/linkgrabber/LinkgrabberSearchField$2.class
   JD: Core.jar/org/jdownloader/gui/views/linkgrabber/LinkgrabberSearchField$3.class
   JD: Core.jar/org/jdownloader/gui/views/linkgrabber/LinkgrabberSearchField$4.class
   JD: Core.jar/org/jdownloader/gui/views/linkgrabber/LinkgrabberSearchField$5.class
   JD: Core.jar/org/jdownloader/gui/views/linkgrabber/LinkgrabberSearchField$6.class
   JD: Core.jar/org/jdownloader/gui/views/linkgrabber/LinkgrabberSearchField$7.class
   JD: Core.jar/org/jdownloader/gui/views/linkgrabber/LinkgrabberSearchField$8.class
   JD: Core.jar/org/jdownloader/gui/views/linkgrabber/LinkgrabberSearchField$9.class
   JD: Core.jar/org/jdownloader/gui/views/linkgrabber/LinkgrabberSearchField.class
   JD: Core.jar/org/jdownloader/gui/views/linkgrabber/LinkgrabberSearchMenuItem$1.class
   JD: Core.jar/org/jdownloader/gui/views/linkgrabber/LinkgrabberSearchMenuItem$2$1.class
   JD: Core.jar/org/jdownloader/gui/views/linkgrabber/LinkgrabberSearchMenuItem$2.class
   JD: Core.jar/org/jdownloader/gui/views/linkgrabber/LinkgrabberSearchMenuItem$3.class
   JD: Core.jar/org/jdownloader/gui/views/linkgrabber/LinkgrabberSearchMenuItem$4.class
   JD: Core.jar/org/jdownloader/gui/views/linkgrabber/LinkgrabberSearchMenuItem$5.class
   JD: Core.jar/org/jdownloader/gui/views/linkgrabber/LinkgrabberSearchMenuItem.class
   JD: Core.jar/org/jdownloader/gui/views/linkgrabber/LinkgrabberWidgetContainer$1.class
   JD: Core.jar/org/jdownloader/gui/views/linkgrabber/LinkgrabberWidgetContainer$2.class
   JD: Core.jar/org/jdownloader/gui/views/linkgrabber/LinkgrabberWidgetContainer$3.class
   JD: Core.jar/org/jdownloader/gui/views/linkgrabber/LinkgrabberWidgetContainer$4.class
   JD: Core.jar/org/jdownloader/gui/views/linkgrabber/LinkgrabberWidgetContainer$5.class
   JD: Core.jar/org/jdownloader/gui/views/linkgrabber/LinkgrabberWidgetContainer$6.class
   JD: Core.jar/org/jdownloader/gui/views/linkgrabber/LinkgrabberWidgetContainer$7.class
   JD: Core.jar/org/jdownloader/gui/views/linkgrabber/LinkgrabberWidgetContainer$8.class.removed
   JD: Core.jar/org/jdownloader/gui/views/linkgrabber/LinkgrabberWidgetContainer.class
   JD: Core.jar/org/jdownloader/gui/views/linkgrabber/bottombar/LeftRightDividerItem.class
   JD: Core.jar/org/jdownloader/gui/views/linkgrabber/contextmenu/LinkgrabberPluginLink.class
   JD: Core.jar/org/jdownloader/gui/views/linkgrabber/contextmenu/OpenInBrowserAction$1$1.class
   JD: Core.jar/org/jdownloader/gui/views/linkgrabber/contextmenu/OpenInBrowserAction$1.class
   JD: Core.jar/org/jdownloader/gui/views/linkgrabber/contextmenu/OpenInBrowserAction.class
   JD: Core.jar/org/jdownloader/gui/views/linkgrabber/contextmenu/SetDownloadFolderInLinkgrabberAction.class
   JD: Core.jar/org/jdownloader/gui/views/linkgrabber/properties/CrawledLinkNodeProperties$1.class
   JD: Core.jar/org/jdownloader/gui/views/linkgrabber/properties/CrawledLinkNodeProperties.class
   JD: Core.jar/org/jdownloader/gui/views/linkgrabber/properties/CrawledPackageNodeProperties$1.class
   JD: Core.jar/org/jdownloader/gui/views/linkgrabber/properties/CrawledPackageNodeProperties.class
   JD: Core.jar/org/jdownloader/gui/views/linkgrabber/properties/LinkcrawlerListPropertiesPanel.class
   JD: Core.jar/org/jdownloader/gui/views/linkgrabber/properties/LinkgrabberPropertiesHeader$1.class
   JD: Core.jar/org/jdownloader/gui/views/linkgrabber/properties/LinkgrabberPropertiesHeader$2.class
   JD: Core.jar/org/jdownloader/gui/views/linkgrabber/properties/LinkgrabberPropertiesHeader.class
   JD: Core.jar/org/jdownloader/gui/views/linkgrabber/properties/LinkgrabberPropertiesScrollPane.class
   JD: Core.jar/org/jdownloader/gui/views/linkgrabber/quickfilter/FilterTable$1.class
   JD: Core.jar/org/jdownloader/gui/views/linkgrabber/quickfilter/FilterTable$10.class
   JD: Core.jar/org/jdownloader/gui/views/linkgrabber/quickfilter/FilterTable$2$1.class
   JD: Core.jar/org/jdownloader/gui/views/linkgrabber/quickfilter/FilterTable$2.class
   JD: Core.jar/org/jdownloader/gui/views/linkgrabber/quickfilter/FilterTable$3.class
   JD: Core.jar/org/jdownloader/gui/views/linkgrabber/quickfilter/FilterTable$4.class
   JD: Core.jar/org/jdownloader/gui/views/linkgrabber/quickfilter/FilterTable$5.class
   JD: Core.jar/org/jdownloader/gui/views/linkgrabber/quickfilter/FilterTable$6.class
   JD: Core.jar/org/jdownloader/gui/views/linkgrabber/quickfilter/FilterTable$7.class
   JD: Core.jar/org/jdownloader/gui/views/linkgrabber/quickfilter/FilterTable$8.class
   JD: Core.jar/org/jdownloader/gui/views/linkgrabber/quickfilter/FilterTable$9$1.class
   JD: Core.jar/org/jdownloader/gui/views/linkgrabber/quickfilter/FilterTable$9.class
   JD: Core.jar/org/jdownloader/gui/views/linkgrabber/quickfilter/FilterTable$FilterTableUpdater.class
   JD: Core.jar/org/jdownloader/gui/views/linkgrabber/quickfilter/FilterTable.class
   JD: Core.jar/org/jdownloader/gui/views/linkgrabber/quickfilter/QuickFilterExceptionsTable$1$1.class
   JD: Core.jar/org/jdownloader/gui/views/linkgrabber/quickfilter/QuickFilterExceptionsTable$1.class
   JD: Core.jar/org/jdownloader/gui/views/linkgrabber/quickfilter/QuickFilterExceptionsTable$2.class
   JD: Core.jar/org/jdownloader/gui/views/linkgrabber/quickfilter/QuickFilterExceptionsTable$3.class
   JD: Core.jar/org/jdownloader/gui/views/linkgrabber/quickfilter/QuickFilterExceptionsTable.class
   JD: Core.jar/org/jdownloader/images/AbstractIcon.class
   JD: Core.jar/org/jdownloader/images/IdentifierImageIcon.class
   JD: Core.jar/org/jdownloader/images/IdentifierWrapperIcon.class
   JD: Core.jar/org/jdownloader/myjdownloader/client/bindings/interfaces/DownloadsListInterface.class
   JD: Core.jar/org/jdownloader/myjdownloader/client/bindings/interfaces/LinkgrabberInterface.class
   JD: Core.jar/org/jdownloader/osevents/EventSource.class.removed
   JD: Core.jar/org/jdownloader/osevents/OperatingSystemEvent$Type.class
   JD: Core.jar/org/jdownloader/osevents/OperatingSystemEvent.class
   JD: Core.jar/org/jdownloader/osevents/OperatingSystemEventSender$1.class
   JD: Core.jar/org/jdownloader/osevents/OperatingSystemEventSender$2.class
   JD: Core.jar/org/jdownloader/osevents/OperatingSystemEventSender.class
   JD: Core.jar/org/jdownloader/osevents/ShutdownOperatingSystemVetoEvent.class.removed
   JD: Core.jar/org/jdownloader/osevents/multios/SignalEventSource$1.class
   JD: Core.jar/org/jdownloader/osevents/multios/SignalEventSource.class
   JD: Core.jar/org/jdownloader/plugins/DownloadPluginProgress.class
   JD: Core.jar/org/jdownloader/plugins/components/FlexShareCore.class
   JD: Core.jar/org/jdownloader/plugins/components/TurbobitCore$1.class
   JD: Core.jar/org/jdownloader/plugins/components/TurbobitCore$2.class
   JD: Core.jar/org/jdownloader/plugins/components/TurbobitCore$DownloadType.class
   JD: Core.jar/org/jdownloader/plugins/components/TurbobitCore.class
   JD: Core.jar/org/jdownloader/plugins/components/XFileSharingProBasic$1.class
   JD: Core.jar/org/jdownloader/plugins/components/XFileSharingProBasic$2.class.removed
   JD: Core.jar/org/jdownloader/plugins/components/XFileSharingProBasic$XFSApiAccountFactory$1.class
   JD: Core.jar/org/jdownloader/plugins/components/XFileSharingProBasic$XFSApiAccountFactory.class
   JD: Core.jar/org/jdownloader/plugins/components/XFileSharingProBasic.class
   JD: Core.jar/org/jdownloader/plugins/components/XFileSharingProBasicSpecialFilejoker.class
   JD: Core.jar/org/jdownloader/plugins/components/YetiShareCore$1.class
   JD: Core.jar/org/jdownloader/plugins/components/YetiShareCore$2.class
   JD: Core.jar/org/jdownloader/plugins/components/YetiShareCore.class
   JD: Core.jar/org/jdownloader/plugins/components/abstractSafeLinking.class
   JD: Core.jar/org/jdownloader/plugins/components/antiDDoSForHost$1.class
   JD: Core.jar/org/jdownloader/plugins/components/antiDDoSForHost.class
   JD: Core.jar/org/jdownloader/plugins/components/config/AnimeggOrgConfig$1.class
   JD: Core.jar/org/jdownloader/plugins/components/config/AnimeggOrgConfig$Quality$1.class
   JD: Core.jar/org/jdownloader/plugins/components/config/AnimeggOrgConfig$Quality$2.class
   JD: Core.jar/org/jdownloader/plugins/components/config/AnimeggOrgConfig$Quality$3.class
   JD: Core.jar/org/jdownloader/plugins/components/config/AnimeggOrgConfig$Quality$4.class
   JD: Core.jar/org/jdownloader/plugins/components/config/AnimeggOrgConfig$Quality$5.class
   JD: Core.jar/org/jdownloader/plugins/components/config/AnimeggOrgConfig$Quality.class
   JD: Core.jar/org/jdownloader/plugins/components/config/AnimeggOrgConfig.class
   JD: Core.jar/org/jdownloader/plugins/components/config/ArdConfigInterface.class
   JD: Core.jar/org/jdownloader/plugins/components/config/ArteMediathekConfig$1.class
   JD: Core.jar/org/jdownloader/plugins/components/config/ArteMediathekConfig$FilenameSchemeType$1.class
   JD: Core.jar/org/jdownloader/plugins/components/config/ArteMediathekConfig$FilenameSchemeType$2.class
   JD: Core.jar/org/jdownloader/plugins/components/config/ArteMediathekConfig$FilenameSchemeType$3.class
   JD: Core.jar/org/jdownloader/plugins/components/config/ArteMediathekConfig$FilenameSchemeType$4.class
   JD: Core.jar/org/jdownloader/plugins/components/config/ArteMediathekConfig$FilenameSchemeType.class
   JD: Core.jar/org/jdownloader/plugins/components/config/ArteMediathekConfig$PackagenameSchemeType$1.class
   JD: Core.jar/org/jdownloader/plugins/components/config/ArteMediathekConfig$PackagenameSchemeType$2.class
   JD: Core.jar/org/jdownloader/plugins/components/config/ArteMediathekConfig$PackagenameSchemeType$3.class
   JD: Core.jar/org/jdownloader/plugins/components/config/ArteMediathekConfig$PackagenameSchemeType.class
   JD: Core.jar/org/jdownloader/plugins/components/config/ArteMediathekConfig$QualitySelectionFallbackMode$1.class
   JD: Core.jar/org/jdownloader/plugins/components/config/ArteMediathekConfig$QualitySelectionFallbackMode$2.class
   JD: Core.jar/org/jdownloader/plugins/components/config/ArteMediathekConfig$QualitySelectionFallbackMode$3.class
   JD: Core.jar/org/jdownloader/plugins/components/config/ArteMediathekConfig$QualitySelectionFallbackMode.class
   JD: Core.jar/org/jdownloader/plugins/components/config/ArteMediathekConfig$QualitySelectionMode$1.class
   JD: Core.jar/org/jdownloader/plugins/components/config/ArteMediathekConfig$QualitySelectionMode$2.class
   JD: Core.jar/org/jdownloader/plugins/components/config/ArteMediathekConfig$QualitySelectionMode$3.class
   JD: Core.jar/org/jdownloader/plugins/components/config/ArteMediathekConfig$QualitySelectionMode.class
   JD: Core.jar/org/jdownloader/plugins/components/config/ArteMediathekConfig$TRANSLATION.class
   JD: Core.jar/org/jdownloader/plugins/components/config/ArteMediathekConfig.class
   JD: Core.jar/org/jdownloader/plugins/components/config/BiqleRuConfig.class
   JD: Core.jar/org/jdownloader/plugins/components/config/CzechavComConfigInterface$1.class
   JD: Core.jar/org/jdownloader/plugins/components/config/CzechavComConfigInterface$QualitySelectionFallbackMode$1.class
   JD: Core.jar/org/jdownloader/plugins/components/config/CzechavComConfigInterface$QualitySelectionFallbackMode$2.class
   JD: Core.jar/org/jdownloader/plugins/components/config/CzechavComConfigInterface$QualitySelectionFallbackMode$3.class
   JD: Core.jar/org/jdownloader/plugins/components/config/CzechavComConfigInterface$QualitySelectionFallbackMode.class
   JD: Core.jar/org/jdownloader/plugins/components/config/CzechavComConfigInterface$TRANSLATION.class
   JD: Core.jar/org/jdownloader/plugins/components/config/CzechavComConfigInterface.class
   JD: Core.jar/org/jdownloader/plugins/components/config/DeluxemusicTvConfigInterface$TRANSLATION.class.removed
   JD: Core.jar/org/jdownloader/plugins/components/config/DeluxemusicTvConfigInterface.class.removed
   JD: Core.jar/org/jdownloader/plugins/components/config/DropBoxConfig$TRANSLATION.class
   JD: Core.jar/org/jdownloader/plugins/components/config/DropBoxConfig.class
   JD: Core.jar/org/jdownloader/plugins/components/config/EpornerComConfig$PreferredStreamQuality$7.class
   JD: Core.jar/org/jdownloader/plugins/components/config/EpornerComConfig$PreferredStreamQuality$8.class
   JD: Core.jar/org/jdownloader/plugins/components/config/EpornerComConfig$PreferredStreamQuality.class
   JD: Core.jar/org/jdownloader/plugins/components/config/EvilangelCoreConfigEvilangel.class
   JD: Core.jar/org/jdownloader/plugins/components/config/FreeDiscPlConfig$1.class
   JD: Core.jar/org/jdownloader/plugins/components/config/FreeDiscPlConfig$StreamDownloadMode$1.class
   JD: Core.jar/org/jdownloader/plugins/components/config/FreeDiscPlConfig$StreamDownloadMode$2.class
   JD: Core.jar/org/jdownloader/plugins/components/config/FreeDiscPlConfig$StreamDownloadMode$3.class
   JD: Core.jar/org/jdownloader/plugins/components/config/FreeDiscPlConfig$StreamDownloadMode.class
   JD: Core.jar/org/jdownloader/plugins/components/config/FreeDiscPlConfig$TRANSLATION.class
   JD: Core.jar/org/jdownloader/plugins/components/config/FreeDiscPlConfig.class
   JD: Core.jar/org/jdownloader/plugins/components/config/InstagramConfig$1.class
   JD: Core.jar/org/jdownloader/plugins/components/config/InstagramConfig$FilenameType$1.class
   JD: Core.jar/org/jdownloader/plugins/components/config/InstagramConfig$FilenameType$2.class
   JD: Core.jar/org/jdownloader/plugins/components/config/InstagramConfig$FilenameType$3.class
   JD: Core.jar/org/jdownloader/plugins/components/config/InstagramConfig$FilenameType.class
   JD: Core.jar/org/jdownloader/plugins/components/config/InstagramConfig$MediaQualityDownloadMode$1.class
   JD: Core.jar/org/jdownloader/plugins/components/config/InstagramConfig$MediaQualityDownloadMode$2.class
   JD: Core.jar/org/jdownloader/plugins/components/config/InstagramConfig$MediaQualityDownloadMode$3.class
   JD: Core.jar/org/jdownloader/plugins/components/config/InstagramConfig$MediaQualityDownloadMode.class
   JD: Core.jar/org/jdownloader/plugins/components/config/InstagramConfig$SinglePostPackagenameSchemeType$1.class
   JD: Core.jar/org/jdownloader/plugins/components/config/InstagramConfig$SinglePostPackagenameSchemeType$2.class
   JD: Core.jar/org/jdownloader/plugins/components/config/InstagramConfig$SinglePostPackagenameSchemeType$3.class
   JD: Core.jar/org/jdownloader/plugins/components/config/InstagramConfig$SinglePostPackagenameSchemeType.class
   JD: Core.jar/org/jdownloader/plugins/components/config/InstagramConfig$StoriesHighlightsPackagenameSchemeType$1.class
   JD: Core.jar/org/jdownloader/plugins/components/config/InstagramConfig$StoriesHighlightsPackagenameSchemeType$2.class
   JD: Core.jar/org/jdownloader/plugins/components/config/InstagramConfig$StoriesHighlightsPackagenameSchemeType.class
   JD: Core.jar/org/jdownloader/plugins/components/config/InstagramConfig$StoryPackagenameSchemeType$1.class
   JD: Core.jar/org/jdownloader/plugins/components/config/InstagramConfig$StoryPackagenameSchemeType$2.class
   JD: Core.jar/org/jdownloader/plugins/components/config/InstagramConfig$StoryPackagenameSchemeType.class
   JD: Core.jar/org/jdownloader/plugins/components/config/InstagramConfig$TRANSLATION.class
   JD: Core.jar/org/jdownloader/plugins/components/config/InstagramConfig.class
   JD: Core.jar/org/jdownloader/plugins/components/config/IwaraTvConfig$1.class
   JD: Core.jar/org/jdownloader/plugins/components/config/IwaraTvConfig$FilenameScheme$1.class
   JD: Core.jar/org/jdownloader/plugins/components/config/IwaraTvConfig$FilenameScheme$2.class
   JD: Core.jar/org/jdownloader/plugins/components/config/IwaraTvConfig$FilenameScheme$3.class
   JD: Core.jar/org/jdownloader/plugins/components/config/IwaraTvConfig$FilenameScheme$4.class
   JD: Core.jar/org/jdownloader/plugins/components/config/IwaraTvConfig$FilenameScheme$5.class
   JD: Core.jar/org/jdownloader/plugins/components/config/IwaraTvConfig$FilenameScheme$6.class
   JD: Core.jar/org/jdownloader/plugins/components/config/IwaraTvConfig$FilenameScheme.class
   JD: Core.jar/org/jdownloader/plugins/components/config/IwaraTvConfig$TRANSLATION.class
   JD: Core.jar/org/jdownloader/plugins/components/config/IwaraTvConfig.class
   JD: Core.jar/org/jdownloader/plugins/components/config/MegaConzConfig$1.class
   JD: Core.jar/org/jdownloader/plugins/components/config/MegaConzConfig$LimitMode$1.class
   JD: Core.jar/org/jdownloader/plugins/components/config/MegaConzConfig$LimitMode$2.class
   JD: Core.jar/org/jdownloader/plugins/components/config/MegaConzConfig$LimitMode$3.class
   JD: Core.jar/org/jdownloader/plugins/components/config/MegaConzConfig$LimitMode.class
   JD: Core.jar/org/jdownloader/plugins/components/config/MegaConzConfig$TRANSLATION.class
   JD: Core.jar/org/jdownloader/plugins/components/config/MegaConzConfig.class
   JD: Core.jar/org/jdownloader/plugins/components/config/NaughtyamericaConfig$1.class
   JD: Core.jar/org/jdownloader/plugins/components/config/NaughtyamericaConfig$TRANSLATION.class
   JD: Core.jar/org/jdownloader/plugins/components/config/NaughtyamericaConfig$VideoImageGalleryCrawlMode$1.class
   JD: Core.jar/org/jdownloader/plugins/components/config/NaughtyamericaConfig$VideoImageGalleryCrawlMode$2.class
   JD: Core.jar/org/jdownloader/plugins/components/config/NaughtyamericaConfig$VideoImageGalleryCrawlMode$3.class
   JD: Core.jar/org/jdownloader/plugins/components/config/NaughtyamericaConfig$VideoImageGalleryCrawlMode.class
   JD: Core.jar/org/jdownloader/plugins/components/config/NaughtyamericaConfig.class
   JD: Core.jar/org/jdownloader/plugins/components/config/NitroflareConfig$TRANSLATION.class
   JD: Core.jar/org/jdownloader/plugins/components/config/NitroflareConfig.class
   JD: Core.jar/org/jdownloader/plugins/components/config/OneFichierConfigInterface$OneFichierConfigInterfaceTranslation.class
   JD: Core.jar/org/jdownloader/plugins/components/config/OneFichierConfigInterface.class
   JD: Core.jar/org/jdownloader/plugins/components/config/PixivNetConfig.class
   JD: Core.jar/org/jdownloader/plugins/components/config/RedditConfig$CommentsPackagenameScheme$1.class
   JD: Core.jar/org/jdownloader/plugins/components/config/RedditConfig$CommentsPackagenameScheme$2.class
   JD: Core.jar/org/jdownloader/plugins/components/config/RedditConfig$CommentsPackagenameScheme$3.class
   JD: Core.jar/org/jdownloader/plugins/components/config/RedditConfig$CommentsPackagenameScheme.class
   JD: Core.jar/org/jdownloader/plugins/components/config/RedditConfig$FilenameScheme$1.class
   JD: Core.jar/org/jdownloader/plugins/components/config/RedditConfig$FilenameScheme$2.class
   JD: Core.jar/org/jdownloader/plugins/components/config/RedditConfig$FilenameScheme$3.class
   JD: Core.jar/org/jdownloader/plugins/components/config/RedditConfig$FilenameScheme$4.class
   JD: Core.jar/org/jdownloader/plugins/components/config/RedditConfig$FilenameScheme.class
   JD: Core.jar/org/jdownloader/plugins/components/config/RedditConfig$TRANSLATION.class
   JD: Core.jar/org/jdownloader/plugins/components/config/RedditConfig$TextCrawlerMode$1.class
   JD: Core.jar/org/jdownloader/plugins/components/config/RedditConfig$TextCrawlerMode$2.class
   JD: Core.jar/org/jdownloader/plugins/components/config/RedditConfig$TextCrawlerMode$3.class
   JD: Core.jar/org/jdownloader/plugins/components/config/RedditConfig$TextCrawlerMode.class
   JD: Core.jar/org/jdownloader/plugins/components/config/RedditConfig.class
   JD: Core.jar/org/jdownloader/plugins/components/config/RumbleComConfig$1.class
   JD: Core.jar/org/jdownloader/plugins/components/config/RumbleComConfig$Quality$1.class
   JD: Core.jar/org/jdownloader/plugins/components/config/RumbleComConfig$Quality$2.class
   JD: Core.jar/org/jdownloader/plugins/components/config/RumbleComConfig$Quality$3.class
   JD: Core.jar/org/jdownloader/plugins/components/config/RumbleComConfig$Quality$4.class
   JD: Core.jar/org/jdownloader/plugins/components/config/RumbleComConfig$Quality$5.class
   JD: Core.jar/org/jdownloader/plugins/components/config/RumbleComConfig$Quality.class
   JD: Core.jar/org/jdownloader/plugins/components/config/RumbleComConfig$QualitySelectionMode$1.class
   JD: Core.jar/org/jdownloader/plugins/components/config/RumbleComConfig$QualitySelectionMode$2.class
   JD: Core.jar/org/jdownloader/plugins/components/config/RumbleComConfig$QualitySelectionMode$3.class
   JD: Core.jar/org/jdownloader/plugins/components/config/RumbleComConfig$QualitySelectionMode$4.class
   JD: Core.jar/org/jdownloader/plugins/components/config/RumbleComConfig$QualitySelectionMode.class
   JD: Core.jar/org/jdownloader/plugins/components/config/RumbleComConfig.class
   JD: Core.jar/org/jdownloader/plugins/components/config/SolidFilesComConfig$TRANSLATION.class
   JD: Core.jar/org/jdownloader/plugins/components/config/SolidFilesComConfig.class
   JD: Core.jar/org/jdownloader/plugins/components/config/SrfChConfig$1.class
   JD: Core.jar/org/jdownloader/plugins/components/config/SrfChConfig$Quality$1.class
   JD: Core.jar/org/jdownloader/plugins/components/config/SrfChConfig$Quality$2.class
   JD: Core.jar/org/jdownloader/plugins/components/config/SrfChConfig$Quality$3.class
   JD: Core.jar/org/jdownloader/plugins/components/config/SrfChConfig$Quality$4.class
   JD: Core.jar/org/jdownloader/plugins/components/config/SrfChConfig$Quality$5.class
   JD: Core.jar/org/jdownloader/plugins/components/config/SrfChConfig$Quality$6.class
   JD: Core.jar/org/jdownloader/plugins/components/config/SrfChConfig$Quality$7.class
   JD: Core.jar/org/jdownloader/plugins/components/config/SrfChConfig$Quality.class
   JD: Core.jar/org/jdownloader/plugins/components/config/SrfChConfig.class
   JD: Core.jar/org/jdownloader/plugins/components/config/ThreeQVideoConfig$TRANSLATION.class
   JD: Core.jar/org/jdownloader/plugins/components/config/ThreeQVideoConfig.class
   JD: Core.jar/org/jdownloader/plugins/components/config/TiktokConfig$1.class
   JD: Core.jar/org/jdownloader/plugins/components/config/TiktokConfig$CrawlMode$1.class
   JD: Core.jar/org/jdownloader/plugins/components/config/TiktokConfig$CrawlMode$2.class
   JD: Core.jar/org/jdownloader/plugins/components/config/TiktokConfig$CrawlMode.class
   JD: Core.jar/org/jdownloader/plugins/components/config/TiktokConfig$DownloadMode$1.class
   JD: Core.jar/org/jdownloader/plugins/components/config/TiktokConfig$DownloadMode$2.class
   JD: Core.jar/org/jdownloader/plugins/components/config/TiktokConfig$DownloadMode.class
   JD: Core.jar/org/jdownloader/plugins/components/config/TiktokConfig$TRANSLATION.class
   JD: Core.jar/org/jdownloader/plugins/components/config/TiktokConfig.class
   JD: Core.jar/org/jdownloader/plugins/components/config/TwitterConfigInterface$TRANSLATION.class
   JD: Core.jar/org/jdownloader/plugins/components/config/TwitterConfigInterface.class
   JD: Core.jar/org/jdownloader/plugins/components/config/WikifeetComConfig$1.class
   JD: Core.jar/org/jdownloader/plugins/components/config/WikifeetComConfig$AlbumPackagenameScheme$1.class
   JD: Core.jar/org/jdownloader/plugins/components/config/WikifeetComConfig$AlbumPackagenameScheme$2.class
   JD: Core.jar/org/jdownloader/plugins/components/config/WikifeetComConfig$AlbumPackagenameScheme.class
   JD: Core.jar/org/jdownloader/plugins/components/config/WikifeetComConfig$TRANSLATION.class
   JD: Core.jar/org/jdownloader/plugins/components/config/WikifeetComConfig.class
   JD: Core.jar/org/jdownloader/plugins/components/config/XFSConfigDropapk$TRANSLATION.class
   JD: Core.jar/org/jdownloader/plugins/components/config/XFSConfigDropapk.class
   JD: Core.jar/org/jdownloader/plugins/components/config/XFSConfigVideoVidloxMe.class.removed
   JD: Core.jar/org/jdownloader/plugins/components/config/XtremestreamCoConfig$1.class
   JD: Core.jar/org/jdownloader/plugins/components/config/XtremestreamCoConfig$Quality$1.class
   JD: Core.jar/org/jdownloader/plugins/components/config/XtremestreamCoConfig$Quality$2.class
   JD: Core.jar/org/jdownloader/plugins/components/config/XtremestreamCoConfig$Quality$3.class
   JD: Core.jar/org/jdownloader/plugins/components/config/XtremestreamCoConfig$Quality$4.class
   JD: Core.jar/org/jdownloader/plugins/components/config/XtremestreamCoConfig$Quality$5.class
   JD: Core.jar/org/jdownloader/plugins/components/config/XtremestreamCoConfig$Quality.class
   JD: Core.jar/org/jdownloader/plugins/components/config/XtremestreamCoConfig.class
   JD: Core.jar/org/jdownloader/plugins/components/config/XvideosComXnxxComConfig.class
   JD: Core.jar/org/jdownloader/plugins/components/google/GoogleHelper$1.class
   JD: Core.jar/org/jdownloader/plugins/components/google/GoogleHelper$2.class
   JD: Core.jar/org/jdownloader/plugins/components/google/GoogleHelper$3$1.class
   JD: Core.jar/org/jdownloader/plugins/components/google/GoogleHelper$3.class
   JD: Core.jar/org/jdownloader/plugins/components/google/GoogleHelper$4$1.class
   JD: Core.jar/org/jdownloader/plugins/components/google/GoogleHelper$4.class
   JD: Core.jar/org/jdownloader/plugins/components/google/GoogleHelper.class
   JD: Core.jar/org/jdownloader/plugins/components/hitomi-gg.js.removed
   JD: Core.jar/org/jdownloader/plugins/components/hls/HlsContainer$CODEC.class
   JD: Core.jar/org/jdownloader/plugins/components/hls/HlsContainer$CODEC_TYPE.class
   JD: Core.jar/org/jdownloader/plugins/components/hls/HlsContainer$StreamCodec.class
   JD: Core.jar/org/jdownloader/plugins/components/hls/HlsContainer.class
   JD: Core.jar/org/jdownloader/plugins/components/youtube/ItagHelper$1.class
   JD: Core.jar/org/jdownloader/plugins/components/youtube/ItagHelper$2.class
   JD: Core.jar/org/jdownloader/plugins/components/youtube/ItagHelper.class
   JD: Core.jar/org/jdownloader/plugins/components/youtube/YoutubeConfig$DefaultConvertSubtitleVariantMode.class
   JD: Core.jar/org/jdownloader/plugins/components/youtube/YoutubeFinalLinkResource.class
   JD: Core.jar/org/jdownloader/plugins/components/youtube/YoutubeHelper$1.class
   JD: Core.jar/org/jdownloader/plugins/components/youtube/YoutubeHelper$10.class
   JD: Core.jar/org/jdownloader/plugins/components/youtube/YoutubeHelper$11.class
   JD: Core.jar/org/jdownloader/plugins/components/youtube/YoutubeHelper$12.class
   JD: Core.jar/org/jdownloader/plugins/components/youtube/YoutubeHelper$13.class
   JD: Core.jar/org/jdownloader/plugins/components/youtube/YoutubeHelper$14.class
   JD: Core.jar/org/jdownloader/plugins/components/youtube/YoutubeHelper$15.class
   JD: Core.jar/org/jdownloader/plugins/components/youtube/YoutubeHelper$16.class
   JD: Core.jar/org/jdownloader/plugins/components/youtube/YoutubeHelper$17.class
   JD: Core.jar/org/jdownloader/plugins/components/youtube/YoutubeHelper$18.class
   JD: Core.jar/org/jdownloader/plugins/components/youtube/YoutubeHelper$19.class
   JD: Core.jar/org/jdownloader/plugins/components/youtube/YoutubeHelper$2.class
   JD: Core.jar/org/jdownloader/plugins/components/youtube/YoutubeHelper$20.class
   JD: Core.jar/org/jdownloader/plugins/components/youtube/YoutubeHelper$21.class
   JD: Core.jar/org/jdownloader/plugins/components/youtube/YoutubeHelper$22.class
   JD: Core.jar/org/jdownloader/plugins/components/youtube/YoutubeHelper$23.class
   JD: Core.jar/org/jdownloader/plugins/components/youtube/YoutubeHelper$24.class
   JD: Core.jar/org/jdownloader/plugins/components/youtube/YoutubeHelper$25.class
   JD: Core.jar/org/jdownloader/plugins/components/youtube/YoutubeHelper$26.class
   JD: Core.jar/org/jdownloader/plugins/components/youtube/YoutubeHelper$27.class
   JD: Core.jar/org/jdownloader/plugins/components/youtube/YoutubeHelper$28.class
   JD: Core.jar/org/jdownloader/plugins/components/youtube/YoutubeHelper$29.class
   JD: Core.jar/org/jdownloader/plugins/components/youtube/YoutubeHelper$3.class
   JD: Core.jar/org/jdownloader/plugins/components/youtube/YoutubeHelper$30.class
   JD: Core.jar/org/jdownloader/plugins/components/youtube/YoutubeHelper$31.class
   JD: Core.jar/org/jdownloader/plugins/components/youtube/YoutubeHelper$32.class
   JD: Core.jar/org/jdownloader/plugins/components/youtube/YoutubeHelper$33.class
   JD: Core.jar/org/jdownloader/plugins/components/youtube/YoutubeHelper$34.class
   JD: Core.jar/org/jdownloader/plugins/components/youtube/YoutubeHelper$35.class
   JD: Core.jar/org/jdownloader/plugins/components/youtube/YoutubeHelper$36.class
   JD: Core.jar/org/jdownloader/plugins/components/youtube/YoutubeHelper$37.class
   JD: Core.jar/org/jdownloader/plugins/components/youtube/YoutubeHelper$38.class
   JD: Core.jar/org/jdownloader/plugins/components/youtube/YoutubeHelper$39.class
   JD: Core.jar/org/jdownloader/plugins/components/youtube/YoutubeHelper$4.class
   JD: Core.jar/org/jdownloader/plugins/components/youtube/YoutubeHelper$40.class
   JD: Core.jar/org/jdownloader/plugins/components/youtube/YoutubeHelper$41.class
   JD: Core.jar/org/jdownloader/plugins/components/youtube/YoutubeHelper$42.class
   JD: Core.jar/org/jdownloader/plugins/components/youtube/YoutubeHelper$43.class
   JD: Core.jar/org/jdownloader/plugins/components/youtube/YoutubeHelper$5.class
   JD: Core.jar/org/jdownloader/plugins/components/youtube/YoutubeHelper$6.class
   JD: Core.jar/org/jdownloader/plugins/components/youtube/YoutubeHelper$7.class
   JD: Core.jar/org/jdownloader/plugins/components/youtube/YoutubeHelper$8.class
   JD: Core.jar/org/jdownloader/plugins/components/youtube/YoutubeHelper$9.class
   JD: Core.jar/org/jdownloader/plugins/components/youtube/YoutubeHelper$StreamMap.class
   JD: Core.jar/org/jdownloader/plugins/components/youtube/YoutubeHelper.class
   JD: Core.jar/org/jdownloader/plugins/components/youtube/YoutubeStreamData.class
   JD: Core.jar/org/jdownloader/plugins/components/youtube/itag/YoutubeITAG.class
   JD: Core.jar/org/jdownloader/plugins/components/youtube/variants/AbstractVariant$1$1.class
   JD: Core.jar/org/jdownloader/plugins/components/youtube/variants/AbstractVariant$1.class
   JD: Core.jar/org/jdownloader/plugins/components/youtube/variants/AbstractVariant$2.class
   JD: Core.jar/org/jdownloader/plugins/components/youtube/variants/AbstractVariant.class
   JD: Core.jar/org/jdownloader/plugins/components/youtube/variants/FileContainer$1.class
   JD: Core.jar/org/jdownloader/plugins/components/youtube/variants/FileContainer.class
   JD: Core.jar/org/jdownloader/plugins/components/youtube/variants/ImageVariant$1.class
   JD: Core.jar/org/jdownloader/plugins/components/youtube/variants/ImageVariant.class
   JD: Core.jar/org/jdownloader/plugins/components/youtube/variants/VariantBase$1.class
   JD: Core.jar/org/jdownloader/plugins/components/youtube/variants/VariantBase.class
   JD: Core.jar/org/jdownloader/plugins/controller/LazyPlugin$1.class
   JD: Core.jar/org/jdownloader/plugins/controller/LazyPlugin$FEATURE$1.class
   JD: Core.jar/org/jdownloader/plugins/controller/LazyPlugin$FEATURE$10.class
   JD: Core.jar/org/jdownloader/plugins/controller/LazyPlugin$FEATURE$11.class
   JD: Core.jar/org/jdownloader/plugins/controller/LazyPlugin$FEATURE$2.class
   JD: Core.jar/org/jdownloader/plugins/controller/LazyPlugin$FEATURE$3.class
   JD: Core.jar/org/jdownloader/plugins/controller/LazyPlugin$FEATURE$4.class
   JD: Core.jar/org/jdownloader/plugins/controller/LazyPlugin$FEATURE$5.class
   JD: Core.jar/org/jdownloader/plugins/controller/LazyPlugin$FEATURE$6.class
   JD: Core.jar/org/jdownloader/plugins/controller/LazyPlugin$FEATURE$7.class
   JD: Core.jar/org/jdownloader/plugins/controller/LazyPlugin$FEATURE$8.class
   JD: Core.jar/org/jdownloader/plugins/controller/LazyPlugin$FEATURE$9.class
   JD: Core.jar/org/jdownloader/plugins/controller/LazyPlugin$FEATURE.class
   JD: Core.jar/org/jdownloader/plugins/controller/LazyPlugin.class
   JD: Core.jar/org/jdownloader/plugins/controller/PluginClassLoader.class
   JD: Core.jar/org/jdownloader/plugins/controller/PluginController$1.class
   JD: Core.jar/org/jdownloader/plugins/controller/PluginController$CHECK_RESULT.class
   JD: Core.jar/org/jdownloader/plugins/controller/PluginController$PluginClassInfo.class
   JD: Core.jar/org/jdownloader/plugins/controller/PluginController.class
   JD: Core.jar/org/jdownloader/plugins/controller/crawler/CrawlerPluginController$1$1.class
   JD: Core.jar/org/jdownloader/plugins/controller/crawler/CrawlerPluginController$1.class
   JD: Core.jar/org/jdownloader/plugins/controller/crawler/CrawlerPluginController.class
   JD: Core.jar/org/jdownloader/plugins/controller/crawler/LazyCrawlerPlugin$1.class.removed
   JD: Core.jar/org/jdownloader/plugins/controller/crawler/LazyCrawlerPlugin$FEATURE$1.class.removed
   JD: Core.jar/org/jdownloader/plugins/controller/crawler/LazyCrawlerPlugin$FEATURE.class.removed
   JD: Core.jar/org/jdownloader/plugins/controller/crawler/LazyCrawlerPlugin.class
   JD: Core.jar/org/jdownloader/plugins/controller/crawler/LazyCrawlerPluginCache.class
   JD: Core.jar/org/jdownloader/plugins/controller/host/HostPluginController$1.class
   JD: Core.jar/org/jdownloader/plugins/controller/host/HostPluginController$2$2.class
   JD: Core.jar/org/jdownloader/plugins/controller/host/HostPluginController$2$3.class
   JD: Core.jar/org/jdownloader/plugins/controller/host/HostPluginController$2$4$1.class
   JD: Core.jar/org/jdownloader/plugins/controller/host/HostPluginController$2$4.class
   JD: Core.jar/org/jdownloader/plugins/controller/host/HostPluginController$2.class
   JD: Core.jar/org/jdownloader/plugins/controller/host/HostPluginController.class
   JD: Core.jar/org/jdownloader/plugins/controller/host/LazyHostPlugin$1.class.removed
   JD: Core.jar/org/jdownloader/plugins/controller/host/LazyHostPlugin$FEATURE$1.class.removed
   JD: Core.jar/org/jdownloader/plugins/controller/host/LazyHostPlugin$FEATURE$2.class.removed
   JD: Core.jar/org/jdownloader/plugins/controller/host/LazyHostPlugin$FEATURE$3.class.removed
   JD: Core.jar/org/jdownloader/plugins/controller/host/LazyHostPlugin$FEATURE$4.class.removed
   JD: Core.jar/org/jdownloader/plugins/controller/host/LazyHostPlugin$FEATURE.class.removed
   JD: Core.jar/org/jdownloader/plugins/controller/host/LazyHostPlugin$PROPERTY.class
   JD: Core.jar/org/jdownloader/plugins/controller/host/LazyHostPlugin.class
   JD: Core.jar/org/jdownloader/plugins/controller/host/LazyHostPluginCache$1.class
   JD: Core.jar/org/jdownloader/plugins/controller/host/LazyHostPluginCache.class
   JD: Core.jar/org/jdownloader/scripting/JavaScriptEngineFactory$1.class.removed
   JD: Core.jar/org/jdownloader/scripting/JavaScriptEngineFactory$CustomizedScriptEngineManager.class
   JD: Core.jar/org/jdownloader/scripting/JavaScriptEngineFactory$ExternalScriptable.class
   JD: Core.jar/org/jdownloader/scripting/JavaScriptEngineFactory$InterfaceImplementor$InterfaceImplementorInvocationHandler.class
   JD: Core.jar/org/jdownloader/scripting/JavaScriptEngineFactory$InterfaceImplementor.class
   JD: Core.jar/org/jdownloader/scripting/JavaScriptEngineFactory$RhinoCompiledScript.class
   JD: Core.jar/org/jdownloader/scripting/JavaScriptEngineFactory$RhinoScriptEngine$1.class
   JD: Core.jar/org/jdownloader/scripting/JavaScriptEngineFactory$RhinoScriptEngine.class
   JD: Core.jar/org/jdownloader/scripting/JavaScriptEngineFactory$RhinoTopLevel.class
   JD: Core.jar/org/jdownloader/scripting/JavaScriptEngineFactory.class
   JD: Core.jar/org/jdownloader/settings/GeneralSettings$CreateFolderTrigger.class
   JD: Core.jar/org/jdownloader/settings/GeneralSettings$DeleteContainerAction.class
   JD: Core.jar/org/jdownloader/settings/GeneralSettings$OnSkipDueToAlreadyExistsAction$1.class
   JD: Core.jar/org/jdownloader/settings/GeneralSettings$OnSkipDueToAlreadyExistsAction$2.class
   JD: Core.jar/org/jdownloader/settings/GeneralSettings$OnSkipDueToAlreadyExistsAction$3.class
   JD: Core.jar/org/jdownloader/settings/GeneralSettings$OnSkipDueToAlreadyExistsAction.class
   JD: Core.jar/org/jdownloader/settings/GeneralSettings.class
   JD: Core.jar/org/jdownloader/settings/GraphicalUserInterfaceSettings$1.class
   JD: Core.jar/org/jdownloader/settings/GraphicalUserInterfaceSettings$CLIPBOARD_SKIP_MODE.class
   JD: Core.jar/org/jdownloader/settings/GraphicalUserInterfaceSettings$ConfirmIncompleteArchiveAction$1.class
   JD: Core.jar/org/jdownloader/settings/GraphicalUserInterfaceSettings$ConfirmIncompleteArchiveAction$2.class
   JD: Core.jar/org/jdownloader/settings/GraphicalUserInterfaceSettings$ConfirmIncompleteArchiveAction$3.class
   JD: Core.jar/org/jdownloader/settings/GraphicalUserInterfaceSettings$ConfirmIncompleteArchiveAction$4.class
   JD: Core.jar/org/jdownloader/settings/GraphicalUserInterfaceSettings$ConfirmIncompleteArchiveAction.class
   JD: Core.jar/org/jdownloader/settings/GraphicalUserInterfaceSettings$CustomIsConfigViewVisible.class
   JD: Core.jar/org/jdownloader/settings/GraphicalUserInterfaceSettings$DefaultLookAndFeelTheme.class
   JD: Core.jar/org/jdownloader/settings/GraphicalUserInterfaceSettings$DeleteFileOptions$1.class
   JD: Core.jar/org/jdownloader/settings/GraphicalUserInterfaceSettings$DeleteFileOptions$2.class
   JD: Core.jar/org/jdownloader/settings/GraphicalUserInterfaceSettings$DeleteFileOptions$3.class
   JD: Core.jar/org/jdownloader/settings/GraphicalUserInterfaceSettings$DeleteFileOptions.class
   JD: Core.jar/org/jdownloader/settings/GraphicalUserInterfaceSettings$DockingPosition$1.class
   JD: Core.jar/org/jdownloader/settings/GraphicalUserInterfaceSettings$DockingPosition$2.class
   JD: Core.jar/org/jdownloader/settings/GraphicalUserInterfaceSettings$DockingPosition.class
   JD: Core.jar/org/jdownloader/settings/GraphicalUserInterfaceSettings$DonateButtonState$1.class
   JD: Core.jar/org/jdownloader/settings/GraphicalUserInterfaceSettings$DonateButtonState$2.class
   JD: Core.jar/org/jdownloader/settings/GraphicalUserInterfaceSettings$DonateButtonState$3.class
   JD: Core.jar/org/jdownloader/settings/GraphicalUserInterfaceSettings$DonateButtonState$4.class
   JD: Core.jar/org/jdownloader/settings/GraphicalUserInterfaceSettings$DonateButtonState.class
   JD: Core.jar/org/jdownloader/settings/GraphicalUserInterfaceSettings$DownloadFolderChooserDialogDefaultPath$1.class
   JD: Core.jar/org/jdownloader/settings/GraphicalUserInterfaceSettings$DownloadFolderChooserDialogDefaultPath$2.class
   JD: Core.jar/org/jdownloader/settings/GraphicalUserInterfaceSettings$DownloadFolderChooserDialogDefaultPath$3.class
   JD: Core.jar/org/jdownloader/settings/GraphicalUserInterfaceSettings$DownloadFolderChooserDialogDefaultPath.class
   JD: Core.jar/org/jdownloader/settings/GraphicalUserInterfaceSettings$DownloadFolderChooserDialogSubfolder.class
   JD: Core.jar/org/jdownloader/settings/GraphicalUserInterfaceSettings$LinkDoubleClickAction.class
   JD: Core.jar/org/jdownloader/settings/GraphicalUserInterfaceSettings$LookAndFeelType$1.class.removed
   JD: Core.jar/org/jdownloader/settings/GraphicalUserInterfaceSettings$LookAndFeelType.class.removed
   JD: Core.jar/org/jdownloader/settings/GraphicalUserInterfaceSettings$MacDockProgressDisplay$1.class
   JD: Core.jar/org/jdownloader/settings/GraphicalUserInterfaceSettings$MacDockProgressDisplay$2.class
   JD: Core.jar/org/jdownloader/settings/GraphicalUserInterfaceSettings$MacDockProgressDisplay.class
   JD: Core.jar/org/jdownloader/settings/GraphicalUserInterfaceSettings$NewLinksInLinkgrabberAction.class
   JD: Core.jar/org/jdownloader/settings/GraphicalUserInterfaceSettings$PackageDoubleClickAction.class
   JD: Core.jar/org/jdownloader/settings/GraphicalUserInterfaceSettings$Position.class
   JD: Core.jar/org/jdownloader/settings/GraphicalUserInterfaceSettings$PremiumStatusBarDisplay.class
   JD: Core.jar/org/jdownloader/settings/GraphicalUserInterfaceSettings$RlyWarnLevel.class
   JD: Core.jar/org/jdownloader/settings/GraphicalUserInterfaceSettings$SIZEUNIT.class
   JD: Core.jar/org/jdownloader/settings/GraphicalUserInterfaceSettings$ShowSpeedInWindowTitleTrigger.class
   JD: Core.jar/org/jdownloader/settings/GraphicalUserInterfaceSettings$StartButtonAction.class
   JD: Core.jar/org/jdownloader/settings/GraphicalUserInterfaceSettings$WindowsTaskBarProgressDisplay$1.class
   JD: Core.jar/org/jdownloader/settings/GraphicalUserInterfaceSettings$WindowsTaskBarProgressDisplay$2.class
   JD: Core.jar/org/jdownloader/settings/GraphicalUserInterfaceSettings$WindowsTaskBarProgressDisplay$3.class
   JD: Core.jar/org/jdownloader/settings/GraphicalUserInterfaceSettings$WindowsTaskBarProgressDisplay.class
   JD: Core.jar/org/jdownloader/settings/GraphicalUserInterfaceSettings.class
   JD: Core.jar/org/jdownloader/settings/advanced/AdvancedConfigAPIEntry.class
   JD: Core.jar/org/jdownloader/settings/advanced/AdvancedConfigEntry$1$1.class
   JD: Core.jar/org/jdownloader/settings/advanced/AdvancedConfigEntry$1.class
   JD: Core.jar/org/jdownloader/settings/advanced/AdvancedConfigEntry$2$1.class
   JD: Core.jar/org/jdownloader/settings/advanced/AdvancedConfigEntry$2.class
   JD: Core.jar/org/jdownloader/settings/advanced/AdvancedConfigEntry.class
   JD: Core.jar/org/jdownloader/settings/advanced/AdvandedValueEditor.class
   JD: Core.jar/org/jdownloader/startup/Main$1.class
   JD: Core.jar/org/jdownloader/startup/Main$2.class
   JD: Core.jar/org/jdownloader/startup/Main$3$1$1.class
   JD: Core.jar/org/jdownloader/startup/Main$3$1$2.class
   JD: Core.jar/org/jdownloader/startup/Main$3$1.class
   JD: Core.jar/org/jdownloader/startup/Main$3$2.class
   JD: Core.jar/org/jdownloader/startup/Main$3.class
   JD: Core.jar/org/jdownloader/startup/Main$4.class
   JD: Core.jar/org/jdownloader/startup/Main.class
   JD: Core.jar/org/jdownloader/tests/IDETestRunnerStorableValidator.class
   JD: Core.jar/org/jdownloader/tests/PluginConfigValidator$1.class
   JD: Core.jar/org/jdownloader/tests/PluginConfigValidator.class
   JD: Core.jar/org/jdownloader/translate/JdownloaderTranslation.class
   JD: extensions/Extraction.jar/org/jdownloader/extensions/extraction/ExtractionConfig.class
   JD: extensions/Extraction.jar/org/jdownloader/extensions/extraction/ExtractionController$1.class
   JD: extensions/Extraction.jar/org/jdownloader/extensions/extraction/ExtractionController$2.class
   JD: extensions/Extraction.jar/org/jdownloader/extensions/extraction/ExtractionController$3.class
   JD: extensions/Extraction.jar/org/jdownloader/extensions/extraction/ExtractionController.class
   JD: extensions/Extraction.jar/org/jdownloader/extensions/extraction/ExtractionControllerException.class
   JD: extensions/Extraction.jar/org/jdownloader/extensions/extraction/ExtractionExtension.class
   JD: extensions/Extraction.jar/org/jdownloader/extensions/extraction/IExtraction.class
   JD: extensions/Extraction.jar/org/jdownloader/extensions/extraction/actions/ExtractAction$1$1.class
   JD: extensions/Extraction.jar/org/jdownloader/extensions/extraction/actions/ExtractAction$1$2$1.class.removed
   JD: extensions/Extraction.jar/org/jdownloader/extensions/extraction/actions/ExtractAction$1$2.class
   JD: extensions/Extraction.jar/org/jdownloader/extensions/extraction/actions/ExtractAction$1$3$1.class
   JD: extensions/Extraction.jar/org/jdownloader/extensions/extraction/actions/ExtractAction$1$3.class
   JD: extensions/Extraction.jar/org/jdownloader/extensions/extraction/actions/ExtractAction$1$4.class
   JD: extensions/Extraction.jar/org/jdownloader/extensions/extraction/actions/ExtractAction$1.class
   JD: extensions/Extraction.jar/org/jdownloader/extensions/extraction/actions/ExtractAction$2.class
   JD: extensions/Extraction.jar/org/jdownloader/extensions/extraction/actions/ExtractAction$ExtractToPathLogic$1.class
   JD: extensions/Extraction.jar/org/jdownloader/extensions/extraction/actions/ExtractAction$ExtractToPathLogic$2.class
   JD: extensions/Extraction.jar/org/jdownloader/extensions/extraction/actions/ExtractAction$ExtractToPathLogic$3.class
   JD: extensions/Extraction.jar/org/jdownloader/extensions/extraction/actions/ExtractAction$ExtractToPathLogic$4.class
   JD: extensions/Extraction.jar/org/jdownloader/extensions/extraction/actions/ExtractAction$ExtractToPathLogic.class
   JD: extensions/Extraction.jar/org/jdownloader/extensions/extraction/actions/ExtractAction.class
   JD: extensions/Extraction.jar/org/jdownloader/extensions/extraction/bindings/file/FileArchiveFactory$1.class
   JD: extensions/Extraction.jar/org/jdownloader/extensions/extraction/bindings/file/FileArchiveFactory$2.class
   JD: extensions/Extraction.jar/org/jdownloader/extensions/extraction/bindings/file/FileArchiveFactory.class
   JD: extensions/Extraction.jar/org/jdownloader/extensions/extraction/bindings/file/FileArchiveFactoryNIO.class
   JD: extensions/Extraction.jar/org/jdownloader/extensions/extraction/contextmenu/ArchivesSubMenu$1$1.class
   JD: extensions/Extraction.jar/org/jdownloader/extensions/extraction/contextmenu/ArchivesSubMenu$1.class
   JD: extensions/Extraction.jar/org/jdownloader/extensions/extraction/contextmenu/ArchivesSubMenu.class
   JD: extensions/Extraction.jar/org/jdownloader/extensions/extraction/contextmenu/downloadlist/CleanupSubMenu$1$1.class
   JD: extensions/Extraction.jar/org/jdownloader/extensions/extraction/contextmenu/downloadlist/CleanupSubMenu$1.class
   JD: extensions/Extraction.jar/org/jdownloader/extensions/extraction/contextmenu/downloadlist/CleanupSubMenu.class
   JD: extensions/Extraction.jar/org/jdownloader/extensions/extraction/gui/iffileexistsdialog/IfFileExistsDialog$1.class
   JD: extensions/Extraction.jar/org/jdownloader/extensions/extraction/gui/iffileexistsdialog/IfFileExistsDialog$2.class
   JD: extensions/Extraction.jar/org/jdownloader/extensions/extraction/gui/iffileexistsdialog/IfFileExistsDialog$3.class
   JD: extensions/Extraction.jar/org/jdownloader/extensions/extraction/gui/iffileexistsdialog/IfFileExistsDialog$4.class
   JD: extensions/Extraction.jar/org/jdownloader/extensions/extraction/gui/iffileexistsdialog/IfFileExistsDialog.class
   JD: extensions/Extraction.jar/org/jdownloader/extensions/extraction/multi/Multi$1.class
   JD: extensions/Extraction.jar/org/jdownloader/extensions/extraction/multi/Multi$2.class
   JD: extensions/Extraction.jar/org/jdownloader/extensions/extraction/multi/Multi$3.class
   JD: extensions/Extraction.jar/org/jdownloader/extensions/extraction/multi/Multi.class
   JD: extensions/Extraction.jar/org/jdownloader/extensions/extraction/multi/Zip4J$1.class
   JD: extensions/Extraction.jar/org/jdownloader/extensions/extraction/multi/Zip4J$2.class
   JD: extensions/Extraction.jar/org/jdownloader/extensions/extraction/multi/Zip4J.class
   JD: extensions/Extraction.jar/org/jdownloader/extensions/extraction/split/SplitUtil$1.class
   JD: extensions/Extraction.jar/org/jdownloader/extensions/extraction/split/SplitUtil$2.class
   JD: extensions/Extraction.jar/org/jdownloader/extensions/extraction/split/SplitUtil$3.class
   JD: extensions/Extraction.jar/org/jdownloader/extensions/extraction/split/SplitUtil.class
   JD: extensions/Extraction.jar/org/jdownloader/extensions/extraction/split/XtreamSplit$1.class
   JD: extensions/Extraction.jar/org/jdownloader/extensions/extraction/split/XtreamSplit$2.class
   JD: extensions/Extraction.jar/org/jdownloader/extensions/extraction/split/XtreamSplit$3.class
   JD: extensions/Extraction.jar/org/jdownloader/extensions/extraction/split/XtreamSplit$4.class
   JD: extensions/Extraction.jar/org/jdownloader/extensions/extraction/split/XtreamSplit.class
   JD: extensions/Extraction.jar/org/jdownloader/extensions/extraction/translate/ExtractionTranslation.class
   JD: libs/JDGUI.jar/jd/gui/swing/AWTMacOSApplicationAdapter$1$1$1$1.class.removed
   JD: libs/JDGUI.jar/jd/gui/swing/AWTMacOSApplicationAdapter$1$1$1$2.class.removed
   JD: libs/JDGUI.jar/jd/gui/swing/AWTMacOSApplicationAdapter$1$1$1.class.removed
   JD: libs/JDGUI.jar/jd/gui/swing/AWTMacOSApplicationAdapter$1$1.class.removed
   JD: libs/JDGUI.jar/jd/gui/swing/AWTMacOSApplicationAdapter$1.class.removed
   JD: libs/JDGUI.jar/jd/gui/swing/AWTMacOSApplicationAdapter$2$1$1.class.removed
   JD: libs/JDGUI.jar/jd/gui/swing/AWTMacOSApplicationAdapter$2$1.class.removed
   JD: libs/JDGUI.jar/jd/gui/swing/AWTMacOSApplicationAdapter$2.class.removed
   JD: libs/JDGUI.jar/jd/gui/swing/AWTMacOSApplicationAdapter$3$1$1.class.removed
   JD: libs/JDGUI.jar/jd/gui/swing/AWTMacOSApplicationAdapter$3$1.class.removed
   JD: libs/JDGUI.jar/jd/gui/swing/AWTMacOSApplicationAdapter$3.class.removed
   JD: libs/JDGUI.jar/jd/gui/swing/AWTMacOSApplicationAdapter$4$1$1.class.removed
   JD: libs/JDGUI.jar/jd/gui/swing/AWTMacOSApplicationAdapter$4$1.class.removed
   JD: libs/JDGUI.jar/jd/gui/swing/AWTMacOSApplicationAdapter$4.class.removed
   JD: libs/JDGUI.jar/jd/gui/swing/AWTMacOSApplicationAdapter$5.class.removed
   JD: libs/JDGUI.jar/jd/gui/swing/AWTMacOSApplicationAdapter$6.class.removed
   JD: libs/JDGUI.jar/jd/gui/swing/AWTMacOSApplicationAdapter.class.removed
   JD: libs/JDGUI.jar/jd/gui/swing/EAWTMacOSApplicationAdapter$1.class.removed
   JD: libs/JDGUI.jar/jd/gui/swing/EAWTMacOSApplicationAdapter$2$1.class.removed
   JD: libs/JDGUI.jar/jd/gui/swing/EAWTMacOSApplicationAdapter$2$2.class.removed
   JD: libs/JDGUI.jar/jd/gui/swing/EAWTMacOSApplicationAdapter$2$3.class.removed
   JD: libs/JDGUI.jar/jd/gui/swing/EAWTMacOSApplicationAdapter$2.class.removed
   JD: libs/JDGUI.jar/jd/gui/swing/EAWTMacOSApplicationAdapter$3$1.class.removed
   JD: libs/JDGUI.jar/jd/gui/swing/EAWTMacOSApplicationAdapter$3$2.class.removed
   JD: libs/JDGUI.jar/jd/gui/swing/EAWTMacOSApplicationAdapter$3$3.class.removed
   JD: libs/JDGUI.jar/jd/gui/swing/EAWTMacOSApplicationAdapter$3.class.removed
   JD: libs/JDGUI.jar/jd/gui/swing/EAWTMacOSApplicationAdapter$4$1.class.removed
   JD: libs/JDGUI.jar/jd/gui/swing/EAWTMacOSApplicationAdapter$4$2.class.removed
   JD: libs/JDGUI.jar/jd/gui/swing/EAWTMacOSApplicationAdapter$4.class.removed
   JD: libs/JDGUI.jar/jd/gui/swing/EAWTMacOSApplicationAdapter$5.class.removed
   JD: libs/JDGUI.jar/jd/gui/swing/EAWTMacOSApplicationAdapter$6.class.removed
   JD: libs/JDGUI.jar/jd/gui/swing/EAWTMacOSApplicationAdapter.class.removed
   JD: libs/JDGUI.jar/jd/gui/swing/MacOSApplicationAdapter.class.removed
   JD: libs/JDGUI.jar/jd/gui/swing/dialog/AboutDialog$1$1.class
   JD: libs/JDGUI.jar/jd/gui/swing/dialog/AboutDialog$1.class
   JD: libs/JDGUI.jar/jd/gui/swing/dialog/AboutDialog$2$1.class
   JD: libs/JDGUI.jar/jd/gui/swing/dialog/AboutDialog$2.class
   JD: libs/JDGUI.jar/jd/gui/swing/dialog/AboutDialog$3.class
   JD: libs/JDGUI.jar/jd/gui/swing/dialog/AboutDialog$4.class
   JD: libs/JDGUI.jar/jd/gui/swing/dialog/AboutDialog$5.class
   JD: libs/JDGUI.jar/jd/gui/swing/dialog/AboutDialog$6$1.class
   JD: libs/JDGUI.jar/jd/gui/swing/dialog/AboutDialog$6.class
   JD: libs/JDGUI.jar/jd/gui/swing/dialog/AboutDialog.class
   JD: libs/JDGUI.jar/jd/gui/swing/dialog/HosterChooserTableModel$1.class
   JD: libs/JDGUI.jar/jd/gui/swing/dialog/HosterChooserTableModel$2.class
   JD: libs/JDGUI.jar/jd/gui/swing/dialog/HosterChooserTableModel$3$1.class
   JD: libs/JDGUI.jar/jd/gui/swing/dialog/HosterChooserTableModel$3.class
   JD: libs/JDGUI.jar/jd/gui/swing/dialog/HosterChooserTableModel$4.class
   JD: libs/JDGUI.jar/jd/gui/swing/dialog/HosterChooserTableModel$5.class
   JD: libs/JDGUI.jar/jd/gui/swing/dialog/HosterChooserTableModel.class
   JD: libs/JDGUI.jar/jd/gui/swing/jdgui/components/toolbar/MainToolBar$1$1$1.class
   JD: libs/JDGUI.jar/jd/gui/swing/jdgui/components/toolbar/MainToolBar$1$1.class
   JD: libs/JDGUI.jar/jd/gui/swing/jdgui/components/toolbar/MainToolBar$1.class
   JD: libs/JDGUI.jar/jd/gui/swing/jdgui/components/toolbar/MainToolBar$10.class
   JD: libs/JDGUI.jar/jd/gui/swing/jdgui/components/toolbar/MainToolBar$11.class
   JD: libs/JDGUI.jar/jd/gui/swing/jdgui/components/toolbar/MainToolBar$12$1.class
   JD: libs/JDGUI.jar/jd/gui/swing/jdgui/components/toolbar/MainToolBar$12.class
   JD: libs/JDGUI.jar/jd/gui/swing/jdgui/components/toolbar/MainToolBar$2$1.class
   JD: libs/JDGUI.jar/jd/gui/swing/jdgui/components/toolbar/MainToolBar$2.class
   JD: libs/JDGUI.jar/jd/gui/swing/jdgui/components/toolbar/MainToolBar$3.class
   JD: libs/JDGUI.jar/jd/gui/swing/jdgui/components/toolbar/MainToolBar$4.class
   JD: libs/JDGUI.jar/jd/gui/swing/jdgui/components/toolbar/MainToolBar$5$1$1.class
   JD: libs/JDGUI.jar/jd/gui/swing/jdgui/components/toolbar/MainToolBar$5$1.class
   JD: libs/JDGUI.jar/jd/gui/swing/jdgui/components/toolbar/MainToolBar$5$2.class
   JD: libs/JDGUI.jar/jd/gui/swing/jdgui/components/toolbar/MainToolBar$5.class
   JD: libs/JDGUI.jar/jd/gui/swing/jdgui/components/toolbar/MainToolBar$6$1.class
   JD: libs/JDGUI.jar/jd/gui/swing/jdgui/components/toolbar/MainToolBar$6.class
   JD: libs/JDGUI.jar/jd/gui/swing/jdgui/components/toolbar/MainToolBar$7.class
   JD: libs/JDGUI.jar/jd/gui/swing/jdgui/components/toolbar/MainToolBar$8.class
   JD: libs/JDGUI.jar/jd/gui/swing/jdgui/components/toolbar/MainToolBar$9.class
   JD: libs/JDGUI.jar/jd/gui/swing/jdgui/components/toolbar/MainToolBar.class
   JD: libs/JDGUI.jar/jd/gui/swing/jdgui/menu/JDMenuBar$2.class
   JD: libs/JDGUI.jar/jd/gui/swing/jdgui/menu/JDMenuBar$3.class
   JD: libs/JDGUI.jar/jd/gui/swing/jdgui/menu/JDMenuBar.class
   JD: libs/JDGUI.jar/jd/gui/swing/jdgui/menu/actions/AboutAction.class
   JD: libs/JDGUI.jar/jd/gui/swing/jdgui/menu/actions/LatestChangesAction.class
   JD: libs/JDGUI.jar/jd/gui/swing/jdgui/views/settings/GUIConfigEntry.class
   JD: libs/JDGUI.jar/jd/gui/swing/jdgui/views/settings/panels/MyJDownloaderSettingsPanel$3.class
   JD: libs/JDGUI.jar/jd/gui/swing/jdgui/views/settings/panels/accountmanager/AccountEntry.class
   JD: libs/JDGUI.jar/jd/gui/swing/jdgui/views/settings/panels/advanced/AdvancedConfigTableModel$1.class
   JD: libs/JDGUI.jar/jd/gui/swing/jdgui/views/settings/panels/advanced/AdvancedConfigTableModel$2.class
   JD: libs/JDGUI.jar/jd/gui/swing/jdgui/views/settings/panels/advanced/AdvancedConfigTableModel$3.class
   JD: libs/JDGUI.jar/jd/gui/swing/jdgui/views/settings/panels/advanced/AdvancedConfigTableModel$4.class
   JD: libs/JDGUI.jar/jd/gui/swing/jdgui/views/settings/panels/advanced/AdvancedConfigTableModel$5$1.class
   JD: libs/JDGUI.jar/jd/gui/swing/jdgui/views/settings/panels/advanced/AdvancedConfigTableModel$5.class
   JD: libs/JDGUI.jar/jd/gui/swing/jdgui/views/settings/panels/advanced/AdvancedConfigTableModel.class
   JD: libs/JDGUI.jar/jd/gui/swing/jdgui/views/settings/panels/advanced/AdvancedTable$2.class
   JD: libs/JDGUI.jar/jd/gui/swing/jdgui/views/settings/panels/advanced/EditColumn$1.class
   JD: libs/JDGUI.jar/jd/gui/swing/jdgui/views/settings/panels/advanced/EditColumn$2.class
   JD: libs/JDGUI.jar/jd/gui/swing/jdgui/views/settings/panels/advanced/EditColumn$InfoAction.class
   JD: libs/JDGUI.jar/jd/gui/swing/jdgui/views/settings/panels/advanced/EditColumn$ResetAction$1.class
   JD: libs/JDGUI.jar/jd/gui/swing/jdgui/views/settings/panels/advanced/EditColumn$ResetAction.class
   JD: libs/JDGUI.jar/jd/gui/swing/jdgui/views/settings/panels/advanced/EditColumn.class
   JD: libs/JDGUI.jar/jd/gui/swing/jdgui/views/settings/panels/linkgrabberfilter/LinkgrabberFilter$5.class
   JD: libs/JDGUI.jar/jd/gui/swing/jdgui/views/settings/panels/linkgrabberfilter/LinkgrabberFilter$6.class
   JD: libs/JDGUI.jar/jd/gui/swing/jdgui/views/settings/panels/linkgrabberfilter/LinkgrabberFilter$7.class
   JD: libs/JDGUI.jar/jd/gui/swing/jdgui/views/settings/panels/linkgrabberfilter/LinkgrabberFilter.class
   JD: libs/JDGUI.jar/jd/gui/swing/jdgui/views/settings/panels/linkgrabberfilter/RemoveAction$1.class
   JD: libs/JDGUI.jar/jd/gui/swing/jdgui/views/settings/panels/linkgrabberfilter/RemoveAction.class
   JD: libs/JDGUI.jar/jd/gui/swing/jdgui/views/settings/panels/linkgrabberfilter/editdialog/ConditionDialog$1.class
   JD: libs/JDGUI.jar/jd/gui/swing/jdgui/views/settings/panels/linkgrabberfilter/editdialog/ConditionDialog$10.class
   JD: libs/JDGUI.jar/jd/gui/swing/jdgui/views/settings/panels/linkgrabberfilter/editdialog/ConditionDialog$11.class
   JD: libs/JDGUI.jar/jd/gui/swing/jdgui/views/settings/panels/linkgrabberfilter/editdialog/ConditionDialog$12.class
   JD: libs/JDGUI.jar/jd/gui/swing/jdgui/views/settings/panels/linkgrabberfilter/editdialog/ConditionDialog$13.class
   JD: libs/JDGUI.jar/jd/gui/swing/jdgui/views/settings/panels/linkgrabberfilter/editdialog/ConditionDialog$14.class
   JD: libs/JDGUI.jar/jd/gui/swing/jdgui/views/settings/panels/linkgrabberfilter/editdialog/ConditionDialog$15.class
   JD: libs/JDGUI.jar/jd/gui/swing/jdgui/views/settings/panels/linkgrabberfilter/editdialog/ConditionDialog$16.class
   JD: libs/JDGUI.jar/jd/gui/swing/jdgui/views/settings/panels/linkgrabberfilter/editdialog/ConditionDialog$17.class
   JD: libs/JDGUI.jar/jd/gui/swing/jdgui/views/settings/panels/linkgrabberfilter/editdialog/ConditionDialog$18.class
   JD: libs/JDGUI.jar/jd/gui/swing/jdgui/views/settings/panels/linkgrabberfilter/editdialog/ConditionDialog$19.class
   JD: libs/JDGUI.jar/jd/gui/swing/jdgui/views/settings/panels/linkgrabberfilter/editdialog/ConditionDialog$2.class
   JD: libs/JDGUI.jar/jd/gui/swing/jdgui/views/settings/panels/linkgrabberfilter/editdialog/ConditionDialog$20.class
   JD: libs/JDGUI.jar/jd/gui/swing/jdgui/views/settings/panels/linkgrabberfilter/editdialog/ConditionDialog$21.class
   JD: libs/JDGUI.jar/jd/gui/swing/jdgui/views/settings/panels/linkgrabberfilter/editdialog/ConditionDialog$22.class
   JD: libs/JDGUI.jar/jd/gui/swing/jdgui/views/settings/panels/linkgrabberfilter/editdialog/ConditionDialog$23.class
   JD: libs/JDGUI.jar/jd/gui/swing/jdgui/views/settings/panels/linkgrabberfilter/editdialog/ConditionDialog$24.class
   JD: libs/JDGUI.jar/jd/gui/swing/jdgui/views/settings/panels/linkgrabberfilter/editdialog/ConditionDialog$25.class
   JD: libs/JDGUI.jar/jd/gui/swing/jdgui/views/settings/panels/linkgrabberfilter/editdialog/ConditionDialog$26.class
   JD: libs/JDGUI.jar/jd/gui/swing/jdgui/views/settings/panels/linkgrabberfilter/editdialog/ConditionDialog$27.class
   JD: libs/JDGUI.jar/jd/gui/swing/jdgui/views/settings/panels/linkgrabberfilter/editdialog/ConditionDialog$28.class
   JD: libs/JDGUI.jar/jd/gui/swing/jdgui/views/settings/panels/linkgrabberfilter/editdialog/ConditionDialog$29.class
   JD: libs/JDGUI.jar/jd/gui/swing/jdgui/views/settings/panels/linkgrabberfilter/editdialog/ConditionDialog$3$1.class.removed
   JD: libs/JDGUI.jar/jd/gui/swing/jdgui/views/settings/panels/linkgrabberfilter/editdialog/ConditionDialog$3$2.class.removed
   JD: libs/JDGUI.jar/jd/gui/swing/jdgui/views/settings/panels/linkgrabberfilter/editdialog/ConditionDialog$3$3.class.removed
   JD: libs/JDGUI.jar/jd/gui/swing/jdgui/views/settings/panels/linkgrabberfilter/editdialog/ConditionDialog$3.class
   JD: libs/JDGUI.jar/jd/gui/swing/jdgui/views/settings/panels/linkgrabberfilter/editdialog/ConditionDialog$30.class
   JD: libs/JDGUI.jar/jd/gui/swing/jdgui/views/settings/panels/linkgrabberfilter/editdialog/ConditionDialog$31.class
   JD: libs/JDGUI.jar/jd/gui/swing/jdgui/views/settings/panels/linkgrabberfilter/editdialog/ConditionDialog$32.class
   JD: libs/JDGUI.jar/jd/gui/swing/jdgui/views/settings/panels/linkgrabberfilter/editdialog/ConditionDialog$33.class
   JD: libs/JDGUI.jar/jd/gui/swing/jdgui/views/settings/panels/linkgrabberfilter/editdialog/ConditionDialog$34.class
   JD: libs/JDGUI.jar/jd/gui/swing/jdgui/views/settings/panels/linkgrabberfilter/editdialog/ConditionDialog$35.class
   JD: libs/JDGUI.jar/jd/gui/swing/jdgui/views/settings/panels/linkgrabberfilter/editdialog/ConditionDialog$36.class
   JD: libs/JDGUI.jar/jd/gui/swing/jdgui/views/settings/panels/linkgrabberfilter/editdialog/ConditionDialog$37.class
   JD: libs/JDGUI.jar/jd/gui/swing/jdgui/views/settings/panels/linkgrabberfilter/editdialog/ConditionDialog$38.class
   JD: libs/JDGUI.jar/jd/gui/swing/jdgui/views/settings/panels/linkgrabberfilter/editdialog/ConditionDialog$39.class
   JD: libs/JDGUI.jar/jd/gui/swing/jdgui/views/settings/panels/linkgrabberfilter/editdialog/ConditionDialog$4.class
   JD: libs/JDGUI.jar/jd/gui/swing/jdgui/views/settings/panels/linkgrabberfilter/editdialog/ConditionDialog$5.class
   JD: libs/JDGUI.jar/jd/gui/swing/jdgui/views/settings/panels/linkgrabberfilter/editdialog/ConditionDialog$6.class
   JD: libs/JDGUI.jar/jd/gui/swing/jdgui/views/settings/panels/linkgrabberfilter/editdialog/ConditionDialog$7$1.class
   JD: libs/JDGUI.jar/jd/gui/swing/jdgui/views/settings/panels/linkgrabberfilter/editdialog/ConditionDialog$7$2.class
   JD: libs/JDGUI.jar/jd/gui/swing/jdgui/views/settings/panels/linkgrabberfilter/editdialog/ConditionDialog$7$3.class
   JD: libs/JDGUI.jar/jd/gui/swing/jdgui/views/settings/panels/linkgrabberfilter/editdialog/ConditionDialog$7.class
   JD: libs/JDGUI.jar/jd/gui/swing/jdgui/views/settings/panels/linkgrabberfilter/editdialog/ConditionDialog$8.class
   JD: libs/JDGUI.jar/jd/gui/swing/jdgui/views/settings/panels/linkgrabberfilter/editdialog/ConditionDialog$9.class
   JD: libs/JDGUI.jar/jd/gui/swing/jdgui/views/settings/panels/linkgrabberfilter/editdialog/ConditionDialog.class
   JD: libs/JDGUI.jar/jd/gui/swing/jdgui/views/settings/panels/linkgrabberfilter/editdialog/ExceptionsRuleDialog$1.class
   JD: libs/JDGUI.jar/jd/gui/swing/jdgui/views/settings/panels/linkgrabberfilter/editdialog/ExceptionsRuleDialog.class
   JD: libs/JDGUI.jar/jd/gui/swing/jdgui/views/settings/panels/linkgrabberfilter/editdialog/FilterRuleDialog$1.class
   JD: libs/JDGUI.jar/jd/gui/swing/jdgui/views/settings/panels/linkgrabberfilter/editdialog/FilterRuleDialog.class
   JD: libs/JDGUI.jar/jd/gui/swing/jdgui/views/settings/panels/packagizer/PackagizerFilter$2.class
   JD: libs/JDGUI.jar/jd/gui/swing/jdgui/views/settings/panels/packagizer/PackagizerFilter.class
   JD: libs/JDGUI.jar/jd/gui/swing/jdgui/views/settings/panels/packagizer/PackagizerFilterRuleDialog.class
   JD: libs/JDGUI.jar/jd/gui/swing/jdgui/views/settings/panels/packagizer/RemoveAction$1.class
   JD: libs/JDGUI.jar/jd/gui/swing/jdgui/views/settings/panels/packagizer/RemoveAction.class
   JD: libs/JDGUI.jar/jd/gui/swing/laf/LookAndFeelController$1$1.class
   JD: libs/JDGUI.jar/jd/gui/swing/laf/LookAndFeelController$1.class
   JD: libs/JDGUI.jar/jd/gui/swing/laf/LookAndFeelController$2.class
   JD: libs/JDGUI.jar/jd/gui/swing/laf/LookAndFeelController$3$1.class
   JD: libs/JDGUI.jar/jd/gui/swing/laf/LookAndFeelController$3.class
   JD: libs/JDGUI.jar/jd/gui/swing/laf/LookAndFeelController$4.class
   JD: libs/JDGUI.jar/jd/gui/swing/laf/LookAndFeelController$5.class
   JD: libs/JDGUI.jar/jd/gui/swing/laf/LookAndFeelController$6.class
   JD: libs/JDGUI.jar/jd/gui/swing/laf/LookAndFeelController.class
   JD: libs/JDHttp.jar/jd/http/Browser$1.class
   JD: libs/JDHttp.jar/jd/http/Browser$2.class
   JD: libs/JDHttp.jar/jd/http/Browser$BrowserException.class
   JD: libs/JDHttp.jar/jd/http/Browser.class
   JD: libs/JDHttp.jar/jd/http/Cookies.class
   JD: libs/JDHttp.jar/jd/http/Request$1.class
   JD: libs/JDHttp.jar/jd/http/Request.class
   JD: libs/JDHttp.jar/jd/http/URLConnectionAdapter.class
   JD: libs/JDHttp.jar/jd/http/URLConnectionAdapterDirectImpl.class
   JD: libs/JDHttp.jar/jd/http/URLConnectionAdapterHTTPProxyImpl.class
   JD: libs/JDHttp.jar/jd/http/URLConnectionAdapterNative.class
   JD: libs/JDHttp.jar/jd/http/URLConnectionAdapterSocks4Impl.class
   JD: libs/JDHttp.jar/jd/http/URLConnectionAdapterSocks5Impl.class
   JD: libs/bcpkix-jdk15on.jar/META-INF/BC1024KE.DSA
   JD: libs/bcpkix-jdk15on.jar/META-INF/BC1024KE.SF
   JD: libs/bcpkix-jdk15on.jar/META-INF/BC2048KE.DSA
   JD: libs/bcpkix-jdk15on.jar/META-INF/BC2048KE.SF
   JD: libs/bcpkix-jdk15on.jar/META-INF/MANIFEST.MF
   JD: libs/bcpkix-jdk15on.jar/META-INF/versions/9.removed
   JD: libs/bcpkix-jdk15on.jar/META-INF/versions/9/module-info.class.removed
   JD: libs/bcpkix-jdk15on.jar/org/bouncycastle/cert/cmp/ProtectedPKIMessage.class
   JD: libs/bcpkix-jdk15on.jar/org/bouncycastle/cert/crmf/PKMACBuilder.class
   JD: libs/bcpkix-jdk15on.jar/org/bouncycastle/cms/CMSSignedData.class
   JD: libs/bcpkix-jdk15on.jar/org/bouncycastle/cms/CMSSignedDataGenerator.class
   JD: libs/bcpkix-jdk15on.jar/org/bouncycastle/cms/CMSSignedDataStreamGenerator.class
   JD: libs/bcpkix-jdk15on.jar/org/bouncycastle/cms/CMSSignedHelper.class
   JD: libs/bcpkix-jdk15on.jar/org/bouncycastle/cms/CMSUtils.class
   JD: libs/bcpkix-jdk15on.jar/org/bouncycastle/cms/DefaultCMSSignatureAlgorithmNameGenerator.class
   JD: libs/bcpkix-jdk15on.jar/org/bouncycastle/its/ETSIEncryptedData.class
   JD: libs/bcpkix-jdk15on.jar/org/bouncycastle/its/ETSIEncryptedDataBuilder.class
   JD: libs/bcpkix-jdk15on.jar/org/bouncycastle/its/ETSIKeyWrapper.class
   JD: libs/bcpkix-jdk15on.jar/org/bouncycastle/its/ETSIRecipientID.class
   JD: libs/bcpkix-jdk15on.jar/org/bouncycastle/its/ETSIRecipientInfo.class
   JD: libs/bcpkix-jdk15on.jar/org/bouncycastle/its/ETSIRecipientInfoBuilder.class
   JD: libs/bcpkix-jdk15on.jar/org/bouncycastle/its/ETSISignedData.class
   JD: libs/bcpkix-jdk15on.jar/org/bouncycastle/its/ETSISignedDataBuilder.class
   JD: libs/bcpkix-jdk15on.jar/org/bouncycastle/its/ITSAlgorithmUtils.class
   JD: libs/bcpkix-jdk15on.jar/org/bouncycastle/its/ITSCertificate.class
   JD: libs/bcpkix-jdk15on.jar/org/bouncycastle/its/ITSCertificateBuilder.class
   JD: libs/bcpkix-jdk15on.jar/org/bouncycastle/its/ITSExplicitCertificateBuilder.class
   JD: libs/bcpkix-jdk15on.jar/org/bouncycastle/its/ITSImplicitCertificateBuilder.class
   JD: libs/bcpkix-jdk15on.jar/org/bouncycastle/its/ITSPublicEncryptionKey$symmAlgorithm.class
   JD: libs/bcpkix-jdk15on.jar/org/bouncycastle/its/ITSPublicEncryptionKey.class
   JD: libs/bcpkix-jdk15on.jar/org/bouncycastle/its/ITSPublicVerificationKey.class
   JD: libs/bcpkix-jdk15on.jar/org/bouncycastle/its/ITSValidityPeriod$Builder.class
   JD: libs/bcpkix-jdk15on.jar/org/bouncycastle/its/ITSValidityPeriod.class
   JD: libs/bcpkix-jdk15on.jar/org/bouncycastle/its/bc/BcITSContentSigner.class
   JD: libs/bcpkix-jdk15on.jar/org/bouncycastle/its/bc/BcITSContentVerifierProvider.class
   JD: libs/bcpkix-jdk15on.jar/org/bouncycastle/its/bc/BcITSExplicitCertificateBuilder.class
   JD: libs/bcpkix-jdk15on.jar/org/bouncycastle/its/bc/BcITSImplicitCertificateBuilder.class
   JD: libs/bcpkix-jdk15on.jar/org/bouncycastle/its/bc/BcITSPublicEncryptionKey.class
   JD: libs/bcpkix-jdk15on.jar/org/bouncycastle/its/bc/BcITSPublicVerificationKey.class
   JD: libs/bcpkix-jdk15on.jar/org/bouncycastle/its/jcajce/ClassUtil$1.class
   JD: libs/bcpkix-jdk15on.jar/org/bouncycastle/its/jcajce/ClassUtil$2.class
   JD: libs/bcpkix-jdk15on.jar/org/bouncycastle/its/jcajce/ClassUtil.class
   JD: libs/bcpkix-jdk15on.jar/org/bouncycastle/its/jcajce/JcaETSIDataDecryptor$Builder.class
   JD: libs/bcpkix-jdk15on.jar/org/bouncycastle/its/jcajce/JcaETSIDataDecryptor.class
   JD: libs/bcpkix-jdk15on.jar/org/bouncycastle/its/jcajce/JcaITSContentSigner.class
   JD: libs/bcpkix-jdk15on.jar/org/bouncycastle/its/jcajce/JcaITSContentVerifierProvider$1.class
   JD: libs/bcpkix-jdk15on.jar/org/bouncycastle/its/jcajce/JcaITSContentVerifierProvider$Builder.class
   JD: libs/bcpkix-jdk15on.jar/org/bouncycastle/its/jcajce/JcaITSContentVerifierProvider.class
   JD: libs/bcpkix-jdk15on.jar/org/bouncycastle/its/jcajce/JcaITSExplicitCertificateBuilder.class
   JD: libs/bcpkix-jdk15on.jar/org/bouncycastle/its/jcajce/JcaITSImplicitCertificateBuilderBuilder.class
   JD: libs/bcpkix-jdk15on.jar/org/bouncycastle/its/jcajce/JcaITSPublicVerificationKey$Builder.class
   JD: libs/bcpkix-jdk15on.jar/org/bouncycastle/its/jcajce/JcaITSPublicVerificationKey.class
   JD: libs/bcpkix-jdk15on.jar/org/bouncycastle/its/jcajce/JceETSIDataEncryptor$1.class
   JD: libs/bcpkix-jdk15on.jar/org/bouncycastle/its/jcajce/JceETSIDataEncryptor$Builder.class
   JD: libs/bcpkix-jdk15on.jar/org/bouncycastle/its/jcajce/JceETSIDataEncryptor.class
   JD: libs/bcpkix-jdk15on.jar/org/bouncycastle/its/jcajce/JceETSIKeyWrapper$1.class
   JD: libs/bcpkix-jdk15on.jar/org/bouncycastle/its/jcajce/JceETSIKeyWrapper$Builder.class
   JD: libs/bcpkix-jdk15on.jar/org/bouncycastle/its/jcajce/JceETSIKeyWrapper.class
   JD: libs/bcpkix-jdk15on.jar/org/bouncycastle/its/jcajce/JceITSPublicEncryptionKey$Builder.class
   JD: libs/bcpkix-jdk15on.jar/org/bouncycastle/its/jcajce/JceITSPublicEncryptionKey.class
   JD: libs/bcpkix-jdk15on.jar/org/bouncycastle/its/operator/ECDSAEncoder.class
   JD: libs/bcpkix-jdk15on.jar/org/bouncycastle/its/operator/ETSIDataDecryptor.class
   JD: libs/bcpkix-jdk15on.jar/org/bouncycastle/its/operator/ETSIDataEncryptor.class
   JD: libs/bcpkix-jdk15on.jar/org/bouncycastle/its/operator/ITSContentSigner.class
   JD: libs/bcpkix-jdk15on.jar/org/bouncycastle/openssl/jcajce/JcaPKIXIdentityBuilder.class
   JD: libs/bcpkix-jdk15on.jar/org/bouncycastle/openssl/jcajce/JceOpenSSLPKCS8DecryptorProviderBuilder$1.class
   JD: libs/bcpkix-jdk15on.jar/org/bouncycastle/openssl/jcajce/JceOpenSSLPKCS8EncryptorBuilder.class
   JD: libs/bcpkix-jdk15on.jar/org/bouncycastle/openssl/jcajce/PEMUtilities.class
   JD: libs/bcpkix-jdk15on.jar/org/bouncycastle/operator/DefaultDigestAlgorithmIdentifierFinder.class
   JD: libs/bcpkix-jdk15on.jar/org/bouncycastle/operator/DefaultMacAlgorithmIdentifierFinder.class
   JD: libs/bcpkix-jdk15on.jar/org/bouncycastle/operator/DefaultSignatureAlgorithmIdentifierFinder.class
   JD: libs/bcpkix-jdk15on.jar/org/bouncycastle/operator/MacAlgorithmIdentifierFinder.class
   JD: libs/bcpkix-jdk15on.jar/org/bouncycastle/operator/PBEMacCalculatorProvider.class
   JD: libs/bcpkix-jdk15on.jar/org/bouncycastle/operator/bc/BcDefaultDigestProvider$24.class
   JD: libs/bcpkix-jdk15on.jar/org/bouncycastle/operator/bc/BcDefaultDigestProvider.class
   JD: libs/bcpkix-jdk15on.jar/org/bouncycastle/operator/jcajce/JcaContentSignerBuilder.class
   JD: libs/bcpkix-jdk15on.jar/org/bouncycastle/operator/jcajce/JceAsymmetricKeyUnwrapper.class
   JD: libs/bcpkix-jdk15on.jar/org/bouncycastle/operator/jcajce/JceAsymmetricKeyWrapper.class
   JD: libs/bcpkix-jdk15on.jar/org/bouncycastle/pkcs/jcajce/JcePBMac1CalculatorBuilder$1.class
   JD: libs/bcpkix-jdk15on.jar/org/bouncycastle/pkcs/jcajce/JcePBMac1CalculatorBuilder.class
   JD: libs/bcpkix-jdk15on.jar/org/bouncycastle/pkcs/jcajce/JcePBMac1CalculatorProviderBuilder$1.class
   JD: libs/bcpkix-jdk15on.jar/org/bouncycastle/pkcs/jcajce/JcePBMac1CalculatorProviderBuilder.class
   JD: libs/bcpkix-jdk15on.jar/org/bouncycastle/pkix/SubjectPublicKeyInfoChecker$1.class
   JD: libs/bcpkix-jdk15on.jar/org/bouncycastle/pkix/SubjectPublicKeyInfoChecker$Cache.class
   JD: libs/bcpkix-jdk15on.jar/org/bouncycastle/pkix/SubjectPublicKeyInfoChecker$Properties$1.class
   JD: libs/bcpkix-jdk15on.jar/org/bouncycastle/pkix/SubjectPublicKeyInfoChecker$Properties$2.class
   JD: libs/bcpkix-jdk15on.jar/org/bouncycastle/pkix/SubjectPublicKeyInfoChecker$Properties.class
   JD: libs/bcpkix-jdk15on.jar/org/bouncycastle/pkix/SubjectPublicKeyInfoChecker.class
   JD: libs/bcprov-jdk15on.jar/META-INF.removed
   JD: libs/bcprov-jdk15on.jar/META-INF/BC1024KE.DSA
   JD: libs/bcprov-jdk15on.jar/META-INF/BC1024KE.SF
   JD: libs/bcprov-jdk15on.jar/META-INF/BC2048KE.DSA
   JD: libs/bcprov-jdk15on.jar/META-INF/BC2048KE.SF
   JD: libs/bcprov-jdk15on.jar/META-INF/MANIFEST.MF
   JD: libs/bcprov-jdk15on.jar/META-INF/services.removed
   JD: libs/bcprov-jdk15on.jar/META-INF/services/java.security.Provider.removed
   JD: libs/bcprov-jdk15on.jar/META-INF/versions/11.removed
   JD: libs/bcprov-jdk15on.jar/META-INF/versions/11/org.removed
   JD: libs/bcprov-jdk15on.jar/META-INF/versions/11/org/bouncycastle.removed
   JD: libs/bcprov-jdk15on.jar/META-INF/versions/11/org/bouncycastle/jcajce.removed
   JD: libs/bcprov-jdk15on.jar/META-INF/versions/11/org/bouncycastle/jcajce/provider.removed
   JD: libs/bcprov-jdk15on.jar/META-INF/versions/11/org/bouncycastle/jcajce/provider/asymmetric.removed
   JD: libs/bcprov-jdk15on.jar/META-INF/versions/11/org/bouncycastle/jcajce/provider/asymmetric/edec.removed
   JD: libs/bcprov-jdk15on.jar/META-INF/versions/11/org/bouncycastle/jcajce/provider/asymmetric/edec/BC11XDHPrivateKey.class.removed
   JD: libs/bcprov-jdk15on.jar/META-INF/versions/11/org/bouncycastle/jcajce/provider/asymmetric/edec/BC11XDHPublicKey.class.removed
   JD: libs/bcprov-jdk15on.jar/META-INF/versions/11/org/bouncycastle/jcajce/provider/asymmetric/edec/KeyAgreementSpi$X25519.class.removed
   JD: libs/bcprov-jdk15on.jar/META-INF/versions/11/org/bouncycastle/jcajce/provider/asymmetric/edec/KeyAgreementSpi$X25519UwithSHA256CKDF.class.removed
   JD: libs/bcprov-jdk15on.jar/META-INF/versions/11/org/bouncycastle/jcajce/provider/asymmetric/edec/KeyAgreementSpi$X25519UwithSHA256KDF.class.removed
   JD: libs/bcprov-jdk15on.jar/META-INF/versions/11/org/bouncycastle/jcajce/provider/asymmetric/edec/KeyAgreementSpi$X25519withSHA256CKDF.class.removed
   JD: libs/bcprov-jdk15on.jar/META-INF/versions/11/org/bouncycastle/jcajce/provider/asymmetric/edec/KeyAgreementSpi$X25519withSHA256KDF.class.removed
   JD: libs/bcprov-jdk15on.jar/META-INF/versions/11/org/bouncycastle/jcajce/provider/asymmetric/edec/KeyAgreementSpi$X25519withSHA384CKDF.class.removed
   JD: libs/bcprov-jdk15on.jar/META-INF/versions/11/org/bouncycastle/jcajce/provider/asymmetric/edec/KeyAgreementSpi$X25519withSHA512CKDF.class.removed
   JD: libs/bcprov-jdk15on.jar/META-INF/versions/11/org/bouncycastle/jcajce/provider/asymmetric/edec/KeyAgreementSpi$X448.class.removed
   JD: libs/bcprov-jdk15on.jar/META-INF/versions/11/org/bouncycastle/jcajce/provider/asymmetric/edec/KeyAgreementSpi$X448UwithSHA512CKDF.class.removed
   JD: libs/bcprov-jdk15on.jar/META-INF/versions/11/org/bouncycastle/jcajce/provider/asymmetric/edec/KeyAgreementSpi$X448UwithSHA512KDF.class.removed
   JD: libs/bcprov-jdk15on.jar/META-INF/versions/11/org/bouncycastle/jcajce/provider/asymmetric/edec/KeyAgreementSpi$X448withSHA256CKDF.class.removed
   JD: libs/bcprov-jdk15on.jar/META-INF/versions/11/org/bouncycastle/jcajce/provider/asymmetric/edec/KeyAgreementSpi$X448withSHA384CKDF.class.removed
   JD: libs/bcprov-jdk15on.jar/META-INF/versions/11/org/bouncycastle/jcajce/provider/asymmetric/edec/KeyAgreementSpi$X448withSHA512CKDF.class.removed
   JD: libs/bcprov-jdk15on.jar/META-INF/versions/11/org/bouncycastle/jcajce/provider/asymmetric/edec/KeyAgreementSpi$X448withSHA512KDF.class.removed
   JD: libs/bcprov-jdk15on.jar/META-INF/versions/11/org/bouncycastle/jcajce/provider/asymmetric/edec/KeyAgreementSpi$XDH.class.removed
   JD: libs/bcprov-jdk15on.jar/META-INF/versions/11/org/bouncycastle/jcajce/provider/asymmetric/edec/KeyAgreementSpi.class.removed
   JD: libs/bcprov-jdk15on.jar/META-INF/versions/11/org/bouncycastle/jcajce/provider/asymmetric/edec/KeyFactorySpi$Ed25519.class.removed
   JD: libs/bcprov-jdk15on.jar/META-INF/versions/11/org/bouncycastle/jcajce/provider/asymmetric/edec/KeyFactorySpi$Ed448.class.removed
   JD: libs/bcprov-jdk15on.jar/META-INF/versions/11/org/bouncycastle/jcajce/provider/asymmetric/edec/KeyFactorySpi$EdDSA.class.removed
   JD: libs/bcprov-jdk15on.jar/META-INF/versions/11/org/bouncycastle/jcajce/provider/asymmetric/edec/KeyFactorySpi$X25519.class.removed
   JD: libs/bcprov-jdk15on.jar/META-INF/versions/11/org/bouncycastle/jcajce/provider/asymmetric/edec/KeyFactorySpi$X448.class.removed
   JD: libs/bcprov-jdk15on.jar/META-INF/versions/11/org/bouncycastle/jcajce/provider/asymmetric/edec/KeyFactorySpi$XDH.class.removed
   JD: libs/bcprov-jdk15on.jar/META-INF/versions/11/org/bouncycastle/jcajce/provider/asymmetric/edec/KeyFactorySpi.class.removed
   JD: libs/bcprov-jdk15on.jar/META-INF/versions/11/org/bouncycastle/jcajce/provider/asymmetric/edec/KeyPairGeneratorSpi$Ed25519.class.removed
   JD: libs/bcprov-jdk15on.jar/META-INF/versions/11/org/bouncycastle/jcajce/provider/asymmetric/edec/KeyPairGeneratorSpi$Ed448.class.removed
   JD: libs/bcprov-jdk15on.jar/META-INF/versions/11/org/bouncycastle/jcajce/provider/asymmetric/edec/KeyPairGeneratorSpi$EdDSA.class.removed
   JD: libs/bcprov-jdk15on.jar/META-INF/versions/11/org/bouncycastle/jcajce/provider/asymmetric/edec/KeyPairGeneratorSpi$X25519.class.removed
   JD: libs/bcprov-jdk15on.jar/META-INF/versions/11/org/bouncycastle/jcajce/provider/asymmetric/edec/KeyPairGeneratorSpi$X448.class.removed
   JD: libs/bcprov-jdk15on.jar/META-INF/versions/11/org/bouncycastle/jcajce/provider/asymmetric/edec/KeyPairGeneratorSpi$XDH.class.removed
   JD: libs/bcprov-jdk15on.jar/META-INF/versions/11/org/bouncycastle/jcajce/provider/asymmetric/edec/KeyPairGeneratorSpi.class.removed
   JD: libs/bcprov-jdk15on.jar/META-INF/versions/15.removed
   JD: libs/bcprov-jdk15on.jar/META-INF/versions/15/org.removed
   JD: libs/bcprov-jdk15on.jar/META-INF/versions/15/org/bouncycastle.removed
   JD: libs/bcprov-jdk15on.jar/META-INF/versions/15/org/bouncycastle/jcajce.removed
   JD: libs/bcprov-jdk15on.jar/META-INF/versions/15/org/bouncycastle/jcajce/provider.removed
   JD: libs/bcprov-jdk15on.jar/META-INF/versions/15/org/bouncycastle/jcajce/provider/asymmetric.removed
   JD: libs/bcprov-jdk15on.jar/META-INF/versions/15/org/bouncycastle/jcajce/provider/asymmetric/edec.removed
   JD: libs/bcprov-jdk15on.jar/META-INF/versions/15/org/bouncycastle/jcajce/provider/asymmetric/edec/BC15EdDSAPrivateKey.class.removed
   JD: libs/bcprov-jdk15on.jar/META-INF/versions/15/org/bouncycastle/jcajce/provider/asymmetric/edec/BC15EdDSAPublicKey.class.removed
   JD: libs/bcprov-jdk15on.jar/META-INF/versions/15/org/bouncycastle/jcajce/provider/asymmetric/edec/KeyFactorySpi$Ed25519.class.removed
   JD: libs/bcprov-jdk15on.jar/META-INF/versions/15/org/bouncycastle/jcajce/provider/asymmetric/edec/KeyFactorySpi$Ed448.class.removed
   JD: libs/bcprov-jdk15on.jar/META-INF/versions/15/org/bouncycastle/jcajce/provider/asymmetric/edec/KeyFactorySpi$EdDSA.class.removed
   JD: libs/bcprov-jdk15on.jar/META-INF/versions/15/org/bouncycastle/jcajce/provider/asymmetric/edec/KeyFactorySpi$X25519.class.removed
   JD: libs/bcprov-jdk15on.jar/META-INF/versions/15/org/bouncycastle/jcajce/provider/asymmetric/edec/KeyFactorySpi$X448.class.removed
   JD: libs/bcprov-jdk15on.jar/META-INF/versions/15/org/bouncycastle/jcajce/provider/asymmetric/edec/KeyFactorySpi$XDH.class.removed
   JD: libs/bcprov-jdk15on.jar/META-INF/versions/15/org/bouncycastle/jcajce/provider/asymmetric/edec/KeyFactorySpi.class.removed
   JD: libs/bcprov-jdk15on.jar/META-INF/versions/15/org/bouncycastle/jcajce/provider/asymmetric/edec/KeyPairGeneratorSpi$Ed25519.class.removed
   JD: libs/bcprov-jdk15on.jar/META-INF/versions/15/org/bouncycastle/jcajce/provider/asymmetric/edec/KeyPairGeneratorSpi$Ed448.class.removed
   JD: libs/bcprov-jdk15on.jar/META-INF/versions/15/org/bouncycastle/jcajce/provider/asymmetric/edec/KeyPairGeneratorSpi$EdDSA.class.removed
   JD: libs/bcprov-jdk15on.jar/META-INF/versions/15/org/bouncycastle/jcajce/provider/asymmetric/edec/KeyPairGeneratorSpi$X25519.class.removed
   JD: libs/bcprov-jdk15on.jar/META-INF/versions/15/org/bouncycastle/jcajce/provider/asymmetric/edec/KeyPairGeneratorSpi$X448.class.removed
   JD: libs/bcprov-jdk15on.jar/META-INF/versions/15/org/bouncycastle/jcajce/provider/asymmetric/edec/KeyPairGeneratorSpi$XDH.class.removed
   JD: libs/bcprov-jdk15on.jar/META-INF/versions/15/org/bouncycastle/jcajce/provider/asymmetric/edec/KeyPairGeneratorSpi.class.removed
   JD: libs/bcprov-jdk15on.jar/META-INF/versions/15/org/bouncycastle/jcajce/provider/asymmetric/edec/SignatureSpi$Ed25519.class.removed
   JD: libs/bcprov-jdk15on.jar/META-INF/versions/15/org/bouncycastle/jcajce/provider/asymmetric/edec/SignatureSpi$Ed448.class.removed
   JD: libs/bcprov-jdk15on.jar/META-INF/versions/15/org/bouncycastle/jcajce/provider/asymmetric/edec/SignatureSpi$EdDSA.class.removed
   JD: libs/bcprov-jdk15on.jar/META-INF/versions/15/org/bouncycastle/jcajce/provider/asymmetric/edec/SignatureSpi.class.removed
   JD: libs/bcprov-jdk15on.jar/META-INF/versions/9.removed
   JD: libs/bcprov-jdk15on.jar/META-INF/versions/9/module-info.class.removed
   JD: libs/bcprov-jdk15on.jar/META-INF/versions/9/org.removed
   JD: libs/bcprov-jdk15on.jar/META-INF/versions/9/org/bouncycastle.removed
   JD: libs/bcprov-jdk15on.jar/META-INF/versions/9/org/bouncycastle/asn1.removed
   JD: libs/bcprov-jdk15on.jar/META-INF/versions/9/org/bouncycastle/asn1/ASN1ApplicationSpecific.class.removed
   JD: libs/bcprov-jdk15on.jar/META-INF/versions/9/org/bouncycastle/asn1/ASN1ApplicationSpecificParser.class.removed
   JD: libs/bcprov-jdk15on.jar/META-INF/versions/9/org/bouncycastle/asn1/ASN1BMPString$1.class.removed
   JD: libs/bcprov-jdk15on.jar/META-INF/versions/9/org/bouncycastle/asn1/ASN1BMPString.class.removed
   JD: libs/bcprov-jdk15on.jar/META-INF/versions/9/org/bouncycastle/asn1/ASN1BitString$1.class.removed
   JD: libs/bcprov-jdk15on.jar/META-INF/versions/9/org/bouncycastle/asn1/ASN1BitString.class.removed
   JD: libs/bcprov-jdk15on.jar/META-INF/versions/9/org/bouncycastle/asn1/ASN1BitStringParser.class.removed
   JD: libs/bcprov-jdk15on.jar/META-INF/versions/9/org/bouncycastle/asn1/ASN1Boolean$1.class.removed
   JD: libs/bcprov-jdk15on.jar/META-INF/versions/9/org/bouncycastle/asn1/ASN1Boolean.class.removed
   JD: libs/bcprov-jdk15on.jar/META-INF/versions/9/org/bouncycastle/asn1/ASN1Choice.class.removed
   JD: libs/bcprov-jdk15on.jar/META-INF/versions/9/org/bouncycastle/asn1/ASN1Encodable.class.removed
   JD: libs/bcprov-jdk15on.jar/META-INF/versions/9/org/bouncycastle/asn1/ASN1EncodableVector.class.removed
   JD: libs/bcprov-jdk15on.jar/META-INF/versions/9/org/bouncycastle/asn1/ASN1Encoding.class.removed
   JD: libs/bcprov-jdk15on.jar/META-INF/versions/9/org/bouncycastle/asn1/ASN1Enumerated$1.class.removed
   JD: libs/bcprov-jdk15on.jar/META-INF/versions/9/org/bouncycastle/asn1/ASN1Enumerated.class.removed
   JD: libs/bcprov-jdk15on.jar/META-INF/versions/9/org/bouncycastle/asn1/ASN1Exception.class.removed
   JD: libs/bcprov-jdk15on.jar/META-INF/versions/9/org/bouncycastle/asn1/ASN1External$1.class.removed
   JD: libs/bcprov-jdk15on.jar/META-INF/versions/9/org/bouncycastle/asn1/ASN1External.class.removed
   JD: libs/bcprov-jdk15on.jar/META-INF/versions/9/org/bouncycastle/asn1/ASN1ExternalParser.class.removed
   JD: libs/bcprov-jdk15on.jar/META-INF/versions/9/org/bouncycastle/asn1/ASN1GeneralString$1.class.removed
   JD: libs/bcprov-jdk15on.jar/META-INF/versions/9/org/bouncycastle/asn1/ASN1GeneralString.class.removed
   JD: libs/bcprov-jdk15on.jar/META-INF/versions/9/org/bouncycastle/asn1/ASN1GeneralizedTime$1.class.removed
   JD: libs/bcprov-jdk15on.jar/META-INF/versions/9/org/bouncycastle/asn1/ASN1GeneralizedTime.class.removed
   JD: libs/bcprov-jdk15on.jar/META-INF/versions/9/org/bouncycastle/asn1/ASN1GraphicString$1.class.removed
   JD: libs/bcprov-jdk15on.jar/META-INF/versions/9/org/bouncycastle/asn1/ASN1GraphicString.class.removed
   JD: libs/bcprov-jdk15on.jar/META-INF/versions/9/org/bouncycastle/asn1/ASN1IA5String$1.class.removed
   JD: libs/bcprov-jdk15on.jar/META-INF/versions/9/org/bouncycastle/asn1/ASN1IA5String.class.removed
   JD: libs/bcprov-jdk15on.jar/META-INF/versions/9/org/bouncycastle/asn1/ASN1InputStream.class.removed
   JD: libs/bcprov-jdk15on.jar/META-INF/versions/9/org/bouncycastle/asn1/ASN1Integer$1.class.removed
   JD: libs/bcprov-jdk15on.jar/META-INF/versions/9/org/bouncycastle/asn1/ASN1Integer.class.removed
   JD: libs/bcprov-jdk15on.jar/META-INF/versions/9/org/bouncycastle/asn1/ASN1Null$1.class.removed
   JD: libs/bcprov-jdk15on.jar/META-INF/versions/9/org/bouncycastle/asn1/ASN1Null.class.removed
   JD: libs/bcprov-jdk15on.jar/META-INF/versions/9/org/bouncycastle/asn1/ASN1NumericString$1.class.removed
   JD: libs/bcprov-jdk15on.jar/META-INF/versions/9/org/bouncycastle/asn1/ASN1NumericString.class.removed
   JD: libs/bcprov-jdk15on.jar/META-INF/versions/9/org/bouncycastle/asn1/ASN1Object.class.removed
   JD: libs/bcprov-jdk15on.jar/META-INF/versions/9/org/bouncycastle/asn1/ASN1ObjectDescriptor$1.class.removed
   JD: libs/bcprov-jdk15on.jar/META-INF/versions/9/org/bouncycastle/asn1/ASN1ObjectDescriptor.class.removed
   JD: libs/bcprov-jdk15on.jar/META-INF/versions/9/org/bouncycastle/asn1/ASN1ObjectIdentifier$1.class.removed
   JD: libs/bcprov-jdk15on.jar/META-INF/versions/9/org/bouncycastle/asn1/ASN1ObjectIdentifier$OidHandle.class.removed
   JD: libs/bcprov-jdk15on.jar/META-INF/versions/9/org/bouncycastle/asn1/ASN1ObjectIdentifier.class.removed
   JD: libs/bcprov-jdk15on.jar/META-INF/versions/9/org/bouncycastle/asn1/ASN1OctetString$1.class.removed
   JD: libs/bcprov-jdk15on.jar/META-INF/versions/9/org/bouncycastle/asn1/ASN1OctetString.class.removed
   JD: libs/bcprov-jdk15on.jar/META-INF/versions/9/org/bouncycastle/asn1/ASN1OctetStringParser.class.removed
   JD: libs/bcprov-jdk15on.jar/META-INF/versions/9/org/bouncycastle/asn1/ASN1OutputStream.class.removed
   JD: libs/bcprov-jdk15on.jar/META-INF/versions/9/org/bouncycastle/asn1/ASN1ParsingException.class.removed
   JD: libs/bcprov-jdk15on.jar/META-INF/versions/9/org/bouncycastle/asn1/ASN1Primitive.class.removed
   JD: libs/bcprov-jdk15on.jar/META-INF/versions/9/org/bouncycastle/asn1/ASN1PrintableString$1.class.removed
   JD: libs/bcprov-jdk15on.jar/META-INF/versions/9/org/bouncycastle/asn1/ASN1PrintableString.class.removed
   JD: libs/bcprov-jdk15on.jar/META-INF/versions/9/org/bouncycastle/asn1/ASN1RelativeOID$1.class.removed
   JD: libs/bcprov-jdk15on.jar/META-INF/versions/9/org/bouncycastle/asn1/ASN1RelativeOID.class.removed
   JD: libs/bcprov-jdk15on.jar/META-INF/versions/9/org/bouncycastle/asn1/ASN1Sequence$1.class.removed
   JD: libs/bcprov-jdk15on.jar/META-INF/versions/9/org/bouncycastle/asn1/ASN1Sequence$2.class.removed
   JD: libs/bcprov-jdk15on.jar/META-INF/versions/9/org/bouncycastle/asn1/ASN1Sequence$3.class.removed
   JD: libs/bcprov-jdk15on.jar/META-INF/versions/9/org/bouncycastle/asn1/ASN1Sequence.class.removed
   JD: libs/bcprov-jdk15on.jar/META-INF/versions/9/org/bouncycastle/asn1/ASN1SequenceParser.class.removed
   JD: libs/bcprov-jdk15on.jar/META-INF/versions/9/org/bouncycastle/asn1/ASN1Set$1.class.removed
   JD: libs/bcprov-jdk15on.jar/META-INF/versions/9/org/bouncycastle/asn1/ASN1Set$2.class.removed
   JD: libs/bcprov-jdk15on.jar/META-INF/versions/9/org/bouncycastle/asn1/ASN1Set$3.class.removed
   JD: libs/bcprov-jdk15on.jar/META-INF/versions/9/org/bouncycastle/asn1/ASN1Set.class.removed
   JD: libs/bcprov-jdk15on.jar/META-INF/versions/9/org/bouncycastle/asn1/ASN1SetParser.class.removed
   JD: libs/bcprov-jdk15on.jar/META-INF/versions/9/org/bouncycastle/asn1/ASN1StreamParser.class.removed
   JD: libs/bcprov-jdk15on.jar/META-INF/versions/9/org/bouncycastle/asn1/ASN1String.class.removed
   JD: libs/bcprov-jdk15on.jar/META-INF/versions/9/org/bouncycastle/asn1/ASN1T61String$1.class.removed
   JD: libs/bcprov-jdk15on.jar/META-INF/versions/9/org/bouncycastle/asn1/ASN1T61String.class.removed
   JD: libs/bcprov-jdk15on.jar/META-INF/versions/9/org/bouncycastle/asn1/ASN1Tag.class.removed
   JD: libs/bcprov-jdk15on.jar/META-INF/versions/9/org/bouncycastle/asn1/ASN1TaggedObject.class.removed
   JD: libs/bcprov-jdk15on.jar/META-INF/versions/9/org/bouncycastle/asn1/ASN1TaggedObjectParser.class.removed
   JD: libs/bcprov-jdk15on.jar/META-INF/versions/9/org/bouncycastle/asn1/ASN1Type.class.removed
   JD: libs/bcprov-jdk15on.jar/META-INF/versions/9/org/bouncycastle/asn1/ASN1UTCTime$1.class.removed
   JD: libs/bcprov-jdk15on.jar/META-INF/versions/9/org/bouncycastle/asn1/ASN1UTCTime.class.removed
   JD: libs/bcprov-jdk15on.jar/META-INF/versions/9/org/bouncycastle/asn1/ASN1UTF8String$1.class.removed
   JD: libs/bcprov-jdk15on.jar/META-INF/versions/9/org/bouncycastle/asn1/ASN1UTF8String.class.removed
   JD: libs/bcprov-jdk15on.jar/META-INF/versions/9/org/bouncycastle/asn1/ASN1UniversalString$1.class.removed
   JD: libs/bcprov-jdk15on.jar/META-INF/versions/9/org/bouncycastle/asn1/ASN1UniversalString.class.removed
   JD: libs/bcprov-jdk15on.jar/META-INF/versions/9/org/bouncycastle/asn1/ASN1UniversalType.class.removed
   JD: libs/bcprov-jdk15on.jar/META-INF/versions/9/org/bouncycastle/asn1/ASN1UniversalTypes.class.removed
   JD: libs/bcprov-jdk15on.jar/META-INF/versions/9/org/bouncycastle/asn1/ASN1Util.class.removed
   JD: libs/bcprov-jdk15on.jar/META-INF/versions/9/org/bouncycastle/asn1/ASN1VideotexString$1.class.removed
   JD: libs/bcprov-jdk15on.jar/META-INF/versions/9/org/bouncycastle/asn1/ASN1VideotexString.class.removed
   JD: libs/bcprov-jdk15on.jar/META-INF/versions/9/org/bouncycastle/asn1/ASN1VisibleString$1.class.removed
   JD: libs/bcprov-jdk15on.jar/META-INF/versions/9/org/bouncycastle/asn1/ASN1VisibleString.class.removed
   JD: libs/bcprov-jdk15on.jar/META-INF/versions/9/org/bouncycastle/asn1/BERApplicationSpecific.class.removed
   JD: libs/bcprov-jdk15on.jar/META-INF/versions/9/org/bouncycastle/asn1/BERApplicationSpecificParser.class.removed
   JD: libs/bcprov-jdk15on.jar/META-INF/versions/9/org/bouncycastle/asn1/BERBitString.class.removed
   JD: libs/bcprov-jdk15on.jar/META-INF/versions/9/org/bouncycastle/asn1/BERBitStringParser.class.removed
   JD: libs/bcprov-jdk15on.jar/META-INF/versions/9/org/bouncycastle/asn1/BERFactory.class.removed
   JD: libs/bcprov-jdk15on.jar/META-INF/versions/9/org/bouncycastle/asn1/BEROctetString$1.class.removed
   JD: libs/bcprov-jdk15on.jar/META-INF/versions/9/org/bouncycastle/asn1/BEROctetString$2.class.removed
   JD: libs/bcprov-jdk15on.jar/META-INF/versions/9/org/bouncycastle/asn1/BEROctetString.class.removed
   JD: libs/bcprov-jdk15on.jar/META-INF/versions/9/org/bouncycastle/asn1/BEROctetStringParser.class.removed
   JD: libs/bcprov-jdk15on.jar/META-INF/versions/9/org/bouncycastle/asn1/BERSequence.class.removed
   JD: libs/bcprov-jdk15on.jar/META-INF/versions/9/org/bouncycastle/asn1/BERSequenceParser.class.removed
   JD: libs/bcprov-jdk15on.jar/META-INF/versions/9/org/bouncycastle/asn1/BERSet.class.removed
   JD: libs/bcprov-jdk15on.jar/META-INF/versions/9/org/bouncycastle/asn1/BERSetParser.class.removed
   JD: libs/bcprov-jdk15on.jar/META-INF/versions/9/org/bouncycastle/asn1/BERTaggedObject.class.removed
   JD: libs/bcprov-jdk15on.jar/META-INF/versions/9/org/bouncycastle/asn1/BERTaggedObjectParser.class.removed
   JD: libs/bcprov-jdk15on.jar/META-INF/versions/9/org/bouncycastle/asn1/BERTags.class.removed
   JD: libs/bcprov-jdk15on.jar/META-INF/versions/9/org/bouncycastle/asn1/ConstructedBitStream.class.removed
   JD: libs/bcprov-jdk15on.jar/META-INF/versions/9/org/bouncycastle/asn1/ConstructedOctetStream.class.removed
   JD: libs/bcprov-jdk15on.jar/META-INF/versions/9/org/bouncycastle/asn1/DERApplicationSpecific.class.removed
   JD: libs/bcprov-jdk15on.jar/META-INF/versions/9/org/bouncycastle/asn1/DERBMPString.class.removed
   JD: libs/bcprov-jdk15on.jar/META-INF/versions/9/org/bouncycastle/asn1/DERBitString.class.removed
   JD: libs/bcprov-jdk15on.jar/META-INF/versions/9/org/bouncycastle/asn1/DERExternal.class.removed
   JD: libs/bcprov-jdk15on.jar/META-INF/versions/9/org/bouncycastle/asn1/DERExternalParser.class.removed
   JD: libs/bcprov-jdk15on.jar/META-INF/versions/9/org/bouncycastle/asn1/DERFactory.class.removed
   JD: libs/bcprov-jdk15on.jar/META-INF/versions/9/org/bouncycastle/asn1/DERGeneralString.class.removed
   JD: libs/bcprov-jdk15on.jar/META-INF/versions/9/org/bouncycastle/asn1/DERGeneralizedTime.class.removed
   JD: libs/bcprov-jdk15on.jar/META-INF/versions/9/org/bouncycastle/asn1/DERGraphicString.class.removed
   JD: libs/bcprov-jdk15on.jar/META-INF/versions/9/org/bouncycastle/asn1/DERIA5String.class.removed
   JD: libs/bcprov-jdk15on.jar/META-INF/versions/9/org/bouncycastle/asn1/DERNull.class.removed
   JD: libs/bcprov-jdk15on.jar/META-INF/versions/9/org/bouncycastle/asn1/DERNumericString.class.removed
   JD: libs/bcprov-jdk15on.jar/META-INF/versions/9/org/bouncycastle/asn1/DEROctetString.class.removed
   JD: libs/bcprov-jdk15on.jar/META-INF/versions/9/org/bouncycastle/asn1/DEROctetStringParser.class.removed
   JD: libs/bcprov-jdk15on.jar/META-INF/versions/9/org/bouncycastle/asn1/DEROutputStream.class.removed
   JD: libs/bcprov-jdk15on.jar/META-INF/versions/9/org/bouncycastle/asn1/DERPrintableString.class.removed
   JD: libs/bcprov-jdk15on.jar/META-INF/versions/9/org/bouncycastle/asn1/DERSequence.class.removed
   JD: libs/bcprov-jdk15on.jar/META-INF/versions/9/org/bouncycastle/asn1/DERSet.class.removed
   JD: libs/bcprov-jdk15on.jar/META-INF/versions/9/org/bouncycastle/asn1/DERT61String.class.removed
   JD: libs/bcprov-jdk15on.jar/META-INF/versions/9/org/bouncycastle/asn1/DERTaggedObject.class.removed
   JD: libs/bcprov-jdk15on.jar/META-INF/versions/9/org/bouncycastle/asn1/DERUTF8String.class.removed
   JD: libs/bcprov-jdk15on.jar/META-INF/versions/9/org/bouncycastle/asn1/DERUniversalString.class.removed
   JD: libs/bcprov-jdk15on.jar/META-INF/versions/9/org/bouncycastle/asn1/DERVideotexString.class.removed
   JD: libs/bcprov-jdk15on.jar/META-INF/versions/9/org/bouncycastle/asn1/DERVisibleString.class.removed
   JD: libs/bcprov-jdk15on.jar/META-INF/versions/9/org/bouncycastle/asn1/DLApplicationSpecific.class.removed
   JD: libs/bcprov-jdk15on.jar/META-INF/versions/9/org/bouncycastle/asn1/DLBitString.class.removed
   JD: libs/bcprov-jdk15on.jar/META-INF/versions/9/org/bouncycastle/asn1/DLBitStringParser.class.removed
   JD: libs/bcprov-jdk15on.jar/META-INF/versions/9/org/bouncycastle/asn1/DLExternal.class.removed
   JD: libs/bcprov-jdk15on.jar/META-INF/versions/9/org/bouncycastle/asn1/DLFactory.class.removed
   JD: libs/bcprov-jdk15on.jar/META-INF/versions/9/org/bouncycastle/asn1/DLOutputStream.class.removed
   JD: libs/bcprov-jdk15on.jar/META-INF/versions/9/org/bouncycastle/asn1/DLSequence.class.removed
   JD: libs/bcprov-jdk15on.jar/META-INF/versions/9/org/bouncycastle/asn1/DLSequenceParser.class.removed
   JD: libs/bcprov-jdk15on.jar/META-INF/versions/9/org/bouncycastle/asn1/DLSet.class.removed
   JD: libs/bcprov-jdk15on.jar/META-INF/versions/9/org/bouncycastle/asn1/DLSetParser.class.removed
   JD: libs/bcprov-jdk15on.jar/META-INF/versions/9/org/bouncycastle/asn1/DLTaggedObject.class.removed
   JD: libs/bcprov-jdk15on.jar/META-INF/versions/9/org/bouncycastle/asn1/DLTaggedObjectParser.class.removed
   JD: libs/bcprov-jdk15on.jar/META-INF/versions/9/org/bouncycastle/asn1/DateUtil.class.removed
   JD: libs/bcprov-jdk15on.jar/META-INF/versions/9/org/bouncycastle/asn1/DefiniteLengthInputStream.class.removed
   JD: libs/bcprov-jdk15on.jar/META-INF/versions/9/org/bouncycastle/asn1/InMemoryRepresentable.class.removed
   JD: libs/bcprov-jdk15on.jar/META-INF/versions/9/org/bouncycastle/asn1/IndefiniteLengthInputStream.class.removed
   JD: libs/bcprov-jdk15on.jar/META-INF/versions/9/org/bouncycastle/asn1/LazyConstructionEnumeration.class.removed
   JD: libs/bcprov-jdk15on.jar/META-INF/versions/9/org/bouncycastle/asn1/LazyEncodedSequence.class.removed
   JD: libs/bcprov-jdk15on.jar/META-INF/versions/9/org/bouncycastle/asn1/LimitedInputStream.class.removed
   JD: libs/bcprov-jdk15on.jar/META-INF/versions/9/org/bouncycastle/asn1/OIDTokenizer.class.removed
   JD: libs/bcprov-jdk15on.jar/META-INF/versions/9/org/bouncycastle/asn1/StreamUtil.class.removed
   JD: libs/bcprov-jdk15on.jar/META-INF/versions/9/org/bouncycastle/asn1/anssi.removed
   JD: libs/bcprov-jdk15on.jar/META-INF/versions/9/org/bouncycastle/asn1/anssi/ANSSINamedCurves$1.class.removed
   JD: libs/bcprov-jdk15on.jar/META-INF/versions/9/org/bouncycastle/asn1/anssi/ANSSINamedCurves.class.removed
   JD: libs/bcprov-jdk15on.jar/META-INF/versions/9/org/bouncycastle/asn1/anssi/ANSSIObjectIdentifiers.class.removed
   JD: libs/bcprov-jdk15on.jar/META-INF/versions/9/org/bouncycastle/asn1/bc.removed
   JD: libs/bcprov-jdk15on.jar/META-INF/versions/9/org/bouncycastle/asn1/bc/BCObjectIdentifiers.class.removed
   JD: libs/bcprov-jdk15on.jar/META-INF/versions/9/org/bouncycastle/asn1/cryptlib.removed
   JD: libs/bcprov-jdk15on.jar/META-INF/versions/9/org/bouncycastle/asn1/cryptlib/CryptlibObjectIdentifiers.class.removed
   JD: libs/bcprov-jdk15on.jar/META-INF/versions/9/org/bouncycastle/asn1/cryptopro.removed
   JD: libs/bcprov-jdk15on.jar/META-INF/versions/9/org/bouncycastle/asn1/cryptopro/CryptoProObjectIdentifiers.class.removed
   JD: libs/bcprov-jdk15on.jar/META-INF/versions/9/org/bouncycastle/asn1/cryptopro/ECGOST3410NamedCurves.class.removed
   JD: libs/bcprov-jdk15on.jar/META-INF/versions/9/org/bouncycastle/asn1/cryptopro/GOST3410PublicKeyAlgParameters.class.removed
   JD: libs/bcprov-jdk15on.jar/META-INF/versions/9/org/bouncycastle/asn1/gm.removed
   JD: libs/bcprov-jdk15on.jar/META-INF/versions/9/org/bouncycastle/asn1/gm/GMNamedCurves$1.class.removed
   JD: libs/bcprov-jdk15on.jar/META-INF/versions/9/org/bouncycastle/asn1/gm/GMNamedCurves$2.class.removed
   JD: libs/bcprov-jdk15on.jar/META-INF/versions/9/org/bouncycastle/asn1/gm/GMNamedCurves.class.removed
   JD: libs/bcprov-jdk15on.jar/META-INF/versions/9/org/bouncycastle/asn1/gm/GMObjectIdentifiers.class.removed
   JD: libs/bcprov-jdk15on.jar/META-INF/versions/9/org/bouncycastle/asn1/isara.removed
   JD: libs/bcprov-jdk15on.jar/META-INF/versions/9/org/bouncycastle/asn1/isara/IsaraObjectIdentifiers.class.removed
   JD: libs/bcprov-jdk15on.jar/META-INF/versions/9/org/bouncycastle/asn1/nist.removed
   JD: libs/bcprov-jdk15on.jar/META-INF/versions/9/org/bouncycastle/asn1/nist/NISTNamedCurves.class.removed
   JD: libs/bcprov-jdk15on.jar/META-INF/versions/9/org/bouncycastle/asn1/nist/NISTObjectIdentifiers.class.removed
   JD: libs/bcprov-jdk15on.jar/META-INF/versions/9/org/bouncycastle/asn1/oiw.removed
   JD: libs/bcprov-jdk15on.jar/META-INF/versions/9/org/bouncycastle/asn1/oiw/OIWObjectIdentifiers.class.removed
   JD: libs/bcprov-jdk15on.jar/META-INF/versions/9/org/bouncycastle/asn1/pkcs.removed
   JD: libs/bcprov-jdk15on.jar/META-INF/versions/9/org/bouncycastle/asn1/pkcs/PKCSObjectIdentifiers.class.removed
   JD: libs/bcprov-jdk15on.jar/META-INF/versions/9/org/bouncycastle/asn1/pkcs/PrivateKeyInfo.class.removed
   JD: libs/bcprov-jdk15on.jar/META-INF/versions/9/org/bouncycastle/asn1/rosstandart.removed
   JD: libs/bcprov-jdk15on.jar/META-INF/versions/9/org/bouncycastle/asn1/rosstandart/RosstandartObjectIdentifiers.class.removed
   JD: libs/bcprov-jdk15on.jar/META-INF/versions/9/org/bouncycastle/asn1/sec.removed
   JD: libs/bcprov-jdk15on.jar/META-INF/versions/9/org/bouncycastle/asn1/sec/SECNamedCurves$1.class.removed
   JD: libs/bcprov-jdk15on.jar/META-INF/versions/9/org/bouncycastle/asn1/sec/SECNamedCurves$10.class.removed
   JD: libs/bcprov-jdk15on.jar/META-INF/versions/9/org/bouncycastle/asn1/sec/SECNamedCurves$11.class.removed
   JD: libs/bcprov-jdk15on.jar/META-INF/versions/9/org/bouncycastle/asn1/sec/SECNamedCurves$12.class.removed
   JD: libs/bcprov-jdk15on.jar/META-INF/versions/9/org/bouncycastle/asn1/sec/SECNamedCurves$13.class.removed
   JD: libs/bcprov-jdk15on.jar/META-INF/versions/9/org/bouncycastle/asn1/sec/SECNamedCurves$14.class.removed
   JD: libs/bcprov-jdk15on.jar/META-INF/versions/9/org/bouncycastle/asn1/sec/SECNamedCurves$15.class.removed
   JD: libs/bcprov-jdk15on.jar/META-INF/versions/9/org/bouncycastle/asn1/sec/SECNamedCurves$16.class.removed
   JD: libs/bcprov-jdk15on.jar/META-INF/versions/9/org/bouncycastle/asn1/sec/SECNamedCurves$17.class.removed
   JD: libs/bcprov-jdk15on.jar/META-INF/versions/9/org/bouncycastle/asn1/sec/SECNamedCurves$18.class.removed
   JD: libs/bcprov-jdk15on.jar/META-INF/versions/9/org/bouncycastle/asn1/sec/SECNamedCurves$19.class.removed
   JD: libs/bcprov-jdk15on.jar/META-INF/versions/9/org/bouncycastle/asn1/sec/SECNamedCurves$2.class.removed
   JD: libs/bcprov-jdk15on.jar/META-INF/versions/9/org/bouncycastle/asn1/sec/SECNamedCurves$20.class.removed
   JD: libs/bcprov-jdk15on.jar/META-INF/versions/9/org/bouncycastle/asn1/sec/SECNamedCurves$21.class.removed
   JD: libs/bcprov-jdk15on.jar/META-INF/versions/9/org/bouncycastle/asn1/sec/SECNamedCurves$22.class.removed
   JD: libs/bcprov-jdk15on.jar/META-INF/versions/9/org/bouncycastle/asn1/sec/SECNamedCurves$23.class.removed
   JD: libs/bcprov-jdk15on.jar/META-INF/versions/9/org/bouncycastle/asn1/sec/SECNamedCurves$24.class.removed
   JD: libs/bcprov-jdk15on.jar/META-INF/versions/9/org/bouncycastle/asn1/sec/SECNamedCurves$25.class.removed
   JD: libs/bcprov-jdk15on.jar/META-INF/versions/9/org/bouncycastle/asn1/sec/SECNamedCurves$26.class.removed
   JD: libs/bcprov-jdk15on.jar/META-INF/versions/9/org/bouncycastle/asn1/sec/SECNamedCurves$27.class.removed
   JD: libs/bcprov-jdk15on.jar/META-INF/versions/9/org/bouncycastle/asn1/sec/SECNamedCurves$28.class.removed
   JD: libs/bcprov-jdk15on.jar/META-INF/versions/9/org/bouncycastle/asn1/sec/SECNamedCurves$29.class.removed
   JD: libs/bcprov-jdk15on.jar/META-INF/versions/9/org/bouncycastle/asn1/sec/SECNamedCurves$3.class.removed
   JD: libs/bcprov-jdk15on.jar/META-INF/versions/9/org/bouncycastle/asn1/sec/SECNamedCurves$30.class.removed
   JD: libs/bcprov-jdk15on.jar/META-INF/versions/9/org/bouncycastle/asn1/sec/SECNamedCurves$31.class.removed
   JD: libs/bcprov-jdk15on.jar/META-INF/versions/9/org/bouncycastle/asn1/sec/SECNamedCurves$32.class.removed
   JD: libs/bcprov-jdk15on.jar/META-INF/versions/9/org/bouncycastle/asn1/sec/SECNamedCurves$33.class.removed
   JD: libs/bcprov-jdk15on.jar/META-INF/versions/9/org/bouncycastle/asn1/sec/SECNamedCurves$4.class.removed
   JD: libs/bcprov-jdk15on.jar/META-INF/versions/9/org/bouncycastle/asn1/sec/SECNamedCurves$5.class.removed
   JD: libs/bcprov-jdk15on.jar/META-INF/versions/9/org/bouncycastle/asn1/sec/SECNamedCurves$6.class.removed
   JD: libs/bcprov-jdk15on.jar/META-INF/versions/9/org/bouncycastle/asn1/sec/SECNamedCurves$7.class.removed
   JD: libs/bcprov-jdk15on.jar/META-INF/versions/9/org/bouncycastle/asn1/sec/SECNamedCurves$8.class.removed
   JD: libs/bcprov-jdk15on.jar/META-INF/versions/9/org/bouncycastle/asn1/sec/SECNamedCurves$9.class.removed
   JD: libs/bcprov-jdk15on.jar/META-INF/versions/9/org/bouncycastle/asn1/sec/SECNamedCurves.class.removed
   JD: libs/bcprov-jdk15on.jar/META-INF/versions/9/org/bouncycastle/asn1/sec/SECObjectIdentifiers.class.removed
   JD: libs/bcprov-jdk15on.jar/META-INF/versions/9/org/bouncycastle/asn1/teletrust.removed
   JD: libs/bcprov-jdk15on.jar/META-INF/versions/9/org/bouncycastle/asn1/teletrust/TeleTrusTNamedCurves$1.class.removed
   JD: libs/bcprov-jdk15on.jar/META-INF/versions/9/org/bouncycastle/asn1/teletrust/TeleTrusTNamedCurves$10.class.removed
   JD: libs/bcprov-jdk15on.jar/META-INF/versions/9/org/bouncycastle/asn1/teletrust/TeleTrusTNamedCurves$11.class.removed
   JD: libs/bcprov-jdk15on.jar/META-INF/versions/9/org/bouncycastle/asn1/teletrust/TeleTrusTNamedCurves$12.class.removed
   JD: libs/bcprov-jdk15on.jar/META-INF/versions/9/org/bouncycastle/asn1/teletrust/TeleTrusTNamedCurves$13.class.removed
   JD: libs/bcprov-jdk15on.jar/META-INF/versions/9/org/bouncycastle/asn1/teletrust/TeleTrusTNamedCurves$14.class.removed
   JD: libs/bcprov-jdk15on.jar/META-INF/versions/9/org/bouncycastle/asn1/teletrust/TeleTrusTNamedCurves$2.class.removed
   JD: libs/bcprov-jdk15on.jar/META-INF/versions/9/org/bouncycastle/asn1/teletrust/TeleTrusTNamedCurves$3.class.removed
   JD: libs/bcprov-jdk15on.jar/META-INF/versions/9/org/bouncycastle/asn1/teletrust/TeleTrusTNamedCurves$4.class.removed
   JD: libs/bcprov-jdk15on.jar/META-INF/versions/9/org/bouncycastle/asn1/teletrust/TeleTrusTNamedCurves$5.class.removed
   JD: libs/bcprov-jdk15on.jar/META-INF/versions/9/org/bouncycastle/asn1/teletrust/TeleTrusTNamedCurves$6.class.removed
   JD: libs/bcprov-jdk15on.jar/META-INF/versions/9/org/bouncycastle/asn1/teletrust/TeleTrusTNamedCurves$7.class.removed
   JD: libs/bcprov-jdk15on.jar/META-INF/versions/9/org/bouncycastle/asn1/teletrust/TeleTrusTNamedCurves$8.class.removed
   JD: libs/bcprov-jdk15on.jar/META-INF/versions/9/org/bouncycastle/asn1/teletrust/TeleTrusTNamedCurves$9.class.removed
   JD: libs/bcprov-jdk15on.jar/META-INF/versions/9/org/bouncycastle/asn1/teletrust/TeleTrusTNamedCurves.class.removed
   JD: libs/bcprov-jdk15on.jar/META-INF/versions/9/org/bouncycastle/asn1/teletrust/TeleTrusTObjectIdentifiers.class.removed
   JD: libs/bcprov-jdk15on.jar/META-INF/versions/9/org/bouncycastle/asn1/x509.removed
   JD: libs/bcprov-jdk15on.jar/META-INF/versions/9/org/bouncycastle/asn1/x509/AlgorithmIdentifier.class.removed
   JD: libs/bcprov-jdk15on.jar/META-INF/versions/9/org/bouncycastle/asn1/x509/SubjectPublicKeyInfo.class.removed
   JD: libs/bcprov-jdk15on.jar/META-INF/versions/9/org/bouncycastle/asn1/x9.removed
   JD: libs/bcprov-jdk15on.jar/META-INF/versions/9/org/bouncycastle/asn1/x9/ECNamedCurveTable.class.removed
   JD: libs/bcprov-jdk15on.jar/META-INF/versions/9/org/bouncycastle/asn1/x9/X962NamedCurves$1.class.removed
   JD: libs/bcprov-jdk15on.jar/META-INF/versions/9/org/bouncycastle/asn1/x9/X962NamedCurves$10.class.removed
   JD: libs/bcprov-jdk15on.jar/META-INF/versions/9/org/bouncycastle/asn1/x9/X962NamedCurves$11.class.removed
   JD: libs/bcprov-jdk15on.jar/META-INF/versions/9/org/bouncycastle/asn1/x9/X962NamedCurves$12.class.removed
   JD: libs/bcprov-jdk15on.jar/META-INF/versions/9/org/bouncycastle/asn1/x9/X962NamedCurves$13.class.removed
   JD: libs/bcprov-jdk15on.jar/META-INF/versions/9/org/bouncycastle/asn1/x9/X962NamedCurves$14.class.removed
   JD: libs/bcprov-jdk15on.jar/META-INF/versions/9/org/bouncycastle/asn1/x9/X962NamedCurves$15.class.removed
   JD: libs/bcprov-jdk15on.jar/META-INF/versions/9/org/bouncycastle/asn1/x9/X962NamedCurves$16.class.removed
   JD: libs/bcprov-jdk15on.jar/META-INF/versions/9/org/bouncycastle/asn1/x9/X962NamedCurves$17.class.removed
   JD: libs/bcprov-jdk15on.jar/META-INF/versions/9/org/bouncycastle/asn1/x9/X962NamedCurves$18.class.removed
   JD: libs/bcprov-jdk15on.jar/META-INF/versions/9/org/bouncycastle/asn1/x9/X962NamedCurves$19.class.removed
   JD: libs/bcprov-jdk15on.jar/META-INF/versions/9/org/bouncycastle/asn1/x9/X962NamedCurves$2.class.removed
   JD: libs/bcprov-jdk15on.jar/META-INF/versions/9/org/bouncycastle/asn1/x9/X962NamedCurves$20.class.removed
   JD: libs/bcprov-jdk15on.jar/META-INF/versions/9/org/bouncycastle/asn1/x9/X962NamedCurves$21.class.removed
   JD: libs/bcprov-jdk15on.jar/META-INF/versions/9/org/bouncycastle/asn1/x9/X962NamedCurves$22.class.removed
   JD: libs/bcprov-jdk15on.jar/META-INF/versions/9/org/bouncycastle/asn1/x9/X962NamedCurves$23.class.removed
   JD: libs/bcprov-jdk15on.jar/META-INF/versions/9/org/bouncycastle/asn1/x9/X962NamedCurves$3.class.removed
   JD: libs/bcprov-jdk15on.jar/META-INF/versions/9/org/bouncycastle/asn1/x9/X962NamedCurves$4.class.removed
   JD: libs/bcprov-jdk15on.jar/META-INF/versions/9/org/bouncycastle/asn1/x9/X962NamedCurves$5.class.removed
   JD: libs/bcprov-jdk15on.jar/META-INF/versions/9/org/bouncycastle/asn1/x9/X962NamedCurves$6.class.removed
   JD: libs/bcprov-jdk15on.jar/META-INF/versions/9/org/bouncycastle/asn1/x9/X962NamedCurves$7.class.removed
   JD: libs/bcprov-jdk15on.jar/META-INF/versions/9/org/bouncycastle/asn1/x9/X962NamedCurves$8.class.removed
   JD: libs/bcprov-jdk15on.jar/META-INF/versions/9/org/bouncycastle/asn1/x9/X962NamedCurves$9.class.removed
   JD: libs/bcprov-jdk15on.jar/META-INF/versions/9/org/bouncycastle/asn1/x9/X962NamedCurves.class.removed
   JD: libs/bcprov-jdk15on.jar/META-INF/versions/9/org/bouncycastle/asn1/x9/X962Parameters.class.removed
   JD: libs/bcprov-jdk15on.jar/META-INF/versions/9/org/bouncycastle/asn1/x9/X9Curve.class.removed
   JD: libs/bcprov-jdk15on.jar/META-INF/versions/9/org/bouncycastle/asn1/x9/X9ECParameters.class.removed
   JD: libs/bcprov-jdk15on.jar/META-INF/versions/9/org/bouncycastle/asn1/x9/X9ECParametersHolder.class.removed
   JD: libs/bcprov-jdk15on.jar/META-INF/versions/9/org/bouncycastle/asn1/x9/X9ECPoint.class.removed
   JD: libs/bcprov-jdk15on.jar/META-INF/versions/9/org/bouncycastle/asn1/x9/X9FieldElement.class.removed
   JD: libs/bcprov-jdk15on.jar/META-INF/versions/9/org/bouncycastle/asn1/x9/X9FieldID.class.removed
   JD: libs/bcprov-jdk15on.jar/META-INF/versions/9/org/bouncycastle/asn1/x9/X9IntegerConverter.class.removed
   JD: libs/bcprov-jdk15on.jar/META-INF/versions/9/org/bouncycastle/asn1/x9/X9ObjectIdentifiers.class.removed
   JD: libs/bcprov-jdk15on.jar/META-INF/versions/9/org/bouncycastle/crypto.removed
   JD: libs/bcprov-jdk15on.jar/META-INF/versions/9/org/bouncycastle/crypto/AsymmetricCipherKeyPair.class.removed
   JD: libs/bcprov-jdk15on.jar/META-INF/versions/9/org/bouncycastle/crypto/AsymmetricCipherKeyPairGenerator.class.removed
   JD: libs/bcprov-jdk15on.jar/META-INF/versions/9/org/bouncycastle/crypto/CipherParameters.class.removed
   JD: libs/bcprov-jdk15on.jar/META-INF/versions/9/org/bouncycastle/crypto/CryptoServicesPermission.class.removed
   JD: libs/bcprov-jdk15on.jar/META-INF/versions/9/org/bouncycastle/crypto/CryptoServicesRegistrar$1.class.removed
   JD: libs/bcprov-jdk15on.jar/META-INF/versions/9/org/bouncycastle/crypto/CryptoServicesRegistrar$Property.class.removed
   JD: libs/bcprov-jdk15on.jar/META-INF/versions/9/org/bouncycastle/crypto/CryptoServicesRegistrar.class.removed
   JD: libs/bcprov-jdk15on.jar/META-INF/versions/9/org/bouncycastle/crypto/Digest.class.removed
   JD: libs/bcprov-jdk15on.jar/META-INF/versions/9/org/bouncycastle/crypto/ExtendedDigest.class.removed
   JD: libs/bcprov-jdk15on.jar/META-INF/versions/9/org/bouncycastle/crypto/KeyGenerationParameters.class.removed
   JD: libs/bcprov-jdk15on.jar/META-INF/versions/9/org/bouncycastle/crypto/Xof.class.removed
   JD: libs/bcprov-jdk15on.jar/META-INF/versions/9/org/bouncycastle/crypto/digests.removed
   JD: libs/bcprov-jdk15on.jar/META-INF/versions/9/org/bouncycastle/crypto/digests/CSHAKEDigest.class.removed
   JD: libs/bcprov-jdk15on.jar/META-INF/versions/9/org/bouncycastle/crypto/digests/EncodableDigest.class.removed
   JD: libs/bcprov-jdk15on.jar/META-INF/versions/9/org/bouncycastle/crypto/digests/GeneralDigest.class.removed
   JD: libs/bcprov-jdk15on.jar/META-INF/versions/9/org/bouncycastle/crypto/digests/KeccakDigest.class.removed
   JD: libs/bcprov-jdk15on.jar/META-INF/versions/9/org/bouncycastle/crypto/digests/LongDigest.class.removed
   JD: libs/bcprov-jdk15on.jar/META-INF/versions/9/org/bouncycastle/crypto/digests/MD5Digest.class.removed
   JD: libs/bcprov-jdk15on.jar/META-INF/versions/9/org/bouncycastle/crypto/digests/SHA1Digest.class.removed
   JD: libs/bcprov-jdk15on.jar/META-INF/versions/9/org/bouncycastle/crypto/digests/SHA224Digest.class.removed
   JD: libs/bcprov-jdk15on.jar/META-INF/versions/9/org/bouncycastle/crypto/digests/SHA256Digest.class.removed
   JD: libs/bcprov-jdk15on.jar/META-INF/versions/9/org/bouncycastle/crypto/digests/SHA384Digest.class.removed
   JD: libs/bcprov-jdk15on.jar/META-INF/versions/9/org/bouncycastle/crypto/digests/SHA3Digest.class.removed
   JD: libs/bcprov-jdk15on.jar/META-INF/versions/9/org/bouncycastle/crypto/digests/SHA512Digest.class.removed
   JD: libs/bcprov-jdk15on.jar/META-INF/versions/9/org/bouncycastle/crypto/digests/SHA512tDigest.class.removed
   JD: libs/bcprov-jdk15on.jar/META-INF/versions/9/org/bouncycastle/crypto/digests/SHAKEDigest.class.removed
   JD: libs/bcprov-jdk15on.jar/META-INF/versions/9/org/bouncycastle/crypto/digests/XofUtils.class.removed
   JD: libs/bcprov-jdk15on.jar/META-INF/versions/9/org/bouncycastle/crypto/ec.removed
   JD: libs/bcprov-jdk15on.jar/META-INF/versions/9/org/bouncycastle/crypto/ec/CustomNamedCurves$1.class.removed
   JD: libs/bcprov-jdk15on.jar/META-INF/versions/9/org/bouncycastle/crypto/ec/CustomNamedCurves$10.class.removed
   JD: libs/bcprov-jdk15on.jar/META-INF/versions/9/org/bouncycastle/crypto/ec/CustomNamedCurves$11.class.removed
   JD: libs/bcprov-jdk15on.jar/META-INF/versions/9/org/bouncycastle/crypto/ec/CustomNamedCurves$12.class.removed
   JD: libs/bcprov-jdk15on.jar/META-INF/versions/9/org/bouncycastle/crypto/ec/CustomNamedCurves$13.class.removed
   JD: libs/bcprov-jdk15on.jar/META-INF/versions/9/org/bouncycastle/crypto/ec/CustomNamedCurves$14.class.removed
   JD: libs/bcprov-jdk15on.jar/META-INF/versions/9/org/bouncycastle/crypto/ec/CustomNamedCurves$15.class.removed
   JD: libs/bcprov-jdk15on.jar/META-INF/versions/9/org/bouncycastle/crypto/ec/CustomNamedCurves$16.class.removed
   JD: libs/bcprov-jdk15on.jar/META-INF/versions/9/org/bouncycastle/crypto/ec/CustomNamedCurves$17.class.removed
   JD: libs/bcprov-jdk15on.jar/META-INF/versions/9/org/bouncycastle/crypto/ec/CustomNamedCurves$18.class.removed
   JD: libs/bcprov-jdk15on.jar/META-INF/versions/9/org/bouncycastle/crypto/ec/CustomNamedCurves$19.class.removed
   JD: libs/bcprov-jdk15on.jar/META-INF/versions/9/org/bouncycastle/crypto/ec/CustomNamedCurves$2.class.removed
   JD: libs/bcprov-jdk15on.jar/META-INF/versions/9/org/bouncycastle/crypto/ec/CustomNamedCurves$20.class.removed
   JD: libs/bcprov-jdk15on.jar/META-INF/versions/9/org/bouncycastle/crypto/ec/CustomNamedCurves$21.class.removed
   JD: libs/bcprov-jdk15on.jar/META-INF/versions/9/org/bouncycastle/crypto/ec/CustomNamedCurves$22.class.removed
   JD: libs/bcprov-jdk15on.jar/META-INF/versions/9/org/bouncycastle/crypto/ec/CustomNamedCurves$23.class.removed
   JD: libs/bcprov-jdk15on.jar/META-INF/versions/9/org/bouncycastle/crypto/ec/CustomNamedCurves$24.class.removed
   JD: libs/bcprov-jdk15on.jar/META-INF/versions/9/org/bouncycastle/crypto/ec/CustomNamedCurves$25.class.removed
   JD: libs/bcprov-jdk15on.jar/META-INF/versions/9/org/bouncycastle/crypto/ec/CustomNamedCurves$26.class.removed
   JD: libs/bcprov-jdk15on.jar/META-INF/versions/9/org/bouncycastle/crypto/ec/CustomNamedCurves$27.class.removed
   JD: libs/bcprov-jdk15on.jar/META-INF/versions/9/org/bouncycastle/crypto/ec/CustomNamedCurves$28.class.removed
   JD: libs/bcprov-jdk15on.jar/META-INF/versions/9/org/bouncycastle/crypto/ec/CustomNamedCurves$29.class.removed
   JD: libs/bcprov-jdk15on.jar/META-INF/versions/9/org/bouncycastle/crypto/ec/CustomNamedCurves$3.class.removed
   JD: libs/bcprov-jdk15on.jar/META-INF/versions/9/org/bouncycastle/crypto/ec/CustomNamedCurves$30.class.removed
   JD: libs/bcprov-jdk15on.jar/META-INF/versions/9/org/bouncycastle/crypto/ec/CustomNamedCurves$31.class.removed
   JD: libs/bcprov-jdk15on.jar/META-INF/versions/9/org/bouncycastle/crypto/ec/CustomNamedCurves$32.class.removed
   JD: libs/bcprov-jdk15on.jar/META-INF/versions/9/org/bouncycastle/crypto/ec/CustomNamedCurves$4.class.removed
   JD: libs/bcprov-jdk15on.jar/META-INF/versions/9/org/bouncycastle/crypto/ec/CustomNamedCurves$5.class.removed
   JD: libs/bcprov-jdk15on.jar/META-INF/versions/9/org/bouncycastle/crypto/ec/CustomNamedCurves$6.class.removed
   JD: libs/bcprov-jdk15on.jar/META-INF/versions/9/org/bouncycastle/crypto/ec/CustomNamedCurves$7.class.removed
   JD: libs/bcprov-jdk15on.jar/META-INF/versions/9/org/bouncycastle/crypto/ec/CustomNamedCurves$8.class.removed
   JD: libs/bcprov-jdk15on.jar/META-INF/versions/9/org/bouncycastle/crypto/ec/CustomNamedCurves$9.class.removed
   JD: libs/bcprov-jdk15on.jar/META-INF/versions/9/org/bouncycastle/crypto/ec/CustomNamedCurves.class.removed
   JD: libs/bcprov-jdk15on.jar/META-INF/versions/9/org/bouncycastle/crypto/params.removed
   JD: libs/bcprov-jdk15on.jar/META-INF/versions/9/org/bouncycastle/crypto/params/AsymmetricKeyParameter.class.removed
   JD: libs/bcprov-jdk15on.jar/META-INF/versions/9/org/bouncycastle/crypto/params/DHParameters.class.removed
   JD: libs/bcprov-jdk15on.jar/META-INF/versions/9/org/bouncycastle/crypto/params/DHValidationParameters.class.removed
   JD: libs/bcprov-jdk15on.jar/META-INF/versions/9/org/bouncycastle/crypto/params/DSAParameters.class.removed
   JD: libs/bcprov-jdk15on.jar/META-INF/versions/9/org/bouncycastle/crypto/params/DSAValidationParameters.class.removed
   JD: libs/bcprov-jdk15on.jar/META-INF/versions/9/org/bouncycastle/crypto/params/ECDomainParameters.class.removed
   JD: libs/bcprov-jdk15on.jar/META-INF/versions/9/org/bouncycastle/crypto/params/ECKeyParameters.class.removed
   JD: libs/bcprov-jdk15on.jar/META-INF/versions/9/org/bouncycastle/crypto/params/ECNamedDomainParameters.class.removed
   JD: libs/bcprov-jdk15on.jar/META-INF/versions/9/org/bouncycastle/crypto/params/ECPrivateKeyParameters.class.removed
   JD: libs/bcprov-jdk15on.jar/META-INF/versions/9/org/bouncycastle/crypto/params/ECPublicKeyParameters.class.removed
   JD: libs/bcprov-jdk15on.jar/META-INF/versions/9/org/bouncycastle/crypto/util.removed
   JD: libs/bcprov-jdk15on.jar/META-INF/versions/9/org/bouncycastle/crypto/util/DigestFactory$1.class.removed
   JD: libs/bcprov-jdk15on.jar/META-INF/versions/9/org/bouncycastle/crypto/util/DigestFactory$10.class.removed
   JD: libs/bcprov-jdk15on.jar/META-INF/versions/9/org/bouncycastle/crypto/util/DigestFactory$11.class.removed
   JD: libs/bcprov-jdk15on.jar/META-INF/versions/9/org/bouncycastle/crypto/util/DigestFactory$12.class.removed
   JD: libs/bcprov-jdk15on.jar/META-INF/versions/9/org/bouncycastle/crypto/util/DigestFactory$2.class.removed
   JD: libs/bcprov-jdk15on.jar/META-INF/versions/9/org/bouncycastle/crypto/util/DigestFactory$3.class.removed
   JD: libs/bcprov-jdk15on.jar/META-INF/versions/9/org/bouncycastle/crypto/util/DigestFactory$4.class.removed
   JD: libs/bcprov-jdk15on.jar/META-INF/versions/9/org/bouncycastle/crypto/util/DigestFactory$5.class.removed
   JD: libs/bcprov-jdk15on.jar/META-INF/versions/9/org/bouncycastle/crypto/util/DigestFactory$6.class.removed
   JD: libs/bcprov-jdk15on.jar/META-INF/versions/9/org/bouncycastle/crypto/util/DigestFactory$7.class.removed
   JD: libs/bcprov-jdk15on.jar/META-INF/versions/9/org/bouncycastle/crypto/util/DigestFactory$8.class.removed
   JD: libs/bcprov-jdk15on.jar/META-INF/versions/9/org/bouncycastle/crypto/util/DigestFactory$9.class.removed
   JD: libs/bcprov-jdk15on.jar/META-INF/versions/9/org/bouncycastle/crypto/util/DigestFactory$Cloner.class.removed
   JD: libs/bcprov-jdk15on.jar/META-INF/versions/9/org/bouncycastle/crypto/util/DigestFactory.class.removed
   JD: libs/bcprov-jdk15on.jar/META-INF/versions/9/org/bouncycastle/jcajce.removed
   JD: libs/bcprov-jdk15on.jar/META-INF/versions/9/org/bouncycastle/jcajce/provider.removed
   JD: libs/bcprov-jdk15on.jar/META-INF/versions/9/org/bouncycastle/jcajce/provider/asymmetric.removed
   JD: libs/bcprov-jdk15on.jar/META-INF/versions/9/org/bouncycastle/jcajce/provider/asymmetric/util.removed
   JD: libs/bcprov-jdk15on.jar/META-INF/versions/9/org/bouncycastle/jcajce/provider/asymmetric/util/EC5Util.class.removed
   JD: libs/bcprov-jdk15on.jar/META-INF/versions/9/org/bouncycastle/jcajce/provider/asymmetric/util/ECUtil$1.class.removed
   JD: libs/bcprov-jdk15on.jar/META-INF/versions/9/org/bouncycastle/jcajce/provider/asymmetric/util/ECUtil.class.removed
   JD: libs/bcprov-jdk15on.jar/META-INF/versions/9/org/bouncycastle/jcajce/provider/config.removed
   JD: libs/bcprov-jdk15on.jar/META-INF/versions/9/org/bouncycastle/jcajce/provider/config/ConfigurableProvider.class.removed
   JD: libs/bcprov-jdk15on.jar/META-INF/versions/9/org/bouncycastle/jcajce/provider/config/ProviderConfiguration.class.removed
   JD: libs/bcprov-jdk15on.jar/META-INF/versions/9/org/bouncycastle/jcajce/provider/config/ProviderConfigurationPermission.class.removed
   JD: libs/bcprov-jdk15on.jar/META-INF/versions/9/org/bouncycastle/jcajce/provider/symmetric.removed
   JD: libs/bcprov-jdk15on.jar/META-INF/versions/9/org/bouncycastle/jcajce/provider/symmetric/util.removed
   JD: libs/bcprov-jdk15on.jar/META-INF/versions/9/org/bouncycastle/jcajce/provider/symmetric/util/ClassUtil$1.class.removed
   JD: libs/bcprov-jdk15on.jar/META-INF/versions/9/org/bouncycastle/jcajce/provider/symmetric/util/ClassUtil.class.removed
   JD: libs/bcprov-jdk15on.jar/META-INF/versions/9/org/bouncycastle/jcajce/provider/util.removed
   JD: libs/bcprov-jdk15on.jar/META-INF/versions/9/org/bouncycastle/jcajce/provider/util/AlgorithmProvider.class.removed
   JD: libs/bcprov-jdk15on.jar/META-INF/versions/9/org/bouncycastle/jcajce/provider/util/AsymmetricKeyInfoConverter.class.removed
   JD: libs/bcprov-jdk15on.jar/META-INF/versions/9/org/bouncycastle/jcajce/spec.removed
   JD: libs/bcprov-jdk15on.jar/META-INF/versions/9/org/bouncycastle/jcajce/spec/DHDomainParameterSpec.class.removed
   JD: libs/bcprov-jdk15on.jar/META-INF/versions/9/org/bouncycastle/jce.removed
   JD: libs/bcprov-jdk15on.jar/META-INF/versions/9/org/bouncycastle/jce/ECGOST3410NamedCurveTable.class.removed
   JD: libs/bcprov-jdk15on.jar/META-INF/versions/9/org/bouncycastle/jce/interfaces.removed
   JD: libs/bcprov-jdk15on.jar/META-INF/versions/9/org/bouncycastle/jce/interfaces/ECKey.class.removed
   JD: libs/bcprov-jdk15on.jar/META-INF/versions/9/org/bouncycastle/jce/interfaces/ECPrivateKey.class.removed
   JD: libs/bcprov-jdk15on.jar/META-INF/versions/9/org/bouncycastle/jce/interfaces/ECPublicKey.class.removed
   JD: libs/bcprov-jdk15on.jar/META-INF/versions/9/org/bouncycastle/jce/provider.removed
   JD: libs/bcprov-jdk15on.jar/META-INF/versions/9/org/bouncycastle/jce/provider/BouncyCastleProvider$1.class.removed
   JD: libs/bcprov-jdk15on.jar/META-INF/versions/9/org/bouncycastle/jce/provider/BouncyCastleProvider.class.removed
   JD: libs/bcprov-jdk15on.jar/META-INF/versions/9/org/bouncycastle/jce/provider/BouncyCastleProviderConfiguration.class.removed
   JD: libs/bcprov-jdk15on.jar/META-INF/versions/9/org/bouncycastle/jce/spec.removed
   JD: libs/bcprov-jdk15on.jar/META-INF/versions/9/org/bouncycastle/jce/spec/ECNamedCurveParameterSpec.class.removed
   JD: libs/bcprov-jdk15on.jar/META-INF/versions/9/org/bouncycastle/jce/spec/ECNamedCurveSpec.class.removed
   JD: libs/bcprov-jdk15on.jar/META-INF/versions/9/org/bouncycastle/jce/spec/ECParameterSpec.class.removed
   JD: libs/bcprov-jdk15on.jar/META-INF/versions/9/org/bouncycastle/math.removed
   JD: libs/bcprov-jdk15on.jar/META-INF/versions/9/org/bouncycastle/math/ec.removed
   JD: libs/bcprov-jdk15on.jar/META-INF/versions/9/org/bouncycastle/math/ec/AbstractECLookupTable.class.removed
   JD: libs/bcprov-jdk15on.jar/META-INF/versions/9/org/bouncycastle/math/ec/AbstractECMultiplier.class.removed
   JD: libs/bcprov-jdk15on.jar/META-INF/versions/9/org/bouncycastle/math/ec/ECAlgorithms.class.removed
   JD: libs/bcprov-jdk15on.jar/META-INF/versions/9/org/bouncycastle/math/ec/ECConstants.class.removed
   JD: libs/bcprov-jdk15on.jar/META-INF/versions/9/org/bouncycastle/math/ec/ECCurve$1.class.removed
   JD: libs/bcprov-jdk15on.jar/META-INF/versions/9/org/bouncycastle/math/ec/ECCurve$AbstractF2m.class.removed
   JD: libs/bcprov-jdk15on.jar/META-INF/versions/9/org/bouncycastle/math/ec/ECCurve$AbstractFp.class.removed
   JD: libs/bcprov-jdk15on.jar/META-INF/versions/9/org/bouncycastle/math/ec/ECCurve$Config.class.removed
   JD: libs/bcprov-jdk15on.jar/META-INF/versions/9/org/bouncycastle/math/ec/ECCurve$F2m$1.class.removed
   JD: libs/bcprov-jdk15on.jar/META-INF/versions/9/org/bouncycastle/math/ec/ECCurve$F2m.class.removed
   JD: libs/bcprov-jdk15on.jar/META-INF/versions/9/org/bouncycastle/math/ec/ECCurve$Fp.class.removed
   JD: libs/bcprov-jdk15on.jar/META-INF/versions/9/org/bouncycastle/math/ec/ECCurve.class.removed
   JD: libs/bcprov-jdk15on.jar/META-INF/versions/9/org/bouncycastle/math/ec/ECFieldElement$AbstractF2m.class.removed
   JD: libs/bcprov-jdk15on.jar/META-INF/versions/9/org/bouncycastle/math/ec/ECFieldElement$AbstractFp.class.removed
   JD: libs/bcprov-jdk15on.jar/META-INF/versions/9/org/bouncycastle/math/ec/ECFieldElement$F2m.class.removed
   JD: libs/bcprov-jdk15on.jar/META-INF/versions/9/org/bouncycastle/math/ec/ECFieldElement$Fp.class.removed
   JD: libs/bcprov-jdk15on.jar/META-INF/versions/9/org/bouncycastle/math/ec/ECFieldElement.class.removed
   JD: libs/bcprov-jdk15on.jar/META-INF/versions/9/org/bouncycastle/math/ec/ECLookupTable.class.removed
   JD: libs/bcprov-jdk15on.jar/META-INF/versions/9/org/bouncycastle/math/ec/ECMultiplier.class.removed
   JD: libs/bcprov-jdk15on.jar/META-INF/versions/9/org/bouncycastle/math/ec/ECPoint$1.class.removed
   JD: libs/bcprov-jdk15on.jar/META-INF/versions/9/org/bouncycastle/math/ec/ECPoint$AbstractF2m.class.removed
   JD: libs/bcprov-jdk15on.jar/META-INF/versions/9/org/bouncycastle/math/ec/ECPoint$AbstractFp.class.removed
   JD: libs/bcprov-jdk15on.jar/META-INF/versions/9/org/bouncycastle/math/ec/ECPoint$F2m.class.removed
   JD: libs/bcprov-jdk15on.jar/META-INF/versions/9/org/bouncycastle/math/ec/ECPoint$Fp.class.removed
   JD: libs/bcprov-jdk15on.jar/META-INF/versions/9/org/bouncycastle/math/ec/ECPoint.class.removed
   JD: libs/bcprov-jdk15on.jar/META-INF/versions/9/org/bouncycastle/math/ec/ECPointMap.class.removed
   JD: libs/bcprov-jdk15on.jar/META-INF/versions/9/org/bouncycastle/math/ec/FixedPointCombMultiplier.class.removed
   JD: libs/bcprov-jdk15on.jar/META-INF/versions/9/org/bouncycastle/math/ec/FixedPointPreCompInfo.class.removed
   JD: libs/bcprov-jdk15on.jar/META-INF/versions/9/org/bouncycastle/math/ec/FixedPointUtil$1.class.removed
   JD: libs/bcprov-jdk15on.jar/META-INF/versions/9/org/bouncycastle/math/ec/FixedPointUtil.class.removed
   JD: libs/bcprov-jdk15on.jar/META-INF/versions/9/org/bouncycastle/math/ec/GLVMultiplier.class.removed
   JD: libs/bcprov-jdk15on.jar/META-INF/versions/9/org/bouncycastle/math/ec/LongArray.class.removed
   JD: libs/bcprov-jdk15on.jar/META-INF/versions/9/org/bouncycastle/math/ec/PreCompCallback.class.removed
   JD: libs/bcprov-jdk15on.jar/META-INF/versions/9/org/bouncycastle/math/ec/PreCompInfo.class.removed
   JD: libs/bcprov-jdk15on.jar/META-INF/versions/9/org/bouncycastle/math/ec/ScaleXPointMap.class.removed
   JD: libs/bcprov-jdk15on.jar/META-INF/versions/9/org/bouncycastle/math/ec/SimpleBigDecimal.class.removed
   JD: libs/bcprov-jdk15on.jar/META-INF/versions/9/org/bouncycastle/math/ec/Tnaf.class.removed
   JD: libs/bcprov-jdk15on.jar/META-INF/versions/9/org/bouncycastle/math/ec/ValidityPrecompInfo.class.removed
   JD: libs/bcprov-jdk15on.jar/META-INF/versions/9/org/bouncycastle/math/ec/WNafL2RMultiplier.class.removed
   JD: libs/bcprov-jdk15on.jar/META-INF/versions/9/org/bouncycastle/math/ec/WNafPreCompInfo.class.removed
   JD: libs/bcprov-jdk15on.jar/META-INF/versions/9/org/bouncycastle/math/ec/WNafUtil$1.class.removed
   JD: libs/bcprov-jdk15on.jar/META-INF/versions/9/org/bouncycastle/math/ec/WNafUtil$2.class.removed
   JD: libs/bcprov-jdk15on.jar/META-INF/versions/9/org/bouncycastle/math/ec/WNafUtil$3.class.removed
   JD: libs/bcprov-jdk15on.jar/META-INF/versions/9/org/bouncycastle/math/ec/WNafUtil.class.removed
   JD: libs/bcprov-jdk15on.jar/META-INF/versions/9/org/bouncycastle/math/ec/WTauNafMultiplier$1.class.removed
   JD: libs/bcprov-jdk15on.jar/META-INF/versions/9/org/bouncycastle/math/ec/WTauNafMultiplier.class.removed
   JD: libs/bcprov-jdk15on.jar/META-INF/versions/9/org/bouncycastle/math/ec/WTauNafPreCompInfo.class.removed
   JD: libs/bcprov-jdk15on.jar/META-INF/versions/9/org/bouncycastle/math/ec/ZTauElement.class.removed
   JD: libs/bcprov-jdk15on.jar/META-INF/versions/9/org/bouncycastle/math/ec/custom.removed
   JD: libs/bcprov-jdk15on.jar/META-INF/versions/9/org/bouncycastle/math/ec/custom/djb.removed
   JD: libs/bcprov-jdk15on.jar/META-INF/versions/9/org/bouncycastle/math/ec/custom/djb/Curve25519$1.class.removed
   JD: libs/bcprov-jdk15on.jar/META-INF/versions/9/org/bouncycastle/math/ec/custom/djb/Curve25519.class.removed
   JD: libs/bcprov-jdk15on.jar/META-INF/versions/9/org/bouncycastle/math/ec/custom/djb/Curve25519Field.class.removed
   JD: libs/bcprov-jdk15on.jar/META-INF/versions/9/org/bouncycastle/math/ec/custom/djb/Curve25519FieldElement.class.removed
   JD: libs/bcprov-jdk15on.jar/META-INF/versions/9/org/bouncycastle/math/ec/custom/djb/Curve25519Point.class.removed
   JD: libs/bcprov-jdk15on.jar/META-INF/versions/9/org/bouncycastle/math/ec/custom/gm.removed
   JD: libs/bcprov-jdk15on.jar/META-INF/versions/9/org/bouncycastle/math/ec/custom/gm/SM2P256V1Curve$1.class.removed
   JD: libs/bcprov-jdk15on.jar/META-INF/versions/9/org/bouncycastle/math/ec/custom/gm/SM2P256V1Curve.class.removed
   JD: libs/bcprov-jdk15on.jar/META-INF/versions/9/org/bouncycastle/math/ec/custom/gm/SM2P256V1Field.class.removed
   JD: libs/bcprov-jdk15on.jar/META-INF/versions/9/org/bouncycastle/math/ec/custom/gm/SM2P256V1FieldElement.class.removed
   JD: libs/bcprov-jdk15on.jar/META-INF/versions/9/org/bouncycastle/math/ec/custom/gm/SM2P256V1Point.class.removed
   JD: libs/bcprov-jdk15on.jar/META-INF/versions/9/org/bouncycastle/math/ec/custom/sec.removed
   JD: libs/bcprov-jdk15on.jar/META-INF/versions/9/org/bouncycastle/math/ec/custom/sec/SecP128R1Curve$1.class.removed
   JD: libs/bcprov-jdk15on.jar/META-INF/versions/9/org/bouncycastle/math/ec/custom/sec/SecP128R1Curve.class.removed
   JD: libs/bcprov-jdk15on.jar/META-INF/versions/9/org/bouncycastle/math/ec/custom/sec/SecP128R1Field.class.removed
   JD: libs/bcprov-jdk15on.jar/META-INF/versions/9/org/bouncycastle/math/ec/custom/sec/SecP128R1FieldElement.class.removed
   JD: libs/bcprov-jdk15on.jar/META-INF/versions/9/org/bouncycastle/math/ec/custom/sec/SecP128R1Point.class.removed
   JD: libs/bcprov-jdk15on.jar/META-INF/versions/9/org/bouncycastle/math/ec/custom/sec/SecP160K1Curve$1.class.removed
   JD: libs/bcprov-jdk15on.jar/META-INF/versions/9/org/bouncycastle/math/ec/custom/sec/SecP160K1Curve.class.removed
   JD: libs/bcprov-jdk15on.jar/META-INF/versions/9/org/bouncycastle/math/ec/custom/sec/SecP160K1Point.class.removed
   JD: libs/bcprov-jdk15on.jar/META-INF/versions/9/org/bouncycastle/math/ec/custom/sec/SecP160R1Curve$1.class.removed
   JD: libs/bcprov-jdk15on.jar/META-INF/versions/9/org/bouncycastle/math/ec/custom/sec/SecP160R1Curve.class.removed
   JD: libs/bcprov-jdk15on.jar/META-INF/versions/9/org/bouncycastle/math/ec/custom/sec/SecP160R1Field.class.removed
   JD: libs/bcprov-jdk15on.jar/META-INF/versions/9/org/bouncycastle/math/ec/custom/sec/SecP160R1FieldElement.class.removed
   JD: libs/bcprov-jdk15on.jar/META-INF/versions/9/org/bouncycastle/math/ec/custom/sec/SecP160R1Point.class.removed
   JD: libs/bcprov-jdk15on.jar/META-INF/versions/9/org/bouncycastle/math/ec/custom/sec/SecP160R2Curve$1.class.removed
   JD: libs/bcprov-jdk15on.jar/META-INF/versions/9/org/bouncycastle/math/ec/custom/sec/SecP160R2Curve.class.removed
   JD: libs/bcprov-jdk15on.jar/META-INF/versions/9/org/bouncycastle/math/ec/custom/sec/SecP160R2Field.class.removed
   JD: libs/bcprov-jdk15on.jar/META-INF/versions/9/org/bouncycastle/math/ec/custom/sec/SecP160R2FieldElement.class.removed
   JD: libs/bcprov-jdk15on.jar/META-INF/versions/9/org/bouncycastle/math/ec/custom/sec/SecP160R2Point.class.removed
   JD: libs/bcprov-jdk15on.jar/META-INF/versions/9/org/bouncycastle/math/ec/custom/sec/SecP192K1Curve$1.class.removed
   JD: libs/bcprov-jdk15on.jar/META-INF/versions/9/org/bouncycastle/math/ec/custom/sec/SecP192K1Curve.class.removed
   JD: libs/bcprov-jdk15on.jar/META-INF/versions/9/org/bouncycastle/math/ec/custom/sec/SecP192K1Field.class.removed
   JD: libs/bcprov-jdk15on.jar/META-INF/versions/9/org/bouncycastle/math/ec/custom/sec/SecP192K1FieldElement.class.removed
   JD: libs/bcprov-jdk15on.jar/META-INF/versions/9/org/bouncycastle/math/ec/custom/sec/SecP192K1Point.class.removed
   JD: libs/bcprov-jdk15on.jar/META-INF/versions/9/org/bouncycastle/math/ec/custom/sec/SecP192R1Curve$1.class.removed
   JD: libs/bcprov-jdk15on.jar/META-INF/versions/9/org/bouncycastle/math/ec/custom/sec/SecP192R1Curve.class.removed
   JD: libs/bcprov-jdk15on.jar/META-INF/versions/9/org/bouncycastle/math/ec/custom/sec/SecP192R1Field.class.removed
   JD: libs/bcprov-jdk15on.jar/META-INF/versions/9/org/bouncycastle/math/ec/custom/sec/SecP192R1FieldElement.class.removed
   JD: libs/bcprov-jdk15on.jar/META-INF/versions/9/org/bouncycastle/math/ec/custom/sec/SecP192R1Point.class.removed
   JD: libs/bcprov-jdk15on.jar/META-INF/versions/9/org/bouncycastle/math/ec/custom/sec/SecP224K1Curve$1.class.removed
   JD: libs/bcprov-jdk15on.jar/META-INF/versions/9/org/bouncycastle/math/ec/custom/sec/SecP224K1Curve.class.removed
   JD: libs/bcprov-jdk15on.jar/META-INF/versions/9/org/bouncycastle/math/ec/custom/sec/SecP224K1Field.class.removed
   JD: libs/bcprov-jdk15on.jar/META-INF/versions/9/org/bouncycastle/math/ec/custom/sec/SecP224K1FieldElement.class.removed
   JD: libs/bcprov-jdk15on.jar/META-INF/versions/9/org/bouncycastle/math/ec/custom/sec/SecP224K1Point.class.removed
   JD: libs/bcprov-jdk15on.jar/META-INF/versions/9/org/bouncycastle/math/ec/custom/sec/SecP224R1Curve$1.class.removed
   JD: libs/bcprov-jdk15on.jar/META-INF/versions/9/org/bouncycastle/math/ec/custom/sec/SecP224R1Curve.class.removed
   JD: libs/bcprov-jdk15on.jar/META-INF/versions/9/org/bouncycastle/math/ec/custom/sec/SecP224R1Field.class.removed
   JD: libs/bcprov-jdk15on.jar/META-INF/versions/9/org/bouncycastle/math/ec/custom/sec/SecP224R1FieldElement.class.removed
   JD: libs/bcprov-jdk15on.jar/META-INF/versions/9/org/bouncycastle/math/ec/custom/sec/SecP224R1Point.class.removed
   JD: libs/bcprov-jdk15on.jar/META-INF/versions/9/org/bouncycastle/math/ec/custom/sec/SecP256K1Curve$1.class.removed
   JD: libs/bcprov-jdk15on.jar/META-INF/versions/9/org/bouncycastle/math/ec/custom/sec/SecP256K1Curve.class.removed
   JD: libs/bcprov-jdk15on.jar/META-INF/versions/9/org/bouncycastle/math/ec/custom/sec/SecP256K1Field.class.removed
   JD: libs/bcprov-jdk15on.jar/META-INF/versions/9/org/bouncycastle/math/ec/custom/sec/SecP256K1FieldElement.class.removed
   JD: libs/bcprov-jdk15on.jar/META-INF/versions/9/org/bouncycastle/math/ec/custom/sec/SecP256K1Point.class.removed
   JD: libs/bcprov-jdk15on.jar/META-INF/versions/9/org/bouncycastle/math/ec/custom/sec/SecP256R1Curve$1.class.removed
   JD: libs/bcprov-jdk15on.jar/META-INF/versions/9/org/bouncycastle/math/ec/custom/sec/SecP256R1Curve.class.removed
   JD: libs/bcprov-jdk15on.jar/META-INF/versions/9/org/bouncycastle/math/ec/custom/sec/SecP256R1Field.class.removed
   JD: libs/bcprov-jdk15on.jar/META-INF/versions/9/org/bouncycastle/math/ec/custom/sec/SecP256R1FieldElement.class.removed
   JD: libs/bcprov-jdk15on.jar/META-INF/versions/9/org/bouncycastle/math/ec/custom/sec/SecP256R1Point.class.removed
   JD: libs/bcprov-jdk15on.jar/META-INF/versions/9/org/bouncycastle/math/ec/custom/sec/SecP384R1Curve$1.class.removed
   JD: libs/bcprov-jdk15on.jar/META-INF/versions/9/org/bouncycastle/math/ec/custom/sec/SecP384R1Curve.class.removed
   JD: libs/bcprov-jdk15on.jar/META-INF/versions/9/org/bouncycastle/math/ec/custom/sec/SecP384R1Field.class.removed
   JD: libs/bcprov-jdk15on.jar/META-INF/versions/9/org/bouncycastle/math/ec/custom/sec/SecP384R1FieldElement.class.removed
   JD: libs/bcprov-jdk15on.jar/META-INF/versions/9/org/bouncycastle/math/ec/custom/sec/SecP384R1Point.class.removed
   JD: libs/bcprov-jdk15on.jar/META-INF/versions/9/org/bouncycastle/math/ec/custom/sec/SecP521R1Curve$1.class.removed
   JD: libs/bcprov-jdk15on.jar/META-INF/versions/9/org/bouncycastle/math/ec/custom/sec/SecP521R1Curve.class.removed
   JD: libs/bcprov-jdk15on.jar/META-INF/versions/9/org/bouncycastle/math/ec/custom/sec/SecP521R1Field.class.removed
   JD: libs/bcprov-jdk15on.jar/META-INF/versions/9/org/bouncycastle/math/ec/custom/sec/SecP521R1FieldElement.class.removed
   JD: libs/bcprov-jdk15on.jar/META-INF/versions/9/org/bouncycastle/math/ec/custom/sec/SecP521R1Point.class.removed
   JD: libs/bcprov-jdk15on.jar/META-INF/versions/9/org/bouncycastle/math/ec/custom/sec/SecT113Field.class.removed
   JD: libs/bcprov-jdk15on.jar/META-INF/versions/9/org/bouncycastle/math/ec/custom/sec/SecT113FieldElement.class.removed
   JD: libs/bcprov-jdk15on.jar/META-INF/versions/9/org/bouncycastle/math/ec/custom/sec/SecT113R1Curve$1.class.removed
   JD: libs/bcprov-jdk15on.jar/META-INF/versions/9/org/bouncycastle/math/ec/custom/sec/SecT113R1Curve.class.removed
   JD: libs/bcprov-jdk15on.jar/META-INF/versions/9/org/bouncycastle/math/ec/custom/sec/SecT113R1Point.class.removed
   JD: libs/bcprov-jdk15on.jar/META-INF/versions/9/org/bouncycastle/math/ec/custom/sec/SecT113R2Curve$1.class.removed
   JD: libs/bcprov-jdk15on.jar/META-INF/versions/9/org/bouncycastle/math/ec/custom/sec/SecT113R2Curve.class.removed
   JD: libs/bcprov-jdk15on.jar/META-INF/versions/9/org/bouncycastle/math/ec/custom/sec/SecT113R2Point.class.removed
   JD: libs/bcprov-jdk15on.jar/META-INF/versions/9/org/bouncycastle/math/ec/custom/sec/SecT131Field.class.removed
   JD: libs/bcprov-jdk15on.jar/META-INF/versions/9/org/bouncycastle/math/ec/custom/sec/SecT131FieldElement.class.removed
   JD: libs/bcprov-jdk15on.jar/META-INF/versions/9/org/bouncycastle/math/ec/custom/sec/SecT131R1Curve$1.class.removed
   JD: libs/bcprov-jdk15on.jar/META-INF/versions/9/org/bouncycastle/math/ec/custom/sec/SecT131R1Curve.class.removed
   JD: libs/bcprov-jdk15on.jar/META-INF/versions/9/org/bouncycastle/math/ec/custom/sec/SecT131R1Point.class.removed
   JD: libs/bcprov-jdk15on.jar/META-INF/versions/9/org/bouncycastle/math/ec/custom/sec/SecT131R2Curve$1.class.removed
   JD: libs/bcprov-jdk15on.jar/META-INF/versions/9/org/bouncycastle/math/ec/custom/sec/SecT131R2Curve.class.removed
   JD: libs/bcprov-jdk15on.jar/META-INF/versions/9/org/bouncycastle/math/ec/custom/sec/SecT131R2Point.class.removed
   JD: libs/bcprov-jdk15on.jar/META-INF/versions/9/org/bouncycastle/math/ec/custom/sec/SecT163Field.class.removed
   JD: libs/bcprov-jdk15on.jar/META-INF/versions/9/org/bouncycastle/math/ec/custom/sec/SecT163FieldElement.class.removed
   JD: libs/bcprov-jdk15on.jar/META-INF/versions/9/org/bouncycastle/math/ec/custom/sec/SecT163K1Curve$1.class.removed
   JD: libs/bcprov-jdk15on.jar/META-INF/versions/9/org/bouncycastle/math/ec/custom/sec/SecT163K1Curve.class.removed
   JD: libs/bcprov-jdk15on.jar/META-INF/versions/9/org/bouncycastle/math/ec/custom/sec/SecT163K1Point.class.removed
   JD: libs/bcprov-jdk15on.jar/META-INF/versions/9/org/bouncycastle/math/ec/custom/sec/SecT163R1Curve$1.class.removed
   JD: libs/bcprov-jdk15on.jar/META-INF/versions/9/org/bouncycastle/math/ec/custom/sec/SecT163R1Curve.class.removed
   JD: libs/bcprov-jdk15on.jar/META-INF/versions/9/org/bouncycastle/math/ec/custom/sec/SecT163R1Point.class.removed
   JD: libs/bcprov-jdk15on.jar/META-INF/versions/9/org/bouncycastle/math/ec/custom/sec/SecT163R2Curve$1.class.removed
   JD: libs/bcprov-jdk15on.jar/META-INF/versions/9/org/bouncycastle/math/ec/custom/sec/SecT163R2Curve.class.removed
   JD: libs/bcprov-jdk15on.jar/META-INF/versions/9/org/bouncycastle/math/ec/custom/sec/SecT163R2Point.class.removed
   JD: libs/bcprov-jdk15on.jar/META-INF/versions/9/org/bouncycastle/math/ec/custom/sec/SecT193Field.class.removed
   JD: libs/bcprov-jdk15on.jar/META-INF/versions/9/org/bouncycastle/math/ec/custom/sec/SecT193FieldElement.class.removed
   JD: libs/bcprov-jdk15on.jar/META-INF/versions/9/org/bouncycastle/math/ec/custom/sec/SecT193R1Curve$1.class.removed
   JD: libs/bcprov-jdk15on.jar/META-INF/versions/9/org/bouncycastle/math/ec/custom/sec/SecT193R1Curve.class.removed
   JD: libs/bcprov-jdk15on.jar/META-INF/versions/9/org/bouncycastle/math/ec/custom/sec/SecT193R1Point.class.removed
   JD: libs/bcprov-jdk15on.jar/META-INF/versions/9/org/bouncycastle/math/ec/custom/sec/SecT193R2Curve$1.class.removed
   JD: libs/bcprov-jdk15on.jar/META-INF/versions/9/org/bouncycastle/math/ec/custom/sec/SecT193R2Curve.class.removed
   JD: libs/bcprov-jdk15on.jar/META-INF/versions/9/org/bouncycastle/math/ec/custom/sec/SecT193R2Point.class.removed
   JD: libs/bcprov-jdk15on.jar/META-INF/versions/9/org/bouncycastle/math/ec/custom/sec/SecT233Field.class.removed
   JD: libs/bcprov-jdk15on.jar/META-INF/versions/9/org/bouncycastle/math/ec/custom/sec/SecT233FieldElement.class.removed
   JD: libs/bcprov-jdk15on.jar/META-INF/versions/9/org/bouncycastle/math/ec/custom/sec/SecT233K1Curve$1.class.removed
   JD: libs/bcprov-jdk15on.jar/META-INF/versions/9/org/bouncycastle/math/ec/custom/sec/SecT233K1Curve.class.removed
   JD: libs/bcprov-jdk15on.jar/META-INF/versions/9/org/bouncycastle/math/ec/custom/sec/SecT233K1Point.class.removed
   JD: libs/bcprov-jdk15on.jar/META-INF/versions/9/org/bouncycastle/math/ec/custom/sec/SecT233R1Curve$1.class.removed
   JD: libs/bcprov-jdk15on.jar/META-INF/versions/9/org/bouncycastle/math/ec/custom/sec/SecT233R1Curve.class.removed
   JD: libs/bcprov-jdk15on.jar/META-INF/versions/9/org/bouncycastle/math/ec/custom/sec/SecT233R1Point.class.removed
   JD: libs/bcprov-jdk15on.jar/META-INF/versions/9/org/bouncycastle/math/ec/custom/sec/SecT239Field.class.removed
   JD: libs/bcprov-jdk15on.jar/META-INF/versions/9/org/bouncycastle/math/ec/custom/sec/SecT239FieldElement.class.removed
   JD: libs/bcprov-jdk15on.jar/META-INF/versions/9/org/bouncycastle/math/ec/custom/sec/SecT239K1Curve$1.class.removed
   JD: libs/bcprov-jdk15on.jar/META-INF/versions/9/org/bouncycastle/math/ec/custom/sec/SecT239K1Curve.class.removed
   JD: libs/bcprov-jdk15on.jar/META-INF/versions/9/org/bouncycastle/math/ec/custom/sec/SecT239K1Point.class.removed
   JD: libs/bcprov-jdk15on.jar/META-INF/versions/9/org/bouncycastle/math/ec/custom/sec/SecT283Field.class.removed
   JD: libs/bcprov-jdk15on.jar/META-INF/versions/9/org/bouncycastle/math/ec/custom/sec/SecT283FieldElement.class.removed
   JD: libs/bcprov-jdk15on.jar/META-INF/versions/9/org/bouncycastle/math/ec/custom/sec/SecT283K1Curve$1.class.removed
   JD: libs/bcprov-jdk15on.jar/META-INF/versions/9/org/bouncycastle/math/ec/custom/sec/SecT283K1Curve.class.removed
   JD: libs/bcprov-jdk15on.jar/META-INF/versions/9/org/bouncycastle/math/ec/custom/sec/SecT283K1Point.class.removed
   JD: libs/bcprov-jdk15on.jar/META-INF/versions/9/org/bouncycastle/math/ec/custom/sec/SecT283R1Curve$1.class.removed
   JD: libs/bcprov-jdk15on.jar/META-INF/versions/9/org/bouncycastle/math/ec/custom/sec/SecT283R1Curve.class.removed
   JD: libs/bcprov-jdk15on.jar/META-INF/versions/9/org/bouncycastle/math/ec/custom/sec/SecT283R1Point.class.removed
   JD: libs/bcprov-jdk15on.jar/META-INF/versions/9/org/bouncycastle/math/ec/custom/sec/SecT409Field.class.removed
   JD: libs/bcprov-jdk15on.jar/META-INF/versions/9/org/bouncycastle/math/ec/custom/sec/SecT409FieldElement.class.removed
   JD: libs/bcprov-jdk15on.jar/META-INF/versions/9/org/bouncycastle/math/ec/custom/sec/SecT409K1Curve$1.class.removed
   JD: libs/bcprov-jdk15on.jar/META-INF/versions/9/org/bouncycastle/math/ec/custom/sec/SecT409K1Curve.class.removed
   JD: libs/bcprov-jdk15on.jar/META-INF/versions/9/org/bouncycastle/math/ec/custom/sec/SecT409K1Point.class.removed
   JD: libs/bcprov-jdk15on.jar/META-INF/versions/9/org/bouncycastle/math/ec/custom/sec/SecT409R1Curve$1.class.removed
   JD: libs/bcprov-jdk15on.jar/META-INF/versions/9/org/bouncycastle/math/ec/custom/sec/SecT409R1Curve.class.removed
   JD: libs/bcprov-jdk15on.jar/META-INF/versions/9/org/bouncycastle/math/ec/custom/sec/SecT409R1Point.class.removed
   JD: libs/bcprov-jdk15on.jar/META-INF/versions/9/org/bouncycastle/math/ec/custom/sec/SecT571Field.class.removed
   JD: libs/bcprov-jdk15on.jar/META-INF/versions/9/org/bouncycastle/math/ec/custom/sec/SecT571FieldElement.class.removed
   JD: libs/bcprov-jdk15on.jar/META-INF/versions/9/org/bouncycastle/math/ec/custom/sec/SecT571K1Curve$1.class.removed
   JD: libs/bcprov-jdk15on.jar/META-INF/versions/9/org/bouncycastle/math/ec/custom/sec/SecT571K1Curve.class.removed
   JD: libs/bcprov-jdk15on.jar/META-INF/versions/9/org/bouncycastle/math/ec/custom/sec/SecT571K1Point.class.removed
   JD: libs/bcprov-jdk15on.jar/META-INF/versions/9/org/bouncycastle/math/ec/custom/sec/SecT571R1Curve$1.class.removed
   JD: libs/bcprov-jdk15on.jar/META-INF/versions/9/org/bouncycastle/math/ec/custom/sec/SecT571R1Curve.class.removed
   JD: libs/bcprov-jdk15on.jar/META-INF/versions/9/org/bouncycastle/math/ec/custom/sec/SecT571R1Point.class.removed
   JD: libs/bcprov-jdk15on.jar/META-INF/versions/9/org/bouncycastle/math/ec/endo.removed
   JD: libs/bcprov-jdk15on.jar/META-INF/versions/9/org/bouncycastle/math/ec/endo/ECEndomorphism.class.removed
   JD: libs/bcprov-jdk15on.jar/META-INF/versions/9/org/bouncycastle/math/ec/endo/EndoPreCompInfo.class.removed
   JD: libs/bcprov-jdk15on.jar/META-INF/versions/9/org/bouncycastle/math/ec/endo/EndoUtil$1.class.removed
   JD: libs/bcprov-jdk15on.jar/META-INF/versions/9/org/bouncycastle/math/ec/endo/EndoUtil.class.removed
   JD: libs/bcprov-jdk15on.jar/META-INF/versions/9/org/bouncycastle/math/ec/endo/GLVEndomorphism.class.removed
   JD: libs/bcprov-jdk15on.jar/META-INF/versions/9/org/bouncycastle/math/ec/endo/GLVTypeBEndomorphism.class.removed
   JD: libs/bcprov-jdk15on.jar/META-INF/versions/9/org/bouncycastle/math/ec/endo/GLVTypeBParameters.class.removed
   JD: libs/bcprov-jdk15on.jar/META-INF/versions/9/org/bouncycastle/math/ec/endo/ScalarSplitParameters.class.removed
   JD: libs/bcprov-jdk15on.jar/META-INF/versions/9/org/bouncycastle/math/field.removed
   JD: libs/bcprov-jdk15on.jar/META-INF/versions/9/org/bouncycastle/math/field/ExtensionField.class.removed
   JD: libs/bcprov-jdk15on.jar/META-INF/versions/9/org/bouncycastle/math/field/FiniteField.class.removed
   JD: libs/bcprov-jdk15on.jar/META-INF/versions/9/org/bouncycastle/math/field/FiniteFields.class.removed
   JD: libs/bcprov-jdk15on.jar/META-INF/versions/9/org/bouncycastle/math/field/GF2Polynomial.class.removed
   JD: libs/bcprov-jdk15on.jar/META-INF/versions/9/org/bouncycastle/math/field/GenericPolynomialExtensionField.class.removed
   JD: libs/bcprov-jdk15on.jar/META-INF/versions/9/org/bouncycastle/math/field/Polynomial.class.removed
   JD: libs/bcprov-jdk15on.jar/META-INF/versions/9/org/bouncycastle/math/field/PolynomialExtensionField.class.removed
   JD: libs/bcprov-jdk15on.jar/META-INF/versions/9/org/bouncycastle/math/field/PrimeField.class.removed
   JD: libs/bcprov-jdk15on.jar/META-INF/versions/9/org/bouncycastle/math/raw.removed
   JD: libs/bcprov-jdk15on.jar/META-INF/versions/9/org/bouncycastle/math/raw/Bits.class.removed
   JD: libs/bcprov-jdk15on.jar/META-INF/versions/9/org/bouncycastle/math/raw/Interleave.class.removed
   JD: libs/bcprov-jdk15on.jar/META-INF/versions/9/org/bouncycastle/math/raw/Mod.class.removed
   JD: libs/bcprov-jdk15on.jar/META-INF/versions/9/org/bouncycastle/math/raw/Nat.class.removed
   JD: libs/bcprov-jdk15on.jar/META-INF/versions/9/org/bouncycastle/math/raw/Nat128.class.removed
   JD: libs/bcprov-jdk15on.jar/META-INF/versions/9/org/bouncycastle/math/raw/Nat160.class.removed
   JD: libs/bcprov-jdk15on.jar/META-INF/versions/9/org/bouncycastle/math/raw/Nat192.class.removed
   JD: libs/bcprov-jdk15on.jar/META-INF/versions/9/org/bouncycastle/math/raw/Nat224.class.removed
   JD: libs/bcprov-jdk15on.jar/META-INF/versions/9/org/bouncycastle/math/raw/Nat256.class.removed
   JD: libs/bcprov-jdk15on.jar/META-INF/versions/9/org/bouncycastle/math/raw/Nat320.class.removed
   JD: libs/bcprov-jdk15on.jar/META-INF/versions/9/org/bouncycastle/math/raw/Nat384.class.removed
   JD: libs/bcprov-jdk15on.jar/META-INF/versions/9/org/bouncycastle/math/raw/Nat448.class.removed
   JD: libs/bcprov-jdk15on.jar/META-INF/versions/9/org/bouncycastle/math/raw/Nat512.class.removed
   JD: libs/bcprov-jdk15on.jar/META-INF/versions/9/org/bouncycastle/math/raw/Nat576.class.removed
   JD: libs/bcprov-jdk15on.jar/META-INF/versions/9/org/bouncycastle/pqc.removed
   JD: libs/bcprov-jdk15on.jar/META-INF/versions/9/org/bouncycastle/pqc/asn1.removed
   JD: libs/bcprov-jdk15on.jar/META-INF/versions/9/org/bouncycastle/pqc/asn1/McElieceCCA2PrivateKey.class.removed
   JD: libs/bcprov-jdk15on.jar/META-INF/versions/9/org/bouncycastle/pqc/asn1/McElieceCCA2PublicKey.class.removed
   JD: libs/bcprov-jdk15on.jar/META-INF/versions/9/org/bouncycastle/pqc/asn1/McEliecePrivateKey.class.removed
   JD: libs/bcprov-jdk15on.jar/META-INF/versions/9/org/bouncycastle/pqc/asn1/McEliecePublicKey.class.removed
   JD: libs/bcprov-jdk15on.jar/META-INF/versions/9/org/bouncycastle/pqc/asn1/PQCObjectIdentifiers.class.removed
   JD: libs/bcprov-jdk15on.jar/META-INF/versions/9/org/bouncycastle/pqc/asn1/RainbowPrivateKey.class.removed
   JD: libs/bcprov-jdk15on.jar/META-INF/versions/9/org/bouncycastle/pqc/asn1/RainbowPublicKey.class.removed
   JD: libs/bcprov-jdk15on.jar/META-INF/versions/9/org/bouncycastle/pqc/asn1/SPHINCS256KeyParams.class.removed
   JD: libs/bcprov-jdk15on.jar/META-INF/versions/9/org/bouncycastle/pqc/asn1/XMSSKeyParams.class.removed
   JD: libs/bcprov-jdk15on.jar/META-INF/versions/9/org/bouncycastle/pqc/asn1/XMSSMTKeyParams.class.removed
   JD: libs/bcprov-jdk15on.jar/META-INF/versions/9/org/bouncycastle/pqc/asn1/XMSSMTPrivateKey.class.removed
   JD: libs/bcprov-jdk15on.jar/META-INF/versions/9/org/bouncycastle/pqc/asn1/XMSSMTPublicKey.class.removed
   JD: libs/bcprov-jdk15on.jar/META-INF/versions/9/org/bouncycastle/pqc/asn1/XMSSPrivateKey.class.removed
   JD: libs/bcprov-jdk15on.jar/META-INF/versions/9/org/bouncycastle/pqc/asn1/XMSSPublicKey.class.removed
   JD: libs/bcprov-jdk15on.jar/META-INF/versions/9/org/bouncycastle/pqc/crypto.removed
   JD: libs/bcprov-jdk15on.jar/META-INF/versions/9/org/bouncycastle/pqc/crypto/ExhaustedPrivateKeyException.class.removed
   JD: libs/bcprov-jdk15on.jar/META-INF/versions/9/org/bouncycastle/pqc/crypto/lms.removed
   JD: libs/bcprov-jdk15on.jar/META-INF/versions/9/org/bouncycastle/pqc/crypto/lms/Composer.class.removed
   JD: libs/bcprov-jdk15on.jar/META-INF/versions/9/org/bouncycastle/pqc/crypto/lms/DigestUtil.class.removed
   JD: libs/bcprov-jdk15on.jar/META-INF/versions/9/org/bouncycastle/pqc/crypto/lms/HSS$PlaceholderLMSPrivateKey.class.removed
   JD: libs/bcprov-jdk15on.jar/META-INF/versions/9/org/bouncycastle/pqc/crypto/lms/HSS.class.removed
   JD: libs/bcprov-jdk15on.jar/META-INF/versions/9/org/bouncycastle/pqc/crypto/lms/HSSKeyGenerationParameters.class.removed
   JD: libs/bcprov-jdk15on.jar/META-INF/versions/9/org/bouncycastle/pqc/crypto/lms/HSSPrivateKeyParameters.class.removed
   JD: libs/bcprov-jdk15on.jar/META-INF/versions/9/org/bouncycastle/pqc/crypto/lms/HSSPublicKeyParameters.class.removed
   JD: libs/bcprov-jdk15on.jar/META-INF/versions/9/org/bouncycastle/pqc/crypto/lms/HSSSignature.class.removed
   JD: libs/bcprov-jdk15on.jar/META-INF/versions/9/org/bouncycastle/pqc/crypto/lms/LMOtsParameters$1.class.removed
   JD: libs/bcprov-jdk15on.jar/META-INF/versions/9/org/bouncycastle/pqc/crypto/lms/LMOtsParameters.class.removed
   JD: libs/bcprov-jdk15on.jar/META-INF/versions/9/org/bouncycastle/pqc/crypto/lms/LMOtsPrivateKey.class.removed
   JD: libs/bcprov-jdk15on.jar/META-INF/versions/9/org/bouncycastle/pqc/crypto/lms/LMOtsPublicKey.class.removed
   JD: libs/bcprov-jdk15on.jar/META-INF/versions/9/org/bouncycastle/pqc/crypto/lms/LMOtsSignature.class.removed
   JD: libs/bcprov-jdk15on.jar/META-INF/versions/9/org/bouncycastle/pqc/crypto/lms/LMS.class.removed
   JD: libs/bcprov-jdk15on.jar/META-INF/versions/9/org/bouncycastle/pqc/crypto/lms/LMSContext.class.removed
   JD: libs/bcprov-jdk15on.jar/META-INF/versions/9/org/bouncycastle/pqc/crypto/lms/LMSContextBasedSigner.class.removed
   JD: libs/bcprov-jdk15on.jar/META-INF/versions/9/org/bouncycastle/pqc/crypto/lms/LMSContextBasedVerifier.class.removed
   JD: libs/bcprov-jdk15on.jar/META-INF/versions/9/org/bouncycastle/pqc/crypto/lms/LMSException.class.removed
   JD: libs/bcprov-jdk15on.jar/META-INF/versions/9/org/bouncycastle/pqc/crypto/lms/LMSKeyParameters.class.removed
   JD: libs/bcprov-jdk15on.jar/META-INF/versions/9/org/bouncycastle/pqc/crypto/lms/LMSParameters.class.removed
   JD: libs/bcprov-jdk15on.jar/META-INF/versions/9/org/bouncycastle/pqc/crypto/lms/LMSPrivateKeyParameters$CacheKey.class.removed
   JD: libs/bcprov-jdk15on.jar/META-INF/versions/9/org/bouncycastle/pqc/crypto/lms/LMSPrivateKeyParameters.class.removed
   JD: libs/bcprov-jdk15on.jar/META-INF/versions/9/org/bouncycastle/pqc/crypto/lms/LMSPublicKeyParameters.class.removed
   JD: libs/bcprov-jdk15on.jar/META-INF/versions/9/org/bouncycastle/pqc/crypto/lms/LMSSignature.class.removed
   JD: libs/bcprov-jdk15on.jar/META-INF/versions/9/org/bouncycastle/pqc/crypto/lms/LMSSignedPubKey.class.removed
   JD: libs/bcprov-jdk15on.jar/META-INF/versions/9/org/bouncycastle/pqc/crypto/lms/LMSigParameters$1.class.removed
   JD: libs/bcprov-jdk15on.jar/META-INF/versions/9/org/bouncycastle/pqc/crypto/lms/LMSigParameters.class.removed
   JD: libs/bcprov-jdk15on.jar/META-INF/versions/9/org/bouncycastle/pqc/crypto/lms/LM_OTS.class.removed
   JD: libs/bcprov-jdk15on.jar/META-INF/versions/9/org/bouncycastle/pqc/crypto/lms/LmsUtils.class.removed
   JD: libs/bcprov-jdk15on.jar/META-INF/versions/9/org/bouncycastle/pqc/crypto/lms/SeedDerive.class.removed
   JD: libs/bcprov-jdk15on.jar/META-INF/versions/9/org/bouncycastle/pqc/crypto/mceliece.removed
   JD: libs/bcprov-jdk15on.jar/META-INF/versions/9/org/bouncycastle/pqc/crypto/mceliece/McElieceCCA2KeyGenerationParameters.class.removed
   JD: libs/bcprov-jdk15on.jar/META-INF/versions/9/org/bouncycastle/pqc/crypto/mceliece/McElieceCCA2KeyPairGenerator.class.removed
   JD: libs/bcprov-jdk15on.jar/META-INF/versions/9/org/bouncycastle/pqc/crypto/mceliece/McElieceCCA2KeyParameters.class.removed
   JD: libs/bcprov-jdk15on.jar/META-INF/versions/9/org/bouncycastle/pqc/crypto/mceliece/McElieceCCA2Parameters.class.removed
   JD: libs/bcprov-jdk15on.jar/META-INF/versions/9/org/bouncycastle/pqc/crypto/mceliece/McElieceCCA2PrivateKeyParameters.class.removed
   JD: libs/bcprov-jdk15on.jar/META-INF/versions/9/org/bouncycastle/pqc/crypto/mceliece/McElieceCCA2PublicKeyParameters.class.removed
   JD: libs/bcprov-jdk15on.jar/META-INF/versions/9/org/bouncycastle/pqc/crypto/mceliece/McElieceKeyGenerationParameters.class.removed
   JD: libs/bcprov-jdk15on.jar/META-INF/versions/9/org/bouncycastle/pqc/crypto/mceliece/McElieceKeyPairGenerator.class.removed
   JD: libs/bcprov-jdk15on.jar/META-INF/versions/9/org/bouncycastle/pqc/crypto/mceliece/McElieceKeyParameters.class.removed
   JD: libs/bcprov-jdk15on.jar/META-INF/versions/9/org/bouncycastle/pqc/crypto/mceliece/McElieceParameters.class.removed
   JD: libs/bcprov-jdk15on.jar/META-INF/versions/9/org/bouncycastle/pqc/crypto/mceliece/McEliecePrivateKeyParameters.class.removed
   JD: libs/bcprov-jdk15on.jar/META-INF/versions/9/org/bouncycastle/pqc/crypto/mceliece/McEliecePublicKeyParameters.class.removed
   JD: libs/bcprov-jdk15on.jar/META-INF/versions/9/org/bouncycastle/pqc/crypto/newhope.removed
   JD: libs/bcprov-jdk15on.jar/META-INF/versions/9/org/bouncycastle/pqc/crypto/newhope/NHPrivateKeyParameters.class.removed
   JD: libs/bcprov-jdk15on.jar/META-INF/versions/9/org/bouncycastle/pqc/crypto/newhope/NHPublicKeyParameters.class.removed
   JD: libs/bcprov-jdk15on.jar/META-INF/versions/9/org/bouncycastle/pqc/crypto/qtesla.removed
   JD: libs/bcprov-jdk15on.jar/META-INF/versions/9/org/bouncycastle/pqc/crypto/qtesla/HashUtils.class.removed
   JD: libs/bcprov-jdk15on.jar/META-INF/versions/9/org/bouncycastle/pqc/crypto/qtesla/QTESLAPrivateKeyParameters.class.removed
   JD: libs/bcprov-jdk15on.jar/META-INF/versions/9/org/bouncycastle/pqc/crypto/qtesla/QTESLAPublicKeyParameters.class.removed
   JD: libs/bcprov-jdk15on.jar/META-INF/versions/9/org/bouncycastle/pqc/crypto/qtesla/QTESLASecurityCategory.class.removed
   JD: libs/bcprov-jdk15on.jar/META-INF/versions/9/org/bouncycastle/pqc/crypto/qtesla/QTesla1p$Gaussian.class.removed
   JD: libs/bcprov-jdk15on.jar/META-INF/versions/9/org/bouncycastle/pqc/crypto/qtesla/QTesla1p$QTesla1PPolynomial.class.removed
   JD: libs/bcprov-jdk15on.jar/META-INF/versions/9/org/bouncycastle/pqc/crypto/qtesla/QTesla1p.class.removed
   JD: libs/bcprov-jdk15on.jar/META-INF/versions/9/org/bouncycastle/pqc/crypto/qtesla/QTesla3p$Gaussian.class.removed
   JD: libs/bcprov-jdk15on.jar/META-INF/versions/9/org/bouncycastle/pqc/crypto/qtesla/QTesla3p$QTesla3PPolynomial.class.removed
   JD: libs/bcprov-jdk15on.jar/META-INF/versions/9/org/bouncycastle/pqc/crypto/qtesla/QTesla3p.class.removed
   JD: libs/bcprov-jdk15on.jar/META-INF/versions/9/org/bouncycastle/pqc/crypto/rainbow.removed
   JD: libs/bcprov-jdk15on.jar/META-INF/versions/9/org/bouncycastle/pqc/crypto/rainbow/Layer.class.removed
   JD: libs/bcprov-jdk15on.jar/META-INF/versions/9/org/bouncycastle/pqc/crypto/rainbow/RainbowKeyParameters.class.removed
   JD: libs/bcprov-jdk15on.jar/META-INF/versions/9/org/bouncycastle/pqc/crypto/rainbow/RainbowParameters.class.removed
   JD: libs/bcprov-jdk15on.jar/META-INF/versions/9/org/bouncycastle/pqc/crypto/rainbow/RainbowPrivateKeyParameters.class.removed
   JD: libs/bcprov-jdk15on.jar/META-INF/versions/9/org/bouncycastle/pqc/crypto/rainbow/RainbowPublicKeyParameters.class.removed
   JD: libs/bcprov-jdk15on.jar/META-INF/versions/9/org/bouncycastle/pqc/crypto/rainbow/util.removed
   JD: libs/bcprov-jdk15on.jar/META-INF/versions/9/org/bouncycastle/pqc/crypto/rainbow/util/GF2Field.class.removed
   JD: libs/bcprov-jdk15on.jar/META-INF/versions/9/org/bouncycastle/pqc/crypto/rainbow/util/RainbowUtil.class.removed
   JD: libs/bcprov-jdk15on.jar/META-INF/versions/9/org/bouncycastle/pqc/crypto/sphincs.removed
   JD: libs/bcprov-jdk15on.jar/META-INF/versions/9/org/bouncycastle/pqc/crypto/sphincs/SPHINCSKeyParameters.class.removed
   JD: libs/bcprov-jdk15on.jar/META-INF/versions/9/org/bouncycastle/pqc/crypto/sphincs/SPHINCSPrivateKeyParameters.class.removed
   JD: libs/bcprov-jdk15on.jar/META-INF/versions/9/org/bouncycastle/pqc/crypto/sphincs/SPHINCSPublicKeyParameters.class.removed
   JD: libs/bcprov-jdk15on.jar/META-INF/versions/9/org/bouncycastle/pqc/crypto/util.removed
   JD: libs/bcprov-jdk15on.jar/META-INF/versions/9/org/bouncycastle/pqc/crypto/util/PrivateKeyFactory.class.removed
   JD: libs/bcprov-jdk15on.jar/META-INF/versions/9/org/bouncycastle/pqc/crypto/util/PrivateKeyInfoFactory.class.removed
   JD: libs/bcprov-jdk15on.jar/META-INF/versions/9/org/bouncycastle/pqc/crypto/util/PublicKeyFactory$1.class.removed
   JD: libs/bcprov-jdk15on.jar/META-INF/versions/9/org/bouncycastle/pqc/crypto/util/PublicKeyFactory$LMSConverter.class.removed
   JD: libs/bcprov-jdk15on.jar/META-INF/versions/9/org/bouncycastle/pqc/crypto/util/PublicKeyFactory$McElieceCCA2Converter.class.removed
   JD: libs/bcprov-jdk15on.jar/META-INF/versions/9/org/bouncycastle/pqc/crypto/util/PublicKeyFactory$NHConverter.class.removed
   JD: libs/bcprov-jdk15on.jar/META-INF/versions/9/org/bouncycastle/pqc/crypto/util/PublicKeyFactory$QTeslaConverter.class.removed
   JD: libs/bcprov-jdk15on.jar/META-INF/versions/9/org/bouncycastle/pqc/crypto/util/PublicKeyFactory$SPHINCSConverter.class.removed
   JD: libs/bcprov-jdk15on.jar/META-INF/versions/9/org/bouncycastle/pqc/crypto/util/PublicKeyFactory$SubjectPublicKeyInfoConverter.class.removed
   JD: libs/bcprov-jdk15on.jar/META-INF/versions/9/org/bouncycastle/pqc/crypto/util/PublicKeyFactory$XMSSConverter.class.removed
   JD: libs/bcprov-jdk15on.jar/META-INF/versions/9/org/bouncycastle/pqc/crypto/util/PublicKeyFactory$XMSSMTConverter.class.removed
   JD: libs/bcprov-jdk15on.jar/META-INF/versions/9/org/bouncycastle/pqc/crypto/util/PublicKeyFactory.class.removed
   JD: libs/bcprov-jdk15on.jar/META-INF/versions/9/org/bouncycastle/pqc/crypto/util/SubjectPublicKeyInfoFactory.class.removed
   JD: libs/bcprov-jdk15on.jar/META-INF/versions/9/org/bouncycastle/pqc/crypto/util/Utils.class.removed
   JD: libs/bcprov-jdk15on.jar/META-INF/versions/9/org/bouncycastle/pqc/crypto/xmss.removed
   JD: libs/bcprov-jdk15on.jar/META-INF/versions/9/org/bouncycastle/pqc/crypto/xmss/BDS.class.removed
   JD: libs/bcprov-jdk15on.jar/META-INF/versions/9/org/bouncycastle/pqc/crypto/xmss/BDSStateMap.class.removed
   JD: libs/bcprov-jdk15on.jar/META-INF/versions/9/org/bouncycastle/pqc/crypto/xmss/BDSTreeHash.class.removed
   JD: libs/bcprov-jdk15on.jar/META-INF/versions/9/org/bouncycastle/pqc/crypto/xmss/DefaultXMSSMTOid.class.removed
   JD: libs/bcprov-jdk15on.jar/META-INF/versions/9/org/bouncycastle/pqc/crypto/xmss/DefaultXMSSOid.class.removed
   JD: libs/bcprov-jdk15on.jar/META-INF/versions/9/org/bouncycastle/pqc/crypto/xmss/DigestUtil.class.removed
   JD: libs/bcprov-jdk15on.jar/META-INF/versions/9/org/bouncycastle/pqc/crypto/xmss/HashTreeAddress$1.class.removed
   JD: libs/bcprov-jdk15on.jar/META-INF/versions/9/org/bouncycastle/pqc/crypto/xmss/HashTreeAddress$Builder.class.removed
   JD: libs/bcprov-jdk15on.jar/META-INF/versions/9/org/bouncycastle/pqc/crypto/xmss/HashTreeAddress.class.removed
   JD: libs/bcprov-jdk15on.jar/META-INF/versions/9/org/bouncycastle/pqc/crypto/xmss/KeyedHashFunctions.class.removed
   JD: libs/bcprov-jdk15on.jar/META-INF/versions/9/org/bouncycastle/pqc/crypto/xmss/LTreeAddress$1.class.removed
   JD: libs/bcprov-jdk15on.jar/META-INF/versions/9/org/bouncycastle/pqc/crypto/xmss/LTreeAddress$Builder.class.removed
   JD: libs/bcprov-jdk15on.jar/META-INF/versions/9/org/bouncycastle/pqc/crypto/xmss/LTreeAddress.class.removed
   JD: libs/bcprov-jdk15on.jar/META-INF/versions/9/org/bouncycastle/pqc/crypto/xmss/OTSHashAddress$1.class.removed
   JD: libs/bcprov-jdk15on.jar/META-INF/versions/9/org/bouncycastle/pqc/crypto/xmss/OTSHashAddress$Builder.class.removed
   JD: libs/bcprov-jdk15on.jar/META-INF/versions/9/org/bouncycastle/pqc/crypto/xmss/OTSHashAddress.class.removed
   JD: libs/bcprov-jdk15on.jar/META-INF/versions/9/org/bouncycastle/pqc/crypto/xmss/WOTSPlus.class.removed
   JD: libs/bcprov-jdk15on.jar/META-INF/versions/9/org/bouncycastle/pqc/crypto/xmss/WOTSPlusOid.class.removed
   JD: libs/bcprov-jdk15on.jar/META-INF/versions/9/org/bouncycastle/pqc/crypto/xmss/WOTSPlusParameters.class.removed
   JD: libs/bcprov-jdk15on.jar/META-INF/versions/9/org/bouncycastle/pqc/crypto/xmss/WOTSPlusPrivateKeyParameters.class.removed
   JD: libs/bcprov-jdk15on.jar/META-INF/versions/9/org/bouncycastle/pqc/crypto/xmss/WOTSPlusPublicKeyParameters.class.removed
   JD: libs/bcprov-jdk15on.jar/META-INF/versions/9/org/bouncycastle/pqc/crypto/xmss/WOTSPlusSignature.class.removed
   JD: libs/bcprov-jdk15on.jar/META-INF/versions/9/org/bouncycastle/pqc/crypto/xmss/XMSSAddress$Builder.class.removed
   JD: libs/bcprov-jdk15on.jar/META-INF/versions/9/org/bouncycastle/pqc/crypto/xmss/XMSSAddress.class.removed
   JD: libs/bcprov-jdk15on.jar/META-INF/versions/9/org/bouncycastle/pqc/crypto/xmss/XMSSKeyParameters.class.removed
   JD: libs/bcprov-jdk15on.jar/META-INF/versions/9/org/bouncycastle/pqc/crypto/xmss/XMSSMTKeyParameters.class.removed
   JD: libs/bcprov-jdk15on.jar/META-INF/versions/9/org/bouncycastle/pqc/crypto/xmss/XMSSMTParameters.class.removed
   JD: libs/bcprov-jdk15on.jar/META-INF/versions/9/org/bouncycastle/pqc/crypto/xmss/XMSSMTPrivateKeyParameters$1.class.removed
   JD: libs/bcprov-jdk15on.jar/META-INF/versions/9/org/bouncycastle/pqc/crypto/xmss/XMSSMTPrivateKeyParameters$Builder.class.removed
   JD: libs/bcprov-jdk15on.jar/META-INF/versions/9/org/bouncycastle/pqc/crypto/xmss/XMSSMTPrivateKeyParameters.class.removed
   JD: libs/bcprov-jdk15on.jar/META-INF/versions/9/org/bouncycastle/pqc/crypto/xmss/XMSSMTPublicKeyParameters$1.class.removed
   JD: libs/bcprov-jdk15on.jar/META-INF/versions/9/org/bouncycastle/pqc/crypto/xmss/XMSSMTPublicKeyParameters$Builder.class.removed
   JD: libs/bcprov-jdk15on.jar/META-INF/versions/9/org/bouncycastle/pqc/crypto/xmss/XMSSMTPublicKeyParameters.class.removed
   JD: libs/bcprov-jdk15on.jar/META-INF/versions/9/org/bouncycastle/pqc/crypto/xmss/XMSSNode.class.removed
   JD: libs/bcprov-jdk15on.jar/META-INF/versions/9/org/bouncycastle/pqc/crypto/xmss/XMSSNodeUtil.class.removed
   JD: libs/bcprov-jdk15on.jar/META-INF/versions/9/org/bouncycastle/pqc/crypto/xmss/XMSSOid.class.removed
   JD: libs/bcprov-jdk15on.jar/META-INF/versions/9/org/bouncycastle/pqc/crypto/xmss/XMSSParameters.class.removed
   JD: libs/bcprov-jdk15on.jar/META-INF/versions/9/org/bouncycastle/pqc/crypto/xmss/XMSSPrivateKeyParameters$1.class.removed
   JD: libs/bcprov-jdk15on.jar/META-INF/versions/9/org/bouncycastle/pqc/crypto/xmss/XMSSPrivateKeyParameters$Builder.class.removed
   JD: libs/bcprov-jdk15on.jar/META-INF/versions/9/org/bouncycastle/pqc/crypto/xmss/XMSSPrivateKeyParameters.class.removed
   JD: libs/bcprov-jdk15on.jar/META-INF/versions/9/org/bouncycastle/pqc/crypto/xmss/XMSSPublicKeyParameters$1.class.removed
   JD: libs/bcprov-jdk15on.jar/META-INF/versions/9/org/bouncycastle/pqc/crypto/xmss/XMSSPublicKeyParameters$Builder.class.removed
   JD: libs/bcprov-jdk15on.jar/META-INF/versions/9/org/bouncycastle/pqc/crypto/xmss/XMSSPublicKeyParameters.class.removed
   JD: libs/bcprov-jdk15on.jar/META-INF/versions/9/org/bouncycastle/pqc/crypto/xmss/XMSSStoreableObjectInterface.class.removed
   JD: libs/bcprov-jdk15on.jar/META-INF/versions/9/org/bouncycastle/pqc/crypto/xmss/XMSSUtil$CheckingStream.class.removed
   JD: libs/bcprov-jdk15on.jar/META-INF/versions/9/org/bouncycastle/pqc/crypto/xmss/XMSSUtil.class.removed
   JD: libs/bcprov-jdk15on.jar/META-INF/versions/9/org/bouncycastle/pqc/jcajce.removed
   JD: libs/bcprov-jdk15on.jar/META-INF/versions/9/org/bouncycastle/pqc/jcajce/interfaces.removed
   JD: libs/bcprov-jdk15on.jar/META-INF/versions/9/org/bouncycastle/pqc/jcajce/interfaces/LMSKey.class.removed
   JD: libs/bcprov-jdk15on.jar/META-INF/versions/9/org/bouncycastle/pqc/jcajce/interfaces/LMSPrivateKey.class.removed
   JD: libs/bcprov-jdk15on.jar/META-INF/versions/9/org/bouncycastle/pqc/jcajce/interfaces/NHKey.class.removed
   JD: libs/bcprov-jdk15on.jar/META-INF/versions/9/org/bouncycastle/pqc/jcajce/interfaces/NHPrivateKey.class.removed
   JD: libs/bcprov-jdk15on.jar/META-INF/versions/9/org/bouncycastle/pqc/jcajce/interfaces/NHPublicKey.class.removed
   JD: libs/bcprov-jdk15on.jar/META-INF/versions/9/org/bouncycastle/pqc/jcajce/interfaces/QTESLAKey.class.removed
   JD: libs/bcprov-jdk15on.jar/META-INF/versions/9/org/bouncycastle/pqc/jcajce/interfaces/SPHINCSKey.class.removed
   JD: libs/bcprov-jdk15on.jar/META-INF/versions/9/org/bouncycastle/pqc/jcajce/interfaces/XMSSKey.class.removed
   JD: libs/bcprov-jdk15on.jar/META-INF/versions/9/org/bouncycastle/pqc/jcajce/interfaces/XMSSMTKey.class.removed
   JD: libs/bcprov-jdk15on.jar/META-INF/versions/9/org/bouncycastle/pqc/jcajce/interfaces/XMSSMTPrivateKey.class.removed
   JD: libs/bcprov-jdk15on.jar/META-INF/versions/9/org/bouncycastle/pqc/jcajce/interfaces/XMSSPrivateKey.class.removed
   JD: libs/bcprov-jdk15on.jar/META-INF/versions/9/org/bouncycastle/pqc/jcajce/provider.removed
   JD: libs/bcprov-jdk15on.jar/META-INF/versions/9/org/bouncycastle/pqc/jcajce/provider/BouncyCastlePQCProvider$1.class.removed
   JD: libs/bcprov-jdk15on.jar/META-INF/versions/9/org/bouncycastle/pqc/jcajce/provider/BouncyCastlePQCProvider$2.class.removed
   JD: libs/bcprov-jdk15on.jar/META-INF/versions/9/org/bouncycastle/pqc/jcajce/provider/BouncyCastlePQCProvider.class.removed
   JD: libs/bcprov-jdk15on.jar/META-INF/versions/9/org/bouncycastle/pqc/jcajce/provider/lms.removed
   JD: libs/bcprov-jdk15on.jar/META-INF/versions/9/org/bouncycastle/pqc/jcajce/provider/lms/BCLMSPrivateKey.class.removed
   JD: libs/bcprov-jdk15on.jar/META-INF/versions/9/org/bouncycastle/pqc/jcajce/provider/lms/BCLMSPublicKey.class.removed
   JD: libs/bcprov-jdk15on.jar/META-INF/versions/9/org/bouncycastle/pqc/jcajce/provider/lms/LMSKeyFactorySpi.class.removed
   JD: libs/bcprov-jdk15on.jar/META-INF/versions/9/org/bouncycastle/pqc/jcajce/provider/mceliece.removed
   JD: libs/bcprov-jdk15on.jar/META-INF/versions/9/org/bouncycastle/pqc/jcajce/provider/mceliece/BCMcElieceCCA2PrivateKey.class.removed
   JD: libs/bcprov-jdk15on.jar/META-INF/versions/9/org/bouncycastle/pqc/jcajce/provider/mceliece/BCMcElieceCCA2PublicKey.class.removed
   JD: libs/bcprov-jdk15on.jar/META-INF/versions/9/org/bouncycastle/pqc/jcajce/provider/mceliece/BCMcEliecePrivateKey.class.removed
   JD: libs/bcprov-jdk15on.jar/META-INF/versions/9/org/bouncycastle/pqc/jcajce/provider/mceliece/BCMcEliecePublicKey.class.removed
   JD: libs/bcprov-jdk15on.jar/META-INF/versions/9/org/bouncycastle/pqc/jcajce/provider/mceliece/McElieceCCA2KeyFactorySpi.class.removed
   JD: libs/bcprov-jdk15on.jar/META-INF/versions/9/org/bouncycastle/pqc/jcajce/provider/mceliece/McElieceKeyFactorySpi.class.removed
   JD: libs/bcprov-jdk15on.jar/META-INF/versions/9/org/bouncycastle/pqc/jcajce/provider/mceliece/Utils.class.removed
   JD: libs/bcprov-jdk15on.jar/META-INF/versions/9/org/bouncycastle/pqc/jcajce/provider/newhope.removed
   JD: libs/bcprov-jdk15on.jar/META-INF/versions/9/org/bouncycastle/pqc/jcajce/provider/newhope/BCNHPrivateKey.class.removed
   JD: libs/bcprov-jdk15on.jar/META-INF/versions/9/org/bouncycastle/pqc/jcajce/provider/newhope/BCNHPublicKey.class.removed
   JD: libs/bcprov-jdk15on.jar/META-INF/versions/9/org/bouncycastle/pqc/jcajce/provider/newhope/NHKeyFactorySpi.class.removed
   JD: libs/bcprov-jdk15on.jar/META-INF/versions/9/org/bouncycastle/pqc/jcajce/provider/qtesla.removed
   JD: libs/bcprov-jdk15on.jar/META-INF/versions/9/org/bouncycastle/pqc/jcajce/provider/qtesla/BCqTESLAPrivateKey.class.removed
   JD: libs/bcprov-jdk15on.jar/META-INF/versions/9/org/bouncycastle/pqc/jcajce/provider/qtesla/BCqTESLAPublicKey.class.removed
   JD: libs/bcprov-jdk15on.jar/META-INF/versions/9/org/bouncycastle/pqc/jcajce/provider/qtesla/QTESLAKeyFactorySpi.class.removed
   JD: libs/bcprov-jdk15on.jar/META-INF/versions/9/org/bouncycastle/pqc/jcajce/provider/rainbow.removed
   JD: libs/bcprov-jdk15on.jar/META-INF/versions/9/org/bouncycastle/pqc/jcajce/provider/rainbow/BCRainbowPrivateKey.class.removed
   JD: libs/bcprov-jdk15on.jar/META-INF/versions/9/org/bouncycastle/pqc/jcajce/provider/rainbow/BCRainbowPublicKey.class.removed
   JD: libs/bcprov-jdk15on.jar/META-INF/versions/9/org/bouncycastle/pqc/jcajce/provider/rainbow/RainbowKeyFactorySpi.class.removed
   JD: libs/bcprov-jdk15on.jar/META-INF/versions/9/org/bouncycastle/pqc/jcajce/provider/sphincs.removed
   JD: libs/bcprov-jdk15on.jar/META-INF/versions/9/org/bouncycastle/pqc/jcajce/provider/sphincs/BCSphincs256PrivateKey.class.removed
   JD: libs/bcprov-jdk15on.jar/META-INF/versions/9/org/bouncycastle/pqc/jcajce/provider/sphincs/BCSphincs256PublicKey.class.removed
   JD: libs/bcprov-jdk15on.jar/META-INF/versions/9/org/bouncycastle/pqc/jcajce/provider/sphincs/Sphincs256KeyFactorySpi.class.removed
   JD: libs/bcprov-jdk15on.jar/META-INF/versions/9/org/bouncycastle/pqc/jcajce/provider/util.removed
   JD: libs/bcprov-jdk15on.jar/META-INF/versions/9/org/bouncycastle/pqc/jcajce/provider/util/KeyUtil.class.removed
   JD: libs/bcprov-jdk15on.jar/META-INF/versions/9/org/bouncycastle/pqc/jcajce/provider/xmss.removed
   JD: libs/bcprov-jdk15on.jar/META-INF/versions/9/org/bouncycastle/pqc/jcajce/provider/xmss/BCXMSSMTPrivateKey.class.removed
   JD: libs/bcprov-jdk15on.jar/META-INF/versions/9/org/bouncycastle/pqc/jcajce/provider/xmss/BCXMSSMTPublicKey.class.removed
   JD: libs/bcprov-jdk15on.jar/META-INF/versions/9/org/bouncycastle/pqc/jcajce/provider/xmss/BCXMSSPrivateKey.class.removed
   JD: libs/bcprov-jdk15on.jar/META-INF/versions/9/org/bouncycastle/pqc/jcajce/provider/xmss/BCXMSSPublicKey.class.removed
   JD: libs/bcprov-jdk15on.jar/META-INF/versions/9/org/bouncycastle/pqc/jcajce/provider/xmss/DigestUtil.class.removed
   JD: libs/bcprov-jdk15on.jar/META-INF/versions/9/org/bouncycastle/pqc/jcajce/provider/xmss/XMSSKeyFactorySpi.class.removed
   JD: libs/bcprov-jdk15on.jar/META-INF/versions/9/org/bouncycastle/pqc/jcajce/provider/xmss/XMSSMTKeyFactorySpi.class.removed
   JD: libs/bcprov-jdk15on.jar/META-INF/versions/9/org/bouncycastle/pqc/jcajce/spec.removed
   JD: libs/bcprov-jdk15on.jar/META-INF/versions/9/org/bouncycastle/pqc/jcajce/spec/QTESLAParameterSpec.class.removed
   JD: libs/bcprov-jdk15on.jar/META-INF/versions/9/org/bouncycastle/pqc/jcajce/spec/RainbowPrivateKeySpec.class.removed
   JD: libs/bcprov-jdk15on.jar/META-INF/versions/9/org/bouncycastle/pqc/jcajce/spec/RainbowPublicKeySpec.class.removed
   JD: libs/bcprov-jdk15on.jar/META-INF/versions/9/org/bouncycastle/pqc/jcajce/spec/XMSSParameterSpec.class.removed
   JD: libs/bcprov-jdk15on.jar/META-INF/versions/9/org/bouncycastle/pqc/math.removed
   JD: libs/bcprov-jdk15on.jar/META-INF/versions/9/org/bouncycastle/pqc/math/linearalgebra.removed
   JD: libs/bcprov-jdk15on.jar/META-INF/versions/9/org/bouncycastle/pqc/math/linearalgebra/BigEndianConversions.class.removed
   JD: libs/bcprov-jdk15on.jar/META-INF/versions/9/org/bouncycastle/pqc/math/linearalgebra/ByteUtils.class.removed
   JD: libs/bcprov-jdk15on.jar/META-INF/versions/9/org/bouncycastle/pqc/math/linearalgebra/GF2Matrix.class.removed
   JD: libs/bcprov-jdk15on.jar/META-INF/versions/9/org/bouncycastle/pqc/math/linearalgebra/GF2Vector.class.removed
   JD: libs/bcprov-jdk15on.jar/META-INF/versions/9/org/bouncycastle/pqc/math/linearalgebra/GF2mField.class.removed
   JD: libs/bcprov-jdk15on.jar/META-INF/versions/9/org/bouncycastle/pqc/math/linearalgebra/GF2mVector.class.removed
   JD: libs/bcprov-jdk15on.jar/META-INF/versions/9/org/bouncycastle/pqc/math/linearalgebra/GoppaCode$MaMaPe.class.removed
   JD: libs/bcprov-jdk15on.jar/META-INF/versions/9/org/bouncycastle/pqc/math/linearalgebra/GoppaCode$MatrixSet.class.removed
   JD: libs/bcprov-jdk15on.jar/META-INF/versions/9/org/bouncycastle/pqc/math/linearalgebra/GoppaCode.class.removed
   JD: libs/bcprov-jdk15on.jar/META-INF/versions/9/org/bouncycastle/pqc/math/linearalgebra/IntUtils.class.removed
   JD: libs/bcprov-jdk15on.jar/META-INF/versions/9/org/bouncycastle/pqc/math/linearalgebra/IntegerFunctions.class.removed
   JD: libs/bcprov-jdk15on.jar/META-INF/versions/9/org/bouncycastle/pqc/math/linearalgebra/LittleEndianConversions.class.removed
   JD: libs/bcprov-jdk15on.jar/META-INF/versions/9/org/bouncycastle/pqc/math/linearalgebra/Matrix.class.removed
   JD: libs/bcprov-jdk15on.jar/META-INF/versions/9/org/bouncycastle/pqc/math/linearalgebra/Permutation.class.removed
   JD: libs/bcprov-jdk15on.jar/META-INF/versions/9/org/bouncycastle/pqc/math/linearalgebra/PolynomialGF2mSmallM.class.removed
   JD: libs/bcprov-jdk15on.jar/META-INF/versions/9/org/bouncycastle/pqc/math/linearalgebra/PolynomialRingGF2.class.removed
   JD: libs/bcprov-jdk15on.jar/META-INF/versions/9/org/bouncycastle/pqc/math/linearalgebra/PolynomialRingGF2m.class.removed
   JD: libs/bcprov-jdk15on.jar/META-INF/versions/9/org/bouncycastle/pqc/math/linearalgebra/RandUtils.class.removed
   JD: libs/bcprov-jdk15on.jar/META-INF/versions/9/org/bouncycastle/pqc/math/linearalgebra/Vector.class.removed
   JD: libs/bcprov-jdk15on.jar/META-INF/versions/9/org/bouncycastle/util.removed
   JD: libs/bcprov-jdk15on.jar/META-INF/versions/9/org/bouncycastle/util/Arrays$Iterator.class.removed
   JD: libs/bcprov-jdk15on.jar/META-INF/versions/9/org/bouncycastle/util/Arrays.class.removed
   JD: libs/bcprov-jdk15on.jar/META-INF/versions/9/org/bouncycastle/util/BigIntegers.class.removed
   JD: libs/bcprov-jdk15on.jar/META-INF/versions/9/org/bouncycastle/util/Encodable.class.removed
   JD: libs/bcprov-jdk15on.jar/META-INF/versions/9/org/bouncycastle/util/Fingerprint.class.removed
   JD: libs/bcprov-jdk15on.jar/META-INF/versions/9/org/bouncycastle/util/Integers.class.removed
   JD: libs/bcprov-jdk15on.jar/META-INF/versions/9/org/bouncycastle/util/Iterable.class.removed
   JD: libs/bcprov-jdk15on.jar/META-INF/versions/9/org/bouncycastle/util/Memoable.class.removed
   JD: libs/bcprov-jdk15on.jar/META-INF/versions/9/org/bouncycastle/util/MemoableResetException.class.removed
   JD: libs/bcprov-jdk15on.jar/META-INF/versions/9/org/bouncycastle/util/Objects.class.removed
   JD: libs/bcprov-jdk15on.jar/META-INF/versions/9/org/bouncycastle/util/Pack.class.removed
   JD: libs/bcprov-jdk15on.jar/META-INF/versions/9/org/bouncycastle/util/Properties$1.class.removed
   JD: libs/bcprov-jdk15on.jar/META-INF/versions/9/org/bouncycastle/util/Properties$2.class.removed
   JD: libs/bcprov-jdk15on.jar/META-INF/versions/9/org/bouncycastle/util/Properties.class.removed
   JD: libs/bcprov-jdk15on.jar/META-INF/versions/9/org/bouncycastle/util/StringList.class.removed
   JD: libs/bcprov-jdk15on.jar/META-INF/versions/9/org/bouncycastle/util/Strings$1.class.removed
   JD: libs/bcprov-jdk15on.jar/META-INF/versions/9/org/bouncycastle/util/Strings$StringListImpl.class.removed
   JD: libs/bcprov-jdk15on.jar/META-INF/versions/9/org/bouncycastle/util/Strings.class.removed
   JD: libs/bcprov-jdk15on.jar/META-INF/versions/9/org/bouncycastle/util/encoders.removed
   JD: libs/bcprov-jdk15on.jar/META-INF/versions/9/org/bouncycastle/util/encoders/DecoderException.class.removed
   JD: libs/bcprov-jdk15on.jar/META-INF/versions/9/org/bouncycastle/util/encoders/Encoder.class.removed
   JD: libs/bcprov-jdk15on.jar/META-INF/versions/9/org/bouncycastle/util/encoders/EncoderException.class.removed
   JD: libs/bcprov-jdk15on.jar/META-INF/versions/9/org/bouncycastle/util/encoders/Hex.class.removed
   JD: libs/bcprov-jdk15on.jar/META-INF/versions/9/org/bouncycastle/util/encoders/HexEncoder.class.removed
   JD: libs/bcprov-jdk15on.jar/META-INF/versions/9/org/bouncycastle/util/encoders/UTF8.class.removed
   JD: libs/bcprov-jdk15on.jar/META-INF/versions/9/org/bouncycastle/util/io.removed
   JD: libs/bcprov-jdk15on.jar/META-INF/versions/9/org/bouncycastle/util/io/StreamOverflowException.class.removed
   JD: libs/bcprov-jdk15on.jar/META-INF/versions/9/org/bouncycastle/util/io/Streams.class.removed
   JD: libs/bcprov-jdk15on.jar/org/bouncycastle/asn1/ASN1Absent.class
   JD: libs/bcprov-jdk15on.jar/org/bouncycastle/asn1/ASN1ApplicationSpecific.class
   JD: libs/bcprov-jdk15on.jar/org/bouncycastle/asn1/ASN1InputStream.class
   JD: libs/bcprov-jdk15on.jar/org/bouncycastle/asn1/ASN1TaggedObject.class
   JD: libs/bcprov-jdk15on.jar/org/bouncycastle/asn1/DLApplicationSpecific.class
   JD: libs/bcprov-jdk15on.jar/org/bouncycastle/asn1/DLBitString.class
   JD: libs/bcprov-jdk15on.jar/org/bouncycastle/asn1/DLBitStringParser.class
   JD: libs/bcprov-jdk15on.jar/org/bouncycastle/asn1/anssi/ANSSINamedCurves$1.class
   JD: libs/bcprov-jdk15on.jar/org/bouncycastle/asn1/anssi/ANSSINamedCurves.class
   JD: libs/bcprov-jdk15on.jar/org/bouncycastle/asn1/bc/BCObjectIdentifiers.class
   JD: libs/bcprov-jdk15on.jar/org/bouncycastle/asn1/bc/EncryptedObjectStoreData.class
   JD: libs/bcprov-jdk15on.jar/org/bouncycastle/asn1/bc/ExternalValue.class
   JD: libs/bcprov-jdk15on.jar/org/bouncycastle/asn1/cryptopro/ECGOST3410NamedCurves$1.class
   JD: libs/bcprov-jdk15on.jar/org/bouncycastle/asn1/cryptopro/ECGOST3410NamedCurves$2.class
   JD: libs/bcprov-jdk15on.jar/org/bouncycastle/asn1/cryptopro/ECGOST3410NamedCurves$3.class
   JD: libs/bcprov-jdk15on.jar/org/bouncycastle/asn1/cryptopro/ECGOST3410NamedCurves$4.class
   JD: libs/bcprov-jdk15on.jar/org/bouncycastle/asn1/cryptopro/ECGOST3410NamedCurves$5.class
   JD: libs/bcprov-jdk15on.jar/org/bouncycastle/asn1/cryptopro/ECGOST3410NamedCurves$6.class
   JD: libs/bcprov-jdk15on.jar/org/bouncycastle/asn1/cryptopro/ECGOST3410NamedCurves$7.class
   JD: libs/bcprov-jdk15on.jar/org/bouncycastle/asn1/cryptopro/ECGOST3410NamedCurves$8.class
   JD: libs/bcprov-jdk15on.jar/org/bouncycastle/asn1/cryptopro/ECGOST3410NamedCurves.class
   JD: libs/bcprov-jdk15on.jar/org/bouncycastle/asn1/cryptopro/GOST28147Parameters.class
   JD: libs/bcprov-jdk15on.jar/org/bouncycastle/asn1/gm/GMNamedCurves$1.class
   JD: libs/bcprov-jdk15on.jar/org/bouncycastle/asn1/gm/GMNamedCurves$2.class
   JD: libs/bcprov-jdk15on.jar/org/bouncycastle/asn1/gm/GMNamedCurves.class
   JD: libs/bcprov-jdk15on.jar/org/bouncycastle/asn1/misc/IDEACBCPar.class
   JD: libs/bcprov-jdk15on.jar/org/bouncycastle/asn1/misc/MiscObjectIdentifiers.class
   JD: libs/bcprov-jdk15on.jar/org/bouncycastle/asn1/misc/NetscapeCertType.class
   JD: libs/bcprov-jdk15on.jar/org/bouncycastle/asn1/nist/NISTNamedCurves.class
   JD: libs/bcprov-jdk15on.jar/org/bouncycastle/asn1/pkcs/EncryptedPrivateKeyInfo.class
   JD: libs/bcprov-jdk15on.jar/org/bouncycastle/asn1/pkcs/PBKDF2Params.class
   JD: libs/bcprov-jdk15on.jar/org/bouncycastle/asn1/pkcs/PBMAC1Params.class
   JD: libs/bcprov-jdk15on.jar/org/bouncycastle/asn1/pkcs/PKCSObjectIdentifiers.class
   JD: libs/bcprov-jdk15on.jar/org/bouncycastle/asn1/sec/SECNamedCurves$1.class
   JD: libs/bcprov-jdk15on.jar/org/bouncycastle/asn1/sec/SECNamedCurves$10.class
   JD: libs/bcprov-jdk15on.jar/org/bouncycastle/asn1/sec/SECNamedCurves$11.class
   JD: libs/bcprov-jdk15on.jar/org/bouncycastle/asn1/sec/SECNamedCurves$12.class
   JD: libs/bcprov-jdk15on.jar/org/bouncycastle/asn1/sec/SECNamedCurves$13.class
   JD: libs/bcprov-jdk15on.jar/org/bouncycastle/asn1/sec/SECNamedCurves$14.class
   JD: libs/bcprov-jdk15on.jar/org/bouncycastle/asn1/sec/SECNamedCurves$15.class
   JD: libs/bcprov-jdk15on.jar/org/bouncycastle/asn1/sec/SECNamedCurves$16.class
   JD: libs/bcprov-jdk15on.jar/org/bouncycastle/asn1/sec/SECNamedCurves$17.class
   JD: libs/bcprov-jdk15on.jar/org/bouncycastle/asn1/sec/SECNamedCurves$18.class
   JD: libs/bcprov-jdk15on.jar/org/bouncycastle/asn1/sec/SECNamedCurves$19.class
   JD: libs/bcprov-jdk15on.jar/org/bouncycastle/asn1/sec/SECNamedCurves$2.class
   JD: libs/bcprov-jdk15on.jar/org/bouncycastle/asn1/sec/SECNamedCurves$20.class
   JD: libs/bcprov-jdk15on.jar/org/bouncycastle/asn1/sec/SECNamedCurves$21.class
   JD: libs/bcprov-jdk15on.jar/org/bouncycastle/asn1/sec/SECNamedCurves$22.class
   JD: libs/bcprov-jdk15on.jar/org/bouncycastle/asn1/sec/SECNamedCurves$23.class
   JD: libs/bcprov-jdk15on.jar/org/bouncycastle/asn1/sec/SECNamedCurves$24.class
   JD: libs/bcprov-jdk15on.jar/org/bouncycastle/asn1/sec/SECNamedCurves$25.class
   JD: libs/bcprov-jdk15on.jar/org/bouncycastle/asn1/sec/SECNamedCurves$26.class
   JD: libs/bcprov-jdk15on.jar/org/bouncycastle/asn1/sec/SECNamedCurves$27.class
   JD: libs/bcprov-jdk15on.jar/org/bouncycastle/asn1/sec/SECNamedCurves$28.class
   JD: libs/bcprov-jdk15on.jar/org/bouncycastle/asn1/sec/SECNamedCurves$29.class
   JD: libs/bcprov-jdk15on.jar/org/bouncycastle/asn1/sec/SECNamedCurves$3.class
   JD: libs/bcprov-jdk15on.jar/org/bouncycastle/asn1/sec/SECNamedCurves$30.class
   JD: libs/bcprov-jdk15on.jar/org/bouncycastle/asn1/sec/SECNamedCurves$31.class
   JD: libs/bcprov-jdk15on.jar/org/bouncycastle/asn1/sec/SECNamedCurves$32.class
   JD: libs/bcprov-jdk15on.jar/org/bouncycastle/asn1/sec/SECNamedCurves$33.class
   JD: libs/bcprov-jdk15on.jar/org/bouncycastle/asn1/sec/SECNamedCurves$4.class
   JD: libs/bcprov-jdk15on.jar/org/bouncycastle/asn1/sec/SECNamedCurves$5.class
   JD: libs/bcprov-jdk15on.jar/org/bouncycastle/asn1/sec/SECNamedCurves$6.class
   JD: libs/bcprov-jdk15on.jar/org/bouncycastle/asn1/sec/SECNamedCurves$7.class
   JD: libs/bcprov-jdk15on.jar/org/bouncycastle/asn1/sec/SECNamedCurves$8.class
   JD: libs/bcprov-jdk15on.jar/org/bouncycastle/asn1/sec/SECNamedCurves$9.class
   JD: libs/bcprov-jdk15on.jar/org/bouncycastle/asn1/sec/SECNamedCurves.class
   JD: libs/bcprov-jdk15on.jar/org/bouncycastle/asn1/teletrust/TeleTrusTNamedCurves$1.class
   JD: libs/bcprov-jdk15on.jar/org/bouncycastle/asn1/teletrust/TeleTrusTNamedCurves$10.class
   JD: libs/bcprov-jdk15on.jar/org/bouncycastle/asn1/teletrust/TeleTrusTNamedCurves$11.class
   JD: libs/bcprov-jdk15on.jar/org/bouncycastle/asn1/teletrust/TeleTrusTNamedCurves$12.class
   JD: libs/bcprov-jdk15on.jar/org/bouncycastle/asn1/teletrust/TeleTrusTNamedCurves$13.class
   JD: libs/bcprov-jdk15on.jar/org/bouncycastle/asn1/teletrust/TeleTrusTNamedCurves$14.class
   JD: libs/bcprov-jdk15on.jar/org/bouncycastle/asn1/teletrust/TeleTrusTNamedCurves$2.class
   JD: libs/bcprov-jdk15on.jar/org/bouncycastle/asn1/teletrust/TeleTrusTNamedCurves$3.class
   JD: libs/bcprov-jdk15on.jar/org/bouncycastle/asn1/teletrust/TeleTrusTNamedCurves$4.class
   JD: libs/bcprov-jdk15on.jar/org/bouncycastle/asn1/teletrust/TeleTrusTNamedCurves$5.class
   JD: libs/bcprov-jdk15on.jar/org/bouncycastle/asn1/teletrust/TeleTrusTNamedCurves$6.class
   JD: libs/bcprov-jdk15on.jar/org/bouncycastle/asn1/teletrust/TeleTrusTNamedCurves$7.class
   JD: libs/bcprov-jdk15on.jar/org/bouncycastle/asn1/teletrust/TeleTrusTNamedCurves$8.class
   JD: libs/bcprov-jdk15on.jar/org/bouncycastle/asn1/teletrust/TeleTrusTNamedCurves$9.class
   JD: libs/bcprov-jdk15on.jar/org/bouncycastle/asn1/teletrust/TeleTrusTNamedCurves.class
   JD: libs/bcprov-jdk15on.jar/org/bouncycastle/asn1/util/Dump.class
   JD: libs/bcprov-jdk15on.jar/org/bouncycastle/asn1/x509/AuthorityKeyIdentifier.class
   JD: libs/bcprov-jdk15on.jar/org/bouncycastle/asn1/x509/Extension.class
   JD: libs/bcprov-jdk15on.jar/org/bouncycastle/asn1/x509/ExtensionsGenerator.class
   JD: libs/bcprov-jdk15on.jar/org/bouncycastle/asn1/x509/KeyPurposeId.class
   JD: libs/bcprov-jdk15on.jar/org/bouncycastle/asn1/x9/ECNamedCurveTable.class
   JD: libs/bcprov-jdk15on.jar/org/bouncycastle/asn1/x9/X962NamedCurves$1.class
   JD: libs/bcprov-jdk15on.jar/org/bouncycastle/asn1/x9/X962NamedCurves$10.class
   JD: libs/bcprov-jdk15on.jar/org/bouncycastle/asn1/x9/X962NamedCurves$11.class
   JD: libs/bcprov-jdk15on.jar/org/bouncycastle/asn1/x9/X962NamedCurves$12.class
   JD: libs/bcprov-jdk15on.jar/org/bouncycastle/asn1/x9/X962NamedCurves$13.class
   JD: libs/bcprov-jdk15on.jar/org/bouncycastle/asn1/x9/X962NamedCurves$14.class
   JD: libs/bcprov-jdk15on.jar/org/bouncycastle/asn1/x9/X962NamedCurves$15.class
   JD: libs/bcprov-jdk15on.jar/org/bouncycastle/asn1/x9/X962NamedCurves$16.class
   JD: libs/bcprov-jdk15on.jar/org/bouncycastle/asn1/x9/X962NamedCurves$17.class
   JD: libs/bcprov-jdk15on.jar/org/bouncycastle/asn1/x9/X962NamedCurves$18.class
   JD: libs/bcprov-jdk15on.jar/org/bouncycastle/asn1/x9/X962NamedCurves$19.class
   JD: libs/bcprov-jdk15on.jar/org/bouncycastle/asn1/x9/X962NamedCurves$2.class
   JD: libs/bcprov-jdk15on.jar/org/bouncycastle/asn1/x9/X962NamedCurves$20.class
   JD: libs/bcprov-jdk15on.jar/org/bouncycastle/asn1/x9/X962NamedCurves$21.class
   JD: libs/bcprov-jdk15on.jar/org/bouncycastle/asn1/x9/X962NamedCurves$22.class
   JD: libs/bcprov-jdk15on.jar/org/bouncycastle/asn1/x9/X962NamedCurves$23.class
   JD: libs/bcprov-jdk15on.jar/org/bouncycastle/asn1/x9/X962NamedCurves$3.class
   JD: libs/bcprov-jdk15on.jar/org/bouncycastle/asn1/x9/X962NamedCurves$4.class
   JD: libs/bcprov-jdk15on.jar/org/bouncycastle/asn1/x9/X962NamedCurves$5.class
   JD: libs/bcprov-jdk15on.jar/org/bouncycastle/asn1/x9/X962NamedCurves$6.class
   JD: libs/bcprov-jdk15on.jar/org/bouncycastle/asn1/x9/X962NamedCurves$7.class
   JD: libs/bcprov-jdk15on.jar/org/bouncycastle/asn1/x9/X962NamedCurves$8.class
   JD: libs/bcprov-jdk15on.jar/org/bouncycastle/asn1/x9/X962NamedCurves$9.class
   JD: libs/bcprov-jdk15on.jar/org/bouncycastle/asn1/x9/X962NamedCurves.class
   JD: libs/bcprov-jdk15on.jar/org/bouncycastle/asn1/x9/X9ECParametersHolder.class
   JD: libs/bcprov-jdk15on.jar/org/bouncycastle/crypto/EncapsulatedSecretExtractor.class
   JD: libs/bcprov-jdk15on.jar/org/bouncycastle/crypto/EncapsulatedSecretGenerator.class
   JD: libs/bcprov-jdk15on.jar/org/bouncycastle/crypto/SecretWithEncapsulation.class
   JD: libs/bcprov-jdk15on.jar/org/bouncycastle/crypto/StatelessProcessing.class
   JD: libs/bcprov-jdk15on.jar/org/bouncycastle/crypto/digests/Blake3Digest.class
   JD: libs/bcprov-jdk15on.jar/org/bouncycastle/crypto/ec/CustomNamedCurves$1.class
   JD: libs/bcprov-jdk15on.jar/org/bouncycastle/crypto/ec/CustomNamedCurves$10.class
   JD: libs/bcprov-jdk15on.jar/org/bouncycastle/crypto/ec/CustomNamedCurves$11.class
   JD: libs/bcprov-jdk15on.jar/org/bouncycastle/crypto/ec/CustomNamedCurves$12.class
   JD: libs/bcprov-jdk15on.jar/org/bouncycastle/crypto/ec/CustomNamedCurves$13.class
   JD: libs/bcprov-jdk15on.jar/org/bouncycastle/crypto/ec/CustomNamedCurves$14.class
   JD: libs/bcprov-jdk15on.jar/org/bouncycastle/crypto/ec/CustomNamedCurves$15.class
   JD: libs/bcprov-jdk15on.jar/org/bouncycastle/crypto/ec/CustomNamedCurves$16.class
   JD: libs/bcprov-jdk15on.jar/org/bouncycastle/crypto/ec/CustomNamedCurves$17.class
   JD: libs/bcprov-jdk15on.jar/org/bouncycastle/crypto/ec/CustomNamedCurves$18.class
   JD: libs/bcprov-jdk15on.jar/org/bouncycastle/crypto/ec/CustomNamedCurves$19.class
   JD: libs/bcprov-jdk15on.jar/org/bouncycastle/crypto/ec/CustomNamedCurves$2.class
   JD: libs/bcprov-jdk15on.jar/org/bouncycastle/crypto/ec/CustomNamedCurves$20.class
   JD: libs/bcprov-jdk15on.jar/org/bouncycastle/crypto/ec/CustomNamedCurves$21.class
   JD: libs/bcprov-jdk15on.jar/org/bouncycastle/crypto/ec/CustomNamedCurves$22.class
   JD: libs/bcprov-jdk15on.jar/org/bouncycastle/crypto/ec/CustomNamedCurves$23.class
   JD: libs/bcprov-jdk15on.jar/org/bouncycastle/crypto/ec/CustomNamedCurves$24.class
   JD: libs/bcprov-jdk15on.jar/org/bouncycastle/crypto/ec/CustomNamedCurves$25.class
   JD: libs/bcprov-jdk15on.jar/org/bouncycastle/crypto/ec/CustomNamedCurves$26.class
   JD: libs/bcprov-jdk15on.jar/org/bouncycastle/crypto/ec/CustomNamedCurves$27.class
   JD: libs/bcprov-jdk15on.jar/org/bouncycastle/crypto/ec/CustomNamedCurves$28.class
   JD: libs/bcprov-jdk15on.jar/org/bouncycastle/crypto/ec/CustomNamedCurves$29.class
   JD: libs/bcprov-jdk15on.jar/org/bouncycastle/crypto/ec/CustomNamedCurves$3.class
   JD: libs/bcprov-jdk15on.jar/org/bouncycastle/crypto/ec/CustomNamedCurves$30.class
   JD: libs/bcprov-jdk15on.jar/org/bouncycastle/crypto/ec/CustomNamedCurves$31.class
   JD: libs/bcprov-jdk15on.jar/org/bouncycastle/crypto/ec/CustomNamedCurves$32.class
   JD: libs/bcprov-jdk15on.jar/org/bouncycastle/crypto/ec/CustomNamedCurves$4.class
   JD: libs/bcprov-jdk15on.jar/org/bouncycastle/crypto/ec/CustomNamedCurves$5.class
   JD: libs/bcprov-jdk15on.jar/org/bouncycastle/crypto/ec/CustomNamedCurves$6.class
   JD: libs/bcprov-jdk15on.jar/org/bouncycastle/crypto/ec/CustomNamedCurves$7.class
   JD: libs/bcprov-jdk15on.jar/org/bouncycastle/crypto/ec/CustomNamedCurves$8.class
   JD: libs/bcprov-jdk15on.jar/org/bouncycastle/crypto/ec/CustomNamedCurves$9.class
   JD: libs/bcprov-jdk15on.jar/org/bouncycastle/crypto/ec/CustomNamedCurves.class
   JD: libs/bcprov-jdk15on.jar/org/bouncycastle/crypto/encodings/OAEPEncoding.class
   JD: libs/bcprov-jdk15on.jar/org/bouncycastle/crypto/engines/AESEngine.class
   JD: libs/bcprov-jdk15on.jar/org/bouncycastle/crypto/engines/AESLightEngine.class
   JD: libs/bcprov-jdk15on.jar/org/bouncycastle/crypto/engines/CamelliaEngine.class
   JD: libs/bcprov-jdk15on.jar/org/bouncycastle/crypto/engines/CamelliaLightEngine.class
   JD: libs/bcprov-jdk15on.jar/org/bouncycastle/crypto/engines/SEEDEngine.class
   JD: libs/bcprov-jdk15on.jar/org/bouncycastle/crypto/engines/SerpentEngine.class
   JD: libs/bcprov-jdk15on.jar/org/bouncycastle/crypto/engines/SerpentEngineBase.class
   JD: libs/bcprov-jdk15on.jar/org/bouncycastle/crypto/engines/TnepresEngine.class
   JD: libs/bcprov-jdk15on.jar/org/bouncycastle/crypto/generators/RSAKeyPairGenerator.class
   JD: libs/bcprov-jdk15on.jar/org/bouncycastle/crypto/modes/EAXBlockCipher.class
   JD: libs/bcprov-jdk15on.jar/org/bouncycastle/crypto/modes/gcm/BasicGCMMultiplier.class
   JD: libs/bcprov-jdk15on.jar/org/bouncycastle/crypto/modes/gcm/GCMUtil.class
   JD: libs/bcprov-jdk15on.jar/org/bouncycastle/crypto/modes/gcm/Tables1kGCMExponentiator.class
   JD: libs/bcprov-jdk15on.jar/org/bouncycastle/crypto/modes/gcm/Tables64kGCMMultiplier.class
   JD: libs/bcprov-jdk15on.jar/org/bouncycastle/crypto/modes/gcm/Tables8kGCMMultiplier.class
   JD: libs/bcprov-jdk15on.jar/org/bouncycastle/crypto/params/RSAKeyParameters.class
   JD: libs/bcprov-jdk15on.jar/org/bouncycastle/crypto/params/RSAPrivateCrtKeyParameters.class
   JD: libs/bcprov-jdk15on.jar/org/bouncycastle/crypto/prng/drbg/DualECSP800DRBG.class
   JD: libs/bcprov-jdk15on.jar/org/bouncycastle/crypto/signers/HMacDSAKCalculator.class
   JD: libs/bcprov-jdk15on.jar/org/bouncycastle/crypto/util/OpenSSHPrivateKeyUtil.class
   JD: libs/bcprov-jdk15on.jar/org/bouncycastle/crypto/util/SSHNamedCurves$3.class
   JD: libs/bcprov-jdk15on.jar/org/bouncycastle/jcajce/ExternalPublicKey.class
   JD: libs/bcprov-jdk15on.jar/org/bouncycastle/jcajce/SecretKeyWithEncapsulation.class
   JD: libs/bcprov-jdk15on.jar/org/bouncycastle/jcajce/provider/asymmetric/EC$Mappings.class
   JD: libs/bcprov-jdk15on.jar/org/bouncycastle/jcajce/provider/asymmetric/EXTERNAL$ExternalKeyInfoConverter.class
   JD: libs/bcprov-jdk15on.jar/org/bouncycastle/jcajce/provider/asymmetric/EXTERNAL$KeyFactory.class
   JD: libs/bcprov-jdk15on.jar/org/bouncycastle/jcajce/provider/asymmetric/EXTERNAL$Mappings.class
   JD: libs/bcprov-jdk15on.jar/org/bouncycastle/jcajce/provider/asymmetric/EXTERNAL.class
   JD: libs/bcprov-jdk15on.jar/org/bouncycastle/jcajce/provider/asymmetric/LMS$Mappings.class
   JD: libs/bcprov-jdk15on.jar/org/bouncycastle/jcajce/provider/asymmetric/LMS.class
   JD: libs/bcprov-jdk15on.jar/org/bouncycastle/jcajce/provider/asymmetric/SPHINCSPlus$Mappings.class
   JD: libs/bcprov-jdk15on.jar/org/bouncycastle/jcajce/provider/asymmetric/SPHINCSPlus.class
   JD: libs/bcprov-jdk15on.jar/org/bouncycastle/jcajce/provider/asymmetric/dh/IESCipher.class
   JD: libs/bcprov-jdk15on.jar/org/bouncycastle/jcajce/provider/asymmetric/dh/KeyAgreementSpi.class
   JD: libs/bcprov-jdk15on.jar/org/bouncycastle/jcajce/provider/asymmetric/ec/BCECPrivateKey.class
   JD: libs/bcprov-jdk15on.jar/org/bouncycastle/jcajce/provider/asymmetric/ec/BCECPublicKey.class
   JD: libs/bcprov-jdk15on.jar/org/bouncycastle/jcajce/provider/asymmetric/ec/IESCipher.class
   JD: libs/bcprov-jdk15on.jar/org/bouncycastle/jcajce/provider/asymmetric/ec/IESKEMCipher$1.class
   JD: libs/bcprov-jdk15on.jar/org/bouncycastle/jcajce/provider/asymmetric/ec/IESKEMCipher$KEM.class
   JD: libs/bcprov-jdk15on.jar/org/bouncycastle/jcajce/provider/asymmetric/ec/IESKEMCipher$KEMwithSHA256.class
   JD: libs/bcprov-jdk15on.jar/org/bouncycastle/jcajce/provider/asymmetric/ec/IESKEMCipher.class
   JD: libs/bcprov-jdk15on.jar/org/bouncycastle/jcajce/provider/asymmetric/ec/KeyAgreementSpi.class
   JD: libs/bcprov-jdk15on.jar/org/bouncycastle/jcajce/provider/asymmetric/ecgost/KeyAgreementSpi.class
   JD: libs/bcprov-jdk15on.jar/org/bouncycastle/jcajce/provider/asymmetric/ecgost12/KeyAgreementSpi.class
   JD: libs/bcprov-jdk15on.jar/org/bouncycastle/jcajce/provider/asymmetric/edec/KeyAgreementSpi.class
   JD: libs/bcprov-jdk15on.jar/org/bouncycastle/jcajce/provider/asymmetric/util/BaseAgreementSpi.class
   JD: libs/bcprov-jdk15on.jar/org/bouncycastle/jcajce/provider/asymmetric/util/EC5Util$CustomCurves.class
   JD: libs/bcprov-jdk15on.jar/org/bouncycastle/jcajce/provider/asymmetric/util/EC5Util.class
   JD: libs/bcprov-jdk15on.jar/org/bouncycastle/jcajce/provider/digest/Blake3$Blake3_256.class
   JD: libs/bcprov-jdk15on.jar/org/bouncycastle/jcajce/provider/digest/Blake3$Mappings.class
   JD: libs/bcprov-jdk15on.jar/org/bouncycastle/jcajce/provider/digest/Blake3.class
   JD: libs/bcprov-jdk15on.jar/org/bouncycastle/jcajce/provider/digest/DigestAlgorithmProvider.class
   JD: libs/bcprov-jdk15on.jar/org/bouncycastle/jcajce/provider/digest/SHA3$DigestParallelHash.class
   JD: libs/bcprov-jdk15on.jar/org/bouncycastle/jcajce/provider/digest/SHA3$DigestParallelHash128_256.class
   JD: libs/bcprov-jdk15on.jar/org/bouncycastle/jcajce/provider/digest/SHA3$DigestParallelHash256_512.class
   JD: libs/bcprov-jdk15on.jar/org/bouncycastle/jcajce/provider/digest/SHA3$DigestTupleHash.class
   JD: libs/bcprov-jdk15on.jar/org/bouncycastle/jcajce/provider/digest/SHA3$DigestTupleHash128_256.class
   JD: libs/bcprov-jdk15on.jar/org/bouncycastle/jcajce/provider/digest/SHA3$DigestTupleHash256_512.class
   JD: libs/bcprov-jdk15on.jar/org/bouncycastle/jcajce/provider/digest/SHA3$KMac128.class
   JD: libs/bcprov-jdk15on.jar/org/bouncycastle/jcajce/provider/digest/SHA3$KMac256.class
   JD: libs/bcprov-jdk15on.jar/org/bouncycastle/jcajce/provider/digest/SHA3$Mappings.class
   JD: libs/bcprov-jdk15on.jar/org/bouncycastle/jcajce/provider/digest/SHA3.class
   JD: libs/bcprov-jdk15on.jar/org/bouncycastle/jcajce/provider/drbg/DRBG$HybridSecureRandom$SignallingEntropySource.class
   JD: libs/bcprov-jdk15on.jar/org/bouncycastle/jcajce/spec/HybridValueParameterSpec.class
   JD: libs/bcprov-jdk15on.jar/org/bouncycastle/jcajce/spec/IESKEMParameterSpec.class
   JD: libs/bcprov-jdk15on.jar/org/bouncycastle/jcajce/spec/KEMExtractSpec.class
   JD: libs/bcprov-jdk15on.jar/org/bouncycastle/jcajce/spec/KEMGenerateSpec.class
   JD: libs/bcprov-jdk15on.jar/org/bouncycastle/jcajce/spec/KEMParameterSpec.class
   JD: libs/bcprov-jdk15on.jar/org/bouncycastle/jcajce/spec/UserKeyingMaterialSpec.class
   JD: libs/bcprov-jdk15on.jar/org/bouncycastle/jcajce/util/ECKeyUtil$ECPublicKeyWithCompression.class
   JD: libs/bcprov-jdk15on.jar/org/bouncycastle/jcajce/util/MessageDigestUtils.class
   JD: libs/bcprov-jdk15on.jar/org/bouncycastle/jce/provider/BouncyCastleProvider.class
   JD: libs/bcprov-jdk15on.jar/org/bouncycastle/jce/provider/BrokenJCEBlockCipher.class
   JD: libs/bcprov-jdk15on.jar/org/bouncycastle/jce/provider/JCEECPrivateKey.class
   JD: libs/bcprov-jdk15on.jar/org/bouncycastle/math/ec/ECCurve$F2m$1.class
   JD: libs/bcprov-jdk15on.jar/org/bouncycastle/math/ec/ECCurve$F2m.class
   JD: libs/bcprov-jdk15on.jar/org/bouncycastle/math/ec/ECCurve$Fp.class
   JD: libs/bcprov-jdk15on.jar/org/bouncycastle/math/ec/ECCurve.class
   JD: libs/bcprov-jdk15on.jar/org/bouncycastle/math/ec/custom/sec/SecP256K1Field.class
   JD: libs/bcprov-jdk15on.jar/org/bouncycastle/math/ec/custom/sec/SecP256K1FieldElement.class
   JD: libs/bcprov-jdk15on.jar/org/bouncycastle/math/ec/custom/sec/SecP256K1Point.class
   JD: libs/bcprov-jdk15on.jar/org/bouncycastle/math/ec/custom/sec/SecP256R1Field.class
   JD: libs/bcprov-jdk15on.jar/org/bouncycastle/math/ec/custom/sec/SecP256R1FieldElement.class
   JD: libs/bcprov-jdk15on.jar/org/bouncycastle/math/ec/custom/sec/SecP256R1Point.class
   JD: libs/bcprov-jdk15on.jar/org/bouncycastle/math/ec/custom/sec/SecP384R1Field.class
   JD: libs/bcprov-jdk15on.jar/org/bouncycastle/math/ec/custom/sec/SecP384R1FieldElement.class
   JD: libs/bcprov-jdk15on.jar/org/bouncycastle/math/ec/custom/sec/SecP384R1Point.class
   JD: libs/bcprov-jdk15on.jar/org/bouncycastle/math/ec/custom/sec/SecP521R1Field.class
   JD: libs/bcprov-jdk15on.jar/org/bouncycastle/math/ec/custom/sec/SecP521R1FieldElement.class
   JD: libs/bcprov-jdk15on.jar/org/bouncycastle/math/ec/custom/sec/SecP521R1Point.class
   JD: libs/bcprov-jdk15on.jar/org/bouncycastle/math/ec/rfc8032/Ed25519.class
   JD: libs/bcprov-jdk15on.jar/org/bouncycastle/math/ec/rfc8032/Ed448.class
   JD: libs/bcprov-jdk15on.jar/org/bouncycastle/math/ec/tools/F2mSqrtOptimizer.class
   JD: libs/bcprov-jdk15on.jar/org/bouncycastle/math/ec/tools/TraceOptimizer.class
   JD: libs/bcprov-jdk15on.jar/org/bouncycastle/math/field/FiniteFields.class
   JD: libs/bcprov-jdk15on.jar/org/bouncycastle/math/raw/Mod.class
   JD: libs/bcprov-jdk15on.jar/org/bouncycastle/pqc/asn1/CMCEPrivateKey.class
   JD: libs/bcprov-jdk15on.jar/org/bouncycastle/pqc/asn1/CMCEPublicKey.class
   JD: libs/bcprov-jdk15on.jar/org/bouncycastle/pqc/asn1/SABERPrivateKey.class
   JD: libs/bcprov-jdk15on.jar/org/bouncycastle/pqc/asn1/SABERPublicKey.class
   JD: libs/bcprov-jdk15on.jar/org/bouncycastle/pqc/crypto/ExchangePairGenerator.class
   JD: libs/bcprov-jdk15on.jar/org/bouncycastle/pqc/crypto/cmce/
   JD: libs/bcprov-jdk15on.jar/org/bouncycastle/pqc/crypto/cmce/BENES.class
   JD: libs/bcprov-jdk15on.jar/org/bouncycastle/pqc/crypto/cmce/BENES12.class
   JD: libs/bcprov-jdk15on.jar/org/bouncycastle/pqc/crypto/cmce/BENES13.class
   JD: libs/bcprov-jdk15on.jar/org/bouncycastle/pqc/crypto/cmce/CMCEEngine.class
   JD: libs/bcprov-jdk15on.jar/org/bouncycastle/pqc/crypto/cmce/CMCEKEMExtractor.class
   JD: libs/bcprov-jdk15on.jar/org/bouncycastle/pqc/crypto/cmce/CMCEKEMGenerator.class
   JD: libs/bcprov-jdk15on.jar/org/bouncycastle/pqc/crypto/cmce/CMCEKeyGenerationParameters.class
   JD: libs/bcprov-jdk15on.jar/org/bouncycastle/pqc/crypto/cmce/CMCEKeyPairGenerator.class
   JD: libs/bcprov-jdk15on.jar/org/bouncycastle/pqc/crypto/cmce/CMCEKeyParameters.class
   JD: libs/bcprov-jdk15on.jar/org/bouncycastle/pqc/crypto/cmce/CMCEParameters.class
   JD: libs/bcprov-jdk15on.jar/org/bouncycastle/pqc/crypto/cmce/CMCEPrivateKeyParameters.class
   JD: libs/bcprov-jdk15on.jar/org/bouncycastle/pqc/crypto/cmce/CMCEPublicKeyParameters.class
   JD: libs/bcprov-jdk15on.jar/org/bouncycastle/pqc/crypto/cmce/GF.class
   JD: libs/bcprov-jdk15on.jar/org/bouncycastle/pqc/crypto/cmce/GF12.class
   JD: libs/bcprov-jdk15on.jar/org/bouncycastle/pqc/crypto/cmce/GF13.class
   JD: libs/bcprov-jdk15on.jar/org/bouncycastle/pqc/crypto/cmce/Utils.class
   JD: libs/bcprov-jdk15on.jar/org/bouncycastle/pqc/crypto/frodo/
   JD: libs/bcprov-jdk15on.jar/org/bouncycastle/pqc/crypto/frodo/FrodoEngine.class
   JD: libs/bcprov-jdk15on.jar/org/bouncycastle/pqc/crypto/frodo/FrodoKEMExtractor.class
   JD: libs/bcprov-jdk15on.jar/org/bouncycastle/pqc/crypto/frodo/FrodoKEMGenerator.class
   JD: libs/bcprov-jdk15on.jar/org/bouncycastle/pqc/crypto/frodo/FrodoKeyGenerationParameters.class
   JD: libs/bcprov-jdk15on.jar/org/bouncycastle/pqc/crypto/frodo/FrodoKeyPairGenerator.class
   JD: libs/bcprov-jdk15on.jar/org/bouncycastle/pqc/crypto/frodo/FrodoKeyParameters.class
   JD: libs/bcprov-jdk15on.jar/org/bouncycastle/pqc/crypto/frodo/FrodoMatrixGenerator$Aes128MatrixGenerator.class
   JD: libs/bcprov-jdk15on.jar/org/bouncycastle/pqc/crypto/frodo/FrodoMatrixGenerator$Shake128MatrixGenerator.class
   JD: libs/bcprov-jdk15on.jar/org/bouncycastle/pqc/crypto/frodo/FrodoMatrixGenerator.class
   JD: libs/bcprov-jdk15on.jar/org/bouncycastle/pqc/crypto/frodo/FrodoParameters.class
   JD: libs/bcprov-jdk15on.jar/org/bouncycastle/pqc/crypto/frodo/FrodoPrivateKeyParameters.class
   JD: libs/bcprov-jdk15on.jar/org/bouncycastle/pqc/crypto/frodo/FrodoPublicKeyParameters.class
   JD: libs/bcprov-jdk15on.jar/org/bouncycastle/pqc/crypto/saber/
   JD: libs/bcprov-jdk15on.jar/org/bouncycastle/pqc/crypto/saber/Poly.class
   JD: libs/bcprov-jdk15on.jar/org/bouncycastle/pqc/crypto/saber/SABEREngine.class
   JD: libs/bcprov-jdk15on.jar/org/bouncycastle/pqc/crypto/saber/SABERKEMExtractor.class
   JD: libs/bcprov-jdk15on.jar/org/bouncycastle/pqc/crypto/saber/SABERKEMGenerator.class
   JD: libs/bcprov-jdk15on.jar/org/bouncycastle/pqc/crypto/saber/SABERKeyGenerationParameters.class
   JD: libs/bcprov-jdk15on.jar/org/bouncycastle/pqc/crypto/saber/SABERKeyPairGenerator.class
   JD: libs/bcprov-jdk15on.jar/org/bouncycastle/pqc/crypto/saber/SABERKeyParameters.class
   JD: libs/bcprov-jdk15on.jar/org/bouncycastle/pqc/crypto/saber/SABERParameters.class
   JD: libs/bcprov-jdk15on.jar/org/bouncycastle/pqc/crypto/saber/SABERPrivateKeyParameters.class
   JD: libs/bcprov-jdk15on.jar/org/bouncycastle/pqc/crypto/saber/SABERPublicKeyParameters.class
   JD: libs/bcprov-jdk15on.jar/org/bouncycastle/pqc/crypto/saber/Utils.class
   JD: libs/bcprov-jdk15on.jar/org/bouncycastle/pqc/crypto/sphincsplus/Fors.class
   JD: libs/bcprov-jdk15on.jar/org/bouncycastle/pqc/crypto/sphincsplus/SPHINCSPlusEngine$Sha256Engine.class
   JD: libs/bcprov-jdk15on.jar/org/bouncycastle/pqc/crypto/sphincsplus/SPHINCSPlusEngine$Shake256Engine.class
   JD: libs/bcprov-jdk15on.jar/org/bouncycastle/pqc/crypto/sphincsplus/SPHINCSPlusEngine.class
   JD: libs/bcprov-jdk15on.jar/org/bouncycastle/pqc/crypto/sphincsplus/SPHINCSPlusParameters.class
   JD: libs/bcprov-jdk15on.jar/org/bouncycastle/pqc/crypto/sphincsplus/SPHINCSPlusPrivateKeyParameters.class
   JD: libs/bcprov-jdk15on.jar/org/bouncycastle/pqc/crypto/sphincsplus/SPHINCSPlusPublicKeyParameters.class
   JD: libs/bcprov-jdk15on.jar/org/bouncycastle/pqc/crypto/sphincsplus/SPHINCSPlusSigner.class
   JD: libs/bcprov-jdk15on.jar/org/bouncycastle/pqc/crypto/sphincsplus/WotsPlus.class
   JD: libs/bcprov-jdk15on.jar/org/bouncycastle/pqc/crypto/util/PrivateKeyFactory.class
   JD: libs/bcprov-jdk15on.jar/org/bouncycastle/pqc/crypto/util/PrivateKeyInfoFactory.class
   JD: libs/bcprov-jdk15on.jar/org/bouncycastle/pqc/crypto/util/PublicKeyFactory$CMCEConverter.class
   JD: libs/bcprov-jdk15on.jar/org/bouncycastle/pqc/crypto/util/PublicKeyFactory$FrodoConverter.class
   JD: libs/bcprov-jdk15on.jar/org/bouncycastle/pqc/crypto/util/PublicKeyFactory$SABERConverter.class
   JD: libs/bcprov-jdk15on.jar/org/bouncycastle/pqc/crypto/util/PublicKeyFactory$SPHINCSPlusConverter.class
   JD: libs/bcprov-jdk15on.jar/org/bouncycastle/pqc/crypto/util/PublicKeyFactory.class
   JD: libs/bcprov-jdk15on.jar/org/bouncycastle/pqc/crypto/util/SecretWithEncapsulationImpl.class
   JD: libs/bcprov-jdk15on.jar/org/bouncycastle/pqc/crypto/util/SubjectPublicKeyInfoFactory.class
   JD: libs/bcprov-jdk15on.jar/org/bouncycastle/pqc/crypto/util/Utils.class
   JD: libs/bcprov-jdk15on.jar/org/bouncycastle/pqc/jcajce/interfaces/CMCEKey.class
   JD: libs/bcprov-jdk15on.jar/org/bouncycastle/pqc/jcajce/interfaces/FrodoKey.class
   JD: libs/bcprov-jdk15on.jar/org/bouncycastle/pqc/jcajce/interfaces/SABERKey.class
   JD: libs/bcprov-jdk15on.jar/org/bouncycastle/pqc/jcajce/interfaces/SPHINCSPlusKey.class
   JD: libs/bcprov-jdk15on.jar/org/bouncycastle/pqc/jcajce/provider/BouncyCastlePQCProvider.class
   JD: libs/bcprov-jdk15on.jar/org/bouncycastle/pqc/jcajce/provider/CMCE$Mappings.class
   JD: libs/bcprov-jdk15on.jar/org/bouncycastle/pqc/jcajce/provider/CMCE.class
   JD: libs/bcprov-jdk15on.jar/org/bouncycastle/pqc/jcajce/provider/Frodo$Mappings.class
   JD: libs/bcprov-jdk15on.jar/org/bouncycastle/pqc/jcajce/provider/Frodo.class
   JD: libs/bcprov-jdk15on.jar/org/bouncycastle/pqc/jcajce/provider/SABER$Mappings.class
   JD: libs/bcprov-jdk15on.jar/org/bouncycastle/pqc/jcajce/provider/SABER.class
   JD: libs/bcprov-jdk15on.jar/org/bouncycastle/pqc/jcajce/provider/SPHINCSPlus$Mappings.class
   JD: libs/bcprov-jdk15on.jar/org/bouncycastle/pqc/jcajce/provider/SPHINCSPlus.class
   JD: libs/bcprov-jdk15on.jar/org/bouncycastle/pqc/jcajce/provider/cmce/
   JD: libs/bcprov-jdk15on.jar/org/bouncycastle/pqc/jcajce/provider/cmce/BCCMCEPrivateKey.class
   JD: libs/bcprov-jdk15on.jar/org/bouncycastle/pqc/jcajce/provider/cmce/BCCMCEPublicKey.class
   JD: libs/bcprov-jdk15on.jar/org/bouncycastle/pqc/jcajce/provider/cmce/CMCECipherSpi$Base.class
   JD: libs/bcprov-jdk15on.jar/org/bouncycastle/pqc/jcajce/provider/cmce/CMCECipherSpi.class
   JD: libs/bcprov-jdk15on.jar/org/bouncycastle/pqc/jcajce/provider/cmce/CMCEKeyFactorySpi.class
   JD: libs/bcprov-jdk15on.jar/org/bouncycastle/pqc/jcajce/provider/cmce/CMCEKeyGeneratorSpi.class
   JD: libs/bcprov-jdk15on.jar/org/bouncycastle/pqc/jcajce/provider/cmce/CMCEKeyPairGeneratorSpi.class
   JD: libs/bcprov-jdk15on.jar/org/bouncycastle/pqc/jcajce/provider/frodo/
   JD: libs/bcprov-jdk15on.jar/org/bouncycastle/pqc/jcajce/provider/frodo/BCFrodoPrivateKey.class
   JD: libs/bcprov-jdk15on.jar/org/bouncycastle/pqc/jcajce/provider/frodo/BCFrodoPublicKey.class
   JD: libs/bcprov-jdk15on.jar/org/bouncycastle/pqc/jcajce/provider/frodo/FrodoCipherSpi$Base.class
   JD: libs/bcprov-jdk15on.jar/org/bouncycastle/pqc/jcajce/provider/frodo/FrodoCipherSpi.class
   JD: libs/bcprov-jdk15on.jar/org/bouncycastle/pqc/jcajce/provider/frodo/FrodoKeyFactorySpi.class
   JD: libs/bcprov-jdk15on.jar/org/bouncycastle/pqc/jcajce/provider/frodo/FrodoKeyGeneratorSpi.class
   JD: libs/bcprov-jdk15on.jar/org/bouncycastle/pqc/jcajce/provider/frodo/FrodoKeyPairGeneratorSpi.class
   JD: libs/bcprov-jdk15on.jar/org/bouncycastle/pqc/jcajce/provider/mceliece/BCMcElieceCCA2PrivateKey.class
   JD: libs/bcprov-jdk15on.jar/org/bouncycastle/pqc/jcajce/provider/mceliece/BCMcElieceCCA2PublicKey.class
   JD: libs/bcprov-jdk15on.jar/org/bouncycastle/pqc/jcajce/provider/mceliece/Utils.class
   JD: libs/bcprov-jdk15on.jar/org/bouncycastle/pqc/jcajce/provider/newhope/KeyAgreementSpi.class
   JD: libs/bcprov-jdk15on.jar/org/bouncycastle/pqc/jcajce/provider/saber/
   JD: libs/bcprov-jdk15on.jar/org/bouncycastle/pqc/jcajce/provider/saber/BCSABERPrivateKey.class
   JD: libs/bcprov-jdk15on.jar/org/bouncycastle/pqc/jcajce/provider/saber/BCSABERPublicKey.class
   JD: libs/bcprov-jdk15on.jar/org/bouncycastle/pqc/jcajce/provider/saber/SABERCipherSpi$Base.class
   JD: libs/bcprov-jdk15on.jar/org/bouncycastle/pqc/jcajce/provider/saber/SABERCipherSpi.class
   JD: libs/bcprov-jdk15on.jar/org/bouncycastle/pqc/jcajce/provider/saber/SABERKeyFactorySpi.class
   JD: libs/bcprov-jdk15on.jar/org/bouncycastle/pqc/jcajce/provider/saber/SABERKeyGeneratorSpi.class
   JD: libs/bcprov-jdk15on.jar/org/bouncycastle/pqc/jcajce/provider/saber/SABERKeyPairGeneratorSpi.class
   JD: libs/bcprov-jdk15on.jar/org/bouncycastle/pqc/jcajce/provider/sphincsplus/
   JD: libs/bcprov-jdk15on.jar/org/bouncycastle/pqc/jcajce/provider/sphincsplus/BCSPHINCSPlusPrivateKey.class
   JD: libs/bcprov-jdk15on.jar/org/bouncycastle/pqc/jcajce/provider/sphincsplus/BCSPHINCSPlusPublicKey.class
   JD: libs/bcprov-jdk15on.jar/org/bouncycastle/pqc/jcajce/provider/sphincsplus/SPHINCSPlusKeyFactorySpi.class
   JD: libs/bcprov-jdk15on.jar/org/bouncycastle/pqc/jcajce/provider/sphincsplus/SPHINCSPlusKeyPairGeneratorSpi.class
   JD: libs/bcprov-jdk15on.jar/org/bouncycastle/pqc/jcajce/provider/sphincsplus/SignatureSpi$Direct.class
   JD: libs/bcprov-jdk15on.jar/org/bouncycastle/pqc/jcajce/provider/sphincsplus/SignatureSpi.class
   JD: libs/bcprov-jdk15on.jar/org/bouncycastle/pqc/jcajce/provider/util/SpecUtil$1.class
   JD: libs/bcprov-jdk15on.jar/org/bouncycastle/pqc/jcajce/provider/util/SpecUtil.class
   JD: libs/bcprov-jdk15on.jar/org/bouncycastle/pqc/jcajce/provider/util/WrapUtil.class
   JD: libs/bcprov-jdk15on.jar/org/bouncycastle/pqc/jcajce/spec/CMCEParameterSpec.class
   JD: libs/bcprov-jdk15on.jar/org/bouncycastle/pqc/jcajce/spec/FrodoParameterSpec.class
   JD: libs/bcprov-jdk15on.jar/org/bouncycastle/pqc/jcajce/spec/SABERParameterSpec.class
   JD: libs/bcprov-jdk15on.jar/org/bouncycastle/pqc/jcajce/spec/SPHINCSPlusParameterSpec.class
   JD: libs/bcprov-jdk15on.jar/org/bouncycastle/pqc/math/linearalgebra/ByteUtils.class
   JD: libs/bcprov-jdk15on.jar/org/bouncycastle/pqc/math/linearalgebra/IntegerFunctions.class
   JD: libs/bcprov-jdk15on.jar/org/bouncycastle/util/BigIntegers$Cache.class
   JD: libs/bcprov-jdk15on.jar/org/bouncycastle/util/BigIntegers.class
   JD: libs/bcprov-jdk15on.jar/org/bouncycastle/util/Exceptions.class
   JD: libs/bcprov-jdk15on.jar/org/bouncycastle/util/Properties.class
   JD: libs/bcprov-jdk15on.jar/org/bouncycastle/util/Strings.class
   JD: libs/bcprov-jdk15on.jar/org/bouncycastle/util/encoders/UTF8.class
   JD: libs/bcprov-jdk15on.jar/org/bouncycastle/util/test/SimpleTest.class
   JD: libs/bcprov-jdk15on.jar/org/bouncycastle/x509/PKIXCertPathReviewer.class
   JD: libs/bctls-jdk15on.jar/META-INF/BC1024KE.DSA
   JD: libs/bctls-jdk15on.jar/META-INF/BC1024KE.SF
   JD: libs/bctls-jdk15on.jar/META-INF/BC2048KE.DSA
   JD: libs/bctls-jdk15on.jar/META-INF/BC2048KE.SF
   JD: libs/bctls-jdk15on.jar/META-INF/MANIFEST.MF
   JD: libs/bctls-jdk15on.jar/META-INF/versions/9.removed
   JD: libs/bctls-jdk15on.jar/META-INF/versions/9/module-info.class.removed
   JD: libs/bctls-jdk15on.jar/META-INF/versions/9/org.removed
   JD: libs/bctls-jdk15on.jar/META-INF/versions/9/org/bouncycastle.removed
   JD: libs/bctls-jdk15on.jar/META-INF/versions/9/org/bouncycastle/jsse.removed
   JD: libs/bctls-jdk15on.jar/META-INF/versions/9/org/bouncycastle/jsse/BCApplicationProtocolSelector.class.removed
   JD: libs/bctls-jdk15on.jar/META-INF/versions/9/org/bouncycastle/jsse/BCExtendedSSLSession.class.removed
   JD: libs/bctls-jdk15on.jar/META-INF/versions/9/org/bouncycastle/jsse/BCSNIHostName$BCSNIHostNameMatcher.class.removed
   JD: libs/bctls-jdk15on.jar/META-INF/versions/9/org/bouncycastle/jsse/BCSNIHostName.class.removed
   JD: libs/bctls-jdk15on.jar/META-INF/versions/9/org/bouncycastle/jsse/BCSNIMatcher.class.removed
   JD: libs/bctls-jdk15on.jar/META-INF/versions/9/org/bouncycastle/jsse/BCSNIServerName.class.removed
   JD: libs/bctls-jdk15on.jar/META-INF/versions/9/org/bouncycastle/jsse/BCSSLConnection.class.removed
   JD: libs/bctls-jdk15on.jar/META-INF/versions/9/org/bouncycastle/jsse/BCSSLEngine.class.removed
   JD: libs/bctls-jdk15on.jar/META-INF/versions/9/org/bouncycastle/jsse/BCSSLParameters.class.removed
   JD: libs/bctls-jdk15on.jar/META-INF/versions/9/org/bouncycastle/jsse/BCSSLSocket.class.removed
   JD: libs/bctls-jdk15on.jar/META-INF/versions/9/org/bouncycastle/jsse/BCStandardConstants.class.removed
   JD: libs/bctls-jdk15on.jar/META-INF/versions/9/org/bouncycastle/jsse/BCX509ExtendedKeyManager.class.removed
   JD: libs/bctls-jdk15on.jar/META-INF/versions/9/org/bouncycastle/jsse/BCX509ExtendedTrustManager.class.removed
   JD: libs/bctls-jdk15on.jar/META-INF/versions/9/org/bouncycastle/jsse/BCX509Key.class.removed
   JD: libs/bctls-jdk15on.jar/META-INF/versions/9/org/bouncycastle/jsse/java.removed
   JD: libs/bctls-jdk15on.jar/META-INF/versions/9/org/bouncycastle/jsse/java/security.removed
   JD: libs/bctls-jdk15on.jar/META-INF/versions/9/org/bouncycastle/jsse/java/security/BCAlgorithmConstraints.class.removed
   JD: libs/bctls-jdk15on.jar/META-INF/versions/9/org/bouncycastle/jsse/java/security/BCCryptoPrimitive.class.removed
   JD: libs/bctls-jdk15on.jar/META-INF/versions/9/org/bouncycastle/jsse/provider.removed
   JD: libs/bctls-jdk15on.jar/META-INF/versions/9/org/bouncycastle/jsse/provider/AbstractAlgorithmConstraints.class.removed
   JD: libs/bctls-jdk15on.jar/META-INF/versions/9/org/bouncycastle/jsse/provider/AlgorithmDecomposer.class.removed
   JD: libs/bctls-jdk15on.jar/META-INF/versions/9/org/bouncycastle/jsse/provider/BouncyCastleJsseProvider$1.class.removed
   JD: libs/bctls-jdk15on.jar/META-INF/versions/9/org/bouncycastle/jsse/provider/BouncyCastleJsseProvider$2.class.removed
   JD: libs/bctls-jdk15on.jar/META-INF/versions/9/org/bouncycastle/jsse/provider/BouncyCastleJsseProvider$3.class.removed
   JD: libs/bctls-jdk15on.jar/META-INF/versions/9/org/bouncycastle/jsse/provider/BouncyCastleJsseProvider$4.class.removed
   JD: libs/bctls-jdk15on.jar/META-INF/versions/9/org/bouncycastle/jsse/provider/BouncyCastleJsseProvider$5.class.removed
   JD: libs/bctls-jdk15on.jar/META-INF/versions/9/org/bouncycastle/jsse/provider/BouncyCastleJsseProvider$6.class.removed
   JD: libs/bctls-jdk15on.jar/META-INF/versions/9/org/bouncycastle/jsse/provider/BouncyCastleJsseProvider$7.class.removed
   JD: libs/bctls-jdk15on.jar/META-INF/versions/9/org/bouncycastle/jsse/provider/BouncyCastleJsseProvider$8.class.removed
   JD: libs/bctls-jdk15on.jar/META-INF/versions/9/org/bouncycastle/jsse/provider/BouncyCastleJsseProvider$9.class.removed
   JD: libs/bctls-jdk15on.jar/META-INF/versions/9/org/bouncycastle/jsse/provider/BouncyCastleJsseProvider$BcJsseService.class.removed
   JD: libs/bctls-jdk15on.jar/META-INF/versions/9/org/bouncycastle/jsse/provider/BouncyCastleJsseProvider.class.removed
   JD: libs/bctls-jdk15on.jar/META-INF/versions/9/org/bouncycastle/jsse/provider/CipherSuiteInfo.class.removed
   JD: libs/bctls-jdk15on.jar/META-INF/versions/9/org/bouncycastle/jsse/provider/ContextData.class.removed
   JD: libs/bctls-jdk15on.jar/META-INF/versions/9/org/bouncycastle/jsse/provider/DefaultSSLContextSpi$LazyInstance.class.removed
   JD: libs/bctls-jdk15on.jar/META-INF/versions/9/org/bouncycastle/jsse/provider/DefaultSSLContextSpi$LazyManagers.class.removed
   JD: libs/bctls-jdk15on.jar/META-INF/versions/9/org/bouncycastle/jsse/provider/DefaultSSLContextSpi.class.removed
   JD: libs/bctls-jdk15on.jar/META-INF/versions/9/org/bouncycastle/jsse/provider/DisabledAlgorithmConstraints$1.class.removed
   JD: libs/bctls-jdk15on.jar/META-INF/versions/9/org/bouncycastle/jsse/provider/DisabledAlgorithmConstraints$BinOp.class.removed
   JD: libs/bctls-jdk15on.jar/META-INF/versions/9/org/bouncycastle/jsse/provider/DisabledAlgorithmConstraints$Constraint.class.removed
   JD: libs/bctls-jdk15on.jar/META-INF/versions/9/org/bouncycastle/jsse/provider/DisabledAlgorithmConstraints$DisabledConstraint.class.removed
   JD: libs/bctls-jdk15on.jar/META-INF/versions/9/org/bouncycastle/jsse/provider/DisabledAlgorithmConstraints$KeySizeConstraint.class.removed
   JD: libs/bctls-jdk15on.jar/META-INF/versions/9/org/bouncycastle/jsse/provider/DisabledAlgorithmConstraints.class.removed
   JD: libs/bctls-jdk15on.jar/META-INF/versions/9/org/bouncycastle/jsse/provider/DummyX509KeyManager.class.removed
   JD: libs/bctls-jdk15on.jar/META-INF/versions/9/org/bouncycastle/jsse/provider/DummyX509TrustManager.class.removed
   JD: libs/bctls-jdk15on.jar/META-INF/versions/9/org/bouncycastle/jsse/provider/EngineCreator.class.removed
   JD: libs/bctls-jdk15on.jar/META-INF/versions/9/org/bouncycastle/jsse/provider/ExportSSLSession.class.removed
   JD: libs/bctls-jdk15on.jar/META-INF/versions/9/org/bouncycastle/jsse/provider/ExportSSLSession_7.class.removed
   JD: libs/bctls-jdk15on.jar/META-INF/versions/9/org/bouncycastle/jsse/provider/ExportSSLSession_8.class.removed
   JD: libs/bctls-jdk15on.jar/META-INF/versions/9/org/bouncycastle/jsse/provider/ExportSSLSession_9.class.removed
   JD: libs/bctls-jdk15on.jar/META-INF/versions/9/org/bouncycastle/jsse/provider/ExportX509TrustManager.class.removed
   JD: libs/bctls-jdk15on.jar/META-INF/versions/9/org/bouncycastle/jsse/provider/ExportX509TrustManager_7.class.removed
   JD: libs/bctls-jdk15on.jar/META-INF/versions/9/org/bouncycastle/jsse/provider/FipsUtils.class.removed
   JD: libs/bctls-jdk15on.jar/META-INF/versions/9/org/bouncycastle/jsse/provider/HostnameUtil.class.removed
   JD: libs/bctls-jdk15on.jar/META-INF/versions/9/org/bouncycastle/jsse/provider/IDNUtil.class.removed
   JD: libs/bctls-jdk15on.jar/META-INF/versions/9/org/bouncycastle/jsse/provider/ImportSSLSession.class.removed
   JD: libs/bctls-jdk15on.jar/META-INF/versions/9/org/bouncycastle/jsse/provider/ImportSSLSession_5.class.removed
   JD: libs/bctls-jdk15on.jar/META-INF/versions/9/org/bouncycastle/jsse/provider/ImportSSLSession_7.class.removed
   JD: libs/bctls-jdk15on.jar/META-INF/versions/9/org/bouncycastle/jsse/provider/ImportSSLSession_8.class.removed
   JD: libs/bctls-jdk15on.jar/META-INF/versions/9/org/bouncycastle/jsse/provider/ImportSSLSession_9.class.removed
   JD: libs/bctls-jdk15on.jar/META-INF/versions/9/org/bouncycastle/jsse/provider/ImportX509KeyManager.class.removed
   JD: libs/bctls-jdk15on.jar/META-INF/versions/9/org/bouncycastle/jsse/provider/ImportX509KeyManager_4.class.removed
   JD: libs/bctls-jdk15on.jar/META-INF/versions/9/org/bouncycastle/jsse/provider/ImportX509KeyManager_5.class.removed
   JD: libs/bctls-jdk15on.jar/META-INF/versions/9/org/bouncycastle/jsse/provider/ImportX509TrustManager.class.removed
   JD: libs/bctls-jdk15on.jar/META-INF/versions/9/org/bouncycastle/jsse/provider/ImportX509TrustManager_5.class.removed
   JD: libs/bctls-jdk15on.jar/META-INF/versions/9/org/bouncycastle/jsse/provider/ImportX509TrustManager_7.class.removed
   JD: libs/bctls-jdk15on.jar/META-INF/versions/9/org/bouncycastle/jsse/provider/JcaAlgorithmDecomposer.class.removed
   JD: libs/bctls-jdk15on.jar/META-INF/versions/9/org/bouncycastle/jsse/provider/JsseSecurityParameters.class.removed
   JD: libs/bctls-jdk15on.jar/META-INF/versions/9/org/bouncycastle/jsse/provider/JsseSessionParameters.class.removed
   JD: libs/bctls-jdk15on.jar/META-INF/versions/9/org/bouncycastle/jsse/provider/JsseUtils$BCUnknownServerName.class.removed
   JD: libs/bctls-jdk15on.jar/META-INF/versions/9/org/bouncycastle/jsse/provider/JsseUtils.class.removed
   JD: libs/bctls-jdk15on.jar/META-INF/versions/9/org/bouncycastle/jsse/provider/JsseUtils_7$1.class.removed
   JD: libs/bctls-jdk15on.jar/META-INF/versions/9/org/bouncycastle/jsse/provider/JsseUtils_7$ExportAlgorithmConstraints.class.removed
   JD: libs/bctls-jdk15on.jar/META-INF/versions/9/org/bouncycastle/jsse/provider/JsseUtils_7$ImportAlgorithmConstraints.class.removed
   JD: libs/bctls-jdk15on.jar/META-INF/versions/9/org/bouncycastle/jsse/provider/JsseUtils_7.class.removed
   JD: libs/bctls-jdk15on.jar/META-INF/versions/9/org/bouncycastle/jsse/provider/JsseUtils_8$ExportAPSelector.class.removed
   JD: libs/bctls-jdk15on.jar/META-INF/versions/9/org/bouncycastle/jsse/provider/JsseUtils_8$ExportSNIMatcher.class.removed
   JD: libs/bctls-jdk15on.jar/META-INF/versions/9/org/bouncycastle/jsse/provider/JsseUtils_8$ImportAPSelector.class.removed
   JD: libs/bctls-jdk15on.jar/META-INF/versions/9/org/bouncycastle/jsse/provider/JsseUtils_8$ImportSNIMatcher.class.removed
   JD: libs/bctls-jdk15on.jar/META-INF/versions/9/org/bouncycastle/jsse/provider/JsseUtils_8$UnknownServerName.class.removed
   JD: libs/bctls-jdk15on.jar/META-INF/versions/9/org/bouncycastle/jsse/provider/JsseUtils_8.class.removed
   JD: libs/bctls-jdk15on.jar/META-INF/versions/9/org/bouncycastle/jsse/provider/JsseUtils_9.class.removed
   JD: libs/bctls-jdk15on.jar/META-INF/versions/9/org/bouncycastle/jsse/provider/KeyStoreConfig.class.removed
   JD: libs/bctls-jdk15on.jar/META-INF/versions/9/org/bouncycastle/jsse/provider/KeyStoreUtil.class.removed
   JD: libs/bctls-jdk15on.jar/META-INF/versions/9/org/bouncycastle/jsse/provider/NamedGroupInfo$All.class.removed
   JD: libs/bctls-jdk15on.jar/META-INF/versions/9/org/bouncycastle/jsse/provider/NamedGroupInfo$PerConnection.class.removed
   JD: libs/bctls-jdk15on.jar/META-INF/versions/9/org/bouncycastle/jsse/provider/NamedGroupInfo$PerContext.class.removed
   JD: libs/bctls-jdk15on.jar/META-INF/versions/9/org/bouncycastle/jsse/provider/NamedGroupInfo.class.removed
   JD: libs/bctls-jdk15on.jar/META-INF/versions/9/org/bouncycastle/jsse/provider/PKIXUtil.class.removed
   JD: libs/bctls-jdk15on.jar/META-INF/versions/9/org/bouncycastle/jsse/provider/PropertyUtils$1.class.removed
   JD: libs/bctls-jdk15on.jar/META-INF/versions/9/org/bouncycastle/jsse/provider/PropertyUtils$2.class.removed
   JD: libs/bctls-jdk15on.jar/META-INF/versions/9/org/bouncycastle/jsse/provider/PropertyUtils.class.removed
   JD: libs/bctls-jdk15on.jar/META-INF/versions/9/org/bouncycastle/jsse/provider/ProvAlgorithmChecker.class.removed
   JD: libs/bctls-jdk15on.jar/META-INF/versions/9/org/bouncycastle/jsse/provider/ProvAlgorithmConstraints.class.removed
   JD: libs/bctls-jdk15on.jar/META-INF/versions/9/org/bouncycastle/jsse/provider/ProvAlgorithmDecomposer.class.removed
   JD: libs/bctls-jdk15on.jar/META-INF/versions/9/org/bouncycastle/jsse/provider/ProvDHGroupVerifier.class.removed
   JD: libs/bctls-jdk15on.jar/META-INF/versions/9/org/bouncycastle/jsse/provider/ProvKeyManagerFactorySpi.class.removed
   JD: libs/bctls-jdk15on.jar/META-INF/versions/9/org/bouncycastle/jsse/provider/ProvSSLConnection.class.removed
   JD: libs/bctls-jdk15on.jar/META-INF/versions/9/org/bouncycastle/jsse/provider/ProvSSLContextSpi$1.class.removed
   JD: libs/bctls-jdk15on.jar/META-INF/versions/9/org/bouncycastle/jsse/provider/ProvSSLContextSpi.class.removed
   JD: libs/bctls-jdk15on.jar/META-INF/versions/9/org/bouncycastle/jsse/provider/ProvSSLEngine.class.removed
   JD: libs/bctls-jdk15on.jar/META-INF/versions/9/org/bouncycastle/jsse/provider/ProvSSLEngine_8.class.removed
   JD: libs/bctls-jdk15on.jar/META-INF/versions/9/org/bouncycastle/jsse/provider/ProvSSLEngine_9.class.removed
   JD: libs/bctls-jdk15on.jar/META-INF/versions/9/org/bouncycastle/jsse/provider/ProvSSLParameters.class.removed
   JD: libs/bctls-jdk15on.jar/META-INF/versions/9/org/bouncycastle/jsse/provider/ProvSSLServerSocket.class.removed
   JD: libs/bctls-jdk15on.jar/META-INF/versions/9/org/bouncycastle/jsse/provider/ProvSSLServerSocketFactory.class.removed
   JD: libs/bctls-jdk15on.jar/META-INF/versions/9/org/bouncycastle/jsse/provider/ProvSSLSession.class.removed
   JD: libs/bctls-jdk15on.jar/META-INF/versions/9/org/bouncycastle/jsse/provider/ProvSSLSessionBase$1.class.removed
   JD: libs/bctls-jdk15on.jar/META-INF/versions/9/org/bouncycastle/jsse/provider/ProvSSLSessionBase$X509CertificateWrapper.class.removed
   JD: libs/bctls-jdk15on.jar/META-INF/versions/9/org/bouncycastle/jsse/provider/ProvSSLSessionBase.class.removed
   JD: libs/bctls-jdk15on.jar/META-INF/versions/9/org/bouncycastle/jsse/provider/ProvSSLSessionContext$1.class.removed
   JD: libs/bctls-jdk15on.jar/META-INF/versions/9/org/bouncycastle/jsse/provider/ProvSSLSessionContext$SessionEntry.class.removed
   JD: libs/bctls-jdk15on.jar/META-INF/versions/9/org/bouncycastle/jsse/provider/ProvSSLSessionContext.class.removed
   JD: libs/bctls-jdk15on.jar/META-INF/versions/9/org/bouncycastle/jsse/provider/ProvSSLSessionHandshake.class.removed
   JD: libs/bctls-jdk15on.jar/META-INF/versions/9/org/bouncycastle/jsse/provider/ProvSSLSessionResumed.class.removed
   JD: libs/bctls-jdk15on.jar/META-INF/versions/9/org/bouncycastle/jsse/provider/ProvSSLSocketBase$1.class.removed
   JD: libs/bctls-jdk15on.jar/META-INF/versions/9/org/bouncycastle/jsse/provider/ProvSSLSocketBase$2$1.class.removed
   JD: libs/bctls-jdk15on.jar/META-INF/versions/9/org/bouncycastle/jsse/provider/ProvSSLSocketBase$2.class.removed
   JD: libs/bctls-jdk15on.jar/META-INF/versions/9/org/bouncycastle/jsse/provider/ProvSSLSocketBase.class.removed
   JD: libs/bctls-jdk15on.jar/META-INF/versions/9/org/bouncycastle/jsse/provider/ProvSSLSocketDirect$AppDataInput.class.removed
   JD: libs/bctls-jdk15on.jar/META-INF/versions/9/org/bouncycastle/jsse/provider/ProvSSLSocketDirect$AppDataOutput.class.removed
   JD: libs/bctls-jdk15on.jar/META-INF/versions/9/org/bouncycastle/jsse/provider/ProvSSLSocketDirect.class.removed
   JD: libs/bctls-jdk15on.jar/META-INF/versions/9/org/bouncycastle/jsse/provider/ProvSSLSocketDirect_8.class.removed
   JD: libs/bctls-jdk15on.jar/META-INF/versions/9/org/bouncycastle/jsse/provider/ProvSSLSocketDirect_9.class.removed
   JD: libs/bctls-jdk15on.jar/META-INF/versions/9/org/bouncycastle/jsse/provider/ProvSSLSocketFactory.class.removed
   JD: libs/bctls-jdk15on.jar/META-INF/versions/9/org/bouncycastle/jsse/provider/ProvSSLSocketWrap$AppDataInput.class.removed
   JD: libs/bctls-jdk15on.jar/META-INF/versions/9/org/bouncycastle/jsse/provider/ProvSSLSocketWrap$AppDataOutput.class.removed
   JD: libs/bctls-jdk15on.jar/META-INF/versions/9/org/bouncycastle/jsse/provider/ProvSSLSocketWrap.class.removed
   JD: libs/bctls-jdk15on.jar/META-INF/versions/9/org/bouncycastle/jsse/provider/ProvSSLSocketWrap_8.class.removed
   JD: libs/bctls-jdk15on.jar/META-INF/versions/9/org/bouncycastle/jsse/provider/ProvSSLSocketWrap_9.class.removed
   JD: libs/bctls-jdk15on.jar/META-INF/versions/9/org/bouncycastle/jsse/provider/ProvTlsClient$1.class.removed
   JD: libs/bctls-jdk15on.jar/META-INF/versions/9/org/bouncycastle/jsse/provider/ProvTlsClient.class.removed
   JD: libs/bctls-jdk15on.jar/META-INF/versions/9/org/bouncycastle/jsse/provider/ProvTlsClientProtocol.class.removed
   JD: libs/bctls-jdk15on.jar/META-INF/versions/9/org/bouncycastle/jsse/provider/ProvTlsManager.class.removed
   JD: libs/bctls-jdk15on.jar/META-INF/versions/9/org/bouncycastle/jsse/provider/ProvTlsPeer.class.removed
   JD: libs/bctls-jdk15on.jar/META-INF/versions/9/org/bouncycastle/jsse/provider/ProvTlsServer.class.removed
   JD: libs/bctls-jdk15on.jar/META-INF/versions/9/org/bouncycastle/jsse/provider/ProvTlsServerProtocol.class.removed
   JD: libs/bctls-jdk15on.jar/META-INF/versions/9/org/bouncycastle/jsse/provider/ProvTrustManagerFactorySpi.class.removed
   JD: libs/bctls-jdk15on.jar/META-INF/versions/9/org/bouncycastle/jsse/provider/ProvX509Key.class.removed
   JD: libs/bctls-jdk15on.jar/META-INF/versions/9/org/bouncycastle/jsse/provider/ProvX509KeyManager$1.class.removed
   JD: libs/bctls-jdk15on.jar/META-INF/versions/9/org/bouncycastle/jsse/provider/ProvX509KeyManager$DefaultPublicKeyFilter.class.removed
   JD: libs/bctls-jdk15on.jar/META-INF/versions/9/org/bouncycastle/jsse/provider/ProvX509KeyManager$ECPublicKeyFilter13.class.removed
   JD: libs/bctls-jdk15on.jar/META-INF/versions/9/org/bouncycastle/jsse/provider/ProvX509KeyManager$Match$Quality.class.removed
   JD: libs/bctls-jdk15on.jar/META-INF/versions/9/org/bouncycastle/jsse/provider/ProvX509KeyManager$Match.class.removed
   JD: libs/bctls-jdk15on.jar/META-INF/versions/9/org/bouncycastle/jsse/provider/ProvX509KeyManager$PublicKeyFilter.class.removed
   JD: libs/bctls-jdk15on.jar/META-INF/versions/9/org/bouncycastle/jsse/provider/ProvX509KeyManager.class.removed
   JD: libs/bctls-jdk15on.jar/META-INF/versions/9/org/bouncycastle/jsse/provider/ProvX509KeyManagerSimple$Credential.class.removed
   JD: libs/bctls-jdk15on.jar/META-INF/versions/9/org/bouncycastle/jsse/provider/ProvX509KeyManagerSimple$DefaultPublicKeyFilter.class.removed
   JD: libs/bctls-jdk15on.jar/META-INF/versions/9/org/bouncycastle/jsse/provider/ProvX509KeyManagerSimple$ECPublicKeyFilter13.class.removed
   JD: libs/bctls-jdk15on.jar/META-INF/versions/9/org/bouncycastle/jsse/provider/ProvX509KeyManagerSimple$Match$Quality.class.removed
   JD: libs/bctls-jdk15on.jar/META-INF/versions/9/org/bouncycastle/jsse/provider/ProvX509KeyManagerSimple$Match.class.removed
   JD: libs/bctls-jdk15on.jar/META-INF/versions/9/org/bouncycastle/jsse/provider/ProvX509KeyManagerSimple$PublicKeyFilter.class.removed
   JD: libs/bctls-jdk15on.jar/META-INF/versions/9/org/bouncycastle/jsse/provider/ProvX509KeyManagerSimple.class.removed
   JD: libs/bctls-jdk15on.jar/META-INF/versions/9/org/bouncycastle/jsse/provider/ProvX509TrustManager$1.class.removed
   JD: libs/bctls-jdk15on.jar/META-INF/versions/9/org/bouncycastle/jsse/provider/ProvX509TrustManager.class.removed
   JD: libs/bctls-jdk15on.jar/META-INF/versions/9/org/bouncycastle/jsse/provider/ReflectionUtil$1.class.removed
   JD: libs/bctls-jdk15on.jar/META-INF/versions/9/org/bouncycastle/jsse/provider/ReflectionUtil$2.class.removed
   JD: libs/bctls-jdk15on.jar/META-INF/versions/9/org/bouncycastle/jsse/provider/ReflectionUtil$3.class.removed
   JD: libs/bctls-jdk15on.jar/META-INF/versions/9/org/bouncycastle/jsse/provider/ReflectionUtil$4.class.removed
   JD: libs/bctls-jdk15on.jar/META-INF/versions/9/org/bouncycastle/jsse/provider/ReflectionUtil$5.class.removed
   JD: libs/bctls-jdk15on.jar/META-INF/versions/9/org/bouncycastle/jsse/provider/ReflectionUtil$6.class.removed
   JD: libs/bctls-jdk15on.jar/META-INF/versions/9/org/bouncycastle/jsse/provider/ReflectionUtil.class.removed
   JD: libs/bctls-jdk15on.jar/META-INF/versions/9/org/bouncycastle/jsse/provider/SSLEngineUtil.class.removed
   JD: libs/bctls-jdk15on.jar/META-INF/versions/9/org/bouncycastle/jsse/provider/SSLParametersUtil.class.removed
   JD: libs/bctls-jdk15on.jar/META-INF/versions/9/org/bouncycastle/jsse/provider/SSLSessionUtil.class.removed
   JD: libs/bctls-jdk15on.jar/META-INF/versions/9/org/bouncycastle/jsse/provider/SSLSocketUtil.class.removed
   JD: libs/bctls-jdk15on.jar/META-INF/versions/9/org/bouncycastle/jsse/provider/SignatureSchemeInfo$All.class.removed
   JD: libs/bctls-jdk15on.jar/META-INF/versions/9/org/bouncycastle/jsse/provider/SignatureSchemeInfo$PerContext.class.removed
   JD: libs/bctls-jdk15on.jar/META-INF/versions/9/org/bouncycastle/jsse/provider/SignatureSchemeInfo.class.removed
   JD: libs/bctls-jdk15on.jar/META-INF/versions/9/org/bouncycastle/jsse/provider/TransportData.class.removed
   JD: libs/bctls-jdk15on.jar/META-INF/versions/9/org/bouncycastle/jsse/provider/X509KeyManagerUtil.class.removed
   JD: libs/bctls-jdk15on.jar/META-INF/versions/9/org/bouncycastle/jsse/provider/X509TrustManagerUtil.class.removed
   JD: libs/bctls-jdk15on.jar/META-INF/versions/9/org/bouncycastle/tls.removed
   JD: libs/bctls-jdk15on.jar/META-INF/versions/9/org/bouncycastle/tls/AbstractTlsClient.class.removed
   JD: libs/bctls-jdk15on.jar/META-INF/versions/9/org/bouncycastle/tls/AbstractTlsContext.class.removed
   JD: libs/bctls-jdk15on.jar/META-INF/versions/9/org/bouncycastle/tls/AbstractTlsKeyExchange.class.removed
   JD: libs/bctls-jdk15on.jar/META-INF/versions/9/org/bouncycastle/tls/AbstractTlsKeyExchangeFactory.class.removed
   JD: libs/bctls-jdk15on.jar/META-INF/versions/9/org/bouncycastle/tls/AbstractTlsPeer.class.removed
   JD: libs/bctls-jdk15on.jar/META-INF/versions/9/org/bouncycastle/tls/AbstractTlsServer.class.removed
   JD: libs/bctls-jdk15on.jar/META-INF/versions/9/org/bouncycastle/tls/AlertDescription.class.removed
   JD: libs/bctls-jdk15on.jar/META-INF/versions/9/org/bouncycastle/tls/AlertLevel.class.removed
   JD: libs/bctls-jdk15on.jar/META-INF/versions/9/org/bouncycastle/tls/ByteQueue.class.removed
   JD: libs/bctls-jdk15on.jar/META-INF/versions/9/org/bouncycastle/tls/ByteQueueInputStream.class.removed
   JD: libs/bctls-jdk15on.jar/META-INF/versions/9/org/bouncycastle/tls/ByteQueueOutputStream.class.removed
   JD: libs/bctls-jdk15on.jar/META-INF/versions/9/org/bouncycastle/tls/Certificate$ParseOptions.class.removed
   JD: libs/bctls-jdk15on.jar/META-INF/versions/9/org/bouncycastle/tls/Certificate.class.removed
   JD: libs/bctls-jdk15on.jar/META-INF/versions/9/org/bouncycastle/tls/CertificateEntry.class.removed
   JD: libs/bctls-jdk15on.jar/META-INF/versions/9/org/bouncycastle/tls/CertificateRequest.class.removed
   JD: libs/bctls-jdk15on.jar/META-INF/versions/9/org/bouncycastle/tls/CertificateStatus.class.removed
   JD: libs/bctls-jdk15on.jar/META-INF/versions/9/org/bouncycastle/tls/CertificateStatusRequest.class.removed
   JD: libs/bctls-jdk15on.jar/META-INF/versions/9/org/bouncycastle/tls/CertificateStatusRequestItemV2.class.removed
   JD: libs/bctls-jdk15on.jar/META-INF/versions/9/org/bouncycastle/tls/CertificateStatusType.class.removed
   JD: libs/bctls-jdk15on.jar/META-INF/versions/9/org/bouncycastle/tls/CertificateType.class.removed
   JD: libs/bctls-jdk15on.jar/META-INF/versions/9/org/bouncycastle/tls/ChangeCipherSpec.class.removed
   JD: libs/bctls-jdk15on.jar/META-INF/versions/9/org/bouncycastle/tls/ChannelBinding.class.removed
   JD: libs/bctls-jdk15on.jar/META-INF/versions/9/org/bouncycastle/tls/CipherSuite.class.removed
   JD: libs/bctls-jdk15on.jar/META-INF/versions/9/org/bouncycastle/tls/CipherType.class.removed
   JD: libs/bctls-jdk15on.jar/META-INF/versions/9/org/bouncycastle/tls/ClientCertificateType.class.removed
   JD: libs/bctls-jdk15on.jar/META-INF/versions/9/org/bouncycastle/tls/ClientHello.class.removed
   JD: libs/bctls-jdk15on.jar/META-INF/versions/9/org/bouncycastle/tls/CombinedHash.class.removed
   JD: libs/bctls-jdk15on.jar/META-INF/versions/9/org/bouncycastle/tls/CompressionMethod.class.removed
   JD: libs/bctls-jdk15on.jar/META-INF/versions/9/org/bouncycastle/tls/ConnectionEnd.class.removed
   JD: libs/bctls-jdk15on.jar/META-INF/versions/9/org/bouncycastle/tls/ContentType.class.removed
   JD: libs/bctls-jdk15on.jar/META-INF/versions/9/org/bouncycastle/tls/DefaultTlsClient.class.removed
   JD: libs/bctls-jdk15on.jar/META-INF/versions/9/org/bouncycastle/tls/DefaultTlsCredentialedSigner.class.removed
   JD: libs/bctls-jdk15on.jar/META-INF/versions/9/org/bouncycastle/tls/DefaultTlsDHGroupVerifier.class.removed
   JD: libs/bctls-jdk15on.jar/META-INF/versions/9/org/bouncycastle/tls/DefaultTlsKeyExchangeFactory.class.removed
   JD: libs/bctls-jdk15on.jar/META-INF/versions/9/org/bouncycastle/tls/DefaultTlsSRPConfigVerifier.class.removed
   JD: libs/bctls-jdk15on.jar/META-INF/versions/9/org/bouncycastle/tls/DefaultTlsServer.class.removed
   JD: libs/bctls-jdk15on.jar/META-INF/versions/9/org/bouncycastle/tls/DeferredHash.class.removed
   JD: libs/bctls-jdk15on.jar/META-INF/versions/9/org/bouncycastle/tls/DigestInputBuffer.class.removed
   JD: libs/bctls-jdk15on.jar/META-INF/versions/9/org/bouncycastle/tls/DigitallySigned.class.removed
   JD: libs/bctls-jdk15on.jar/META-INF/versions/9/org/bouncycastle/tls/ECCurveType.class.removed
   JD: libs/bctls-jdk15on.jar/META-INF/versions/9/org/bouncycastle/tls/ECPointFormat.class.removed
   JD: libs/bctls-jdk15on.jar/META-INF/versions/9/org/bouncycastle/tls/EncryptionAlgorithm.class.removed
   JD: libs/bctls-jdk15on.jar/META-INF/versions/9/org/bouncycastle/tls/ExporterLabel.class.removed
   JD: libs/bctls-jdk15on.jar/META-INF/versions/9/org/bouncycastle/tls/ExtensionType.class.removed
   JD: libs/bctls-jdk15on.jar/META-INF/versions/9/org/bouncycastle/tls/HandshakeMessageInput.class.removed
   JD: libs/bctls-jdk15on.jar/META-INF/versions/9/org/bouncycastle/tls/HandshakeMessageOutput.class.removed
   JD: libs/bctls-jdk15on.jar/META-INF/versions/9/org/bouncycastle/tls/HandshakeType.class.removed
   JD: libs/bctls-jdk15on.jar/META-INF/versions/9/org/bouncycastle/tls/HashAlgorithm.class.removed
   JD: libs/bctls-jdk15on.jar/META-INF/versions/9/org/bouncycastle/tls/HeartbeatExtension.class.removed
   JD: libs/bctls-jdk15on.jar/META-INF/versions/9/org/bouncycastle/tls/HeartbeatMode.class.removed
   JD: libs/bctls-jdk15on.jar/META-INF/versions/9/org/bouncycastle/tls/IdentifierType.class.removed
   JD: libs/bctls-jdk15on.jar/META-INF/versions/9/org/bouncycastle/tls/KeyExchangeAlgorithm.class.removed
   JD: libs/bctls-jdk15on.jar/META-INF/versions/9/org/bouncycastle/tls/KeyShareEntry.class.removed
   JD: libs/bctls-jdk15on.jar/META-INF/versions/9/org/bouncycastle/tls/KeyUpdateRequest.class.removed
   JD: libs/bctls-jdk15on.jar/META-INF/versions/9/org/bouncycastle/tls/MACAlgorithm.class.removed
   JD: libs/bctls-jdk15on.jar/META-INF/versions/9/org/bouncycastle/tls/MaxFragmentLength.class.removed
   JD: libs/bctls-jdk15on.jar/META-INF/versions/9/org/bouncycastle/tls/NameType.class.removed
   JD: libs/bctls-jdk15on.jar/META-INF/versions/9/org/bouncycastle/tls/NamedGroup.class.removed
   JD: libs/bctls-jdk15on.jar/META-INF/versions/9/org/bouncycastle/tls/NamedGroupRole.class.removed
   JD: libs/bctls-jdk15on.jar/META-INF/versions/9/org/bouncycastle/tls/NewSessionTicket.class.removed
   JD: libs/bctls-jdk15on.jar/META-INF/versions/9/org/bouncycastle/tls/OCSPStatusRequest.class.removed
   JD: libs/bctls-jdk15on.jar/META-INF/versions/9/org/bouncycastle/tls/OfferedPsks$BindersConfig.class.removed
   JD: libs/bctls-jdk15on.jar/META-INF/versions/9/org/bouncycastle/tls/OfferedPsks$SelectedConfig.class.removed
   JD: libs/bctls-jdk15on.jar/META-INF/versions/9/org/bouncycastle/tls/OfferedPsks.class.removed
   JD: libs/bctls-jdk15on.jar/META-INF/versions/9/org/bouncycastle/tls/PRFAlgorithm.class.removed
   JD: libs/bctls-jdk15on.jar/META-INF/versions/9/org/bouncycastle/tls/ProtocolName.class.removed
   JD: libs/bctls-jdk15on.jar/META-INF/versions/9/org/bouncycastle/tls/ProtocolVersion.class.removed
   JD: libs/bctls-jdk15on.jar/META-INF/versions/9/org/bouncycastle/tls/PskIdentity.class.removed
   JD: libs/bctls-jdk15on.jar/META-INF/versions/9/org/bouncycastle/tls/PskKeyExchangeMode.class.removed
   JD: libs/bctls-jdk15on.jar/META-INF/versions/9/org/bouncycastle/tls/RecordFormat.class.removed
   JD: libs/bctls-jdk15on.jar/META-INF/versions/9/org/bouncycastle/tls/RecordPreview.class.removed
   JD: libs/bctls-jdk15on.jar/META-INF/versions/9/org/bouncycastle/tls/RecordStream$1.class.removed
   JD: libs/bctls-jdk15on.jar/META-INF/versions/9/org/bouncycastle/tls/RecordStream$Record.class.removed
   JD: libs/bctls-jdk15on.jar/META-INF/versions/9/org/bouncycastle/tls/RecordStream$SequenceNumber.class.removed
   JD: libs/bctls-jdk15on.jar/META-INF/versions/9/org/bouncycastle/tls/RecordStream.class.removed
   JD: libs/bctls-jdk15on.jar/META-INF/versions/9/org/bouncycastle/tls/RenegotiationPolicy.class.removed
   JD: libs/bctls-jdk15on.jar/META-INF/versions/9/org/bouncycastle/tls/SSL3Utils.class.removed
   JD: libs/bctls-jdk15on.jar/META-INF/versions/9/org/bouncycastle/tls/SecurityParameters.class.removed
   JD: libs/bctls-jdk15on.jar/META-INF/versions/9/org/bouncycastle/tls/ServerHello.class.removed
   JD: libs/bctls-jdk15on.jar/META-INF/versions/9/org/bouncycastle/tls/ServerName.class.removed
   JD: libs/bctls-jdk15on.jar/META-INF/versions/9/org/bouncycastle/tls/ServerNameList.class.removed
   JD: libs/bctls-jdk15on.jar/META-INF/versions/9/org/bouncycastle/tls/ServerSRPParams.class.removed
   JD: libs/bctls-jdk15on.jar/META-INF/versions/9/org/bouncycastle/tls/SessionID.class.removed
   JD: libs/bctls-jdk15on.jar/META-INF/versions/9/org/bouncycastle/tls/SessionParameters$1.class.removed
   JD: libs/bctls-jdk15on.jar/META-INF/versions/9/org/bouncycastle/tls/SessionParameters$Builder.class.removed
   JD: libs/bctls-jdk15on.jar/META-INF/versions/9/org/bouncycastle/tls/SessionParameters.class.removed
   JD: libs/bctls-jdk15on.jar/META-INF/versions/9/org/bouncycastle/tls/SignatureAlgorithm.class.removed
   JD: libs/bctls-jdk15on.jar/META-INF/versions/9/org/bouncycastle/tls/SignatureAndHashAlgorithm.class.removed
   JD: libs/bctls-jdk15on.jar/META-INF/versions/9/org/bouncycastle/tls/SignatureScheme.class.removed
   JD: libs/bctls-jdk15on.jar/META-INF/versions/9/org/bouncycastle/tls/SupplementalDataEntry.class.removed
   JD: libs/bctls-jdk15on.jar/META-INF/versions/9/org/bouncycastle/tls/TlsAuthentication.class.removed
   JD: libs/bctls-jdk15on.jar/META-INF/versions/9/org/bouncycastle/tls/TlsClient.class.removed
   JD: libs/bctls-jdk15on.jar/META-INF/versions/9/org/bouncycastle/tls/TlsClientContext.class.removed
   JD: libs/bctls-jdk15on.jar/META-INF/versions/9/org/bouncycastle/tls/TlsClientContextImpl.class.removed
   JD: libs/bctls-jdk15on.jar/META-INF/versions/9/org/bouncycastle/tls/TlsClientProtocol.class.removed
   JD: libs/bctls-jdk15on.jar/META-INF/versions/9/org/bouncycastle/tls/TlsCloseable.class.removed
   JD: libs/bctls-jdk15on.jar/META-INF/versions/9/org/bouncycastle/tls/TlsContext.class.removed
   JD: libs/bctls-jdk15on.jar/META-INF/versions/9/org/bouncycastle/tls/TlsCredentialedAgreement.class.removed
   JD: libs/bctls-jdk15on.jar/META-INF/versions/9/org/bouncycastle/tls/TlsCredentialedDecryptor.class.removed
   JD: libs/bctls-jdk15on.jar/META-INF/versions/9/org/bouncycastle/tls/TlsCredentialedSigner.class.removed
   JD: libs/bctls-jdk15on.jar/META-INF/versions/9/org/bouncycastle/tls/TlsCredentials.class.removed
   JD: libs/bctls-jdk15on.jar/META-INF/versions/9/org/bouncycastle/tls/TlsDHEKeyExchange.class.removed
   JD: libs/bctls-jdk15on.jar/META-INF/versions/9/org/bouncycastle/tls/TlsDHGroupVerifier.class.removed
   JD: libs/bctls-jdk15on.jar/META-INF/versions/9/org/bouncycastle/tls/TlsDHKeyExchange.class.removed
   JD: libs/bctls-jdk15on.jar/META-INF/versions/9/org/bouncycastle/tls/TlsDHUtils.class.removed
   JD: libs/bctls-jdk15on.jar/META-INF/versions/9/org/bouncycastle/tls/TlsDHanonKeyExchange.class.removed
   JD: libs/bctls-jdk15on.jar/META-INF/versions/9/org/bouncycastle/tls/TlsECCUtils.class.removed
   JD: libs/bctls-jdk15on.jar/META-INF/versions/9/org/bouncycastle/tls/TlsECDHEKeyExchange.class.removed
   JD: libs/bctls-jdk15on.jar/META-INF/versions/9/org/bouncycastle/tls/TlsECDHKeyExchange.class.removed
   JD: libs/bctls-jdk15on.jar/META-INF/versions/9/org/bouncycastle/tls/TlsECDHanonKeyExchange.class.removed
   JD: libs/bctls-jdk15on.jar/META-INF/versions/9/org/bouncycastle/tls/TlsException.class.removed
   JD: libs/bctls-jdk15on.jar/META-INF/versions/9/org/bouncycastle/tls/TlsExtensionsUtils.class.removed
   JD: libs/bctls-jdk15on.jar/META-INF/versions/9/org/bouncycastle/tls/TlsFatalAlert.class.removed
   JD: libs/bctls-jdk15on.jar/META-INF/versions/9/org/bouncycastle/tls/TlsFatalAlertReceived.class.removed
   JD: libs/bctls-jdk15on.jar/META-INF/versions/9/org/bouncycastle/tls/TlsHandshakeHash.class.removed
   JD: libs/bctls-jdk15on.jar/META-INF/versions/9/org/bouncycastle/tls/TlsHeartbeat.class.removed
   JD: libs/bctls-jdk15on.jar/META-INF/versions/9/org/bouncycastle/tls/TlsInputStream.class.removed
   JD: libs/bctls-jdk15on.jar/META-INF/versions/9/org/bouncycastle/tls/TlsKeyExchange.class.removed
   JD: libs/bctls-jdk15on.jar/META-INF/versions/9/org/bouncycastle/tls/TlsKeyExchangeFactory.class.removed
   JD: libs/bctls-jdk15on.jar/META-INF/versions/9/org/bouncycastle/tls/TlsNoCloseNotifyException.class.removed
   JD: libs/bctls-jdk15on.jar/META-INF/versions/9/org/bouncycastle/tls/TlsObjectIdentifiers.class.removed
   JD: libs/bctls-jdk15on.jar/META-INF/versions/9/org/bouncycastle/tls/TlsOutputStream.class.removed
   JD: libs/bctls-jdk15on.jar/META-INF/versions/9/org/bouncycastle/tls/TlsPSK.class.removed
   JD: libs/bctls-jdk15on.jar/META-INF/versions/9/org/bouncycastle/tls/TlsPSKExternal.class.removed
   JD: libs/bctls-jdk15on.jar/META-INF/versions/9/org/bouncycastle/tls/TlsPSKIdentity.class.removed
   JD: libs/bctls-jdk15on.jar/META-INF/versions/9/org/bouncycastle/tls/TlsPSKIdentityManager.class.removed
   JD: libs/bctls-jdk15on.jar/META-INF/versions/9/org/bouncycastle/tls/TlsPSKKeyExchange.class.removed
   JD: libs/bctls-jdk15on.jar/META-INF/versions/9/org/bouncycastle/tls/TlsPeer.class.removed
   JD: libs/bctls-jdk15on.jar/META-INF/versions/9/org/bouncycastle/tls/TlsProtocol.class.removed
   JD: libs/bctls-jdk15on.jar/META-INF/versions/9/org/bouncycastle/tls/TlsRSAKeyExchange.class.removed
   JD: libs/bctls-jdk15on.jar/META-INF/versions/9/org/bouncycastle/tls/TlsSRPConfigVerifier.class.removed
   JD: libs/bctls-jdk15on.jar/META-INF/versions/9/org/bouncycastle/tls/TlsSRPIdentity.class.removed
   JD: libs/bctls-jdk15on.jar/META-INF/versions/9/org/bouncycastle/tls/TlsSRPKeyExchange.class.removed
   JD: libs/bctls-jdk15on.jar/META-INF/versions/9/org/bouncycastle/tls/TlsSRPLoginParameters.class.removed
   JD: libs/bctls-jdk15on.jar/META-INF/versions/9/org/bouncycastle/tls/TlsSRPUtils.class.removed
   JD: libs/bctls-jdk15on.jar/META-INF/versions/9/org/bouncycastle/tls/TlsServer.class.removed
   JD: libs/bctls-jdk15on.jar/META-INF/versions/9/org/bouncycastle/tls/TlsServerCertificate.class.removed
   JD: libs/bctls-jdk15on.jar/META-INF/versions/9/org/bouncycastle/tls/TlsServerCertificateImpl.class.removed
   JD: libs/bctls-jdk15on.jar/META-INF/versions/9/org/bouncycastle/tls/TlsServerContext.class.removed
   JD: libs/bctls-jdk15on.jar/META-INF/versions/9/org/bouncycastle/tls/TlsServerContextImpl.class.removed
   JD: libs/bctls-jdk15on.jar/META-INF/versions/9/org/bouncycastle/tls/TlsServerProtocol.class.removed
   JD: libs/bctls-jdk15on.jar/META-INF/versions/9/org/bouncycastle/tls/TlsSession.class.removed
   JD: libs/bctls-jdk15on.jar/META-INF/versions/9/org/bouncycastle/tls/TlsSessionImpl.class.removed
   JD: libs/bctls-jdk15on.jar/META-INF/versions/9/org/bouncycastle/tls/TlsUtils.class.removed
   JD: libs/bctls-jdk15on.jar/META-INF/versions/9/org/bouncycastle/tls/TrustedAuthority.class.removed
   JD: libs/bctls-jdk15on.jar/META-INF/versions/9/org/bouncycastle/tls/crypto.removed
   JD: libs/bctls-jdk15on.jar/META-INF/versions/9/org/bouncycastle/tls/crypto/CryptoHashAlgorithm.class.removed
   JD: libs/bctls-jdk15on.jar/META-INF/versions/9/org/bouncycastle/tls/crypto/CryptoSignatureAlgorithm.class.removed
   JD: libs/bctls-jdk15on.jar/META-INF/versions/9/org/bouncycastle/tls/crypto/DHGroup.class.removed
   JD: libs/bctls-jdk15on.jar/META-INF/versions/9/org/bouncycastle/tls/crypto/DHStandardGroups.class.removed
   JD: libs/bctls-jdk15on.jar/META-INF/versions/9/org/bouncycastle/tls/crypto/SRP6Group.class.removed
   JD: libs/bctls-jdk15on.jar/META-INF/versions/9/org/bouncycastle/tls/crypto/SRP6StandardGroups.class.removed
   JD: libs/bctls-jdk15on.jar/META-INF/versions/9/org/bouncycastle/tls/crypto/TlsAgreement.class.removed
   JD: libs/bctls-jdk15on.jar/META-INF/versions/9/org/bouncycastle/tls/crypto/TlsCertificate.class.removed
   JD: libs/bctls-jdk15on.jar/META-INF/versions/9/org/bouncycastle/tls/crypto/TlsCertificateRole.class.removed
   JD: libs/bctls-jdk15on.jar/META-INF/versions/9/org/bouncycastle/tls/crypto/TlsCipher.class.removed
   JD: libs/bctls-jdk15on.jar/META-INF/versions/9/org/bouncycastle/tls/crypto/TlsCrypto.class.removed
   JD: libs/bctls-jdk15on.jar/META-INF/versions/9/org/bouncycastle/tls/crypto/TlsCryptoException.class.removed
   JD: libs/bctls-jdk15on.jar/META-INF/versions/9/org/bouncycastle/tls/crypto/TlsCryptoParameters.class.removed
   JD: libs/bctls-jdk15on.jar/META-INF/versions/9/org/bouncycastle/tls/crypto/TlsCryptoProvider.class.removed
   JD: libs/bctls-jdk15on.jar/META-INF/versions/9/org/bouncycastle/tls/crypto/TlsCryptoUtils.class.removed
   JD: libs/bctls-jdk15on.jar/META-INF/versions/9/org/bouncycastle/tls/crypto/TlsDHConfig.class.removed
   JD: libs/bctls-jdk15on.jar/META-INF/versions/9/org/bouncycastle/tls/crypto/TlsDHDomain.class.removed
   JD: libs/bctls-jdk15on.jar/META-INF/versions/9/org/bouncycastle/tls/crypto/TlsDecodeResult.class.removed
   JD: libs/bctls-jdk15on.jar/META-INF/versions/9/org/bouncycastle/tls/crypto/TlsECConfig.class.removed
   JD: libs/bctls-jdk15on.jar/META-INF/versions/9/org/bouncycastle/tls/crypto/TlsECDomain.class.removed
   JD: libs/bctls-jdk15on.jar/META-INF/versions/9/org/bouncycastle/tls/crypto/TlsEncodeResult.class.removed
   JD: libs/bctls-jdk15on.jar/META-INF/versions/9/org/bouncycastle/tls/crypto/TlsEncryptor.class.removed
   JD: libs/bctls-jdk15on.jar/META-INF/versions/9/org/bouncycastle/tls/crypto/TlsHMAC.class.removed
   JD: libs/bctls-jdk15on.jar/META-INF/versions/9/org/bouncycastle/tls/crypto/TlsHash.class.removed
   JD: libs/bctls-jdk15on.jar/META-INF/versions/9/org/bouncycastle/tls/crypto/TlsHashOutputStream.class.removed
   JD: libs/bctls-jdk15on.jar/META-INF/versions/9/org/bouncycastle/tls/crypto/TlsMAC.class.removed
   JD: libs/bctls-jdk15on.jar/META-INF/versions/9/org/bouncycastle/tls/crypto/TlsNonceGenerator.class.removed
   JD: libs/bctls-jdk15on.jar/META-INF/versions/9/org/bouncycastle/tls/crypto/TlsNullNullCipher.class.removed
   JD: libs/bctls-jdk15on.jar/META-INF/versions/9/org/bouncycastle/tls/crypto/TlsSRP6Client.class.removed
   JD: libs/bctls-jdk15on.jar/META-INF/versions/9/org/bouncycastle/tls/crypto/TlsSRP6Server.class.removed
   JD: libs/bctls-jdk15on.jar/META-INF/versions/9/org/bouncycastle/tls/crypto/TlsSRP6VerifierGenerator.class.removed
   JD: libs/bctls-jdk15on.jar/META-INF/versions/9/org/bouncycastle/tls/crypto/TlsSRPConfig.class.removed
   JD: libs/bctls-jdk15on.jar/META-INF/versions/9/org/bouncycastle/tls/crypto/TlsSecret.class.removed
   JD: libs/bctls-jdk15on.jar/META-INF/versions/9/org/bouncycastle/tls/crypto/TlsSigner.class.removed
   JD: libs/bctls-jdk15on.jar/META-INF/versions/9/org/bouncycastle/tls/crypto/TlsStreamSigner.class.removed
   JD: libs/bctls-jdk15on.jar/META-INF/versions/9/org/bouncycastle/tls/crypto/TlsStreamVerifier.class.removed
   JD: libs/bctls-jdk15on.jar/META-INF/versions/9/org/bouncycastle/tls/crypto/TlsVerifier.class.removed
   JD: libs/bctls-jdk15on.jar/META-INF/versions/9/org/bouncycastle/tls/crypto/impl.removed
   JD: libs/bctls-jdk15on.jar/META-INF/versions/9/org/bouncycastle/tls/crypto/impl/AbstractTlsCrypto.class.removed
   JD: libs/bctls-jdk15on.jar/META-INF/versions/9/org/bouncycastle/tls/crypto/impl/AbstractTlsSecret.class.removed
   JD: libs/bctls-jdk15on.jar/META-INF/versions/9/org/bouncycastle/tls/crypto/impl/RSAUtil.class.removed
   JD: libs/bctls-jdk15on.jar/META-INF/versions/9/org/bouncycastle/tls/crypto/impl/TlsAEADCipher.class.removed
   JD: libs/bctls-jdk15on.jar/META-INF/versions/9/org/bouncycastle/tls/crypto/impl/TlsAEADCipherImpl.class.removed
   JD: libs/bctls-jdk15on.jar/META-INF/versions/9/org/bouncycastle/tls/crypto/impl/TlsBlockCipher.class.removed
   JD: libs/bctls-jdk15on.jar/META-INF/versions/9/org/bouncycastle/tls/crypto/impl/TlsBlockCipherImpl.class.removed
   JD: libs/bctls-jdk15on.jar/META-INF/versions/9/org/bouncycastle/tls/crypto/impl/TlsImplUtils.class.removed
   JD: libs/bctls-jdk15on.jar/META-INF/versions/9/org/bouncycastle/tls/crypto/impl/TlsNullCipher.class.removed
   JD: libs/bctls-jdk15on.jar/META-INF/versions/9/org/bouncycastle/tls/crypto/impl/TlsSuiteHMac.class.removed
   JD: libs/bctls-jdk15on.jar/META-INF/versions/9/org/bouncycastle/tls/crypto/impl/TlsSuiteMac.class.removed
   JD: libs/bctls-jdk15on.jar/META-INF/versions/9/org/bouncycastle/tls/crypto/impl/jcajce.removed
   JD: libs/bctls-jdk15on.jar/META-INF/versions/9/org/bouncycastle/tls/crypto/impl/jcajce/DHUtil.class.removed
   JD: libs/bctls-jdk15on.jar/META-INF/versions/9/org/bouncycastle/tls/crypto/impl/jcajce/ECUtil.class.removed
   JD: libs/bctls-jdk15on.jar/META-INF/versions/9/org/bouncycastle/tls/crypto/impl/jcajce/Exceptions.class.removed
   JD: libs/bctls-jdk15on.jar/META-INF/versions/9/org/bouncycastle/tls/crypto/impl/jcajce/JcaDefaultTlsCredentialedSigner.class.removed
   JD: libs/bctls-jdk15on.jar/META-INF/versions/9/org/bouncycastle/tls/crypto/impl/jcajce/JcaNonceGenerator.class.removed
   JD: libs/bctls-jdk15on.jar/META-INF/versions/9/org/bouncycastle/tls/crypto/impl/jcajce/JcaSSL3HMAC.class.removed
   JD: libs/bctls-jdk15on.jar/META-INF/versions/9/org/bouncycastle/tls/crypto/impl/jcajce/JcaTlsCertificate.class.removed
   JD: libs/bctls-jdk15on.jar/META-INF/versions/9/org/bouncycastle/tls/crypto/impl/jcajce/JcaTlsCrypto$1.class.removed
   JD: libs/bctls-jdk15on.jar/META-INF/versions/9/org/bouncycastle/tls/crypto/impl/jcajce/JcaTlsCrypto$2.class.removed
   JD: libs/bctls-jdk15on.jar/META-INF/versions/9/org/bouncycastle/tls/crypto/impl/jcajce/JcaTlsCrypto$3.class.removed
   JD: libs/bctls-jdk15on.jar/META-INF/versions/9/org/bouncycastle/tls/crypto/impl/jcajce/JcaTlsCrypto.class.removed
   JD: libs/bctls-jdk15on.jar/META-INF/versions/9/org/bouncycastle/tls/crypto/impl/jcajce/JcaTlsCryptoProvider$NonceEntropySource$NonceEntropySourceSpi.class.removed
   JD: libs/bctls-jdk15on.jar/META-INF/versions/9/org/bouncycastle/tls/crypto/impl/jcajce/JcaTlsCryptoProvider$NonceEntropySource.class.removed
   JD: libs/bctls-jdk15on.jar/META-INF/versions/9/org/bouncycastle/tls/crypto/impl/jcajce/JcaTlsCryptoProvider.class.removed
   JD: libs/bctls-jdk15on.jar/META-INF/versions/9/org/bouncycastle/tls/crypto/impl/jcajce/JcaTlsDSASigner.class.removed
   JD: libs/bctls-jdk15on.jar/META-INF/versions/9/org/bouncycastle/tls/crypto/impl/jcajce/JcaTlsDSAVerifier.class.removed
   JD: libs/bctls-jdk15on.jar/META-INF/versions/9/org/bouncycastle/tls/crypto/impl/jcajce/JcaTlsDSSSigner.class.removed
   JD: libs/bctls-jdk15on.jar/META-INF/versions/9/org/bouncycastle/tls/crypto/impl/jcajce/JcaTlsDSSVerifier.class.removed
   JD: libs/bctls-jdk15on.jar/META-INF/versions/9/org/bouncycastle/tls/crypto/impl/jcajce/JcaTlsECDSA13Signer.class.removed
   JD: libs/bctls-jdk15on.jar/META-INF/versions/9/org/bouncycastle/tls/crypto/impl/jcajce/JcaTlsECDSA13Verifier.class.removed
   JD: libs/bctls-jdk15on.jar/META-INF/versions/9/org/bouncycastle/tls/crypto/impl/jcajce/JcaTlsECDSASigner.class.removed
   JD: libs/bctls-jdk15on.jar/META-INF/versions/9/org/bouncycastle/tls/crypto/impl/jcajce/JcaTlsECDSAVerifier.class.removed
   JD: libs/bctls-jdk15on.jar/META-INF/versions/9/org/bouncycastle/tls/crypto/impl/jcajce/JcaTlsEd25519Signer.class.removed
   JD: libs/bctls-jdk15on.jar/META-INF/versions/9/org/bouncycastle/tls/crypto/impl/jcajce/JcaTlsEd25519Verifier.class.removed
   JD: libs/bctls-jdk15on.jar/META-INF/versions/9/org/bouncycastle/tls/crypto/impl/jcajce/JcaTlsEd448Signer.class.removed
   JD: libs/bctls-jdk15on.jar/META-INF/versions/9/org/bouncycastle/tls/crypto/impl/jcajce/JcaTlsEd448Verifier.class.removed
   JD: libs/bctls-jdk15on.jar/META-INF/versions/9/org/bouncycastle/tls/crypto/impl/jcajce/JcaTlsEdDSASigner.class.removed
   JD: libs/bctls-jdk15on.jar/META-INF/versions/9/org/bouncycastle/tls/crypto/impl/jcajce/JcaTlsEdDSAVerifier.class.removed
   JD: libs/bctls-jdk15on.jar/META-INF/versions/9/org/bouncycastle/tls/crypto/impl/jcajce/JcaTlsHash.class.removed
   JD: libs/bctls-jdk15on.jar/META-INF/versions/9/org/bouncycastle/tls/crypto/impl/jcajce/JcaTlsRSAEncryptor.class.removed
   JD: libs/bctls-jdk15on.jar/META-INF/versions/9/org/bouncycastle/tls/crypto/impl/jcajce/JcaTlsRSAPSSSigner.class.removed
   JD: libs/bctls-jdk15on.jar/META-INF/versions/9/org/bouncycastle/tls/crypto/impl/jcajce/JcaTlsRSAPSSVerifier.class.removed
   JD: libs/bctls-jdk15on.jar/META-INF/versions/9/org/bouncycastle/tls/crypto/impl/jcajce/JcaTlsRSASigner.class.removed
   JD: libs/bctls-jdk15on.jar/META-INF/versions/9/org/bouncycastle/tls/crypto/impl/jcajce/JcaTlsRSAVerifier.class.removed
   JD: libs/bctls-jdk15on.jar/META-INF/versions/9/org/bouncycastle/tls/crypto/impl/jcajce/JcaTlsStreamSigner.class.removed
   JD: libs/bctls-jdk15on.jar/META-INF/versions/9/org/bouncycastle/tls/crypto/impl/jcajce/JcaTlsStreamVerifier.class.removed
   JD: libs/bctls-jdk15on.jar/META-INF/versions/9/org/bouncycastle/tls/crypto/impl/jcajce/JcaUtils.class.removed
   JD: libs/bctls-jdk15on.jar/META-INF/versions/9/org/bouncycastle/tls/crypto/impl/jcajce/JcaVerifyingStreamSigner.class.removed
   JD: libs/bctls-jdk15on.jar/META-INF/versions/9/org/bouncycastle/tls/crypto/impl/jcajce/JceAEADCipherImpl$1.class.removed
   JD: libs/bctls-jdk15on.jar/META-INF/versions/9/org/bouncycastle/tls/crypto/impl/jcajce/JceAEADCipherImpl.class.removed
   JD: libs/bctls-jdk15on.jar/META-INF/versions/9/org/bouncycastle/tls/crypto/impl/jcajce/JceBlockCipherImpl.class.removed
   JD: libs/bctls-jdk15on.jar/META-INF/versions/9/org/bouncycastle/tls/crypto/impl/jcajce/JceBlockCipherWithCBCImplicitIVImpl.class.removed
   JD: libs/bctls-jdk15on.jar/META-INF/versions/9/org/bouncycastle/tls/crypto/impl/jcajce/JceChaCha20Poly1305.class.removed
   JD: libs/bctls-jdk15on.jar/META-INF/versions/9/org/bouncycastle/tls/crypto/impl/jcajce/JceDefaultTlsCredentialedDecryptor.class.removed
   JD: libs/bctls-jdk15on.jar/META-INF/versions/9/org/bouncycastle/tls/crypto/impl/jcajce/JceTlsDH.class.removed
   JD: libs/bctls-jdk15on.jar/META-INF/versions/9/org/bouncycastle/tls/crypto/impl/jcajce/JceTlsDHDomain.class.removed
   JD: libs/bctls-jdk15on.jar/META-INF/versions/9/org/bouncycastle/tls/crypto/impl/jcajce/JceTlsECDH.class.removed
   JD: libs/bctls-jdk15on.jar/META-INF/versions/9/org/bouncycastle/tls/crypto/impl/jcajce/JceTlsECDomain.class.removed
   JD: libs/bctls-jdk15on.jar/META-INF/versions/9/org/bouncycastle/tls/crypto/impl/jcajce/JceTlsHMAC.class.removed
   JD: libs/bctls-jdk15on.jar/META-INF/versions/9/org/bouncycastle/tls/crypto/impl/jcajce/JceTlsSecret.class.removed
   JD: libs/bctls-jdk15on.jar/META-INF/versions/9/org/bouncycastle/tls/crypto/impl/jcajce/JceX25519.class.removed
   JD: libs/bctls-jdk15on.jar/META-INF/versions/9/org/bouncycastle/tls/crypto/impl/jcajce/JceX25519Domain.class.removed
   JD: libs/bctls-jdk15on.jar/META-INF/versions/9/org/bouncycastle/tls/crypto/impl/jcajce/JceX448.class.removed
   JD: libs/bctls-jdk15on.jar/META-INF/versions/9/org/bouncycastle/tls/crypto/impl/jcajce/JceX448Domain.class.removed
   JD: libs/bctls-jdk15on.jar/META-INF/versions/9/org/bouncycastle/tls/crypto/impl/jcajce/RSAUtil.class.removed
   JD: libs/bctls-jdk15on.jar/META-INF/versions/9/org/bouncycastle/tls/crypto/impl/jcajce/XDHUtil.class.removed
   JD: libs/bctls-jdk15on.jar/META-INF/versions/9/org/bouncycastle/tls/crypto/impl/jcajce/srp.removed
   JD: libs/bctls-jdk15on.jar/META-INF/versions/9/org/bouncycastle/tls/crypto/impl/jcajce/srp/SRP6Client.class.removed
   JD: libs/bctls-jdk15on.jar/META-INF/versions/9/org/bouncycastle/tls/crypto/impl/jcajce/srp/SRP6Server.class.removed
   JD: libs/bctls-jdk15on.jar/META-INF/versions/9/org/bouncycastle/tls/crypto/impl/jcajce/srp/SRP6Util.class.removed
   JD: libs/bctls-jdk15on.jar/META-INF/versions/9/org/bouncycastle/tls/crypto/impl/jcajce/srp/SRP6VerifierGenerator.class.removed
   JD: libs/bctls-jdk15on.jar/org/bouncycastle/jsse/BCExtendedSSLSession.class
   JD: libs/bctls-jdk15on.jar/org/bouncycastle/jsse/BCSSLParameters.class
   JD: libs/bctls-jdk15on.jar/org/bouncycastle/jsse/BCX509ExtendedKeyManager.class
   JD: libs/bctls-jdk15on.jar/org/bouncycastle/jsse/provider/CipherSuiteInfo.class
   JD: libs/bctls-jdk15on.jar/org/bouncycastle/jsse/provider/ExportSSLSession_5.class
   JD: libs/bctls-jdk15on.jar/org/bouncycastle/jsse/provider/ExportSSLSession_7.class
   JD: libs/bctls-jdk15on.jar/org/bouncycastle/jsse/provider/IDNUtil.class
   JD: libs/bctls-jdk15on.jar/org/bouncycastle/jsse/provider/ImportSSLSession_5.class
   JD: libs/bctls-jdk15on.jar/org/bouncycastle/jsse/provider/ImportSSLSession_7.class
   JD: libs/bctls-jdk15on.jar/org/bouncycastle/jsse/provider/ImportX509KeyManager_4.class
   JD: libs/bctls-jdk15on.jar/org/bouncycastle/jsse/provider/ImportX509KeyManager_5.class
   JD: libs/bctls-jdk15on.jar/org/bouncycastle/jsse/provider/JsseUtils.class
   JD: libs/bctls-jdk15on.jar/org/bouncycastle/jsse/provider/OldCertUtil$1.class
   JD: libs/bctls-jdk15on.jar/org/bouncycastle/jsse/provider/OldCertUtil$X509CertificateWrapper.class
   JD: libs/bctls-jdk15on.jar/org/bouncycastle/jsse/provider/OldCertUtil.class
   JD: libs/bctls-jdk15on.jar/org/bouncycastle/jsse/provider/ProvAlgorithmChecker.class
   JD: libs/bctls-jdk15on.jar/org/bouncycastle/jsse/provider/ProvSSLContextSpi.class
   JD: libs/bctls-jdk15on.jar/org/bouncycastle/jsse/provider/ProvSSLParameters.class
   JD: libs/bctls-jdk15on.jar/org/bouncycastle/jsse/provider/ProvSSLSessionBase$1.class.removed
   JD: libs/bctls-jdk15on.jar/org/bouncycastle/jsse/provider/ProvSSLSessionBase$X509CertificateWrapper.class.removed
   JD: libs/bctls-jdk15on.jar/org/bouncycastle/jsse/provider/ProvSSLSessionBase.class
   JD: libs/bctls-jdk15on.jar/org/bouncycastle/jsse/provider/ProvTlsServer.class
   JD: libs/bctls-jdk15on.jar/org/bouncycastle/jsse/provider/ProvX509Key.class
   JD: libs/bctls-jdk15on.jar/org/bouncycastle/jsse/provider/ProvX509KeyManager$DefaultPublicKeyFilter.class
   JD: libs/bctls-jdk15on.jar/org/bouncycastle/jsse/provider/ProvX509KeyManager$ECPublicKeyFilter13.class
   JD: libs/bctls-jdk15on.jar/org/bouncycastle/jsse/provider/ProvX509KeyManager$Match$Quality.class.removed
   JD: libs/bctls-jdk15on.jar/org/bouncycastle/jsse/provider/ProvX509KeyManager$Match.class
   JD: libs/bctls-jdk15on.jar/org/bouncycastle/jsse/provider/ProvX509KeyManager$MatchQuality.class
   JD: libs/bctls-jdk15on.jar/org/bouncycastle/jsse/provider/ProvX509KeyManager$PublicKeyFilter.class
   JD: libs/bctls-jdk15on.jar/org/bouncycastle/jsse/provider/ProvX509KeyManager.class
   JD: libs/bctls-jdk15on.jar/org/bouncycastle/jsse/provider/ProvX509KeyManagerSimple$DefaultPublicKeyFilter.class.removed
   JD: libs/bctls-jdk15on.jar/org/bouncycastle/jsse/provider/ProvX509KeyManagerSimple$ECPublicKeyFilter13.class.removed
   JD: libs/bctls-jdk15on.jar/org/bouncycastle/jsse/provider/ProvX509KeyManagerSimple$Match$Quality.class.removed
   JD: libs/bctls-jdk15on.jar/org/bouncycastle/jsse/provider/ProvX509KeyManagerSimple$Match.class
   JD: libs/bctls-jdk15on.jar/org/bouncycastle/jsse/provider/ProvX509KeyManagerSimple$PublicKeyFilter.class.removed
   JD: libs/bctls-jdk15on.jar/org/bouncycastle/jsse/provider/ProvX509KeyManagerSimple.class
   JD: libs/bctls-jdk15on.jar/org/bouncycastle/jsse/provider/ProvX509TrustManager.class
   JD: libs/bctls-jdk15on.jar/org/bouncycastle/jsse/provider/SSLParametersUtil.class
   JD: libs/bctls-jdk15on.jar/org/bouncycastle/tls/AbstractTlsContext.class
   JD: libs/bctls-jdk15on.jar/org/bouncycastle/tls/CertificateCompressionAlgorithm.class
   JD: libs/bctls-jdk15on.jar/org/bouncycastle/tls/DTLSClientProtocol.class
   JD: libs/bctls-jdk15on.jar/org/bouncycastle/tls/DTLSReliableHandshake.class
   JD: libs/bctls-jdk15on.jar/org/bouncycastle/tls/DTLSServerProtocol.class
   JD: libs/bctls-jdk15on.jar/org/bouncycastle/tls/DeferredHash.class
   JD: libs/bctls-jdk15on.jar/org/bouncycastle/tls/DigestInputBuffer.class
   JD: libs/bctls-jdk15on.jar/org/bouncycastle/tls/ExtensionType.class
   JD: libs/bctls-jdk15on.jar/org/bouncycastle/tls/HandshakeType.class
   JD: libs/bctls-jdk15on.jar/org/bouncycastle/tls/TlsClientProtocol.class
   JD: libs/bctls-jdk15on.jar/org/bouncycastle/tls/TlsExtensionsUtils.class
   JD: libs/bctls-jdk15on.jar/org/bouncycastle/tls/TlsHandshakeHash.class
   JD: libs/bctls-jdk15on.jar/org/bouncycastle/tls/TlsServerProtocol.class
   JD: libs/bctls-jdk15on.jar/org/bouncycastle/tls/TlsUtils.class
   JD: libs/bctls-jdk15on.jar/org/bouncycastle/tls/crypto/TlsCryptoUtils.class
   JD: libs/bctls-jdk15on.jar/org/bouncycastle/tls/crypto/impl/bc/BcDefaultTlsCredentialedAgreement$ECCredentialedAgreement.class
   JD: libs/bctls-jdk15on.jar/org/bouncycastle/tls/crypto/impl/bc/BcTlsCrypto.class
   JD: libs/bctls-jdk15on.jar/org/bouncycastle/tls/crypto/impl/bc/BcTlsDHDomain.class
   JD: libs/bctls-jdk15on.jar/org/bouncycastle/tls/crypto/impl/bc/BcTlsECDomain.class
   JD: libs/bctls-jdk15on.jar/org/bouncycastle/tls/crypto/impl/jcajce/JcaTlsCrypto.class
   JD: libs/bctls-jdk15on.jar/org/bouncycastle/tls/crypto/impl/jcajce/JceTlsHMAC.class
   JD: libs/bcutil-jdk15on.jar/META-INF/BC1024KE.DSA
   JD: libs/bcutil-jdk15on.jar/META-INF/BC1024KE.SF
   JD: libs/bcutil-jdk15on.jar/META-INF/BC2048KE.DSA
   JD: libs/bcutil-jdk15on.jar/META-INF/BC2048KE.SF
   JD: libs/bcutil-jdk15on.jar/META-INF/MANIFEST.MF
   JD: libs/bcutil-jdk15on.jar/META-INF/versions/9.removed
   JD: libs/bcutil-jdk15on.jar/META-INF/versions/9/module-info.class.removed
   JD: libs/bcutil-jdk15on.jar/org/bouncycastle/asn1/cmc/CMCObjectIdentifiers.class
   JD: libs/bcutil-jdk15on.jar/org/bouncycastle/asn1/cmp/CAKeyUpdAnnContent.class
   JD: libs/bcutil-jdk15on.jar/org/bouncycastle/asn1/cmp/CMPCertificate.class
   JD: libs/bcutil-jdk15on.jar/org/bouncycastle/asn1/cmp/CMPObjectIdentifiers.class
   JD: libs/bcutil-jdk15on.jar/org/bouncycastle/asn1/cmp/CRLAnnContent.class
   JD: libs/bcutil-jdk15on.jar/org/bouncycastle/asn1/cmp/CRLSource.class
   JD: libs/bcutil-jdk15on.jar/org/bouncycastle/asn1/cmp/CRLStatus.class
   JD: libs/bcutil-jdk15on.jar/org/bouncycastle/asn1/cmp/CertConfirmContent.class
   JD: libs/bcutil-jdk15on.jar/org/bouncycastle/asn1/cmp/CertOrEncCert.class
   JD: libs/bcutil-jdk15on.jar/org/bouncycastle/asn1/cmp/CertRepMessage.class
   JD: libs/bcutil-jdk15on.jar/org/bouncycastle/asn1/cmp/CertReqTemplateContent.class
   JD: libs/bcutil-jdk15on.jar/org/bouncycastle/asn1/cmp/CertResponse.class
   JD: libs/bcutil-jdk15on.jar/org/bouncycastle/asn1/cmp/CertStatus.class
   JD: libs/bcutil-jdk15on.jar/org/bouncycastle/asn1/cmp/CertifiedKeyPair.class
   JD: libs/bcutil-jdk15on.jar/org/bouncycastle/asn1/cmp/Challenge.class
   JD: libs/bcutil-jdk15on.jar/org/bouncycastle/asn1/cmp/DHBMParameter.class
   JD: libs/bcutil-jdk15on.jar/org/bouncycastle/asn1/cmp/ErrorMsgContent.class
   JD: libs/bcutil-jdk15on.jar/org/bouncycastle/asn1/cmp/GenMsgContent.class
   JD: libs/bcutil-jdk15on.jar/org/bouncycastle/asn1/cmp/GenRepContent.class
   JD: libs/bcutil-jdk15on.jar/org/bouncycastle/asn1/cmp/InfoTypeAndValue.class
   JD: libs/bcutil-jdk15on.jar/org/bouncycastle/asn1/cmp/KeyRecRepContent.class
   JD: libs/bcutil-jdk15on.jar/org/bouncycastle/asn1/cmp/OOBCertHash.class
   JD: libs/bcutil-jdk15on.jar/org/bouncycastle/asn1/cmp/PBMParameter.class
   JD: libs/bcutil-jdk15on.jar/org/bouncycastle/asn1/cmp/PKIBody.class
   JD: libs/bcutil-jdk15on.jar/org/bouncycastle/asn1/cmp/PKIConfirmContent.class
   JD: libs/bcutil-jdk15on.jar/org/bouncycastle/asn1/cmp/PKIFreeText.class
   JD: libs/bcutil-jdk15on.jar/org/bouncycastle/asn1/cmp/PKIHeader.class
   JD: libs/bcutil-jdk15on.jar/org/bouncycastle/asn1/cmp/PKIHeaderBuilder.class
   JD: libs/bcutil-jdk15on.jar/org/bouncycastle/asn1/cmp/PKIMessage.class
   JD: libs/bcutil-jdk15on.jar/org/bouncycastle/asn1/cmp/PKIMessages.class
   JD: libs/bcutil-jdk15on.jar/org/bouncycastle/asn1/cmp/PKIStatus.class
   JD: libs/bcutil-jdk15on.jar/org/bouncycastle/asn1/cmp/PKIStatusInfo.class
   JD: libs/bcutil-jdk15on.jar/org/bouncycastle/asn1/cmp/POPODecKeyChallContent.class
   JD: libs/bcutil-jdk15on.jar/org/bouncycastle/asn1/cmp/POPODecKeyRespContent.class
   JD: libs/bcutil-jdk15on.jar/org/bouncycastle/asn1/cmp/PollRepContent.class
   JD: libs/bcutil-jdk15on.jar/org/bouncycastle/asn1/cmp/PollReqContent.class
   JD: libs/bcutil-jdk15on.jar/org/bouncycastle/asn1/cmp/ProtectedPart.class
   JD: libs/bcutil-jdk15on.jar/org/bouncycastle/asn1/cmp/RevAnnContent.class
   JD: libs/bcutil-jdk15on.jar/org/bouncycastle/asn1/cmp/RevDetails.class
   JD: libs/bcutil-jdk15on.jar/org/bouncycastle/asn1/cmp/RevRepContent.class
   JD: libs/bcutil-jdk15on.jar/org/bouncycastle/asn1/cmp/RevRepContentBuilder.class
   JD: libs/bcutil-jdk15on.jar/org/bouncycastle/asn1/cmp/RevReqContent.class
   JD: libs/bcutil-jdk15on.jar/org/bouncycastle/asn1/cmp/RootCaKeyUpdateContent.class
   JD: libs/bcutil-jdk15on.jar/org/bouncycastle/asn1/cms/ContentInfo.class
   JD: libs/bcutil-jdk15on.jar/org/bouncycastle/asn1/cms/DigestedData.class
   JD: libs/bcutil-jdk15on.jar/org/bouncycastle/asn1/cms/SignedData.class
   JD: libs/bcutil-jdk15on.jar/org/bouncycastle/asn1/ess/ESSCertID.class
   JD: libs/bcutil-jdk15on.jar/org/bouncycastle/oer/DeferredElementSupplier.class
   JD: libs/bcutil-jdk15on.jar/org/bouncycastle/oer/Element.class
   JD: libs/bcutil-jdk15on.jar/org/bouncycastle/oer/ElementSupplier.class
   JD: libs/bcutil-jdk15on.jar/org/bouncycastle/oer/OERDecoder.class
   JD: libs/bcutil-jdk15on.jar/org/bouncycastle/oer/OERDefinition$BaseType.class
   JD: libs/bcutil-jdk15on.jar/org/bouncycastle/oer/OERDefinition$Builder$1.class
   JD: libs/bcutil-jdk15on.jar/org/bouncycastle/oer/OERDefinition$Builder$2.class
   JD: libs/bcutil-jdk15on.jar/org/bouncycastle/oer/OERDefinition$Builder.class
   JD: libs/bcutil-jdk15on.jar/org/bouncycastle/oer/OERDefinition$Element.class.removed
   JD: libs/bcutil-jdk15on.jar/org/bouncycastle/oer/OERDefinition$ExtensionList.class
   JD: libs/bcutil-jdk15on.jar/org/bouncycastle/oer/OERDefinition$ItemProvider.class
   JD: libs/bcutil-jdk15on.jar/org/bouncycastle/oer/OERDefinition$MutableBuilder.class
   JD: libs/bcutil-jdk15on.jar/org/bouncycastle/oer/OERDefinition.class
   JD: libs/bcutil-jdk15on.jar/org/bouncycastle/oer/OEREncoder.class
   JD: libs/bcutil-jdk15on.jar/org/bouncycastle/oer/OERInputStream$1.class
   JD: libs/bcutil-jdk15on.jar/org/bouncycastle/oer/OERInputStream$Choice.class
   JD: libs/bcutil-jdk15on.jar/org/bouncycastle/oer/OERInputStream$LengthInfo.class
   JD: libs/bcutil-jdk15on.jar/org/bouncycastle/oer/OERInputStream$Sequence.class
   JD: libs/bcutil-jdk15on.jar/org/bouncycastle/oer/OERInputStream.class
   JD: libs/bcutil-jdk15on.jar/org/bouncycastle/oer/OEROptional.class
   JD: libs/bcutil-jdk15on.jar/org/bouncycastle/oer/OEROutputStream$1.class
   JD: libs/bcutil-jdk15on.jar/org/bouncycastle/oer/OEROutputStream.class
   JD: libs/bcutil-jdk15on.jar/org/bouncycastle/oer/Switch.class
   JD: libs/bcutil-jdk15on.jar/org/bouncycastle/oer/SwitchIndexer$Asn1EncodableVectorIndexer.class
   JD: libs/bcutil-jdk15on.jar/org/bouncycastle/oer/SwitchIndexer$Asn1SequenceIndexer.class
   JD: libs/bcutil-jdk15on.jar/org/bouncycastle/oer/SwitchIndexer$FixedValueIndexer.class
   JD: libs/bcutil-jdk15on.jar/org/bouncycastle/oer/SwitchIndexer.class
   JD: libs/bcutil-jdk15on.jar/org/bouncycastle/oer/its/AesCcmCiphertext$Builder.class.removed
   JD: libs/bcutil-jdk15on.jar/org/bouncycastle/oer/its/AesCcmCiphertext.class.removed
   JD: libs/bcutil-jdk15on.jar/org/bouncycastle/oer/its/BasePublicEncryptionKey$Builder.class.removed
   JD: libs/bcutil-jdk15on.jar/org/bouncycastle/oer/its/BasePublicEncryptionKey.class.removed
   JD: libs/bcutil-jdk15on.jar/org/bouncycastle/oer/its/BitmapSsp.class.removed
   JD: libs/bcutil-jdk15on.jar/org/bouncycastle/oer/its/BitmapSspRange.class.removed
   JD: libs/bcutil-jdk15on.jar/org/bouncycastle/oer/its/Certificate$Builder.class.removed
   JD: libs/bcutil-jdk15on.jar/org/bouncycastle/oer/its/Certificate.class.removed
   JD: libs/bcutil-jdk15on.jar/org/bouncycastle/oer/its/CertificateBase$Builder.class.removed
   JD: libs/bcutil-jdk15on.jar/org/bouncycastle/oer/its/CertificateBase.class.removed
   JD: libs/bcutil-jdk15on.jar/org/bouncycastle/oer/its/CertificateId$Builder.class.removed
   JD: libs/bcutil-jdk15on.jar/org/bouncycastle/oer/its/CertificateId.class.removed
   JD: libs/bcutil-jdk15on.jar/org/bouncycastle/oer/its/CertificateType.class.removed
   JD: libs/bcutil-jdk15on.jar/org/bouncycastle/oer/its/CircularRegion$Builder.class.removed
   JD: libs/bcutil-jdk15on.jar/org/bouncycastle/oer/its/CircularRegion.class.removed
   JD: libs/bcutil-jdk15on.jar/org/bouncycastle/oer/its/ContributedExtensionBlock.class.removed
   JD: libs/bcutil-jdk15on.jar/org/bouncycastle/oer/its/CounterSignature.class.removed
   JD: libs/bcutil-jdk15on.jar/org/bouncycastle/oer/its/CountryAndRegions$CountryAndRegionsBuilder.class.removed
   JD: libs/bcutil-jdk15on.jar/org/bouncycastle/oer/its/CountryAndRegions.class.removed
   JD: libs/bcutil-jdk15on.jar/org/bouncycastle/oer/its/CountryOnly.class.removed
   JD: libs/bcutil-jdk15on.jar/org/bouncycastle/oer/its/CrlSeries.class.removed
   JD: libs/bcutil-jdk15on.jar/org/bouncycastle/oer/its/Duration.class.removed
   JD: libs/bcutil-jdk15on.jar/org/bouncycastle/oer/its/EccCurvePoint.class.removed
   JD: libs/bcutil-jdk15on.jar/org/bouncycastle/oer/its/EccP256CurvePoint$Builder.class.removed
   JD: libs/bcutil-jdk15on.jar/org/bouncycastle/oer/its/EccP256CurvePoint.class.removed
   JD: libs/bcutil-jdk15on.jar/org/bouncycastle/oer/its/EccP384CurvePoint$Builder.class.removed
   JD: libs/bcutil-jdk15on.jar/org/bouncycastle/oer/its/EccP384CurvePoint.class.removed
   JD: libs/bcutil-jdk15on.jar/org/bouncycastle/oer/its/EcdsaP256Signature$Builder.class.removed
   JD: libs/bcutil-jdk15on.jar/org/bouncycastle/oer/its/EcdsaP256Signature.class.removed
   JD: libs/bcutil-jdk15on.jar/org/bouncycastle/oer/its/EcdsaP384Signature$Builder.class.removed
   JD: libs/bcutil-jdk15on.jar/org/bouncycastle/oer/its/EcdsaP384Signature.class.removed
   JD: libs/bcutil-jdk15on.jar/org/bouncycastle/oer/its/EncryptedData$Builder.class.removed
   JD: libs/bcutil-jdk15on.jar/org/bouncycastle/oer/its/EncryptedData.class.removed
   JD: libs/bcutil-jdk15on.jar/org/bouncycastle/oer/its/EncryptedDataEncryptionKey$Builder.class.removed
   JD: libs/bcutil-jdk15on.jar/org/bouncycastle/oer/its/EncryptedDataEncryptionKey.class.removed
   JD: libs/bcutil-jdk15on.jar/org/bouncycastle/oer/its/EndEntityType.class.removed
   JD: libs/bcutil-jdk15on.jar/org/bouncycastle/oer/its/EtsiOriginatingHeaderInfoExtension.class.removed
   JD: libs/bcutil-jdk15on.jar/org/bouncycastle/oer/its/EtsiTs103097Module.class.removed
   JD: libs/bcutil-jdk15on.jar/org/bouncycastle/oer/its/ExplicitCertificate.class.removed
   JD: libs/bcutil-jdk15on.jar/org/bouncycastle/oer/its/GeographicRegion.class.removed
   JD: libs/bcutil-jdk15on.jar/org/bouncycastle/oer/its/GroupLinkageValue.class.removed
   JD: libs/bcutil-jdk15on.jar/org/bouncycastle/oer/its/HashAlgorithm.class.removed
   JD: libs/bcutil-jdk15on.jar/org/bouncycastle/oer/its/HashedData$Builder.class.removed
   JD: libs/bcutil-jdk15on.jar/org/bouncycastle/oer/its/HashedData.class.removed
   JD: libs/bcutil-jdk15on.jar/org/bouncycastle/oer/its/HashedId$HashedId10.class.removed
   JD: libs/bcutil-jdk15on.jar/org/bouncycastle/oer/its/HashedId$HashedId3.class.removed
   JD: libs/bcutil-jdk15on.jar/org/bouncycastle/oer/its/HashedId$HashedId32.class.removed
   JD: libs/bcutil-jdk15on.jar/org/bouncycastle/oer/its/HashedId$HashedId8.class.removed
   JD: libs/bcutil-jdk15on.jar/org/bouncycastle/oer/its/HashedId.class.removed
   JD: libs/bcutil-jdk15on.jar/org/bouncycastle/oer/its/HeaderInfo.class.removed
   JD: libs/bcutil-jdk15on.jar/org/bouncycastle/oer/its/HeaderInfoContributorId.class.removed
   JD: libs/bcutil-jdk15on.jar/org/bouncycastle/oer/its/Hostname.class.removed
   JD: libs/bcutil-jdk15on.jar/org/bouncycastle/oer/its/IValue.class.removed
   JD: libs/bcutil-jdk15on.jar/org/bouncycastle/oer/its/IdentifiedRegion.class.removed
   JD: libs/bcutil-jdk15on.jar/org/bouncycastle/oer/its/Ieee1609Dot2Content$Builder.class.removed
   JD: libs/bcutil-jdk15on.jar/org/bouncycastle/oer/its/Ieee1609Dot2Content.class.removed
   JD: libs/bcutil-jdk15on.jar/org/bouncycastle/oer/its/Ieee1609Dot2Data$Builder.class.removed
   JD: libs/bcutil-jdk15on.jar/org/bouncycastle/oer/its/Ieee1609Dot2Data.class.removed
   JD: libs/bcutil-jdk15on.jar/org/bouncycastle/oer/its/ImplicitCertificate.class.removed
   JD: libs/bcutil-jdk15on.jar/org/bouncycastle/oer/its/IssuerIdentifier$Builder.class.removed
   JD: libs/bcutil-jdk15on.jar/org/bouncycastle/oer/its/IssuerIdentifier.class.removed
   JD: libs/bcutil-jdk15on.jar/org/bouncycastle/oer/its/ItsUtils$1.class
   JD: libs/bcutil-jdk15on.jar/org/bouncycastle/oer/its/ItsUtils.class
   JD: libs/bcutil-jdk15on.jar/org/bouncycastle/oer/its/Latitude.class.removed
   JD: libs/bcutil-jdk15on.jar/org/bouncycastle/oer/its/LinkageData.class.removed
   JD: libs/bcutil-jdk15on.jar/org/bouncycastle/oer/its/LinkageValue.class.removed
   JD: libs/bcutil-jdk15on.jar/org/bouncycastle/oer/its/Longitude.class.removed
   JD: libs/bcutil-jdk15on.jar/org/bouncycastle/oer/its/MissingCrlIdentifier.class.removed
   JD: libs/bcutil-jdk15on.jar/org/bouncycastle/oer/its/NinetyDegreeInt.class.removed
   JD: libs/bcutil-jdk15on.jar/org/bouncycastle/oer/its/OneEightyDegreeInt.class.removed
   JD: libs/bcutil-jdk15on.jar/org/bouncycastle/oer/its/PKRecipientInfo$Builder.class.removed
   JD: libs/bcutil-jdk15on.jar/org/bouncycastle/oer/its/PKRecipientInfo.class.removed
   JD: libs/bcutil-jdk15on.jar/org/bouncycastle/oer/its/PduFunctionType.class.removed
   JD: libs/bcutil-jdk15on.jar/org/bouncycastle/oer/its/PolygonalRegion$Builder.class.removed
   JD: libs/bcutil-jdk15on.jar/org/bouncycastle/oer/its/PolygonalRegion.class.removed
   JD: libs/bcutil-jdk15on.jar/org/bouncycastle/oer/its/PreSharedKeyRecipientInfo.class.removed
   JD: libs/bcutil-jdk15on.jar/org/bouncycastle/oer/its/Psid.class.removed
   JD: libs/bcutil-jdk15on.jar/org/bouncycastle/oer/its/PsidGroupPermissions$Builder.class.removed
   JD: libs/bcutil-jdk15on.jar/org/bouncycastle/oer/its/PsidGroupPermissions.class.removed
   JD: libs/bcutil-jdk15on.jar/org/bouncycastle/oer/its/PsidSsp$Builder.class.removed
   JD: libs/bcutil-jdk15on.jar/org/bouncycastle/oer/its/PsidSsp.class.removed
   JD: libs/bcutil-jdk15on.jar/org/bouncycastle/oer/its/PsidSspRange$Builder.class.removed
   JD: libs/bcutil-jdk15on.jar/org/bouncycastle/oer/its/PsidSspRange.class.removed
   JD: libs/bcutil-jdk15on.jar/org/bouncycastle/oer/its/PublicEncryptionKey.class.removed
   JD: libs/bcutil-jdk15on.jar/org/bouncycastle/oer/its/PublicVerificationKey$Builder.class.removed
   JD: libs/bcutil-jdk15on.jar/org/bouncycastle/oer/its/PublicVerificationKey.class.removed
   JD: libs/bcutil-jdk15on.jar/org/bouncycastle/oer/its/RecipientInfo.class.removed
   JD: libs/bcutil-jdk15on.jar/org/bouncycastle/oer/its/RectangularRegion.class.removed
   JD: libs/bcutil-jdk15on.jar/org/bouncycastle/oer/its/Region.class.removed
   JD: libs/bcutil-jdk15on.jar/org/bouncycastle/oer/its/RegionAndSubregions$Builder.class.removed
   JD: libs/bcutil-jdk15on.jar/org/bouncycastle/oer/its/RegionAndSubregions.class.removed
   JD: libs/bcutil-jdk15on.jar/org/bouncycastle/oer/its/RegionInterface.class.removed
   JD: libs/bcutil-jdk15on.jar/org/bouncycastle/oer/its/SequenceOfCertificate$Builder.class.removed
   JD: libs/bcutil-jdk15on.jar/org/bouncycastle/oer/its/SequenceOfCertificate.class.removed
   JD: libs/bcutil-jdk15on.jar/org/bouncycastle/oer/its/SequenceOfIdentifiedRegion.class.removed
   JD: libs/bcutil-jdk15on.jar/org/bouncycastle/oer/its/SequenceOfOctetString.class.removed
   JD: libs/bcutil-jdk15on.jar/org/bouncycastle/oer/its/SequenceOfPsidGroupPermissions$Builder.class.removed
   JD: libs/bcutil-jdk15on.jar/org/bouncycastle/oer/its/SequenceOfPsidGroupPermissions.class.removed
   JD: libs/bcutil-jdk15on.jar/org/bouncycastle/oer/its/SequenceOfPsidSsp$Builder.class.removed
   JD: libs/bcutil-jdk15on.jar/org/bouncycastle/oer/its/SequenceOfPsidSsp.class.removed
   JD: libs/bcutil-jdk15on.jar/org/bouncycastle/oer/its/SequenceOfPsidSspRange$Builder.class.removed
   JD: libs/bcutil-jdk15on.jar/org/bouncycastle/oer/its/SequenceOfPsidSspRange.class.removed
   JD: libs/bcutil-jdk15on.jar/org/bouncycastle/oer/its/SequenceOfRecipientInfo$Builder.class.removed
   JD: libs/bcutil-jdk15on.jar/org/bouncycastle/oer/its/SequenceOfRecipientInfo.class.removed
   JD: libs/bcutil-jdk15on.jar/org/bouncycastle/oer/its/SequenceOfRectangularRegion.class.removed
   JD: libs/bcutil-jdk15on.jar/org/bouncycastle/oer/its/ServiceSpecificPermissions$Builder.class.removed
   JD: libs/bcutil-jdk15on.jar/org/bouncycastle/oer/its/ServiceSpecificPermissions.class.removed
   JD: libs/bcutil-jdk15on.jar/org/bouncycastle/oer/its/Signature$Builder.class.removed
   JD: libs/bcutil-jdk15on.jar/org/bouncycastle/oer/its/Signature.class.removed
   JD: libs/bcutil-jdk15on.jar/org/bouncycastle/oer/its/SignedData$Builder.class.removed
   JD: libs/bcutil-jdk15on.jar/org/bouncycastle/oer/its/SignedData.class.removed
   JD: libs/bcutil-jdk15on.jar/org/bouncycastle/oer/its/SignedDataPayload$Builder.class.removed
   JD: libs/bcutil-jdk15on.jar/org/bouncycastle/oer/its/SignedDataPayload.class.removed
   JD: libs/bcutil-jdk15on.jar/org/bouncycastle/oer/its/SignerIdentifier$Builder.class.removed
   JD: libs/bcutil-jdk15on.jar/org/bouncycastle/oer/its/SignerIdentifier.class.removed
   JD: libs/bcutil-jdk15on.jar/org/bouncycastle/oer/its/SspRange$Builder.class.removed
   JD: libs/bcutil-jdk15on.jar/org/bouncycastle/oer/its/SspRange.class.removed
   JD: libs/bcutil-jdk15on.jar/org/bouncycastle/oer/its/SubjectAssurance.class.removed
   JD: libs/bcutil-jdk15on.jar/org/bouncycastle/oer/its/SubjectPermissions$Builder.class.removed
   JD: libs/bcutil-jdk15on.jar/org/bouncycastle/oer/its/SubjectPermissions.class.removed
   JD: libs/bcutil-jdk15on.jar/org/bouncycastle/oer/its/SymmAlgorithm.class.removed
   JD: libs/bcutil-jdk15on.jar/org/bouncycastle/oer/its/SymmRecipientInfo.class.removed
   JD: libs/bcutil-jdk15on.jar/org/bouncycastle/oer/its/SymmetricCiphertext$Builder.class.removed
   JD: libs/bcutil-jdk15on.jar/org/bouncycastle/oer/its/SymmetricCiphertext.class.removed
   JD: libs/bcutil-jdk15on.jar/org/bouncycastle/oer/its/ToBeSignedCertificate$Builder.class.removed
   JD: libs/bcutil-jdk15on.jar/org/bouncycastle/oer/its/ToBeSignedCertificate.class.removed
   JD: libs/bcutil-jdk15on.jar/org/bouncycastle/oer/its/ToBeSignedData$Builder.class.removed
   JD: libs/bcutil-jdk15on.jar/org/bouncycastle/oer/its/ToBeSignedData.class.removed
   JD: libs/bcutil-jdk15on.jar/org/bouncycastle/oer/its/TwoDLocation$Builder.class.removed
   JD: libs/bcutil-jdk15on.jar/org/bouncycastle/oer/its/TwoDLocation.class.removed
   JD: libs/bcutil-jdk15on.jar/org/bouncycastle/oer/its/Uint16.class.removed
   JD: libs/bcutil-jdk15on.jar/org/bouncycastle/oer/its/Uint8.class.removed
   JD: libs/bcutil-jdk15on.jar/org/bouncycastle/oer/its/Utils$1.class.removed
   JD: libs/bcutil-jdk15on.jar/org/bouncycastle/oer/its/Utils.class.removed
   JD: libs/bcutil-jdk15on.jar/org/bouncycastle/oer/its/ValidityPeriod$Builder.class.removed
   JD: libs/bcutil-jdk15on.jar/org/bouncycastle/oer/its/ValidityPeriod.class.removed
   JD: libs/bcutil-jdk15on.jar/org/bouncycastle/oer/its/VerificationKeyIndicator$Builder.class.removed
   JD: libs/bcutil-jdk15on.jar/org/bouncycastle/oer/its/VerificationKeyIndicator.class.removed
   JD: libs/bcutil-jdk15on.jar/org/bouncycastle/oer/its/etsi102941/
   JD: libs/bcutil-jdk15on.jar/org/bouncycastle/oer/its/etsi102941/AaEntry$Builder.class
   JD: libs/bcutil-jdk15on.jar/org/bouncycastle/oer/its/etsi102941/AaEntry.class
   JD: libs/bcutil-jdk15on.jar/org/bouncycastle/oer/its/etsi102941/AuthorizationRequestMessage.class
   JD: libs/bcutil-jdk15on.jar/org/bouncycastle/oer/its/etsi102941/AuthorizationRequestMessageWithPop.class
   JD: libs/bcutil-jdk15on.jar/org/bouncycastle/oer/its/etsi102941/AuthorizationResponseCode.class
   JD: libs/bcutil-jdk15on.jar/org/bouncycastle/oer/its/etsi102941/AuthorizationResponseMessage.class
   JD: libs/bcutil-jdk15on.jar/org/bouncycastle/oer/its/etsi102941/AuthorizationValidationRequest$Builder.class
   JD: libs/bcutil-jdk15on.jar/org/bouncycastle/oer/its/etsi102941/AuthorizationValidationRequest.class
   JD: libs/bcutil-jdk15on.jar/org/bouncycastle/oer/its/etsi102941/AuthorizationValidationRequestMessage.class
   JD: libs/bcutil-jdk15on.jar/org/bouncycastle/oer/its/etsi102941/AuthorizationValidationResponse$Builder.class
   JD: libs/bcutil-jdk15on.jar/org/bouncycastle/oer/its/etsi102941/AuthorizationValidationResponse.class
   JD: libs/bcutil-jdk15on.jar/org/bouncycastle/oer/its/etsi102941/AuthorizationValidationResponseCode.class
   JD: libs/bcutil-jdk15on.jar/org/bouncycastle/oer/its/etsi102941/AuthorizationValidationResponseMessage.class
   JD: libs/bcutil-jdk15on.jar/org/bouncycastle/oer/its/etsi102941/CaCertificateRekeyingMessage.class
   JD: libs/bcutil-jdk15on.jar/org/bouncycastle/oer/its/etsi102941/CaCertificateRequest$Builder.class
   JD: libs/bcutil-jdk15on.jar/org/bouncycastle/oer/its/etsi102941/CaCertificateRequest.class
   JD: libs/bcutil-jdk15on.jar/org/bouncycastle/oer/its/etsi102941/CaCertificateRequestMessage.class
   JD: libs/bcutil-jdk15on.jar/org/bouncycastle/oer/its/etsi102941/CertificateRevocationListMessage.class
   JD: libs/bcutil-jdk15on.jar/org/bouncycastle/oer/its/etsi102941/CrlEntry.class
   JD: libs/bcutil-jdk15on.jar/org/bouncycastle/oer/its/etsi102941/CtlCommand.class
   JD: libs/bcutil-jdk15on.jar/org/bouncycastle/oer/its/etsi102941/CtlDelete.class
   JD: libs/bcutil-jdk15on.jar/org/bouncycastle/oer/its/etsi102941/CtlEntry.class
   JD: libs/bcutil-jdk15on.jar/org/bouncycastle/oer/its/etsi102941/CtlFormat$Builder.class
   JD: libs/bcutil-jdk15on.jar/org/bouncycastle/oer/its/etsi102941/CtlFormat.class
   JD: libs/bcutil-jdk15on.jar/org/bouncycastle/oer/its/etsi102941/DcDelete.class
   JD: libs/bcutil-jdk15on.jar/org/bouncycastle/oer/its/etsi102941/DcEntry$Builder.class
   JD: libs/bcutil-jdk15on.jar/org/bouncycastle/oer/its/etsi102941/DcEntry.class
   JD: libs/bcutil-jdk15on.jar/org/bouncycastle/oer/its/etsi102941/DeltaCtl.class
   JD: libs/bcutil-jdk15on.jar/org/bouncycastle/oer/its/etsi102941/EaEntry$Builder.class
   JD: libs/bcutil-jdk15on.jar/org/bouncycastle/oer/its/etsi102941/EaEntry.class
   JD: libs/bcutil-jdk15on.jar/org/bouncycastle/oer/its/etsi102941/EnrolmentRequestMessage.class
   JD: libs/bcutil-jdk15on.jar/org/bouncycastle/oer/its/etsi102941/EnrolmentResponseCode.class
   JD: libs/bcutil-jdk15on.jar/org/bouncycastle/oer/its/etsi102941/EnrolmentResponseMessage.class
   JD: libs/bcutil-jdk15on.jar/org/bouncycastle/oer/its/etsi102941/EtsiTs102941Data.class
   JD: libs/bcutil-jdk15on.jar/org/bouncycastle/oer/its/etsi102941/EtsiTs102941DataContent.class
   JD: libs/bcutil-jdk15on.jar/org/bouncycastle/oer/its/etsi102941/FillCtl.class
   JD: libs/bcutil-jdk15on.jar/org/bouncycastle/oer/its/etsi102941/FullCtl.class
   JD: libs/bcutil-jdk15on.jar/org/bouncycastle/oer/its/etsi102941/InnerAtRequest$Builder.class
   JD: libs/bcutil-jdk15on.jar/org/bouncycastle/oer/its/etsi102941/InnerAtRequest.class
   JD: libs/bcutil-jdk15on.jar/org/bouncycastle/oer/its/etsi102941/InnerAtResponse$Builder.class
   JD: libs/bcutil-jdk15on.jar/org/bouncycastle/oer/its/etsi102941/InnerAtResponse.class
   JD: libs/bcutil-jdk15on.jar/org/bouncycastle/oer/its/etsi102941/InnerEcRequest$Builder.class
   JD: libs/bcutil-jdk15on.jar/org/bouncycastle/oer/its/etsi102941/InnerEcRequest.class
   JD: libs/bcutil-jdk15on.jar/org/bouncycastle/oer/its/etsi102941/InnerEcRequestSignedForPop.class
   JD: libs/bcutil-jdk15on.jar/org/bouncycastle/oer/its/etsi102941/InnerEcResponse$Builder.class
   JD: libs/bcutil-jdk15on.jar/org/bouncycastle/oer/its/etsi102941/InnerEcResponse.class
   JD: libs/bcutil-jdk15on.jar/org/bouncycastle/oer/its/etsi102941/RcaCertificateTrustListMessage.class
   JD: libs/bcutil-jdk15on.jar/org/bouncycastle/oer/its/etsi102941/RcaDoubleSignedLinkCertificateMessage.class
   JD: libs/bcutil-jdk15on.jar/org/bouncycastle/oer/its/etsi102941/RcaSingleSignedLinkCertificateMessage.class
   JD: libs/bcutil-jdk15on.jar/org/bouncycastle/oer/its/etsi102941/RootCaEntry$Builder.class
   JD: libs/bcutil-jdk15on.jar/org/bouncycastle/oer/its/etsi102941/RootCaEntry.class
   JD: libs/bcutil-jdk15on.jar/org/bouncycastle/oer/its/etsi102941/SequenceOfCrlEntry$Builder.class
   JD: libs/bcutil-jdk15on.jar/org/bouncycastle/oer/its/etsi102941/SequenceOfCrlEntry.class
   JD: libs/bcutil-jdk15on.jar/org/bouncycastle/oer/its/etsi102941/SequenceOfCtlCommand$Builder.class
   JD: libs/bcutil-jdk15on.jar/org/bouncycastle/oer/its/etsi102941/SequenceOfCtlCommand.class
   JD: libs/bcutil-jdk15on.jar/org/bouncycastle/oer/its/etsi102941/SharedAtRequest$Builder.class
   JD: libs/bcutil-jdk15on.jar/org/bouncycastle/oer/its/etsi102941/SharedAtRequest.class
   JD: libs/bcutil-jdk15on.jar/org/bouncycastle/oer/its/etsi102941/TlmCertificateTrustListMessage.class
   JD: libs/bcutil-jdk15on.jar/org/bouncycastle/oer/its/etsi102941/TlmEntry$Builder.class
   JD: libs/bcutil-jdk15on.jar/org/bouncycastle/oer/its/etsi102941/TlmEntry.class
   JD: libs/bcutil-jdk15on.jar/org/bouncycastle/oer/its/etsi102941/TlmLinkCertificateMessage.class
   JD: libs/bcutil-jdk15on.jar/org/bouncycastle/oer/its/etsi102941/ToBeSignedCrl$Builder.class
   JD: libs/bcutil-jdk15on.jar/org/bouncycastle/oer/its/etsi102941/ToBeSignedCrl.class
   JD: libs/bcutil-jdk15on.jar/org/bouncycastle/oer/its/etsi102941/ToBeSignedLinkCertificate$Builder.class
   JD: libs/bcutil-jdk15on.jar/org/bouncycastle/oer/its/etsi102941/ToBeSignedLinkCertificate.class
   JD: libs/bcutil-jdk15on.jar/org/bouncycastle/oer/its/etsi102941/ToBeSignedLinkCertificateRca.class
   JD: libs/bcutil-jdk15on.jar/org/bouncycastle/oer/its/etsi102941/ToBeSignedLinkCertificateTlm.class
   JD: libs/bcutil-jdk15on.jar/org/bouncycastle/oer/its/etsi102941/ToBeSignedRcaCtl.class
   JD: libs/bcutil-jdk15on.jar/org/bouncycastle/oer/its/etsi102941/ToBeSignedTlmCtl.class
   JD: libs/bcutil-jdk15on.jar/org/bouncycastle/oer/its/etsi102941/Url.class
   JD: libs/bcutil-jdk15on.jar/org/bouncycastle/oer/its/etsi102941/basetypes/
   JD: libs/bcutil-jdk15on.jar/org/bouncycastle/oer/its/etsi102941/basetypes/CertificateFormat.class
   JD: libs/bcutil-jdk15on.jar/org/bouncycastle/oer/its/etsi102941/basetypes/CertificateSubjectAttributes.class
   JD: libs/bcutil-jdk15on.jar/org/bouncycastle/oer/its/etsi102941/basetypes/EcSignature.class
   JD: libs/bcutil-jdk15on.jar/org/bouncycastle/oer/its/etsi102941/basetypes/PublicKeys.class
   JD: libs/bcutil-jdk15on.jar/org/bouncycastle/oer/its/etsi102941/basetypes/Version.class
   JD: libs/bcutil-jdk15on.jar/org/bouncycastle/oer/its/etsi103097/
   JD: libs/bcutil-jdk15on.jar/org/bouncycastle/oer/its/etsi103097/EtsiTs103097Certificate.class
   JD: libs/bcutil-jdk15on.jar/org/bouncycastle/oer/its/etsi103097/EtsiTs103097Data.class
   JD: libs/bcutil-jdk15on.jar/org/bouncycastle/oer/its/etsi103097/EtsiTs103097DataEncrypted.class
   JD: libs/bcutil-jdk15on.jar/org/bouncycastle/oer/its/etsi103097/EtsiTs103097DataEncryptedUnicast.class
   JD: libs/bcutil-jdk15on.jar/org/bouncycastle/oer/its/etsi103097/EtsiTs103097DataSigned.class
   JD: libs/bcutil-jdk15on.jar/org/bouncycastle/oer/its/etsi103097/EtsiTs103097DataSignedAndEncrypted.class
   JD: libs/bcutil-jdk15on.jar/org/bouncycastle/oer/its/etsi103097/EtsiTs103097DataSignedAndEncryptedUnicast.class
   JD: libs/bcutil-jdk15on.jar/org/bouncycastle/oer/its/etsi103097/EtsiTs103097DataSignedExternalPayload.class
   JD: libs/bcutil-jdk15on.jar/org/bouncycastle/oer/its/etsi103097/EtsiTs103097DataSignedUnicast.class
   JD: libs/bcutil-jdk15on.jar/org/bouncycastle/oer/its/etsi103097/EtsiTs103097DataUnsecured.class
   JD: libs/bcutil-jdk15on.jar/org/bouncycastle/oer/its/etsi103097/extension/
   JD: libs/bcutil-jdk15on.jar/org/bouncycastle/oer/its/etsi103097/extension/EtsiOriginatingHeaderInfoExtension$Builder.class
   JD: libs/bcutil-jdk15on.jar/org/bouncycastle/oer/its/etsi103097/extension/EtsiOriginatingHeaderInfoExtension.class
   JD: libs/bcutil-jdk15on.jar/org/bouncycastle/oer/its/etsi103097/extension/EtsiTs102941CrlRequest$Builder.class
   JD: libs/bcutil-jdk15on.jar/org/bouncycastle/oer/its/etsi103097/extension/EtsiTs102941CrlRequest.class
   JD: libs/bcutil-jdk15on.jar/org/bouncycastle/oer/its/etsi103097/extension/EtsiTs102941CtlRequest$Builder.class
   JD: libs/bcutil-jdk15on.jar/org/bouncycastle/oer/its/etsi103097/extension/EtsiTs102941CtlRequest.class
   JD: libs/bcutil-jdk15on.jar/org/bouncycastle/oer/its/etsi103097/extension/EtsiTs102941DeltaCtlRequest.class
   JD: libs/bcutil-jdk15on.jar/org/bouncycastle/oer/its/etsi103097/extension/ExtId.class
   JD: libs/bcutil-jdk15on.jar/org/bouncycastle/oer/its/etsi103097/extension/Extension.class
   JD: libs/bcutil-jdk15on.jar/org/bouncycastle/oer/its/ieee1609dot2/
   JD: libs/bcutil-jdk15on.jar/org/bouncycastle/oer/its/ieee1609dot2/AesCcmCiphertext$Builder.class
   JD: libs/bcutil-jdk15on.jar/org/bouncycastle/oer/its/ieee1609dot2/AesCcmCiphertext.class
   JD: libs/bcutil-jdk15on.jar/org/bouncycastle/oer/its/ieee1609dot2/Certificate.class
   JD: libs/bcutil-jdk15on.jar/org/bouncycastle/oer/its/ieee1609dot2/CertificateBase$Builder.class
   JD: libs/bcutil-jdk15on.jar/org/bouncycastle/oer/its/ieee1609dot2/CertificateBase.class
   JD: libs/bcutil-jdk15on.jar/org/bouncycastle/oer/its/ieee1609dot2/CertificateId.class
   JD: libs/bcutil-jdk15on.jar/org/bouncycastle/oer/its/ieee1609dot2/CertificateType.class
   JD: libs/bcutil-jdk15on.jar/org/bouncycastle/oer/its/ieee1609dot2/ContributedExtensionBlock.class
   JD: libs/bcutil-jdk15on.jar/org/bouncycastle/oer/its/ieee1609dot2/ContributedExtensionBlocks$Builder.class
   JD: libs/bcutil-jdk15on.jar/org/bouncycastle/oer/its/ieee1609dot2/ContributedExtensionBlocks.class
   JD: libs/bcutil-jdk15on.jar/org/bouncycastle/oer/its/ieee1609dot2/CounterSignature.class
   JD: libs/bcutil-jdk15on.jar/org/bouncycastle/oer/its/ieee1609dot2/EncryptedData$Builder.class
   JD: libs/bcutil-jdk15on.jar/org/bouncycastle/oer/its/ieee1609dot2/EncryptedData.class
   JD: libs/bcutil-jdk15on.jar/org/bouncycastle/oer/its/ieee1609dot2/EncryptedDataEncryptionKey.class
   JD: libs/bcutil-jdk15on.jar/org/bouncycastle/oer/its/ieee1609dot2/EndEntityType.class
   JD: libs/bcutil-jdk15on.jar/org/bouncycastle/oer/its/ieee1609dot2/ExplicitCertificate.class
   JD: libs/bcutil-jdk15on.jar/org/bouncycastle/oer/its/ieee1609dot2/HashedData.class
   JD: libs/bcutil-jdk15on.jar/org/bouncycastle/oer/its/ieee1609dot2/HeaderInfo$Builder.class
   JD: libs/bcutil-jdk15on.jar/org/bouncycastle/oer/its/ieee1609dot2/HeaderInfo.class
   JD: libs/bcutil-jdk15on.jar/org/bouncycastle/oer/its/ieee1609dot2/HeaderInfoContributorId.class
   JD: libs/bcutil-jdk15on.jar/org/bouncycastle/oer/its/ieee1609dot2/Ieee1609Dot2Content.class
   JD: libs/bcutil-jdk15on.jar/org/bouncycastle/oer/its/ieee1609dot2/Ieee1609Dot2Data$Builder.class
   JD: libs/bcutil-jdk15on.jar/org/bouncycastle/oer/its/ieee1609dot2/Ieee1609Dot2Data.class
   JD: libs/bcutil-jdk15on.jar/org/bouncycastle/oer/its/ieee1609dot2/ImplicitCertificate.class
   JD: libs/bcutil-jdk15on.jar/org/bouncycastle/oer/its/ieee1609dot2/IssuerIdentifier.class
   JD: libs/bcutil-jdk15on.jar/org/bouncycastle/oer/its/ieee1609dot2/LinkageData$Builder.class
   JD: libs/bcutil-jdk15on.jar/org/bouncycastle/oer/its/ieee1609dot2/LinkageData.class
   JD: libs/bcutil-jdk15on.jar/org/bouncycastle/oer/its/ieee1609dot2/MissingCrlIdentifier$Builder.class
   JD: libs/bcutil-jdk15on.jar/org/bouncycastle/oer/its/ieee1609dot2/MissingCrlIdentifier.class
   JD: libs/bcutil-jdk15on.jar/org/bouncycastle/oer/its/ieee1609dot2/Opaque$1.class
   JD: libs/bcutil-jdk15on.jar/org/bouncycastle/oer/its/ieee1609dot2/Opaque.class
   JD: libs/bcutil-jdk15on.jar/org/bouncycastle/oer/its/ieee1609dot2/PKRecipientInfo$Builder.class
   JD: libs/bcutil-jdk15on.jar/org/bouncycastle/oer/its/ieee1609dot2/PKRecipientInfo.class
   JD: libs/bcutil-jdk15on.jar/org/bouncycastle/oer/its/ieee1609dot2/PduFunctionalType.class
   JD: libs/bcutil-jdk15on.jar/org/bouncycastle/oer/its/ieee1609dot2/PreSharedKeyRecipientInfo.class
   JD: libs/bcutil-jdk15on.jar/org/bouncycastle/oer/its/ieee1609dot2/PsidGroupPermissions$Builder.class
   JD: libs/bcutil-jdk15on.jar/org/bouncycastle/oer/its/ieee1609dot2/PsidGroupPermissions.class
   JD: libs/bcutil-jdk15on.jar/org/bouncycastle/oer/its/ieee1609dot2/RecipientInfo.class
   JD: libs/bcutil-jdk15on.jar/org/bouncycastle/oer/its/ieee1609dot2/SequenceOfCertificate$Builder.class
   JD: libs/bcutil-jdk15on.jar/org/bouncycastle/oer/its/ieee1609dot2/SequenceOfCertificate.class
   JD: libs/bcutil-jdk15on.jar/org/bouncycastle/oer/its/ieee1609dot2/SequenceOfPsidGroupPermissions$Builder.class
   JD: libs/bcutil-jdk15on.jar/org/bouncycastle/oer/its/ieee1609dot2/SequenceOfPsidGroupPermissions.class
   JD: libs/bcutil-jdk15on.jar/org/bouncycastle/oer/its/ieee1609dot2/SequenceOfRecipientInfo$Builder.class
   JD: libs/bcutil-jdk15on.jar/org/bouncycastle/oer/its/ieee1609dot2/SequenceOfRecipientInfo.class
   JD: libs/bcutil-jdk15on.jar/org/bouncycastle/oer/its/ieee1609dot2/SignedData$Builder.class
   JD: libs/bcutil-jdk15on.jar/org/bouncycastle/oer/its/ieee1609dot2/SignedData.class
   JD: libs/bcutil-jdk15on.jar/org/bouncycastle/oer/its/ieee1609dot2/SignedDataPayload$Builder.class
   JD: libs/bcutil-jdk15on.jar/org/bouncycastle/oer/its/ieee1609dot2/SignedDataPayload.class
   JD: libs/bcutil-jdk15on.jar/org/bouncycastle/oer/its/ieee1609dot2/SignerIdentifier.class
   JD: libs/bcutil-jdk15on.jar/org/bouncycastle/oer/its/ieee1609dot2/SubjectPermissions.class
   JD: libs/bcutil-jdk15on.jar/org/bouncycastle/oer/its/ieee1609dot2/SymmRecipientInfo$Builder.class
   JD: libs/bcutil-jdk15on.jar/org/bouncycastle/oer/its/ieee1609dot2/SymmRecipientInfo.class
   JD: libs/bcutil-jdk15on.jar/org/bouncycastle/oer/its/ieee1609dot2/SymmetricCiphertext.class
   JD: libs/bcutil-jdk15on.jar/org/bouncycastle/oer/its/ieee1609dot2/ToBeSignedCertificate$Builder.class
   JD: libs/bcutil-jdk15on.jar/org/bouncycastle/oer/its/ieee1609dot2/ToBeSignedCertificate.class
   JD: libs/bcutil-jdk15on.jar/org/bouncycastle/oer/its/ieee1609dot2/ToBeSignedData$Builder.class
   JD: libs/bcutil-jdk15on.jar/org/bouncycastle/oer/its/ieee1609dot2/ToBeSignedData.class
   JD: libs/bcutil-jdk15on.jar/org/bouncycastle/oer/its/ieee1609dot2/VerificationKeyIndicator.class
   JD: libs/bcutil-jdk15on.jar/org/bouncycastle/oer/its/ieee1609dot2/basetypes/
   JD: libs/bcutil-jdk15on.jar/org/bouncycastle/oer/its/ieee1609dot2/basetypes/BasePublicEncryptionKey$Builder.class
   JD: libs/bcutil-jdk15on.jar/org/bouncycastle/oer/its/ieee1609dot2/basetypes/BasePublicEncryptionKey.class
   JD: libs/bcutil-jdk15on.jar/org/bouncycastle/oer/its/ieee1609dot2/basetypes/BitmapSsp.class
   JD: libs/bcutil-jdk15on.jar/org/bouncycastle/oer/its/ieee1609dot2/basetypes/BitmapSspRange$Builder.class
   JD: libs/bcutil-jdk15on.jar/org/bouncycastle/oer/its/ieee1609dot2/basetypes/BitmapSspRange.class
   JD: libs/bcutil-jdk15on.jar/org/bouncycastle/oer/its/ieee1609dot2/basetypes/CircularRegion$Builder.class
   JD: libs/bcutil-jdk15on.jar/org/bouncycastle/oer/its/ieee1609dot2/basetypes/CircularRegion.class
   JD: libs/bcutil-jdk15on.jar/org/bouncycastle/oer/its/ieee1609dot2/basetypes/CountryAndRegions$Builder.class
   JD: libs/bcutil-jdk15on.jar/org/bouncycastle/oer/its/ieee1609dot2/basetypes/CountryAndRegions.class
   JD: libs/bcutil-jdk15on.jar/org/bouncycastle/oer/its/ieee1609dot2/basetypes/CountryAndSubregions$Builder.class
   JD: libs/bcutil-jdk15on.jar/org/bouncycastle/oer/its/ieee1609dot2/basetypes/CountryAndSubregions.class
   JD: libs/bcutil-jdk15on.jar/org/bouncycastle/oer/its/ieee1609dot2/basetypes/CountryOnly.class
   JD: libs/bcutil-jdk15on.jar/org/bouncycastle/oer/its/ieee1609dot2/basetypes/CrlSeries.class
   JD: libs/bcutil-jdk15on.jar/org/bouncycastle/oer/its/ieee1609dot2/basetypes/Duration.class
   JD: libs/bcutil-jdk15on.jar/org/bouncycastle/oer/its/ieee1609dot2/basetypes/EccCurvePoint.class
   JD: libs/bcutil-jdk15on.jar/org/bouncycastle/oer/its/ieee1609dot2/basetypes/EccP256CurvePoint.class
   JD: libs/bcutil-jdk15on.jar/org/bouncycastle/oer/its/ieee1609dot2/basetypes/EccP384CurvePoint.class
   JD: libs/bcutil-jdk15on.jar/org/bouncycastle/oer/its/ieee1609dot2/basetypes/EcdsaP256Signature$Builder.class
   JD: libs/bcutil-jdk15on.jar/org/bouncycastle/oer/its/ieee1609dot2/basetypes/EcdsaP256Signature.class
   JD: libs/bcutil-jdk15on.jar/org/bouncycastle/oer/its/ieee1609dot2/basetypes/EcdsaP384Signature$Builder.class
   JD: libs/bcutil-jdk15on.jar/org/bouncycastle/oer/its/ieee1609dot2/basetypes/EcdsaP384Signature.class
   JD: libs/bcutil-jdk15on.jar/org/bouncycastle/oer/its/ieee1609dot2/basetypes/EciesP256EncryptedKey$Builder.class
   JD: libs/bcutil-jdk15on.jar/org/bouncycastle/oer/its/ieee1609dot2/basetypes/EciesP256EncryptedKey.class
   JD: libs/bcutil-jdk15on.jar/org/bouncycastle/oer/its/ieee1609dot2/basetypes/Elevation.class
   JD: libs/bcutil-jdk15on.jar/org/bouncycastle/oer/its/ieee1609dot2/basetypes/EncryptionKey.class
   JD: libs/bcutil-jdk15on.jar/org/bouncycastle/oer/its/ieee1609dot2/basetypes/GeographicRegion.class
   JD: libs/bcutil-jdk15on.jar/org/bouncycastle/oer/its/ieee1609dot2/basetypes/GroupLinkageValue$Builder.class
   JD: libs/bcutil-jdk15on.jar/org/bouncycastle/oer/its/ieee1609dot2/basetypes/GroupLinkageValue.class
   JD: libs/bcutil-jdk15on.jar/org/bouncycastle/oer/its/ieee1609dot2/basetypes/HashAlgorithm.class
   JD: libs/bcutil-jdk15on.jar/org/bouncycastle/oer/its/ieee1609dot2/basetypes/HashedId.class
   JD: libs/bcutil-jdk15on.jar/org/bouncycastle/oer/its/ieee1609dot2/basetypes/HashedId10.class
   JD: libs/bcutil-jdk15on.jar/org/bouncycastle/oer/its/ieee1609dot2/basetypes/HashedId3.class
   JD: libs/bcutil-jdk15on.jar/org/bouncycastle/oer/its/ieee1609dot2/basetypes/HashedId32.class
   JD: libs/bcutil-jdk15on.jar/org/bouncycastle/oer/its/ieee1609dot2/basetypes/HashedId8.class
   JD: libs/bcutil-jdk15on.jar/org/bouncycastle/oer/its/ieee1609dot2/basetypes/Hostname.class
   JD: libs/bcutil-jdk15on.jar/org/bouncycastle/oer/its/ieee1609dot2/basetypes/IValue.class
   JD: libs/bcutil-jdk15on.jar/org/bouncycastle/oer/its/ieee1609dot2/basetypes/IdentifiedRegion.class
   JD: libs/bcutil-jdk15on.jar/org/bouncycastle/oer/its/ieee1609dot2/basetypes/KnownLatitude.class
   JD: libs/bcutil-jdk15on.jar/org/bouncycastle/oer/its/ieee1609dot2/basetypes/KnownLongitude.class
   JD: libs/bcutil-jdk15on.jar/org/bouncycastle/oer/its/ieee1609dot2/basetypes/LaId.class
   JD: libs/bcutil-jdk15on.jar/org/bouncycastle/oer/its/ieee1609dot2/basetypes/Latitude.class
   JD: libs/bcutil-jdk15on.jar/org/bouncycastle/oer/its/ieee1609dot2/basetypes/LinkageSeed.class
   JD: libs/bcutil-jdk15on.jar/org/bouncycastle/oer/its/ieee1609dot2/basetypes/LinkageValue.class
   JD: libs/bcutil-jdk15on.jar/org/bouncycastle/oer/its/ieee1609dot2/basetypes/Longitude.class
   JD: libs/bcutil-jdk15on.jar/org/bouncycastle/oer/its/ieee1609dot2/basetypes/NinetyDegreeInt.class
   JD: libs/bcutil-jdk15on.jar/org/bouncycastle/oer/its/ieee1609dot2/basetypes/OneEightyDegreeInt.class
   JD: libs/bcutil-jdk15on.jar/org/bouncycastle/oer/its/ieee1609dot2/basetypes/Point256$Builder.class
   JD: libs/bcutil-jdk15on.jar/org/bouncycastle/oer/its/ieee1609dot2/basetypes/Point256.class
   JD: libs/bcutil-jdk15on.jar/org/bouncycastle/oer/its/ieee1609dot2/basetypes/Point384$Builder.class
   JD: libs/bcutil-jdk15on.jar/org/bouncycastle/oer/its/ieee1609dot2/basetypes/Point384.class
   JD: libs/bcutil-jdk15on.jar/org/bouncycastle/oer/its/ieee1609dot2/basetypes/PolygonalRegion$Builder.class
   JD: libs/bcutil-jdk15on.jar/org/bouncycastle/oer/its/ieee1609dot2/basetypes/PolygonalRegion.class
   JD: libs/bcutil-jdk15on.jar/org/bouncycastle/oer/its/ieee1609dot2/basetypes/Psid.class
   JD: libs/bcutil-jdk15on.jar/org/bouncycastle/oer/its/ieee1609dot2/basetypes/PsidSsp$Builder.class
   JD: libs/bcutil-jdk15on.jar/org/bouncycastle/oer/its/ieee1609dot2/basetypes/PsidSsp.class
   JD: libs/bcutil-jdk15on.jar/org/bouncycastle/oer/its/ieee1609dot2/basetypes/PsidSspRange$Builder.class
   JD: libs/bcutil-jdk15on.jar/org/bouncycastle/oer/its/ieee1609dot2/basetypes/PsidSspRange.class
   JD: libs/bcutil-jdk15on.jar/org/bouncycastle/oer/its/ieee1609dot2/basetypes/PublicEncryptionKey$Builder.class
   JD: libs/bcutil-jdk15on.jar/org/bouncycastle/oer/its/ieee1609dot2/basetypes/PublicEncryptionKey.class
   JD: libs/bcutil-jdk15on.jar/org/bouncycastle/oer/its/ieee1609dot2/basetypes/PublicVerificationKey$Builder.class
   JD: libs/bcutil-jdk15on.jar/org/bouncycastle/oer/its/ieee1609dot2/basetypes/PublicVerificationKey.class
   JD: libs/bcutil-jdk15on.jar/org/bouncycastle/oer/its/ieee1609dot2/basetypes/RectangularRegion$Builder.class
   JD: libs/bcutil-jdk15on.jar/org/bouncycastle/oer/its/ieee1609dot2/basetypes/RectangularRegion.class
   JD: libs/bcutil-jdk15on.jar/org/bouncycastle/oer/its/ieee1609dot2/basetypes/RegionAndSubregions$Builder.class
   JD: libs/bcutil-jdk15on.jar/org/bouncycastle/oer/its/ieee1609dot2/basetypes/RegionAndSubregions.class
   JD: libs/bcutil-jdk15on.jar/org/bouncycastle/oer/its/ieee1609dot2/basetypes/RegionInterface.class
   JD: libs/bcutil-jdk15on.jar/org/bouncycastle/oer/its/ieee1609dot2/basetypes/SequenceOfHashedId3$Builder.class
   JD: libs/bcutil-jdk15on.jar/org/bouncycastle/oer/its/ieee1609dot2/basetypes/SequenceOfHashedId3.class
   JD: libs/bcutil-jdk15on.jar/org/bouncycastle/oer/its/ieee1609dot2/basetypes/SequenceOfHashedId8$Builder.class
   JD: libs/bcutil-jdk15on.jar/org/bouncycastle/oer/its/ieee1609dot2/basetypes/SequenceOfHashedId8.class
   JD: libs/bcutil-jdk15on.jar/org/bouncycastle/oer/its/ieee1609dot2/basetypes/SequenceOfIdentifiedRegion.class
   JD: libs/bcutil-jdk15on.jar/org/bouncycastle/oer/its/ieee1609dot2/basetypes/SequenceOfOctetString.class
   JD: libs/bcutil-jdk15on.jar/org/bouncycastle/oer/its/ieee1609dot2/basetypes/SequenceOfPsid$Builder.class
   JD: libs/bcutil-jdk15on.jar/org/bouncycastle/oer/its/ieee1609dot2/basetypes/SequenceOfPsid.class
   JD: libs/bcutil-jdk15on.jar/org/bouncycastle/oer/its/ieee1609dot2/basetypes/SequenceOfPsidSsp$Builder.class
   JD: libs/bcutil-jdk15on.jar/org/bouncycastle/oer/its/ieee1609dot2/basetypes/SequenceOfPsidSsp.class
   JD: libs/bcutil-jdk15on.jar/org/bouncycastle/oer/its/ieee1609dot2/basetypes/SequenceOfPsidSspRange$Builder.class
   JD: libs/bcutil-jdk15on.jar/org/bouncycastle/oer/its/ieee1609dot2/basetypes/SequenceOfPsidSspRange.class
   JD: libs/bcutil-jdk15on.jar/org/bouncycastle/oer/its/ieee1609dot2/basetypes/SequenceOfRectangularRegion.class
   JD: libs/bcutil-jdk15on.jar/org/bouncycastle/oer/its/ieee1609dot2/basetypes/SequenceOfRegionAndSubregions.class
   JD: libs/bcutil-jdk15on.jar/org/bouncycastle/oer/its/ieee1609dot2/basetypes/SequenceOfUint16$Builder.class
   JD: libs/bcutil-jdk15on.jar/org/bouncycastle/oer/its/ieee1609dot2/basetypes/SequenceOfUint16.class
   JD: libs/bcutil-jdk15on.jar/org/bouncycastle/oer/its/ieee1609dot2/basetypes/SequenceOfUint8$Builder.class
   JD: libs/bcutil-jdk15on.jar/org/bouncycastle/oer/its/ieee1609dot2/basetypes/SequenceOfUint8.class
   JD: libs/bcutil-jdk15on.jar/org/bouncycastle/oer/its/ieee1609dot2/basetypes/ServiceSpecificPermissions.class
   JD: libs/bcutil-jdk15on.jar/org/bouncycastle/oer/its/ieee1609dot2/basetypes/Signature.class
   JD: libs/bcutil-jdk15on.jar/org/bouncycastle/oer/its/ieee1609dot2/basetypes/SspRange.class
   JD: libs/bcutil-jdk15on.jar/org/bouncycastle/oer/its/ieee1609dot2/basetypes/SubjectAssurance.class
   JD: libs/bcutil-jdk15on.jar/org/bouncycastle/oer/its/ieee1609dot2/basetypes/SymmAlgorithm.class
   JD: libs/bcutil-jdk15on.jar/org/bouncycastle/oer/its/ieee1609dot2/basetypes/SymmetricEncryptionKey.class
   JD: libs/bcutil-jdk15on.jar/org/bouncycastle/oer/its/ieee1609dot2/basetypes/ThreeDLocation$Builder.class
   JD: libs/bcutil-jdk15on.jar/org/bouncycastle/oer/its/ieee1609dot2/basetypes/ThreeDLocation.class
   JD: libs/bcutil-jdk15on.jar/org/bouncycastle/oer/its/ieee1609dot2/basetypes/Time32.class
   JD: libs/bcutil-jdk15on.jar/org/bouncycastle/oer/its/ieee1609dot2/basetypes/Time64.class
   JD: libs/bcutil-jdk15on.jar/org/bouncycastle/oer/its/ieee1609dot2/basetypes/TwoDLocation$Builder.class
   JD: libs/bcutil-jdk15on.jar/org/bouncycastle/oer/its/ieee1609dot2/basetypes/TwoDLocation.class
   JD: libs/bcutil-jdk15on.jar/org/bouncycastle/oer/its/ieee1609dot2/basetypes/UINT16.class
   JD: libs/bcutil-jdk15on.jar/org/bouncycastle/oer/its/ieee1609dot2/basetypes/UINT3.class
   JD: libs/bcutil-jdk15on.jar/org/bouncycastle/oer/its/ieee1609dot2/basetypes/UINT32.class
   JD: libs/bcutil-jdk15on.jar/org/bouncycastle/oer/its/ieee1609dot2/basetypes/UINT64.class
   JD: libs/bcutil-jdk15on.jar/org/bouncycastle/oer/its/ieee1609dot2/basetypes/UINT8.class
   JD: libs/bcutil-jdk15on.jar/org/bouncycastle/oer/its/ieee1609dot2/basetypes/UintBase.class
   JD: libs/bcutil-jdk15on.jar/org/bouncycastle/oer/its/ieee1609dot2/basetypes/UnknownLatitude.class
   JD: libs/bcutil-jdk15on.jar/org/bouncycastle/oer/its/ieee1609dot2/basetypes/UnknownLongitude.class
   JD: libs/bcutil-jdk15on.jar/org/bouncycastle/oer/its/ieee1609dot2/basetypes/ValidityPeriod$Builder.class
   JD: libs/bcutil-jdk15on.jar/org/bouncycastle/oer/its/ieee1609dot2/basetypes/ValidityPeriod.class
   JD: libs/bcutil-jdk15on.jar/org/bouncycastle/oer/its/ieee1609dot2dot1/
   JD: libs/bcutil-jdk15on.jar/org/bouncycastle/oer/its/ieee1609dot2dot1/AdditionalParams.class
   JD: libs/bcutil-jdk15on.jar/org/bouncycastle/oer/its/ieee1609dot2dot1/ButterflyExpansion.class
   JD: libs/bcutil-jdk15on.jar/org/bouncycastle/oer/its/ieee1609dot2dot1/ButterflyParamsOriginal$Builder.class
   JD: libs/bcutil-jdk15on.jar/org/bouncycastle/oer/its/ieee1609dot2dot1/ButterflyParamsOriginal.class
   JD: libs/bcutil-jdk15on.jar/org/bouncycastle/oer/its/ieee1609dot2dot1/EeEcaCertRequest$Builder.class
   JD: libs/bcutil-jdk15on.jar/org/bouncycastle/oer/its/ieee1609dot2dot1/EeEcaCertRequest.class
   JD: libs/bcutil-jdk15on.jar/org/bouncycastle/oer/its/ieee1609dot2dot1/EeRaCertRequest$Builder.class
   JD: libs/bcutil-jdk15on.jar/org/bouncycastle/oer/its/ieee1609dot2dot1/EeRaCertRequest.class
   JD: libs/bcutil-jdk15on.jar/org/bouncycastle/oer/its/template/IEEE1609dot2.class.removed
   JD: libs/bcutil-jdk15on.jar/org/bouncycastle/oer/its/template/Ieee1609Dot2BaseTypes.class.removed
   JD: libs/bcutil-jdk15on.jar/org/bouncycastle/oer/its/template/etsi102941/
   JD: libs/bcutil-jdk15on.jar/org/bouncycastle/oer/its/template/etsi102941/EtsiTs102941MessagesCa.class
   JD: libs/bcutil-jdk15on.jar/org/bouncycastle/oer/its/template/etsi102941/EtsiTs102941TrustLists.class
   JD: libs/bcutil-jdk15on.jar/org/bouncycastle/oer/its/template/etsi102941/EtsiTs102941TypesAuthorization.class
   JD: libs/bcutil-jdk15on.jar/org/bouncycastle/oer/its/template/etsi102941/EtsiTs102941TypesAuthorizationValidation.class
   JD: libs/bcutil-jdk15on.jar/org/bouncycastle/oer/its/template/etsi102941/EtsiTs102941TypesCaManagement.class
   JD: libs/bcutil-jdk15on.jar/org/bouncycastle/oer/its/template/etsi102941/EtsiTs102941TypesEnrolment.class
   JD: libs/bcutil-jdk15on.jar/org/bouncycastle/oer/its/template/etsi102941/EtsiTs102941TypesLinkCertificate.class
   JD: libs/bcutil-jdk15on.jar/org/bouncycastle/oer/its/template/etsi102941/basetypes/
   JD: libs/bcutil-jdk15on.jar/org/bouncycastle/oer/its/template/etsi102941/basetypes/EtsiTs102941BaseTypes.class
   JD: libs/bcutil-jdk15on.jar/org/bouncycastle/oer/its/template/etsi103097/
   JD: libs/bcutil-jdk15on.jar/org/bouncycastle/oer/its/template/etsi103097/EtsiTs103097Module.class
   JD: libs/bcutil-jdk15on.jar/org/bouncycastle/oer/its/template/etsi103097/extension/
   JD: libs/bcutil-jdk15on.jar/org/bouncycastle/oer/its/template/etsi103097/extension/EtsiTs103097ExtensionModule$1.class
   JD: libs/bcutil-jdk15on.jar/org/bouncycastle/oer/its/template/etsi103097/extension/EtsiTs103097ExtensionModule.class
   JD: libs/bcutil-jdk15on.jar/org/bouncycastle/oer/its/template/ieee1609dot2/
   JD: libs/bcutil-jdk15on.jar/org/bouncycastle/oer/its/template/ieee1609dot2/IEEE1609dot2$1.class
   JD: libs/bcutil-jdk15on.jar/org/bouncycastle/oer/its/template/ieee1609dot2/IEEE1609dot2$2.class
   JD: libs/bcutil-jdk15on.jar/org/bouncycastle/oer/its/template/ieee1609dot2/IEEE1609dot2$3.class
   JD: libs/bcutil-jdk15on.jar/org/bouncycastle/oer/its/template/ieee1609dot2/IEEE1609dot2.class
   JD: libs/bcutil-jdk15on.jar/org/bouncycastle/oer/its/template/ieee1609dot2/basetypes/
   JD: libs/bcutil-jdk15on.jar/org/bouncycastle/oer/its/template/ieee1609dot2/basetypes/Ieee1609Dot2BaseTypes.class
   JD: libs/bcutil-jdk15on.jar/org/bouncycastle/oer/its/template/ieee1609dot2dot1/
   JD: libs/bcutil-jdk15on.jar/org/bouncycastle/oer/its/template/ieee1609dot2dot1/Ieee1609Dot2Dot1EcaEeInterface.class
   JD: libs/bcutil-jdk15on.jar/org/bouncycastle/oer/its/template/ieee1609dot2dot1/Ieee1609Dot2Dot1EeRaInterface.class
   JD: libs/cons.jar/org/jdownloader/container/AMZ.class
   JD: libs/cons.jar/org/jdownloader/container/C.class
   JD: libs/cons.jar/org/jdownloader/container/Config$1$1.class
   JD: libs/cons.jar/org/jdownloader/container/Config$1.class
   JD: libs/cons.jar/org/jdownloader/container/Config$2.class
   JD: libs/cons.jar/org/jdownloader/container/Config.class
   JD: libs/cons.jar/org/jdownloader/container/D.class
   JD: libs/cons.jar/org/jdownloader/container/R.class
   JD: libs/jna.jar/META-INF/MANIFEST.MF
   JD: libs/jna.jar/com/sun/jna/Native$1.class
   JD: libs/jna.jar/com/sun/jna/Native$2.class
   JD: libs/jna.jar/com/sun/jna/Native$3.class
   JD: libs/jna.jar/com/sun/jna/Native$4.class
   JD: libs/jna.jar/com/sun/jna/Native$5.class
   JD: libs/jna.jar/com/sun/jna/Native$6.class
   JD: libs/jna.jar/com/sun/jna/Native$7.class
   JD: libs/jna.jar/com/sun/jna/Native$AWT.class
   JD: libs/jna.jar/com/sun/jna/Native$Buffers.class
   JD: libs/jna.jar/com/sun/jna/Native.class
   JD: libs/jna.jar/com/sun/jna/Platform.class
   JD: libs/jna.jar/com/sun/jna/Version.class
   JD: libs/jna.jar/com/sun/jna/aix-ppc/libjnidispatch.a
   JD: libs/jna.jar/com/sun/jna/aix-ppc64/libjnidispatch.a
   JD: libs/jna.jar/com/sun/jna/darwin-aarch64/libjnidispatch.jnilib
   JD: libs/jna.jar/com/sun/jna/darwin-x86-64/libjnidispatch.jnilib
   JD: libs/jna.jar/com/sun/jna/freebsd-x86-64/libjnidispatch.so
   JD: libs/jna.jar/com/sun/jna/freebsd-x86/libjnidispatch.so
   JD: libs/jna.jar/com/sun/jna/linux-aarch64/libjnidispatch.so
   JD: libs/jna.jar/com/sun/jna/linux-arm/libjnidispatch.so
   JD: libs/jna.jar/com/sun/jna/linux-armel/libjnidispatch.so
   JD: libs/jna.jar/com/sun/jna/linux-mips64el/libjnidispatch.so
   JD: libs/jna.jar/com/sun/jna/linux-ppc/libjnidispatch.so
   JD: libs/jna.jar/com/sun/jna/linux-ppc64le/libjnidispatch.so
   JD: libs/jna.jar/com/sun/jna/linux-s390x/libjnidispatch.so
   JD: libs/jna.jar/com/sun/jna/linux-x86-64/libjnidispatch.so
   JD: libs/jna.jar/com/sun/jna/linux-x86/libjnidispatch.so
   JD: libs/jna.jar/com/sun/jna/openbsd-x86-64/libjnidispatch.so
   JD: libs/jna.jar/com/sun/jna/openbsd-x86/libjnidispatch.so
   JD: libs/jna.jar/com/sun/jna/sunos-sparc/libjnidispatch.so
   JD: libs/jna.jar/com/sun/jna/sunos-sparcv9/libjnidispatch.so
   JD: libs/jna.jar/com/sun/jna/sunos-x86-64/libjnidispatch.so
   JD: libs/jna.jar/com/sun/jna/sunos-x86/libjnidispatch.so
   JD: libs/jna.jar/com/sun/jna/win32-aarch64/jnidispatch.dll
   JD: libs/jna.jar/com/sun/jna/win32-x86-64/jnidispatch.dll
   JD: libs/jna.jar/com/sun/jna/win32-x86/jnidispatch.dll
   JD: libs/jna_platform.jar/META-INF/MANIFEST.MF
   JD: libs/jna_platform.jar/com/sun/jna/platform/KeyboardUtils$X11KeyboardUtils.class
   JD: libs/jna_platform.jar/com/sun/jna/platform/mac/CoreFoundation$CFDictionaryRef.class
   JD: libs/jna_platform.jar/com/sun/jna/platform/mac/CoreFoundation$CFIndex.class
   JD: libs/jna_platform.jar/com/sun/jna/platform/mac/CoreFoundation$CFMutableDictionaryRef.class
   JD: libs/jna_platform.jar/com/sun/jna/platform/mac/CoreFoundation$CFStringRef.class
   JD: libs/jna_platform.jar/com/sun/jna/platform/mac/CoreFoundation$CFTypeID.class
   JD: libs/jna_platform.jar/com/sun/jna/platform/mac/CoreFoundation.class
   JD: libs/jna_platform.jar/com/sun/jna/platform/unix/X11.class
   JD: libs/jna_platform.jar/com/sun/jna/platform/unix/solaris/Kstat2$Kstat2Handle.class
   JD: libs/jna_platform.jar/com/sun/jna/platform/unix/solaris/Kstat2$Kstat2Map.class
   JD: libs/jna_platform.jar/com/sun/jna/platform/unix/solaris/Kstat2$Kstat2MatcherList.class
   JD: libs/jna_platform.jar/com/sun/jna/platform/unix/solaris/Kstat2$Kstat2NV$UNION$IntegersArr.class
   JD: libs/jna_platform.jar/com/sun/jna/platform/unix/solaris/Kstat2$Kstat2NV$UNION$StringsArr.class
   JD: libs/jna_platform.jar/com/sun/jna/platform/unix/solaris/Kstat2$Kstat2NV$UNION.class
   JD: libs/jna_platform.jar/com/sun/jna/platform/unix/solaris/Kstat2$Kstat2NV.class
   JD: libs/jna_platform.jar/com/sun/jna/platform/unix/solaris/Kstat2.class
   JD: libs/jna_platform.jar/com/sun/jna/platform/unix/solaris/Kstat2StatusException.class
   JD: libs/jna_platform.jar/com/sun/jna/platform/win32/Advapi32.class
   JD: libs/jna_platform.jar/com/sun/jna/platform/win32/Advapi32Util$1.class
   JD: libs/jna_platform.jar/com/sun/jna/platform/win32/Advapi32Util$2.class
   JD: libs/jna_platform.jar/com/sun/jna/platform/win32/Advapi32Util$AccessCheckPermission.class
   JD: libs/jna_platform.jar/com/sun/jna/platform/win32/Advapi32Util$EnumKey.class
   JD: libs/jna_platform.jar/com/sun/jna/platform/win32/Advapi32Util$EventLogIterator.class
   JD: libs/jna_platform.jar/com/sun/jna/platform/win32/Advapi32Util$EventLogRecord.class
   JD: libs/jna_platform.jar/com/sun/jna/platform/win32/Advapi32Util$EventLogType.class
   JD: libs/jna_platform.jar/com/sun/jna/platform/win32/Advapi32Util$InfoKey.class
   JD: libs/jna_platform.jar/com/sun/jna/platform/win32/Advapi32Util$Privilege.class
   JD: libs/jna_platform.jar/com/sun/jna/platform/win32/Advapi32Util.class
   JD: libs/jna_platform.jar/com/sun/jna/platform/win32/Kernel32.class
   JD: libs/jna_platform.jar/com/sun/jna/platform/win32/Kernel32Util$1.class
   JD: libs/jna_platform.jar/com/sun/jna/platform/win32/Kernel32Util$2.class
   JD: libs/jna_platform.jar/com/sun/jna/platform/win32/Kernel32Util.class
   JD: libs/jna_platform.jar/com/sun/jna/platform/win32/Sspi$CredHandle.class
   JD: libs/jna_platform.jar/com/sun/jna/platform/win32/Sspi$CtxtHandle.class
   JD: libs/jna_platform.jar/com/sun/jna/platform/win32/Sspi$PSecHandle$ByReference.class
   JD: libs/jna_platform.jar/com/sun/jna/platform/win32/Sspi$PSecHandle.class
   JD: libs/jna_platform.jar/com/sun/jna/platform/win32/Sspi$PSecPkgInfo$ByReference.class
   JD: libs/jna_platform.jar/com/sun/jna/platform/win32/Sspi$PSecPkgInfo.class
   JD: libs/jna_platform.jar/com/sun/jna/platform/win32/Sspi$SECURITY_INTEGER.class
   JD: libs/jna_platform.jar/com/sun/jna/platform/win32/Sspi$SEC_WINNT_AUTH_IDENTITY.class
   JD: libs/jna_platform.jar/com/sun/jna/platform/win32/Sspi$SecBuffer$ByReference.class
   JD: libs/jna_platform.jar/com/sun/jna/platform/win32/Sspi$SecBuffer.class
   JD: libs/jna_platform.jar/com/sun/jna/platform/win32/Sspi$SecBufferDesc.class
   JD: libs/jna_platform.jar/com/sun/jna/platform/win32/Sspi$SecHandle$ByReference.class
   JD: libs/jna_platform.jar/com/sun/jna/platform/win32/Sspi$SecHandle.class
   JD: libs/jna_platform.jar/com/sun/jna/platform/win32/Sspi$SecPkgContext_Flags$ByReference.class
   JD: libs/jna_platform.jar/com/sun/jna/platform/win32/Sspi$SecPkgContext_Flags.class
   JD: libs/jna_platform.jar/com/sun/jna/platform/win32/Sspi$SecPkgContext_KeyInfo.class
   JD: libs/jna_platform.jar/com/sun/jna/platform/win32/Sspi$SecPkgContext_Lifespan$ByReference.class
   JD: libs/jna_platform.jar/com/sun/jna/platform/win32/Sspi$SecPkgContext_Lifespan.class
   JD: libs/jna_platform.jar/com/sun/jna/platform/win32/Sspi$SecPkgContext_NegotiationInfo$ByReference.class
   JD: libs/jna_platform.jar/com/sun/jna/platform/win32/Sspi$SecPkgContext_NegotiationInfo.class
   JD: libs/jna_platform.jar/com/sun/jna/platform/win32/Sspi$SecPkgContext_PackageInfo$ByReference.class
   JD: libs/jna_platform.jar/com/sun/jna/platform/win32/Sspi$SecPkgContext_PackageInfo.class
   JD: libs/jna_platform.jar/com/sun/jna/platform/win32/Sspi$SecPkgContext_SessionKey$ByReference.class
   JD: libs/jna_platform.jar/com/sun/jna/platform/win32/Sspi$SecPkgContext_SessionKey.class
   JD: libs/jna_platform.jar/com/sun/jna/platform/win32/Sspi$SecPkgContext_Sizes$ByReference.class
   JD: libs/jna_platform.jar/com/sun/jna/platform/win32/Sspi$SecPkgContext_Sizes.class
   JD: libs/jna_platform.jar/com/sun/jna/platform/win32/Sspi$SecPkgCredentials_Names$ByReference.class
   JD: libs/jna_platform.jar/com/sun/jna/platform/win32/Sspi$SecPkgCredentials_Names.class
   JD: libs/jna_platform.jar/com/sun/jna/platform/win32/Sspi$SecPkgInfo$ByReference.class
   JD: libs/jna_platform.jar/com/sun/jna/platform/win32/Sspi$SecPkgInfo.class
   JD: libs/jna_platform.jar/com/sun/jna/platform/win32/Sspi$TimeStamp.class
   JD: libs/jna_platform.jar/com/sun/jna/platform/win32/Sspi.class
   JD: libs/jna_platform.jar/com/sun/jna/platform/win32/WinBase$COMMTIMEOUTS.class
   JD: libs/jna_platform.jar/com/sun/jna/platform/win32/WinBase$DCB$DCBControllBits.class
   JD: libs/jna_platform.jar/com/sun/jna/platform/win32/WinBase$DCB.class
   JD: libs/jna_platform.jar/com/sun/jna/platform/win32/WinBase$FILETIME$ByReference.class
   JD: libs/jna_platform.jar/com/sun/jna/platform/win32/WinBase$FILETIME.class
   JD: libs/jna_platform.jar/com/sun/jna/platform/win32/WinBase$FILE_ATTRIBUTE_TAG_INFO$ByReference.class
   JD: libs/jna_platform.jar/com/sun/jna/platform/win32/WinBase$FILE_ATTRIBUTE_TAG_INFO.class
   JD: libs/jna_platform.jar/com/sun/jna/platform/win32/WinBase$FILE_BASIC_INFO$ByReference.class
   JD: libs/jna_platform.jar/com/sun/jna/platform/win32/WinBase$FILE_BASIC_INFO.class
   JD: libs/jna_platform.jar/com/sun/jna/platform/win32/WinBase$FILE_COMPRESSION_INFO$ByReference.class
   JD: libs/jna_platform.jar/com/sun/jna/platform/win32/WinBase$FILE_COMPRESSION_INFO.class
   JD: libs/jna_platform.jar/com/sun/jna/platform/win32/WinBase$FILE_DISPOSITION_INFO$ByReference.class
   JD: libs/jna_platform.jar/com/sun/jna/platform/win32/WinBase$FILE_DISPOSITION_INFO.class
   JD: libs/jna_platform.jar/com/sun/jna/platform/win32/WinBase$FILE_ID_INFO$ByReference.class
   JD: libs/jna_platform.jar/com/sun/jna/platform/win32/WinBase$FILE_ID_INFO$FILE_ID_128.class
   JD: libs/jna_platform.jar/com/sun/jna/platform/win32/WinBase$FILE_ID_INFO.class
   JD: libs/jna_platform.jar/com/sun/jna/platform/win32/WinBase$FILE_STANDARD_INFO$ByReference.class
   JD: libs/jna_platform.jar/com/sun/jna/platform/win32/WinBase$FILE_STANDARD_INFO.class
   JD: libs/jna_platform.jar/com/sun/jna/platform/win32/WinBase$FOREIGN_THREAD_START_ROUTINE.class
   JD: libs/jna_platform.jar/com/sun/jna/platform/win32/WinBase$MEMORYSTATUSEX.class
   JD: libs/jna_platform.jar/com/sun/jna/platform/win32/WinBase$OVERLAPPED.class
   JD: libs/jna_platform.jar/com/sun/jna/platform/win32/WinBase$PROCESS_INFORMATION$ByReference.class
   JD: libs/jna_platform.jar/com/sun/jna/platform/win32/WinBase$PROCESS_INFORMATION.class
   JD: libs/jna_platform.jar/com/sun/jna/platform/win32/WinBase$SECURITY_ATTRIBUTES.class
   JD: libs/jna_platform.jar/com/sun/jna/platform/win32/WinBase$STARTUPINFO.class
   JD: libs/jna_platform.jar/com/sun/jna/platform/win32/WinBase$SYSTEMTIME.class
   JD: libs/jna_platform.jar/com/sun/jna/platform/win32/WinBase$SYSTEM_INFO$PI$ByReference.class
   JD: libs/jna_platform.jar/com/sun/jna/platform/win32/WinBase$SYSTEM_INFO$PI.class
   JD: libs/jna_platform.jar/com/sun/jna/platform/win32/WinBase$SYSTEM_INFO$UNION$ByReference.class
   JD: libs/jna_platform.jar/com/sun/jna/platform/win32/WinBase$SYSTEM_INFO$UNION.class
   JD: libs/jna_platform.jar/com/sun/jna/platform/win32/WinBase$SYSTEM_INFO.class
   JD: libs/jna_platform.jar/com/sun/jna/platform/win32/WinBase$TIME_ZONE_INFORMATION.class
   JD: libs/jna_platform.jar/com/sun/jna/platform/win32/WinBase$WIN32_FIND_DATA$ByReference.class
   JD: libs/jna_platform.jar/com/sun/jna/platform/win32/WinBase$WIN32_FIND_DATA.class
   JD: libs/jna_platform.jar/com/sun/jna/platform/win32/WinBase.class
   JD: libs/jna_platform.jar/com/sun/jna/platform/win32/WinNT$ACCESS_ACEStructure.class
   JD: libs/jna_platform.jar/com/sun/jna/platform/win32/WinNT$ACCESS_ALLOWED_ACE.class
   JD: libs/jna_platform.jar/com/sun/jna/platform/win32/WinNT$ACCESS_DENIED_ACE.class
   JD: libs/jna_platform.jar/com/sun/jna/platform/win32/WinNT$ACE_HEADER.class
   JD: libs/jna_platform.jar/com/sun/jna/platform/win32/WinNT$ACL.class
   JD: libs/jna_platform.jar/com/sun/jna/platform/win32/WinNT$BATTERY_REPORTING_SCALE.class
   JD: libs/jna_platform.jar/com/sun/jna/platform/win32/WinNT$CACHE_DESCRIPTOR.class
   JD: libs/jna_platform.jar/com/sun/jna/platform/win32/WinNT$CACHE_RELATIONSHIP.class
   JD: libs/jna_platform.jar/com/sun/jna/platform/win32/WinNT$EVENTLOGRECORD.class
   JD: libs/jna_platform.jar/com/sun/jna/platform/win32/WinNT$FILE_NOTIFY_INFORMATION.class
   JD: libs/jna_platform.jar/com/sun/jna/platform/win32/WinNT$GENERIC_MAPPING$ByReference.class
   JD: libs/jna_platform.jar/com/sun/jna/platform/win32/WinNT$GENERIC_MAPPING.class
   JD: libs/jna_platform.jar/com/sun/jna/platform/win32/WinNT$GROUP_AFFINITY.class
   JD: libs/jna_platform.jar/com/sun/jna/platform/win32/WinNT$GROUP_RELATIONSHIP.class
   JD: libs/jna_platform.jar/com/sun/jna/platform/win32/WinNT$HANDLE.class
   JD: libs/jna_platform.jar/com/sun/jna/platform/win32/WinNT$HANDLEByReference.class
   JD: libs/jna_platform.jar/com/sun/jna/platform/win32/WinNT$HRESULT.class
   JD: libs/jna_platform.jar/com/sun/jna/platform/win32/WinNT$IO_COUNTERS.class
   JD: libs/jna_platform.jar/com/sun/jna/platform/win32/WinNT$LARGE_INTEGER$ByReference.class
   JD: libs/jna_platform.jar/com/sun/jna/platform/win32/WinNT$LARGE_INTEGER$LowHigh.class
   JD: libs/jna_platform.jar/com/sun/jna/platform/win32/WinNT$LARGE_INTEGER$UNION.class
   JD: libs/jna_platform.jar/com/sun/jna/platform/win32/WinNT$LARGE_INTEGER.class
   JD: libs/jna_platform.jar/com/sun/jna/platform/win32/WinNT$LUID.class
   JD: libs/jna_platform.jar/com/sun/jna/platform/win32/WinNT$LocaleMacros.class
   JD: libs/jna_platform.jar/com/sun/jna/platform/win32/WinNT$MEMORY_BASIC_INFORMATION.class
   JD: libs/jna_platform.jar/com/sun/jna/platform/win32/WinNT$NUMA_NODE_RELATIONSHIP.class
   JD: libs/jna_platform.jar/com/sun/jna/platform/win32/WinNT$OSVERSIONINFO.class
   JD: libs/jna_platform.jar/com/sun/jna/platform/win32/WinNT$OSVERSIONINFOEX.class
   JD: libs/jna_platform.jar/com/sun/jna/platform/win32/WinNT$PACLByReference.class
   JD: libs/jna_platform.jar/com/sun/jna/platform/win32/WinNT$POWER_ACTION_POLICY.class
   JD: libs/jna_platform.jar/com/sun/jna/platform/win32/WinNT$PROCESSOR_CACHE_TYPE.class
   JD: libs/jna_platform.jar/com/sun/jna/platform/win32/WinNT$PROCESSOR_GROUP_INFO.class
   JD: libs/jna_platform.jar/com/sun/jna/platform/win32/WinNT$PROCESSOR_POWER_INFORMATION.class
   JD: libs/jna_platform.jar/com/sun/jna/platform/win32/WinNT$PROCESSOR_RELATIONSHIP.class
   JD: libs/jna_platform.jar/com/sun/jna/platform/win32/WinNT$SECURITY_DESCRIPTOR$ByReference.class
   JD: libs/jna_platform.jar/com/sun/jna/platform/win32/WinNT$SECURITY_DESCRIPTOR.class
   JD: libs/jna_platform.jar/com/sun/jna/platform/win32/WinNT$SECURITY_DESCRIPTOR_RELATIVE$ByReference.class
   JD: libs/jna_platform.jar/com/sun/jna/platform/win32/WinNT$SECURITY_DESCRIPTOR_RELATIVE.class
   JD: libs/jna_platform.jar/com/sun/jna/platform/win32/WinNT$SECURITY_QUALITY_OF_SERVICE.class
   JD: libs/jna_platform.jar/com/sun/jna/platform/win32/WinNT$SYSTEM_BATTERY_STATE.class
   JD: libs/jna_platform.jar/com/sun/jna/platform/win32/WinNT$SYSTEM_LOGICAL_PROCESSOR_INFORMATION$AnonymousStructNumaNode.class
   JD: libs/jna_platform.jar/com/sun/jna/platform/win32/WinNT$SYSTEM_LOGICAL_PROCESSOR_INFORMATION$AnonymousStructProcessorCore.class
   JD: libs/jna_platform.jar/com/sun/jna/platform/win32/WinNT$SYSTEM_LOGICAL_PROCESSOR_INFORMATION$AnonymousUnionPayload.class
   JD: libs/jna_platform.jar/com/sun/jna/platform/win32/WinNT$SYSTEM_LOGICAL_PROCESSOR_INFORMATION.class
   JD: libs/jna_platform.jar/com/sun/jna/platform/win32/WinNT$SYSTEM_LOGICAL_PROCESSOR_INFORMATION_EX.class
   JD: libs/jna_platform.jar/com/sun/jna/platform/win32/WinNT$SYSTEM_POWER_CAPABILITIES.class
   JD: libs/jna_platform.jar/com/sun/jna/platform/win32/WinNT$SYSTEM_POWER_INFORMATION.class
   JD: libs/jna_platform.jar/com/sun/jna/platform/win32/WinNT$SYSTEM_POWER_LEVEL.class
   JD: libs/jna_platform.jar/com/sun/jna/platform/win32/WinNT$SYSTEM_POWER_POLICY.class
   JD: libs/jna_platform.jar/com/sun/jna/platform/win32/WinNT$UNKNOWN_RELATIONSHIP.class
   JD: libs/jna_platform.jar/com/sun/jna/platform/win32/WinNT$WELL_KNOWN_SID_TYPE.class
   JD: libs/jna_platform.jar/com/sun/jna/platform/win32/WinNT.class
   JD: libs/laf/synthetica.jar/META-INF/MANIFEST.MF
   JD: libs/laf/synthetica.jar/de/javasoft/plaf/synthetica/ExtKeyEventProcessor.class
   JD: libs/laf/synthetica.jar/de/javasoft/plaf/synthetica/StyleFactory$1.class
   JD: libs/laf/synthetica.jar/de/javasoft/plaf/synthetica/StyleFactory$10.class
   JD: libs/laf/synthetica.jar/de/javasoft/plaf/synthetica/StyleFactory$11.class
   JD: libs/laf/synthetica.jar/de/javasoft/plaf/synthetica/StyleFactory$12.class
   JD: libs/laf/synthetica.jar/de/javasoft/plaf/synthetica/StyleFactory$13.class
   JD: libs/laf/synthetica.jar/de/javasoft/plaf/synthetica/StyleFactory$14.class
   JD: libs/laf/synthetica.jar/de/javasoft/plaf/synthetica/StyleFactory$15$1.class
   JD: libs/laf/synthetica.jar/de/javasoft/plaf/synthetica/StyleFactory$15.class
   JD: libs/laf/synthetica.jar/de/javasoft/plaf/synthetica/StyleFactory$16.class
   JD: libs/laf/synthetica.jar/de/javasoft/plaf/synthetica/StyleFactory$17.class
   JD: libs/laf/synthetica.jar/de/javasoft/plaf/synthetica/StyleFactory$18.class
   JD: libs/laf/synthetica.jar/de/javasoft/plaf/synthetica/StyleFactory$19.class
   JD: libs/laf/synthetica.jar/de/javasoft/plaf/synthetica/StyleFactory$2.class
   JD: libs/laf/synthetica.jar/de/javasoft/plaf/synthetica/StyleFactory$20.class
   JD: libs/laf/synthetica.jar/de/javasoft/plaf/synthetica/StyleFactory$21.class
   JD: libs/laf/synthetica.jar/de/javasoft/plaf/synthetica/StyleFactory$22.class
   JD: libs/laf/synthetica.jar/de/javasoft/plaf/synthetica/StyleFactory$23.class
   JD: libs/laf/synthetica.jar/de/javasoft/plaf/synthetica/StyleFactory$24.class
   JD: libs/laf/synthetica.jar/de/javasoft/plaf/synthetica/StyleFactory$25.class
   JD: libs/laf/synthetica.jar/de/javasoft/plaf/synthetica/StyleFactory$26.class
   JD: libs/laf/synthetica.jar/de/javasoft/plaf/synthetica/StyleFactory$27.class
   JD: libs/laf/synthetica.jar/de/javasoft/plaf/synthetica/StyleFactory$28.class
   JD: libs/laf/synthetica.jar/de/javasoft/plaf/synthetica/StyleFactory$29.class
   JD: libs/laf/synthetica.jar/de/javasoft/plaf/synthetica/StyleFactory$3.class
   JD: libs/laf/synthetica.jar/de/javasoft/plaf/synthetica/StyleFactory$30.class
   JD: libs/laf/synthetica.jar/de/javasoft/plaf/synthetica/StyleFactory$31.class
   JD: libs/laf/synthetica.jar/de/javasoft/plaf/synthetica/StyleFactory$32.class
   JD: libs/laf/synthetica.jar/de/javasoft/plaf/synthetica/StyleFactory$33.class
   JD: libs/laf/synthetica.jar/de/javasoft/plaf/synthetica/StyleFactory$34.class
   JD: libs/laf/synthetica.jar/de/javasoft/plaf/synthetica/StyleFactory$35.class
   JD: libs/laf/synthetica.jar/de/javasoft/plaf/synthetica/StyleFactory$4.class
   JD: libs/laf/synthetica.jar/de/javasoft/plaf/synthetica/StyleFactory$5$1$1$1.class
   JD: libs/laf/synthetica.jar/de/javasoft/plaf/synthetica/StyleFactory$5$1$1.class
   JD: libs/laf/synthetica.jar/de/javasoft/plaf/synthetica/StyleFactory$5$1.class
   JD: libs/laf/synthetica.jar/de/javasoft/plaf/synthetica/StyleFactory$5.class
   JD: libs/laf/synthetica.jar/de/javasoft/plaf/synthetica/StyleFactory$6.class
   JD: libs/laf/synthetica.jar/de/javasoft/plaf/synthetica/StyleFactory$7.class
   JD: libs/laf/synthetica.jar/de/javasoft/plaf/synthetica/StyleFactory$8.class
   JD: libs/laf/synthetica.jar/de/javasoft/plaf/synthetica/StyleFactory$9.class
   JD: libs/laf/synthetica.jar/de/javasoft/plaf/synthetica/StyleFactory$CellRendererHoverListener.class
   JD: libs/laf/synthetica.jar/de/javasoft/plaf/synthetica/StyleFactory$ComponentProperty.class
   JD: libs/laf/synthetica.jar/de/javasoft/plaf/synthetica/StyleFactory$ComponentPropertyStore$1.class
   JD: libs/laf/synthetica.jar/de/javasoft/plaf/synthetica/StyleFactory$ComponentPropertyStore.class
   JD: libs/laf/synthetica.jar/de/javasoft/plaf/synthetica/StyleFactory$RepaintFocusListener.class
   JD: libs/laf/synthetica.jar/de/javasoft/plaf/synthetica/StyleFactory$RepaintTextComponentPropertyChangeListener.class
   JD: libs/laf/synthetica.jar/de/javasoft/plaf/synthetica/StyleFactory$SyntheticaComboPopupBorder.class
   JD: libs/laf/synthetica.jar/de/javasoft/plaf/synthetica/StyleFactory.class
   JD: libs/laf/synthetica.jar/de/javasoft/plaf/synthetica/SyntheticaDefaultBooleanTableCellRenderer.class
   JD: libs/laf/synthetica.jar/de/javasoft/plaf/synthetica/SyntheticaDefaultLookup$1.class
   JD: libs/laf/synthetica.jar/de/javasoft/plaf/synthetica/SyntheticaDefaultLookup.class
   JD: libs/laf/synthetica.jar/de/javasoft/plaf/synthetica/SyntheticaDefaultTableCellRenderer.class
   JD: libs/laf/synthetica.jar/de/javasoft/plaf/synthetica/SyntheticaLookAndFeel$1$1.class
   JD: libs/laf/synthetica.jar/de/javasoft/plaf/synthetica/SyntheticaLookAndFeel$1.class
   JD: libs/laf/synthetica.jar/de/javasoft/plaf/synthetica/SyntheticaLookAndFeel$2.class
   JD: libs/laf/synthetica.jar/de/javasoft/plaf/synthetica/SyntheticaLookAndFeel$3.class
   JD: libs/laf/synthetica.jar/de/javasoft/plaf/synthetica/SyntheticaLookAndFeel$4.class
   JD: libs/laf/synthetica.jar/de/javasoft/plaf/synthetica/SyntheticaLookAndFeel$5.class
   JD: libs/laf/synthetica.jar/de/javasoft/plaf/synthetica/SyntheticaLookAndFeel$6.class
   JD: libs/laf/synthetica.jar/de/javasoft/plaf/synthetica/SyntheticaLookAndFeel$7.class
   JD: libs/laf/synthetica.jar/de/javasoft/plaf/synthetica/SyntheticaLookAndFeel$8.class
   JD: libs/laf/synthetica.jar/de/javasoft/plaf/synthetica/SyntheticaLookAndFeel$ImageIconUIResource.class
   JD: libs/laf/synthetica.jar/de/javasoft/plaf/synthetica/SyntheticaLookAndFeel$JVMCompatibilityMode.class
   JD: libs/laf/synthetica.jar/de/javasoft/plaf/synthetica/SyntheticaLookAndFeel$Version.class
   JD: libs/laf/synthetica.jar/de/javasoft/plaf/synthetica/SyntheticaLookAndFeel.class
   JD: libs/laf/synthetica.jar/de/javasoft/plaf/synthetica/SyntheticaRootPaneUI$1.class
   JD: libs/laf/synthetica.jar/de/javasoft/plaf/synthetica/SyntheticaRootPaneUI$2.class
   JD: libs/laf/synthetica.jar/de/javasoft/plaf/synthetica/SyntheticaRootPaneUI$3.class
   JD: libs/laf/synthetica.jar/de/javasoft/plaf/synthetica/SyntheticaRootPaneUI$4.class
   JD: libs/laf/synthetica.jar/de/javasoft/plaf/synthetica/SyntheticaRootPaneUI$5.class
   JD: libs/laf/synthetica.jar/de/javasoft/plaf/synthetica/SyntheticaRootPaneUI$6.class
   JD: libs/laf/synthetica.jar/de/javasoft/plaf/synthetica/SyntheticaRootPaneUI$7.class
   JD: libs/laf/synthetica.jar/de/javasoft/plaf/synthetica/SyntheticaRootPaneUI$8.class
   JD: libs/laf/synthetica.jar/de/javasoft/plaf/synthetica/SyntheticaRootPaneUI$9.class
   JD: libs/laf/synthetica.jar/de/javasoft/plaf/synthetica/SyntheticaRootPaneUI$AWTMouseInputHandler.class
   JD: libs/laf/synthetica.jar/de/javasoft/plaf/synthetica/SyntheticaRootPaneUI$HeaderShadowType.class
   JD: libs/laf/synthetica.jar/de/javasoft/plaf/synthetica/SyntheticaRootPaneUI$MouseEventProcessor.class
   JD: libs/laf/synthetica.jar/de/javasoft/plaf/synthetica/SyntheticaRootPaneUI$MouseInputHandler$1.class
   JD: libs/laf/synthetica.jar/de/javasoft/plaf/synthetica/SyntheticaRootPaneUI$MouseInputHandler$2$1.class
   JD: libs/laf/synthetica.jar/de/javasoft/plaf/synthetica/SyntheticaRootPaneUI$MouseInputHandler$2.class
   JD: libs/laf/synthetica.jar/de/javasoft/plaf/synthetica/SyntheticaRootPaneUI$MouseInputHandler$3.class
   JD: libs/laf/synthetica.jar/de/javasoft/plaf/synthetica/SyntheticaRootPaneUI$MouseInputHandler$4.class
   JD: libs/laf/synthetica.jar/de/javasoft/plaf/synthetica/SyntheticaRootPaneUI$MouseInputHandler.class
   JD: libs/laf/synthetica.jar/de/javasoft/plaf/synthetica/SyntheticaRootPaneUI$SnapState.class
   JD: libs/laf/synthetica.jar/de/javasoft/plaf/synthetica/SyntheticaRootPaneUI$SyntheticaRootLayout.class
   JD: libs/laf/synthetica.jar/de/javasoft/plaf/synthetica/SyntheticaRootPaneUI.class
   JD: libs/laf/synthetica.jar/de/javasoft/plaf/synthetica/filechooser/SyntheticaFileChooserUI$1$1.class
   JD: libs/laf/synthetica.jar/de/javasoft/plaf/synthetica/filechooser/SyntheticaFileChooserUI$1$2.class
   JD: libs/laf/synthetica.jar/de/javasoft/plaf/synthetica/filechooser/SyntheticaFileChooserUI$1$3.class
   JD: libs/laf/synthetica.jar/de/javasoft/plaf/synthetica/filechooser/SyntheticaFileChooserUI$1.class
   JD: libs/laf/synthetica.jar/de/javasoft/plaf/synthetica/filechooser/SyntheticaFileChooserUI$2.class
   JD: libs/laf/synthetica.jar/de/javasoft/plaf/synthetica/filechooser/SyntheticaFileChooserUI$3.class
   JD: libs/laf/synthetica.jar/de/javasoft/plaf/synthetica/filechooser/SyntheticaFileChooserUI$4.class
   JD: libs/laf/synthetica.jar/de/javasoft/plaf/synthetica/filechooser/SyntheticaFileChooserUI$5$1.class
   JD: libs/laf/synthetica.jar/de/javasoft/plaf/synthetica/filechooser/SyntheticaFileChooserUI$5.class
   JD: libs/laf/synthetica.jar/de/javasoft/plaf/synthetica/filechooser/SyntheticaFileChooserUI$6$1.class
   JD: libs/laf/synthetica.jar/de/javasoft/plaf/synthetica/filechooser/SyntheticaFileChooserUI$6.class
   JD: libs/laf/synthetica.jar/de/javasoft/plaf/synthetica/filechooser/SyntheticaFileChooserUI$7.class
   JD: libs/laf/synthetica.jar/de/javasoft/plaf/synthetica/filechooser/SyntheticaFileChooserUI$8.class
   JD: libs/laf/synthetica.jar/de/javasoft/plaf/synthetica/filechooser/SyntheticaFileChooserUI$9.class
   JD: libs/laf/synthetica.jar/de/javasoft/plaf/synthetica/filechooser/SyntheticaFileChooserUI$DirectoryComboBoxModel.class
   JD: libs/laf/synthetica.jar/de/javasoft/plaf/synthetica/filechooser/SyntheticaFileChooserUI$FilePane$1.class
   JD: libs/laf/synthetica.jar/de/javasoft/plaf/synthetica/filechooser/SyntheticaFileChooserUI$FilePane$2.class
   JD: libs/laf/synthetica.jar/de/javasoft/plaf/synthetica/filechooser/SyntheticaFileChooserUI$FilePane$3.class
   JD: libs/laf/synthetica.jar/de/javasoft/plaf/synthetica/filechooser/SyntheticaFileChooserUI$FilePane$4.class
   JD: libs/laf/synthetica.jar/de/javasoft/plaf/synthetica/filechooser/SyntheticaFileChooserUI$FilePane$5.class
   JD: libs/laf/synthetica.jar/de/javasoft/plaf/synthetica/filechooser/SyntheticaFileChooserUI$FilePane$6.class
   JD: libs/laf/synthetica.jar/de/javasoft/plaf/synthetica/filechooser/SyntheticaFileChooserUI$FilePane$7$1$1.class
   JD: libs/laf/synthetica.jar/de/javasoft/plaf/synthetica/filechooser/SyntheticaFileChooserUI$FilePane$7$1.class
   JD: libs/laf/synthetica.jar/de/javasoft/plaf/synthetica/filechooser/SyntheticaFileChooserUI$FilePane$7.class
   JD: libs/laf/synthetica.jar/de/javasoft/plaf/synthetica/filechooser/SyntheticaFileChooserUI$FilePane$8.class
   JD: libs/laf/synthetica.jar/de/javasoft/plaf/synthetica/filechooser/SyntheticaFileChooserUI$FilePane$9$1.class
   JD: libs/laf/synthetica.jar/de/javasoft/plaf/synthetica/filechooser/SyntheticaFileChooserUI$FilePane$9.class
   JD: libs/laf/synthetica.jar/de/javasoft/plaf/synthetica/filechooser/SyntheticaFileChooserUI$FilePane$DetailsTableCellRenderer.class
   JD: libs/laf/synthetica.jar/de/javasoft/plaf/synthetica/filechooser/SyntheticaFileChooserUI$FilePane$DetailsTableModel$1$1.class
   JD: libs/laf/synthetica.jar/de/javasoft/plaf/synthetica/filechooser/SyntheticaFileChooserUI$FilePane$DetailsTableModel$1.class
   JD: libs/laf/synthetica.jar/de/javasoft/plaf/synthetica/filechooser/SyntheticaFileChooserUI$FilePane$DetailsTableModel.class
   JD: libs/laf/synthetica.jar/de/javasoft/plaf/synthetica/filechooser/SyntheticaFileChooserUI$FilePane$DetailsTableSortModel$Row.class
   JD: libs/laf/synthetica.jar/de/javasoft/plaf/synthetica/filechooser/SyntheticaFileChooserUI$FilePane$DetailsTableSortModel.class
   JD: libs/laf/synthetica.jar/de/javasoft/plaf/synthetica/filechooser/SyntheticaFileChooserUI$FilePane$FileCellEditor.class
   JD: libs/laf/synthetica.jar/de/javasoft/plaf/synthetica/filechooser/SyntheticaFileChooserUI$FilePane$FileNode$1.class
   JD: libs/laf/synthetica.jar/de/javasoft/plaf/synthetica/filechooser/SyntheticaFileChooserUI$FilePane$FileNode.class
   JD: libs/laf/synthetica.jar/de/javasoft/plaf/synthetica/filechooser/SyntheticaFileChooserUI$FilePane$FilePaneMouseListener$1$1.class
   JD: libs/laf/synthetica.jar/de/javasoft/plaf/synthetica/filechooser/SyntheticaFileChooserUI$FilePane$FilePaneMouseListener$1.class
   JD: libs/laf/synthetica.jar/de/javasoft/plaf/synthetica/filechooser/SyntheticaFileChooserUI$FilePane$FilePaneMouseListener.class
   JD: libs/laf/synthetica.jar/de/javasoft/plaf/synthetica/filechooser/SyntheticaFileChooserUI$FilePane$IconBorder$1.class
   JD: libs/laf/synthetica.jar/de/javasoft/plaf/synthetica/filechooser/SyntheticaFileChooserUI$FilePane$IconBorder.class
   JD: libs/laf/synthetica.jar/de/javasoft/plaf/synthetica/filechooser/SyntheticaFileChooserUI$FilePane$ListRenderer.class
   JD: libs/laf/synthetica.jar/de/javasoft/plaf/synthetica/filechooser/SyntheticaFileChooserUI$FilePane$PaddingBorder$1.class
   JD: libs/laf/synthetica.jar/de/javasoft/plaf/synthetica/filechooser/SyntheticaFileChooserUI$FilePane$PaddingBorder.class
   JD: libs/laf/synthetica.jar/de/javasoft/plaf/synthetica/filechooser/SyntheticaFileChooserUI$FilePane$TableHeaderRenderer.class
   JD: libs/laf/synthetica.jar/de/javasoft/plaf/synthetica/filechooser/SyntheticaFileChooserUI$FilePane$TreeRenderer.class
   JD: libs/laf/synthetica.jar/de/javasoft/plaf/synthetica/filechooser/SyntheticaFileChooserUI$FilePane.class
   JD: libs/laf/synthetica.jar/de/javasoft/plaf/synthetica/filechooser/SyntheticaFileChooserUI$FileSelectHandler.class
   JD: libs/laf/synthetica.jar/de/javasoft/plaf/synthetica/filechooser/SyntheticaFileChooserUI$FilterComboBoxModel.class
   JD: libs/laf/synthetica.jar/de/javasoft/plaf/synthetica/filechooser/SyntheticaFileChooserUI$IndentIcon.class
   JD: libs/laf/synthetica.jar/de/javasoft/plaf/synthetica/filechooser/SyntheticaFileChooserUI$TableHeaderCorner.class
   JD: libs/laf/synthetica.jar/de/javasoft/plaf/synthetica/filechooser/SyntheticaFileChooserUI.class
   JD: libs/laf/synthetica.jar/de/javasoft/plaf/synthetica/painter/AnimationThreadFactory$AnimationThread$ComponentAnimation.class
   JD: libs/laf/synthetica.jar/de/javasoft/plaf/synthetica/painter/AnimationThreadFactory$AnimationThread$ComponentKey.class
   JD: libs/laf/synthetica.jar/de/javasoft/plaf/synthetica/painter/AnimationThreadFactory$AnimationThread$WeakComponent.class
   JD: libs/laf/synthetica.jar/de/javasoft/plaf/synthetica/painter/AnimationThreadFactory$AnimationThread.class
   JD: libs/laf/synthetica.jar/de/javasoft/plaf/synthetica/painter/AnimationThreadFactory.class
   JD: libs/laf/synthetica.jar/de/javasoft/plaf/synthetica/painter/ArrowButtonPainter.class
   JD: libs/laf/synthetica.jar/de/javasoft/plaf/synthetica/painter/ComboBoxPainter.class
   JD: libs/laf/synthetica.jar/de/javasoft/plaf/synthetica/painter/ImagePainter$1.class
   JD: libs/laf/synthetica.jar/de/javasoft/plaf/synthetica/painter/ImagePainter$Colorizer.class
   JD: libs/laf/synthetica.jar/de/javasoft/plaf/synthetica/painter/ImagePainter.class
   JD: libs/laf/synthetica.jar/de/javasoft/plaf/synthetica/painter/SliderPainter.class
   JD: libs/laf/synthetica.jar/de/javasoft/plaf/synthetica/painter/SyntheticaComponentPainter.class
   JD: libs/laf/synthetica.jar/de/javasoft/plaf/synthetica/resourceBundles/SyntheticaStandardLookAndFeelVersion.properties
   JD: libs/laf/synthetica.jar/de/javasoft/util/JavaVersion.class
   JD: libs/laf/syntheticaSimple2D.jar/de/javasoft/plaf/synthetica/simple2D/ButtonPainter.class
   JD: libs/laf/syntheticaSimple2D.jar/de/javasoft/plaf/synthetica/simple2D/ComboBoxPainter.class
   JD: libs/laf/syntheticaSimple2D.jar/de/javasoft/plaf/synthetica/simple2D/InternalFramePainter.class
   JD: libs/laf/syntheticaSimple2D.jar/de/javasoft/plaf/synthetica/simple2D/SliderPainter.class
   JD: libs/laf/syntheticaSimple2D.jar/de/javasoft/plaf/synthetica/simple2D/TabbedPanePainter.class
   JD: libs/laf/syntheticaSimple2D.jar/de/javasoft/plaf/synthetica/simple2D/ToggleButtonPainter.class
   JD: libs/laf/syntheticaSimple2D.jar/de/javasoft/plaf/synthetica/simple2D/Version.properties
   libs/JDGUI.jar
   libs/JDHttp.jar
   libs/bcpkix-jdk15on.jar
   libs/bcprov-jdk15on.jar
   libs/bctls-jdk15on.jar
   libs/bcutil-jdk15on.jar
   libs/cons.jar
   libs/jna.jar
   libs/jna_platform.jar
   libs/laf/flatlaf.license
   libs/laf/synthetica.jar
   libs/laf/synthetica.version
   libs/laf/syntheticaSimple2D.jar
   licenses/bcpkix-jdk15on.jar.info
   licenses/bcprov-jdk15on.jar.info
   licenses/bctls-jdk15on.jar.info
   licenses/bcutil-jdk15on.jar.info
   licenses/jna.jar.info
   licenses/jna_platform.jar.info
