Thu Jul 13 13:13:54 CST 2023
Package: package_1689222295108.awf
Install
Write Revision: 16687
----------------Plugins----------------
   jd/plugins/decrypter/AbbyWintersComGallery.class
   jd/plugins/decrypter/AdultempireComCrawler.class
   jd/plugins/decrypter/AppleTrailer.class
   jd/plugins/decrypter/ArchiveOrgCrawler.class
   jd/plugins/decrypter/ArdaudiothekDe.class
   jd/plugins/decrypter/Ardmediathek$ArdMetadata.class
   jd/plugins/decrypter/Ardmediathek$VideoResolution.class
   jd/plugins/decrypter/Ardmediathek.class
   jd/plugins/decrypter/ArteMediathekV3$1.class
   jd/plugins/decrypter/ArteMediathekV3$Language.class
   jd/plugins/decrypter/ArteMediathekV3$SubtitleType.class
   jd/plugins/decrypter/ArteMediathekV3$VersionType.class
   jd/plugins/decrypter/ArteMediathekV3.class
   jd/plugins/decrypter/AvxHmeWCrawler.class
   jd/plugins/decrypter/BangComCrawler.class
   jd/plugins/decrypter/BangbrosComCrawler.class
   jd/plugins/decrypter/BdsmlrComCrawler.class
   jd/plugins/decrypter/BesargajiCom.class
   jd/plugins/decrypter/BiqleRuCrawler$1.class
   jd/plugins/decrypter/BiqleRuCrawler.class
   jd/plugins/decrypter/BrDeDecrypter.class
   jd/plugins/decrypter/BrightcoveDecrypter$BrightcoveEdgeContainer$Protocol.class
   jd/plugins/decrypter/BrightcoveDecrypter$BrightcoveEdgeContainer.class
   jd/plugins/decrypter/BrightcoveDecrypter.class
   jd/plugins/decrypter/ChThnhInfo.class.removed
   jd/plugins/decrypter/ChThnhInfoCrawler.class
   jd/plugins/decrypter/ClicksflyCom.class
   jd/plugins/decrypter/CyberdropMeAlbum.class
   jd/plugins/decrypter/DailyMotionComDecrypter.class
   jd/plugins/decrypter/DailyMotionComDecrypterV2$1.class
   jd/plugins/decrypter/DailyMotionComDecrypterV2.class
   jd/plugins/decrypter/DeGroopsYahooCom.class.removed
   jd/plugins/decrypter/DecrypterForRedirectServicesWithoutDirectRedirects.class
   jd/plugins/decrypter/DepositfilesComFolder.class
   jd/plugins/decrypter/DlPrteCom.class
   jd/plugins/decrypter/DoodstreamComFolder.class
   jd/plugins/decrypter/DownloadSaikoanimesNetFolder.class
   jd/plugins/decrypter/DropBoxComCrawler$1.class
   jd/plugins/decrypter/DropBoxComCrawler$2.class
   jd/plugins/decrypter/DropBoxComCrawler.class
   jd/plugins/decrypter/EasyuploadIoFolder.class
   jd/plugins/decrypter/EroProfileComGallery.class
   jd/plugins/decrypter/Etsy.class
   jd/plugins/decrypter/FEmbedDecrypter.class
   jd/plugins/decrypter/FaceBookComGallery$1.class
   jd/plugins/decrypter/FaceBookComGallery.class
   jd/plugins/decrypter/FcLc.class
   jd/plugins/decrypter/FileCryptCc.class
   jd/plugins/decrypter/FilesMonsterDecrypter.class
   jd/plugins/decrypter/FireloadComFolder.class
   jd/plugins/decrypter/FlickrComCrawler$1.class
   jd/plugins/decrypter/FlickrComCrawler$2.class
   jd/plugins/decrypter/FlickrComCrawler$AlbumType.class
   jd/plugins/decrypter/FlickrComCrawler$FlickrAlbum.class
   jd/plugins/decrypter/FlickrComCrawler.class
   jd/plugins/decrypter/FlimmitComCrawler.class
   jd/plugins/decrypter/FotografDe.class
   jd/plugins/decrypter/FourPlayersDe.class.removed
   jd/plugins/decrypter/FourPlayersDeCrawler.class
   jd/plugins/decrypter/FromsmashComFolder.class
   jd/plugins/decrypter/FuraffinityNet.class.removed
   jd/plugins/decrypter/FuraffinityNetCrawler.class
   jd/plugins/decrypter/GenericRedirectors.class
   jd/plugins/decrypter/GenericXFileShareProFolder.class
   jd/plugins/decrypter/GenericYetiShareFolder.class
   jd/plugins/decrypter/GetComicsInfo.class
   jd/plugins/decrypter/GldSlTo.class
   jd/plugins/decrypter/GloriaTvDecrypt.class
   jd/plugins/decrypter/GoProCloudDecrypter$2.class
   jd/plugins/decrypter/GoProCloudDecrypter.class
   jd/plugins/decrypter/GoogleDriveCrawler$GdriveException.class
   jd/plugins/decrypter/GoogleDriveCrawler$GdriveFolderStatus.class
   jd/plugins/decrypter/GoogleDriveCrawler.class
   jd/plugins/decrypter/HddTomskRu.class.removed
   jd/plugins/decrypter/HellspyCzFolder.class.removed
   jd/plugins/decrypter/HidsAt.class
   jd/plugins/decrypter/HifToShortlinks.class
   jd/plugins/decrypter/HornOxeComCrawler.class
   jd/plugins/decrypter/HotpornfileOrg.class
   jd/plugins/decrypter/HubicCom.class.removed
   jd/plugins/decrypter/ImageFapCrawler.class
   jd/plugins/decrypter/ImagesHackCom.class.removed
   jd/plugins/decrypter/ImagesHackComCrawler.class
   jd/plugins/decrypter/ImgSrcRuCrawler.class
   jd/plugins/decrypter/ImgurComGallery$1.class.removed
   jd/plugins/decrypter/ImgurComGallery.class
   jd/plugins/decrypter/ImxToGallery.class
   jd/plugins/decrypter/In91vipWin.class
   jd/plugins/decrypter/IwaraTvCrawler.class
   jd/plugins/decrypter/JpgChurchCrawler.class
   jd/plugins/decrypter/KatfileDlcOvhRedirector.class
   jd/plugins/decrypter/LinkCrawlerDeepHelper$1.class
   jd/plugins/decrypter/LinkCrawlerDeepHelper.class
   jd/plugins/decrypter/LinkboxToCrawler.class
   jd/plugins/decrypter/LinkboxToCrawlerShorturls.class
   jd/plugins/decrypter/LinkslyCo.class
   jd/plugins/decrypter/Loan2hostCom.class
   jd/plugins/decrypter/LockmyLink.class
   jd/plugins/decrypter/MajorgeeksComCrawler.class
   jd/plugins/decrypter/MaxstreamVideoCrawler.class
   jd/plugins/decrypter/MediafireComFolder.class
   jd/plugins/decrypter/MegaConz.class
   jd/plugins/decrypter/MegaDpUaFolder.class
   jd/plugins/decrypter/MeocloudPtFolder.class
   jd/plugins/decrypter/MetArt.class.removed
   jd/plugins/decrypter/MetArtCrawler.class
   jd/plugins/decrypter/MgfpCm.class.removed
   jd/plugins/decrypter/MightyScriptAdLinkFly$1.class
   jd/plugins/decrypter/MightyScriptAdLinkFly$2.class
   jd/plugins/decrypter/MightyScriptAdLinkFly$CaptchaType.class
   jd/plugins/decrypter/MightyScriptAdLinkFly.class
   jd/plugins/decrypter/MightyScriptAdLinkFlyDefault.class
   jd/plugins/decrypter/MirroraceCom.class
   jd/plugins/decrypter/MirroredTo.class
   jd/plugins/decrypter/MixCloudCom.class.removed
   jd/plugins/decrypter/MixCloudComCrawler.class
   jd/plugins/decrypter/ModTheSimsInfoCrawler.class
   jd/plugins/decrypter/MotherLessComCrawler.class
   jd/plugins/decrypter/MovingImageFansOrg.class
   jd/plugins/decrypter/MultiUpCom.class.removed
   jd/plugins/decrypter/NfScRlCm.class
   jd/plugins/decrypter/NfileCc.class
   jd/plugins/decrypter/NifteamInfo.class
   jd/plugins/decrypter/NzbKingCom.class
   jd/plugins/decrypter/ORFMediathekDecrypter.class
   jd/plugins/decrypter/OiiIo.class
   jd/plugins/decrypter/OneTwoThreePanComFolder.class
   jd/plugins/decrypter/Open3dlabComCrawler.class
   jd/plugins/decrypter/OrfAt$1.class
   jd/plugins/decrypter/OrfAt.class
   jd/plugins/decrypter/OshoWorldCom.class.removed
   jd/plugins/decrypter/PanBaiduCom.class
   jd/plugins/decrypter/ParteeeyDeGallery.class
   jd/plugins/decrypter/PastedCo.class
   jd/plugins/decrypter/PhotoShareRu.class.removed
   jd/plugins/decrypter/PixivNetGallery.class
   jd/plugins/decrypter/PluralsightComDecrypter.class
   jd/plugins/decrypter/PornCom.class
   jd/plugins/decrypter/PornEmbedParser$1.class
   jd/plugins/decrypter/PornEmbedParser.class
   jd/plugins/decrypter/PornHubComVideoCrawler.class
   jd/plugins/decrypter/PornflipComCrawler.class
   jd/plugins/decrypter/PornportalComCrawler.class
   jd/plugins/decrypter/PornvideohostCom.class
   jd/plugins/decrypter/PremiumizeMeZeveraFolder$1.class
   jd/plugins/decrypter/PremiumizeMeZeveraFolder$2.class
   jd/plugins/decrypter/PremiumizeMeZeveraFolder.class
   jd/plugins/decrypter/ProtectedTo.class
   jd/plugins/decrypter/RaiplayItCrawler.class
   jd/plugins/decrypter/RedditComCrawler.class
   jd/plugins/decrypter/RedditComCrawlerRedditMedia.class
   jd/plugins/decrypter/RedgifsComProfile.class
   jd/plugins/decrypter/RedirectKhsmIo.class
   jd/plugins/decrypter/RetroSxCrawler.class.removed
   jd/plugins/decrypter/RewriteMegaConz.class
   jd/plugins/decrypter/RomHustlerCrawler.class
   jd/plugins/decrypter/Rule34Xxx.class
   jd/plugins/decrypter/RumbleCom$1.class
   jd/plugins/decrypter/RumbleCom.class
   jd/plugins/decrypter/SaikoanimesNetFolder.class
   jd/plugins/decrypter/SeedrCc.class.removed
   jd/plugins/decrypter/SeedrCcCrawler.class
   jd/plugins/decrypter/SerienStreamTo.class
   jd/plugins/decrypter/SextbNet.class
   jd/plugins/decrypter/ShaHidMbcNetDecrypter$Quality.class
   jd/plugins/decrypter/ShaHidMbcNetDecrypter.class
   jd/plugins/decrypter/SharezwebComCrawler.class.removed
   jd/plugins/decrypter/SharezwebComCrawlerShorturls.class.removed
   jd/plugins/decrypter/ShinkMe.class
   jd/plugins/decrypter/ShrinkServiceIt.class
   jd/plugins/decrypter/SlideShareNetDecrypter.class
   jd/plugins/decrypter/SoundclickComCrawler.class
   jd/plugins/decrypter/SpankBangComCrawler.class
   jd/plugins/decrypter/SrnfnsOrg.class.removed
   jd/plugins/decrypter/StileProjectComDecrypter.class
   jd/plugins/decrypter/SuperLoadCz.class
   jd/plugins/decrypter/SwzzXyz.class
   jd/plugins/decrypter/TbCmV2$1.class
   jd/plugins/decrypter/TbCmV2$2.class
   jd/plugins/decrypter/TbCmV2$3.class
   jd/plugins/decrypter/TbCmV2$4.class
   jd/plugins/decrypter/TbCmV2$5.class
   jd/plugins/decrypter/TbCmV2$6.class
   jd/plugins/decrypter/TbCmV2$7.class
   jd/plugins/decrypter/TbCmV2$8.class
   jd/plugins/decrypter/TbCmV2.class
   jd/plugins/decrypter/TeleFiveDeDecrypter$SWFDecompressor.class.removed
   jd/plugins/decrypter/TeleFiveDeDecrypter.class.removed
   jd/plugins/decrypter/TeraboxComFolder.class
   jd/plugins/decrypter/ThingiverseCom.class
   jd/plugins/decrypter/TiktokComCrawler.class
   jd/plugins/decrypter/TwitterComCrawler.class
   jd/plugins/decrypter/TwntnMmbrsCm$1.class
   jd/plugins/decrypter/TwntnMmbrsCm.class
   jd/plugins/decrypter/UpToStreamCom.class
   jd/plugins/decrypter/UploaderJpFolder.class
   jd/plugins/decrypter/UprotNet.class
   jd/plugins/decrypter/VKontakteRu.class
   jd/plugins/decrypter/VimeoComDecrypter$1.class
   jd/plugins/decrypter/VimeoComDecrypter.class
   jd/plugins/decrypter/VipergirlsTo.class
   jd/plugins/decrypter/VipergirlsToBoard.class
   jd/plugins/decrypter/VizCom.class.removed
   jd/plugins/decrypter/VizComCrawler.class
   jd/plugins/decrypter/VoeSxCrawler.class
   jd/plugins/decrypter/WoodrocketCom.class.removed
   jd/plugins/decrypter/XChinaCoCrawler.class
   jd/plugins/decrypter/XHamsterGallery.class
   jd/plugins/decrypter/XhamsterShorturls.class
   jd/plugins/decrypter/XvideosComProfile.class
   jd/plugins/decrypter/YesXxx.class.removed
   jd/plugins/decrypter/ZippyShareComFolder.class.removed
   jd/plugins/hoster/ARDMediathek.class
   jd/plugins/hoster/AbbyWintersCom$1.class
   jd/plugins/hoster/AbbyWintersCom.class
   jd/plugins/hoster/AccioDebridCom.class
   jd/plugins/hoster/AdriveCom.class
   jd/plugins/hoster/AdulttimeCom.class
   jd/plugins/hoster/AhMeCom.class
   jd/plugins/hoster/AkwamCc.class
   jd/plugins/hoster/AlfafileNet.class
   jd/plugins/hoster/AllDebridCom$2.class
   jd/plugins/hoster/AllDebridCom$3.class
   jd/plugins/hoster/AllDebridCom$AlldebridComConfig$TRANSLATION.class
   jd/plugins/hoster/AllDebridCom$AlldebridComConfig.class
   jd/plugins/hoster/AllDebridCom.class
   jd/plugins/hoster/AlphatvGr.class
   jd/plugins/hoster/AncensoredCom.class
   jd/plugins/hoster/AnimeUltimeNet.class
   jd/plugins/hoster/AnimegalleriesNet.class
   jd/plugins/hoster/AnimeggOrg$1.class
   jd/plugins/hoster/AnimeggOrg.class
   jd/plugins/hoster/AnimeoutCom.class
   jd/plugins/hoster/AnonymNinja.class
   jd/plugins/hoster/AnonymfileCom.class
   jd/plugins/hoster/AnyhentaiCom.class
   jd/plugins/hoster/AnzfileNet.class.removed
   jd/plugins/hoster/ApkmirrorCom.class
   jd/plugins/hoster/ArchiveOrg.class
   jd/plugins/hoster/ArchivosMe$1.class
   jd/plugins/hoster/ArchivosMe.class
   jd/plugins/hoster/ArteTv.class
   jd/plugins/hoster/ArtstationCom$1.class
   jd/plugins/hoster/ArtstationCom.class
   jd/plugins/hoster/AsdfilesCom.class
   jd/plugins/hoster/AsfileAl.class
   jd/plugins/hoster/AsmfileCom.class
   jd/plugins/hoster/AudioMa.class
   jd/plugins/hoster/AusfileCom.class
   jd/plugins/hoster/AventertainmentsCom.class
   jd/plugins/hoster/BadJoJoCom.class
   jd/plugins/hoster/BaixarPremiumNet.class
   jd/plugins/hoster/BandCampCom.class
   jd/plugins/hoster/BangCom.class
   jd/plugins/hoster/BangbrosCom.class
   jd/plugins/hoster/BaseShareCom.class
   jd/plugins/hoster/BatoTo.class
   jd/plugins/hoster/BdsmstreakCom.class
   jd/plugins/hoster/BeegCom.class
   jd/plugins/hoster/BestcamTv.class
   jd/plugins/hoster/BibeltvDe.class
   jd/plugins/hoster/BigholestubeCom.class
   jd/plugins/hoster/BiguzNet.class
   jd/plugins/hoster/BiqleRu.class
   jd/plugins/hoster/BitchuteCom.class
   jd/plugins/hoster/BitpornoCom.class
   jd/plugins/hoster/BlockfilestoreCom.class
   jd/plugins/hoster/BlowpassCom.class
   jd/plugins/hoster/BoobInspectorCom.class
   jd/plugins/hoster/BowfileCom.class
   jd/plugins/hoster/BoxCaCom.class
   jd/plugins/hoster/BoxbitApp.class
   jd/plugins/hoster/BoysfoodCom.class
   jd/plugins/hoster/BoyzTubeCom.class
   jd/plugins/hoster/BrDe.class
   jd/plugins/hoster/BravopornCom.class
   jd/plugins/hoster/BrfilesCom.class
   jd/plugins/hoster/BundestagDe.class
   jd/plugins/hoster/BurningCamelCom.class
   jd/plugins/hoster/CamvaultXyz.class
   jd/plugins/hoster/CartoontubeXxx.class
   jd/plugins/hoster/CboxeraCom.class
   jd/plugins/hoster/CehennempassPw.class
   jd/plugins/hoster/ChThnhInfo.class
   jd/plugins/hoster/ChipDe.class
   jd/plugins/hoster/ChirbIt.class.removed
   jd/plugins/hoster/ChoMikujPl$1.class
   jd/plugins/hoster/ChoMikujPl.class
   jd/plugins/hoster/ClicknuploadOrg.class
   jd/plugins/hoster/ClipHunterCom.class
   jd/plugins/hoster/CloudMailRu.class
   jd/plugins/hoster/CloudUpCom.class
   jd/plugins/hoster/CloudbateCom.class
   jd/plugins/hoster/CnetCom.class
   jd/plugins/hoster/CnubisCom.class
   jd/plugins/hoster/CocoleechCom$CocoleechAccountFactory$1.class
   jd/plugins/hoster/CocoleechCom$CocoleechAccountFactory.class
   jd/plugins/hoster/CocoleechCom.class
   jd/plugins/hoster/CollectionofbestpornCom.class
   jd/plugins/hoster/CommonsWikimediaOrg.class
   jd/plugins/hoster/ContasturboCom.class
   jd/plugins/hoster/CooldebridCom.class
   jd/plugins/hoster/CopyCaseCom.class
   jd/plugins/hoster/CornfileCom.class.removed
   jd/plugins/hoster/CoubCom.class
   jd/plugins/hoster/CovynNet.class
   jd/plugins/hoster/CspanOrg.class
   jd/plugins/hoster/CyberdropMe.class
   jd/plugins/hoster/CyberfileSu.class
   jd/plugins/hoster/CzechavCom.class
   jd/plugins/hoster/DailyMotionCom.class
   jd/plugins/hoster/DailyMotionComV2$NoAudioException.class
   jd/plugins/hoster/DailyMotionComV2.class
   jd/plugins/hoster/DailyleechCom.class
   jd/plugins/hoster/DanbooruDonmaiUs.class
   jd/plugins/hoster/DashfileNet.class
   jd/plugins/hoster/DatPiffCom.class
   jd/plugins/hoster/DataDump$1.class.removed
   jd/plugins/hoster/DataDump$2.class.removed
   jd/plugins/hoster/DataDump.class.removed
   jd/plugins/hoster/DataHu.class
   jd/plugins/hoster/DatanodesTo.class
   jd/plugins/hoster/DatoidCz.class
   jd/plugins/hoster/DbreeOrg.class
   jd/plugins/hoster/DdebridCom.class
   jd/plugins/hoster/DdownloadCom.class
   jd/plugins/hoster/DebridFileCom.class
   jd/plugins/hoster/DebridItaliaCom.class
   jd/plugins/hoster/DebridLinkFr2$4.class
   jd/plugins/hoster/DebridLinkFr2$5.class
   jd/plugins/hoster/DebridLinkFr2.class
   jd/plugins/hoster/DebridplanetCom.class
   jd/plugins/hoster/DeepbridCom.class
   jd/plugins/hoster/DefineBabeCom.class
   jd/plugins/hoster/DegooCom.class
   jd/plugins/hoster/DepicMe.class
   jd/plugins/hoster/DepositFiles.class
   jd/plugins/hoster/DeviantArtCom.class
   jd/plugins/hoster/DevuploadsCom.class
   jd/plugins/hoster/DfxtraCom.class
   jd/plugins/hoster/DigitalcomicmuseumCom.class
   jd/plugins/hoster/DirectHTTP$1.class
   jd/plugins/hoster/DirectHTTP$2.class
   jd/plugins/hoster/DirectHTTP.class
   jd/plugins/hoster/DirectUploadNet.class
   jd/plugins/hoster/DirtyshipCom.class
   jd/plugins/hoster/DiskYandexNet.class
   jd/plugins/hoster/DlFreeFr.class
   jd/plugins/hoster/DluploadCom.class
   jd/plugins/hoster/DmcasorryCom.class.removed
   jd/plugins/hoster/DociPl.class
   jd/plugins/hoster/DocplayerNet.class
   jd/plugins/hoster/DocworkspaceCom.class
   jd/plugins/hoster/DoodriveCom.class
   jd/plugins/hoster/DoodstreamCom.class
   jd/plugins/hoster/DosyaTc.class
   jd/plugins/hoster/DoubleJNetAu.class
   jd/plugins/hoster/DouyinCom.class
   jd/plugins/hoster/DownloadGg.class
   jd/plugins/hoster/DownloadRu.class
   jd/plugins/hoster/DownsterNet$Hoster.class.removed
   jd/plugins/hoster/DownsterNet.class.removed
   jd/plugins/hoster/DrTuberCom$1.class
   jd/plugins/hoster/DrTuberCom.class
   jd/plugins/hoster/DropboxCom$DropboxAccountFactory$1.class
   jd/plugins/hoster/DropboxCom$DropboxAccountFactory.class
   jd/plugins/hoster/DropboxCom.class
   jd/plugins/hoster/DropdocRu.class.removed
   jd/plugins/hoster/DropgalaxyIn$1.class.removed
   jd/plugins/hoster/DropgalaxyIn$2.class.removed
   jd/plugins/hoster/DropgalaxyIn.class
   jd/plugins/hoster/DroploadIo.class
   jd/plugins/hoster/DropmefilesComUa.class
   jd/plugins/hoster/DropmyfilesCom.class.removed
   jd/plugins/hoster/DropuploadCom.class.removed
   jd/plugins/hoster/DuFileCom.class
   jd/plugins/hoster/DunShareCom.class.removed
   jd/plugins/hoster/EHentaiOrg.class
   jd/plugins/hoster/EPornerCom.class
   jd/plugins/hoster/EasyBytezCom$1.class
   jd/plugins/hoster/EasyBytezCom.class
   jd/plugins/hoster/EasyuploadIo.class
   jd/plugins/hoster/EasyuploadNet.class.removed
   jd/plugins/hoster/EdiskCz.class
   jd/plugins/hoster/EfuktCom.class
   jd/plugins/hoster/EgofilesNet.class
   jd/plugins/hoster/EgyuploadCom.class.removed
   jd/plugins/hoster/EightMusesCom.class
   jd/plugins/hoster/EightTracksCom.class
   jd/plugins/hoster/ElbarqNet.class.removed
   jd/plugins/hoster/EmloadCom.class
   jd/plugins/hoster/EmpflixCom.class
   jd/plugins/hoster/EmuParadiseMe$EmuParadiseMeAccountFactory$1.class
   jd/plugins/hoster/EmuParadiseMe$EmuParadiseMeAccountFactory.class
   jd/plugins/hoster/EmuParadiseMe.class
   jd/plugins/hoster/EraiDdlthreeInfo.class.removed
   jd/plugins/hoster/EroProfileCom.class
   jd/plugins/hoster/EroScriptsCom.class
   jd/plugins/hoster/EsouboryCz.class
   jd/plugins/hoster/EspafilesCom.class
   jd/plugins/hoster/EvilAngelLegacy$1.class
   jd/plugins/hoster/EvilAngelLegacy$2.class
   jd/plugins/hoster/EvilAngelLegacy.class
   jd/plugins/hoster/EvilangelCore$1.class
   jd/plugins/hoster/EvilangelCore$2.class
   jd/plugins/hoster/EvilangelCore.class
   jd/plugins/hoster/EvoloadIo$1.class.removed
   jd/plugins/hoster/EvoloadIo.class.removed
   jd/plugins/hoster/ExLoadCom.class
   jd/plugins/hoster/ExpfileCom.class
   jd/plugins/hoster/ExtMatrixCom.class
   jd/plugins/hoster/EyesfileCa.class.removed
   jd/plugins/hoster/FEmbedCom.class
   jd/plugins/hoster/FShareVn$2.class
   jd/plugins/hoster/FShareVn.class
   jd/plugins/hoster/FaceBookComVideos.class
   jd/plugins/hoster/FakirdebridCom.class.removed
   jd/plugins/hoster/FakirdebridNet$1.class
   jd/plugins/hoster/FakirdebridNet$FakirdebridNetAccountFactory$1.class
   jd/plugins/hoster/FakirdebridNet$FakirdebridNetAccountFactory.class
   jd/plugins/hoster/FakirdebridNet.class
   jd/plugins/hoster/FakkuNet.class
   jd/plugins/hoster/FastPicRu.class
   jd/plugins/hoster/FastShareCz.class
   jd/plugins/hoster/FeimaoyunCom.class
   jd/plugins/hoster/FexNet.class
   jd/plugins/hoster/FhscriptCom.class
   jd/plugins/hoster/FikperCom$1.class
   jd/plugins/hoster/FikperCom$2.class
   jd/plugins/hoster/FikperCom$FikperAccountFactory$1.class
   jd/plugins/hoster/FikperCom$FikperAccountFactory.class
   jd/plugins/hoster/FikperCom.class
   jd/plugins/hoster/File2HostCom.class
   jd/plugins/hoster/File2btcCom.class
   jd/plugins/hoster/File4GoCom.class
   jd/plugins/hoster/File4SafeCom.class.removed
   jd/plugins/hoster/FileAl.class
   jd/plugins/hoster/FileBigNet.class
   jd/plugins/hoster/FileBitPl.class
   jd/plugins/hoster/FileFactory.class
   jd/plugins/hoster/FileHippoCom.class
   jd/plugins/hoster/FileHorstDe.class
   jd/plugins/hoster/FileImCom.class
   jd/plugins/hoster/FileJokerNet.class
   jd/plugins/hoster/FileKareliaRu.class
   jd/plugins/hoster/FileUploadDotnet$1.class
   jd/plugins/hoster/FileUploadDotnet.class
   jd/plugins/hoster/FilebinNet.class
   jd/plugins/hoster/FilecatNet.class
   jd/plugins/hoster/FileddCom.class
   jd/plugins/hoster/FilefoxCc.class
   jd/plugins/hoster/FileloxCom.class.removed
   jd/plugins/hoster/FilemoonSx.class
   jd/plugins/hoster/FilerNet.class
   jd/plugins/hoster/FilericeCom.class
   jd/plugins/hoster/FilesDlanDpUa.class.removed
   jd/plugins/hoster/FilesMonsterCom.class
   jd/plugins/hoster/FilesflyCc.class
   jd/plugins/hoster/FileshareRo.class
   jd/plugins/hoster/FileskachatCom.class
   jd/plugins/hoster/FilesonicMe.class
   jd/plugins/hoster/FilespaceCom.class
   jd/plugins/hoster/FilestoreTo.class
   jd/plugins/hoster/FiletransferIo.class
   jd/plugins/hoster/FileuploadPw.class
   jd/plugins/hoster/FilexCx.class
   jd/plugins/hoster/FilezipCc.class.removed
   jd/plugins/hoster/FilmBildDe.class
   jd/plugins/hoster/FilthykingsCom.class
   jd/plugins/hoster/FireGetCom.class
   jd/plugins/hoster/FirefileCc.class
   jd/plugins/hoster/FireloadCom.class
   jd/plugins/hoster/FiveSixSevenFileCom.class
   jd/plugins/hoster/FivehundretPxCom.class
   jd/plugins/hoster/FivemodFileRu.class
   jd/plugins/hoster/FlashfilesCom.class
   jd/plugins/hoster/FlashxNet.class.removed
   jd/plugins/hoster/FlickrCom$1.class
   jd/plugins/hoster/FlickrCom$PhotoQuality$1.class
   jd/plugins/hoster/FlickrCom$PhotoQuality$10.class
   jd/plugins/hoster/FlickrCom$PhotoQuality$11.class
   jd/plugins/hoster/FlickrCom$PhotoQuality$12.class
   jd/plugins/hoster/FlickrCom$PhotoQuality$13.class
   jd/plugins/hoster/FlickrCom$PhotoQuality$14.class
   jd/plugins/hoster/FlickrCom$PhotoQuality$15.class
   jd/plugins/hoster/FlickrCom$PhotoQuality$16.class
   jd/plugins/hoster/FlickrCom$PhotoQuality$17.class
   jd/plugins/hoster/FlickrCom$PhotoQuality$2.class
   jd/plugins/hoster/FlickrCom$PhotoQuality$3.class
   jd/plugins/hoster/FlickrCom$PhotoQuality$4.class
   jd/plugins/hoster/FlickrCom$PhotoQuality$5.class
   jd/plugins/hoster/FlickrCom$PhotoQuality$6.class
   jd/plugins/hoster/FlickrCom$PhotoQuality$7.class
   jd/plugins/hoster/FlickrCom$PhotoQuality$8.class
   jd/plugins/hoster/FlickrCom$PhotoQuality$9.class
   jd/plugins/hoster/FlickrCom$PhotoQuality.class
   jd/plugins/hoster/FlickrCom$VideoQuality$1.class
   jd/plugins/hoster/FlickrCom$VideoQuality$2.class
   jd/plugins/hoster/FlickrCom$VideoQuality$3.class
   jd/plugins/hoster/FlickrCom$VideoQuality.class
   jd/plugins/hoster/FlickrCom.class
   jd/plugins/hoster/FlimmitCom.class
   jd/plugins/hoster/FlorenfileCom.class
   jd/plugins/hoster/FluidPlayer.class
   jd/plugins/hoster/FlyFilesNet.class
   jd/plugins/hoster/FlyflvCom.class
   jd/plugins/hoster/FocusDe.class
   jd/plugins/hoster/ForumXDADevelopersCom.class
   jd/plugins/hoster/FourPlayersDe.class
   jd/plugins/hoster/FourShareVn$1.class
   jd/plugins/hoster/FourShareVn.class
   jd/plugins/hoster/FourSharedCom.class
   jd/plugins/hoster/FourSyncCom.class
   jd/plugins/hoster/Free18Net.class
   jd/plugins/hoster/FreeDiscPl$1.class
   jd/plugins/hoster/FreeDiscPl.class
   jd/plugins/hoster/FreeFuckVidzCom.class
   jd/plugins/hoster/FreeM3DownloadNet.class
   jd/plugins/hoster/FreeViewMoviesCom.class
   jd/plugins/hoster/FreediscussionsCom$FreediscussionsComConfigInterface.class
   jd/plugins/hoster/FreediscussionsCom.class
   jd/plugins/hoster/FreeshemaletubeCom.class
   jd/plugins/hoster/FromsmashCom.class
   jd/plugins/hoster/FunimationCom.class
   jd/plugins/hoster/FuraffinityNet.class
   jd/plugins/hoster/FuxCom.class
   jd/plugins/hoster/FypttTo.class
   jd/plugins/hoster/GameMapsCom.class
   jd/plugins/hoster/GamesDatabaseCom.class
   jd/plugins/hoster/GamesReveurDe.class
   jd/plugins/hoster/GamovideoCom.class
   jd/plugins/hoster/GaskrankTv.class
   jd/plugins/hoster/GelbooruCom.class
   jd/plugins/hoster/GenderxfilmsCom.class
   jd/plugins/hoster/GfileRo.class
   jd/plugins/hoster/GfyCatCom$1.class
   jd/plugins/hoster/GfyCatCom.class
   jd/plugins/hoster/GigaDownCom.class
   jd/plugins/hoster/GigaPetaCom.class
   jd/plugins/hoster/GigabazaRu$1.class
   jd/plugins/hoster/GigabazaRu.class
   jd/plugins/hoster/GigafileNu.class
   jd/plugins/hoster/GiphyCom.class
   jd/plugins/hoster/GirlShareRo.class
   jd/plugins/hoster/GirlfriendsfilmsCom.class
   jd/plugins/hoster/GirlfriendvideosCom.class
   jd/plugins/hoster/GloriaTv.class
   jd/plugins/hoster/GoProCloud.class
   jd/plugins/hoster/GofileIo.class
   jd/plugins/hoster/GoodpornTo.class
   jd/plugins/hoster/GoogleDrive$1.class
   jd/plugins/hoster/GoogleDrive$2.class
   jd/plugins/hoster/GoogleDrive$JsonSchemeType.class
   jd/plugins/hoster/GoogleDrive.class
   jd/plugins/hoster/GoogleDriveDirectoryIndex.class
   jd/plugins/hoster/GotpornCom.class
   jd/plugins/hoster/GounlimitedTo.class
   jd/plugins/hoster/Grab8Com$1.class
   jd/plugins/hoster/Grab8Com.class
   jd/plugins/hoster/GrabItShareCom.class
   jd/plugins/hoster/GrooveSharingCom.class
   jd/plugins/hoster/HanimeTv.class
   jd/plugins/hoster/HdPussyXxx.class
   jd/plugins/hoster/HddTomskRu.class.removed
   jd/plugins/hoster/HdsexOrg.class
   jd/plugins/hoster/HdvidTv.class
   jd/plugins/hoster/HearthisAt.class
   jd/plugins/hoster/HeavyRCom.class
   jd/plugins/hoster/HellShareCom.class.removed
   jd/plugins/hoster/HellSpyCz.class.removed
   jd/plugins/hoster/HentaiAnimestigmaCom.class
   jd/plugins/hoster/HentaiDudeCom.class
   jd/plugins/hoster/HidriveCom.class
   jd/plugins/hoster/HighWayCore$1.class
   jd/plugins/hoster/HighWayCore$2.class
   jd/plugins/hoster/HighWayCore.class
   jd/plugins/hoster/HighWayMe2$1.class
   jd/plugins/hoster/HighWayMe2$2.class
   jd/plugins/hoster/HighWayMe2$HighWayMeConfigInterface$Translation.class
   jd/plugins/hoster/HighWayMe2$HighWayMeConfigInterface.class
   jd/plugins/hoster/HighWayMe2.class
   jd/plugins/hoster/HighloadTo.class.removed
   jd/plugins/hoster/HightailCom.class
   jd/plugins/hoster/HogTv.class
   jd/plugins/hoster/HostUjeNet.class
   jd/plugins/hoster/HotlinkCc.class
   jd/plugins/hoster/HotscopeTv.class
   jd/plugins/hoster/HqcollectNet.class
   jd/plugins/hoster/HqwoCc.class
   jd/plugins/hoster/HshopEristaMe.class
   jd/plugins/hoster/HuabanCom.class
   jd/plugins/hoster/HubicCom.class.removed
   jd/plugins/hoster/HulkShareCom.class
   jd/plugins/hoster/HundredTwentySixDiskCom.class
   jd/plugins/hoster/HyperFileShareCom.class
   jd/plugins/hoster/IcedriveNet.class
   jd/plugins/hoster/IcerBoxCom.class
   jd/plugins/hoster/IcloudCom.class
   jd/plugins/hoster/ImDbCom.class
   jd/plugins/hoster/ImageFap$1.class
   jd/plugins/hoster/ImageFap$2.class
   jd/plugins/hoster/ImageFap.class
   jd/plugins/hoster/ImageNetzDe.class
   jd/plugins/hoster/ImageVenueCom.class
   jd/plugins/hoster/ImagesHackCom.class
   jd/plugins/hoster/ImfbXyz.class.removed
   jd/plugins/hoster/ImgSrcRu.class
   jd/plugins/hoster/ImgbaronCom.class
   jd/plugins/hoster/ImgbbCo.class
   jd/plugins/hoster/ImgmazeCom.class
   jd/plugins/hoster/ImgurComHoster$1.class
   jd/plugins/hoster/ImgurComHoster$2.class
   jd/plugins/hoster/ImgurComHoster$3.class
   jd/plugins/hoster/ImgurComHoster$4.class
   jd/plugins/hoster/ImgurComHoster$5.class
   jd/plugins/hoster/ImgurComHoster$6.class
   jd/plugins/hoster/ImgurComHoster$RESPONSE_TYPE.class
   jd/plugins/hoster/ImgurComHoster$TYPE.class
   jd/plugins/hoster/ImgurComHoster.class
   jd/plugins/hoster/ImxTo.class
   jd/plugins/hoster/InboxLv.class
   jd/plugins/hoster/IndiShareMe.class
   jd/plugins/hoster/IndianPornVideosCom.class
   jd/plugins/hoster/InstaGramCom$1.class
   jd/plugins/hoster/InstaGramCom.class
   jd/plugins/hoster/IosddlNet.class
   jd/plugins/hoster/IronfilesNet.class
   jd/plugins/hoster/IssuuCom.class
   jd/plugins/hoster/IwaraTv.class
   jd/plugins/hoster/JianguoyunCom.class
   jd/plugins/hoster/JizzbunkerCom.class
   jd/plugins/hoster/JoinPeerTubeOrg.class
   jd/plugins/hoster/JpgChurch.class
   jd/plugins/hoster/JubaGetCom.class
   jd/plugins/hoster/JulesjordanCom$JulesjordanComConfigInterface$TRANSLATION.class
   jd/plugins/hoster/JulesjordanCom$JulesjordanComConfigInterface.class
   jd/plugins/hoster/JulesjordanCom.class
   jd/plugins/hoster/JumploadsCom.class
   jd/plugins/hoster/JumpshareCom.class
   jd/plugins/hoster/K2SApi$1.class
   jd/plugins/hoster/K2SApi$2.class
   jd/plugins/hoster/K2SApi$3.class
   jd/plugins/hoster/K2SApi$CAPTCHA.class
   jd/plugins/hoster/K2SApi.class
   jd/plugins/hoster/KamababaCom.class
   jd/plugins/hoster/KenfilesCom.class
   jd/plugins/hoster/KernelVideoSharingComV2$1.class
   jd/plugins/hoster/KernelVideoSharingComV2.class
   jd/plugins/hoster/KernelVideoSharingComV2HostsDefault.class
   jd/plugins/hoster/Kiwi6Com.class.removed
   jd/plugins/hoster/KrakenfilesCom.class
   jd/plugins/hoster/KsharedCom.class
   jd/plugins/hoster/KvidOrg.class.removed
   jd/plugins/hoster/KwikCx.class
   jd/plugins/hoster/LarasLevelBaseOrg.class.removed
   jd/plugins/hoster/LeechallIo.class
   jd/plugins/hoster/LemonStreamMe.class.removed
   jd/plugins/hoster/LetsuploadCo.class
   jd/plugins/hoster/LibGenInfo.class
   jd/plugins/hoster/LikeeVideo.class
   jd/plugins/hoster/LinkSnappyCom$1.class
   jd/plugins/hoster/LinkSnappyCom$LinkSnappyComConfig$TRANSLATION.class
   jd/plugins/hoster/LinkSnappyCom$LinkSnappyComConfig.class
   jd/plugins/hoster/LinkSnappyCom.class
   jd/plugins/hoster/LinkboxTo.class
   jd/plugins/hoster/LinkgenVip.class
   jd/plugins/hoster/LinkifierCom.class
   jd/plugins/hoster/LinksvipNet.class
   jd/plugins/hoster/LinkzGe.class.removed
   jd/plugins/hoster/LiveDriveCom.class
   jd/plugins/hoster/LiveMixTapesCom.class
   jd/plugins/hoster/LiveStreamCom.class
   jd/plugins/hoster/LoadTo.class
   jd/plugins/hoster/LoaditIo.class.removed
   jd/plugins/hoster/LocalHostrCom.class
   jd/plugins/hoster/LololyricsCom.class
   jd/plugins/hoster/LulustreamCom.class
   jd/plugins/hoster/MaisUolComBr.class
   jd/plugins/hoster/MajorgeeksCom.class
   jd/plugins/hoster/MakinaManiaCom.class
   jd/plugins/hoster/MambahuyambaCom.class
   jd/plugins/hoster/MassengeschmackTv.class
   jd/plugins/hoster/MathworksCom.class
   jd/plugins/hoster/MaxstreamVideo.class
   jd/plugins/hoster/MediaCm.class
   jd/plugins/hoster/MediafilesCc.class
   jd/plugins/hoster/MediafireCom$1.class
   jd/plugins/hoster/MediafireCom$PasswordSolver.class
   jd/plugins/hoster/MediafireCom.class
   jd/plugins/hoster/MediasetplayMediasetIt.class
   jd/plugins/hoster/MegaConz$1.class
   jd/plugins/hoster/MegaConz$2.class
   jd/plugins/hoster/MegaConz$3.class
   jd/plugins/hoster/MegaConz$MegaDownloadLinkDownloadable.class
   jd/plugins/hoster/MegaConz$MegaHashCheck$1.class
   jd/plugins/hoster/MegaConz$MegaHashCheck.class
   jd/plugins/hoster/MegaConz.class
   jd/plugins/hoster/MegaCrypter$1.class
   jd/plugins/hoster/MegaCrypter$2.class
   jd/plugins/hoster/MegaCrypter$MegaCrypterComApiErrorCodes.class
   jd/plugins/hoster/MegaCrypter.class
   jd/plugins/hoster/MegaDebridEu.class
   jd/plugins/hoster/MegaDpUa.class
   jd/plugins/hoster/MegafileCc.class
   jd/plugins/hoster/MegagamesCom.class
   jd/plugins/hoster/MegaloadCo.class.removed
   jd/plugins/hoster/MegaupNet.class
   jd/plugins/hoster/MeoCloudPt.class
   jd/plugins/hoster/MetArtCom$1.class
   jd/plugins/hoster/MetArtCom.class
   jd/plugins/hoster/MicloudfilesCom.class
   jd/plugins/hoster/MicrosoftCom.class
   jd/plugins/hoster/MilffoxCom.class
   jd/plugins/hoster/MilfzrCom.class
   jd/plugins/hoster/MixCloudCom.class
   jd/plugins/hoster/MixUploadOrg.class
   jd/plugins/hoster/MixdropCo$1.class
   jd/plugins/hoster/MixdropCo.class
   jd/plugins/hoster/MobilismOrg.class
   jd/plugins/hoster/ModDbCom.class
   jd/plugins/hoster/ModTheSimsInfo.class
   jd/plugins/hoster/ModsfireCom.class
   jd/plugins/hoster/MoondlCom.class
   jd/plugins/hoster/MotherLessCom.class
   jd/plugins/hoster/MountFileNet.class
   jd/plugins/hoster/MovieFapCom.class
   jd/plugins/hoster/MultiShareCz.class
   jd/plugins/hoster/MultiVipNet$MultiVipNetAccountFactory$1.class
   jd/plugins/hoster/MultiVipNet$MultiVipNetAccountFactory.class
   jd/plugins/hoster/MultiVipNet.class
   jd/plugins/hoster/MultiupOrg.class
   jd/plugins/hoster/MundofileCom.class
   jd/plugins/hoster/MundofileInfo.class
   jd/plugins/hoster/MvpdjCom.class
   jd/plugins/hoster/MyFilesSu.class
   jd/plugins/hoster/MyMailRu$1.class
   jd/plugins/hoster/MyMailRu.class
   jd/plugins/hoster/MySpassDe.class
   jd/plugins/hoster/MydaddyCc$1.class
   jd/plugins/hoster/MydaddyCc.class
   jd/plugins/hoster/MydebridCom.class
   jd/plugins/hoster/MydirtyhobbyCom.class
   jd/plugins/hoster/MyqloudOrg.class
   jd/plugins/hoster/MyviRu.class
   jd/plugins/hoster/NaughtyamericaCom.class
   jd/plugins/hoster/NaughtymachinimaCom.class
   jd/plugins/hoster/NeodebridCom.class
   jd/plugins/hoster/NewgroundsCom.class
   jd/plugins/hoster/NexusmodsCom$NexusmodsAccountFactory$1.class
   jd/plugins/hoster/NexusmodsCom$NexusmodsAccountFactory.class
   jd/plugins/hoster/NexusmodsCom.class
   jd/plugins/hoster/NhentaiNet.class
   jd/plugins/hoster/NicoVideoJp$HeartbeatThread.class
   jd/plugins/hoster/NicoVideoJp.class
   jd/plugins/hoster/NinecloudUs.class
   jd/plugins/hoster/NinegagCom.class
   jd/plugins/hoster/NitroFlareCom.class
   jd/plugins/hoster/NonktubeCom.class
   jd/plugins/hoster/NovaFileCom$1.class
   jd/plugins/hoster/NovaFileCom.class
   jd/plugins/hoster/NtvDe.class
   jd/plugins/hoster/ORFMediathek.class
   jd/plugins/hoster/ObligaoCom.class
   jd/plugins/hoster/OdyseeCom$1.class
   jd/plugins/hoster/OdyseeCom.class
   jd/plugins/hoster/OffCloudCom$OffCloudComPluginConfigInterface$Translation.class
   jd/plugins/hoster/OffCloudCom$OffCloudComPluginConfigInterface.class
   jd/plugins/hoster/OffCloudCom.class
   jd/plugins/hoster/Offline.class
   jd/plugins/hoster/OkRu$1.class
   jd/plugins/hoster/OkRu.class
   jd/plugins/hoster/OkXxx.class
   jd/plugins/hoster/OkstreamCc.class.removed
   jd/plugins/hoster/OldGamesCom.class
   jd/plugins/hoster/OncamMe.class
   jd/plugins/hoster/OneFichierCom$1.class
   jd/plugins/hoster/OneFichierCom$OnefichierAccountFactory$1.class
   jd/plugins/hoster/OneFichierCom$OnefichierAccountFactory.class
   jd/plugins/hoster/OneFichierCom.class
   jd/plugins/hoster/OneTwoThreePanCom.class
   jd/plugins/hoster/OneTwoThreeVideoNl.class
   jd/plugins/hoster/OneXCom.class
   jd/plugins/hoster/OnstcloudsCom.class.removed
   jd/plugins/hoster/Open3dlabCom.class
   jd/plugins/hoster/OpenDriveCom.class
   jd/plugins/hoster/OpenSubtitlesOrg.class
   jd/plugins/hoster/OshoWorldCom.class.removed
   jd/plugins/hoster/OtrDatenkellerNet$OtrDatenKellerInterface$TRANSLATION.class
   jd/plugins/hoster/OtrDatenkellerNet$OtrDatenKellerInterface.class
   jd/plugins/hoster/OtrDatenkellerNet.class
   jd/plugins/hoster/OtrFilesDe.class
   jd/plugins/hoster/OxyCloud.class
   jd/plugins/hoster/PCloudCom.class
   jd/plugins/hoster/PalcomixCom.class
   jd/plugins/hoster/PanBaiduCom.class
   jd/plugins/hoster/PandafilesCom.class
   jd/plugins/hoster/PandoraTV.class
   jd/plugins/hoster/ParteeeyDe.class
   jd/plugins/hoster/PastebinCom.class
   jd/plugins/hoster/PcWeltDe.class.removed
   jd/plugins/hoster/PdfdriveCom.class
   jd/plugins/hoster/PeekVidsCom.class
   jd/plugins/hoster/PervcityCom$1.class
   jd/plugins/hoster/PervcityCom.class
   jd/plugins/hoster/PhotoShareRu.class.removed
   jd/plugins/hoster/PhotobucketCom.class
   jd/plugins/hoster/PicflashOrg.class.removed
   jd/plugins/hoster/PimpRollHostedTube.class
   jd/plugins/hoster/PinterestCom$1.class
   jd/plugins/hoster/PinterestCom.class
   jd/plugins/hoster/PixaBayCom.class
   jd/plugins/hoster/PixeldrainCom$1.class
   jd/plugins/hoster/PixeldrainCom$PixeldrainAccountFactory$1.class
   jd/plugins/hoster/PixeldrainCom$PixeldrainAccountFactory.class
   jd/plugins/hoster/PixeldrainCom.class
   jd/plugins/hoster/PixivNet$1.class
   jd/plugins/hoster/PixivNet$2.class
   jd/plugins/hoster/PixivNet.class
   jd/plugins/hoster/PluralsightCom$QUALITY.class
   jd/plugins/hoster/PluralsightCom.class
   jd/plugins/hoster/PobierzBiz.class
   jd/plugins/hoster/PornCom.class
   jd/plugins/hoster/PornHostCom.class
   jd/plugins/hoster/PornHubCom$2$1.class
   jd/plugins/hoster/PornHubCom$2.class
   jd/plugins/hoster/PornHubCom$BouncyCastleAESCounterModeDecrypt.class
   jd/plugins/hoster/PornHubCom.class
   jd/plugins/hoster/PornalinCom.class
   jd/plugins/hoster/PorndigCom.class
   jd/plugins/hoster/PorndoeCom$1.class
   jd/plugins/hoster/PorndoeCom.class
   jd/plugins/hoster/PornflipCom.class
   jd/plugins/hoster/PornhatCom.class
   jd/plugins/hoster/PornhdCom.class
   jd/plugins/hoster/PornhitsCom.class
   jd/plugins/hoster/PornktuBe.class
   jd/plugins/hoster/PornlibCom.class
   jd/plugins/hoster/PornoneCom$1.class
   jd/plugins/hoster/PornoneCom.class
   jd/plugins/hoster/PornonodCom.class
   jd/plugins/hoster/PornozavrNet.class
   jd/plugins/hoster/PornportalCom$1.class
   jd/plugins/hoster/PornportalCom.class
   jd/plugins/hoster/PornroxCom.class.removed
   jd/plugins/hoster/PornsocketCom.class
   jd/plugins/hoster/PostimagesOrg.class
   jd/plugins/hoster/PowVideoNet.class
   jd/plugins/hoster/PremboxCom.class
   jd/plugins/hoster/PremiumTo$1.class
   jd/plugins/hoster/PremiumTo$2.class
   jd/plugins/hoster/PremiumTo$PremiumDotToConfigInterface$Translation.class
   jd/plugins/hoster/PremiumTo$PremiumDotToConfigInterface.class
   jd/plugins/hoster/PremiumTo.class
   jd/plugins/hoster/PremiumizeMe$1.class
   jd/plugins/hoster/PremiumizeMe$PremiumizeAccountFactory$1.class
   jd/plugins/hoster/PremiumizeMe$PremiumizeAccountFactory.class
   jd/plugins/hoster/PremiumizeMe$PremiumizeMeConfigInterface$Translation.class
   jd/plugins/hoster/PremiumizeMe$PremiumizeMeConfigInterface.class
   jd/plugins/hoster/PremiumizeMe.class
   jd/plugins/hoster/PrimeMusicRu.class
   jd/plugins/hoster/ProLeechLink.class
   jd/plugins/hoster/ProSevenDe.class
   jd/plugins/hoster/Puls4Com.class
   jd/plugins/hoster/QostubeCom.class.removed
   jd/plugins/hoster/QtyFilesCom.class
   jd/plugins/hoster/RGhostNet.class
   jd/plugins/hoster/RPNetBiz.class
   jd/plugins/hoster/RacatyNet.class
   jd/plugins/hoster/RapidGatorNet.class
   jd/plugins/hoster/RapidbIt.class
   jd/plugins/hoster/RapidcloudCc.class
   jd/plugins/hoster/RapideoPl.class
   jd/plugins/hoster/RapidoxPl.class
   jd/plugins/hoster/RapidrarCom$1.class
   jd/plugins/hoster/RapidrarCom$2.class
   jd/plugins/hoster/RapidrarCom$enjStorable.class
   jd/plugins/hoster/RapidrarCom.class
   jd/plugins/hoster/RapidshareIo.class
   jd/plugins/hoster/RapidtrafficCore$1.class
   jd/plugins/hoster/RapidtrafficCore$2.class
   jd/plugins/hoster/RapidtrafficCore.class
   jd/plugins/hoster/RapidtrafficPl.class
   jd/plugins/hoster/RarbgTo.class.removed
   jd/plugins/hoster/RarcloudsCom.class
   jd/plugins/hoster/RareFileNet.class
   jd/plugins/hoster/RealDebridCom$2.class
   jd/plugins/hoster/RealDebridCom$3.class
   jd/plugins/hoster/RealDebridCom$4.class
   jd/plugins/hoster/RealDebridCom$5.class
   jd/plugins/hoster/RealDebridCom$6.class
   jd/plugins/hoster/RealDebridCom$7.class
   jd/plugins/hoster/RealDebridCom$8.class
   jd/plugins/hoster/RealDebridCom.class
   jd/plugins/hoster/RealGfPornCom.class
   jd/plugins/hoster/RecTubeCom.class
   jd/plugins/hoster/RecordbateCom.class
   jd/plugins/hoster/RecurbateCom.class
   jd/plugins/hoster/RedGifsCom.class
   jd/plugins/hoster/RedTubeCom$1.class
   jd/plugins/hoster/RedTubeCom.class
   jd/plugins/hoster/RedditCom$1.class
   jd/plugins/hoster/RedditCom$2.class
   jd/plugins/hoster/RedditCom.class
   jd/plugins/hoster/ResearchgateNet.class
   jd/plugins/hoster/RestFileCom.class
   jd/plugins/hoster/RetroSx.class.removed
   jd/plugins/hoster/ReverBnationComHoster.class
   jd/plugins/hoster/RockFileCo.class.removed
   jd/plugins/hoster/RomHustler.class
   jd/plugins/hoster/RomsgamesNet.class
   jd/plugins/hoster/RomulationOrg.class
   jd/plugins/hoster/RosefileNet.class
   jd/plugins/hoster/RtbfBe$RtbfBeConfigInterface$TRANSLATION.class
   jd/plugins/hoster/RtbfBe$RtbfBeConfigInterface.class
   jd/plugins/hoster/RtbfBe.class
   jd/plugins/hoster/RtveEs.class
   jd/plugins/hoster/Rule34videoCom.class
   jd/plugins/hoster/SabercathostCom.class.removed
   jd/plugins/hoster/SaikoanimesNet.class
   jd/plugins/hoster/SaintTo.class
   jd/plugins/hoster/SamaupCo.class
   jd/plugins/hoster/SankakucomplexCom.class
   jd/plugins/hoster/SbuploadCom.class
   jd/plugins/hoster/SdilejCz.class
   jd/plugins/hoster/SecufilesCom.class.removed
   jd/plugins/hoster/SeedrCc.class
   jd/plugins/hoster/SendCm.class
   jd/plugins/hoster/SendMyWayCom.class.removed
   jd/plugins/hoster/SendgbCom.class
   jd/plugins/hoster/SendspaceCom.class
   jd/plugins/hoster/SendvidCom.class
   jd/plugins/hoster/ServePornCom.class
   jd/plugins/hoster/ServusCom$1.class
   jd/plugins/hoster/ServusCom$ApiType.class
   jd/plugins/hoster/ServusCom.class
   jd/plugins/hoster/SevenTwoDjCom.class
   jd/plugins/hoster/SeventySevenFileCom.class
   jd/plugins/hoster/SexbotCom.class
   jd/plugins/hoster/SextvxCom.class
   jd/plugins/hoster/SexuCom.class
   jd/plugins/hoster/SfileMobi.class
   jd/plugins/hoster/Share4WebCom.class.removed
   jd/plugins/hoster/ShareGadgetCom.class
   jd/plugins/hoster/ShareVideosSe.class
   jd/plugins/hoster/SharemodsCom.class
   jd/plugins/hoster/ShareplaceOrg.class
   jd/plugins/hoster/SharewithClick.class
   jd/plugins/hoster/SharezwebCom.class.removed
   jd/plugins/hoster/SharingWtf.class
   jd/plugins/hoster/ShesFreakyCom.class
   jd/plugins/hoster/ShitpostCo.class.removed
   jd/plugins/hoster/ShutterStockCom.class
   jd/plugins/hoster/SimpleTubes.class
   jd/plugins/hoster/SimplyPremiumCom2$1.class
   jd/plugins/hoster/SimplyPremiumCom2$2.class
   jd/plugins/hoster/SimplyPremiumCom2$SimplyPremiumAccountFactory$1.class
   jd/plugins/hoster/SimplyPremiumCom2$SimplyPremiumAccountFactory.class
   jd/plugins/hoster/SimplyPremiumCom2$SimplyPremiumComConfigInterface$Translation.class
   jd/plugins/hoster/SimplyPremiumCom2$SimplyPremiumComConfigInterface.class
   jd/plugins/hoster/SimplyPremiumCom2.class
   jd/plugins/hoster/SlideShareNet.class
   jd/plugins/hoster/SmoozedCom$1.class
   jd/plugins/hoster/SmoozedCom.class
   jd/plugins/hoster/SmutrCom.class
   jd/plugins/hoster/SnipboardIo.class
   jd/plugins/hoster/SoftPediaCom.class
   jd/plugins/hoster/SolidFilesCom.class
   jd/plugins/hoster/SoundClickCom.class
   jd/plugins/hoster/SoundGasmNet.class
   jd/plugins/hoster/SoundSnapCom.class
   jd/plugins/hoster/SoundcloudCom$1.class
   jd/plugins/hoster/SoundcloudCom$2.class
   jd/plugins/hoster/SoundcloudCom$AudioQualitySelectionMode$1.class
   jd/plugins/hoster/SoundcloudCom$AudioQualitySelectionMode$2.class
   jd/plugins/hoster/SoundcloudCom$AudioQualitySelectionMode$3.class
   jd/plugins/hoster/SoundcloudCom$AudioQualitySelectionMode.class
   jd/plugins/hoster/SoundcloudCom.class
   jd/plugins/hoster/SourceForgeNet.class
   jd/plugins/hoster/SpankBangCom.class
   jd/plugins/hoster/SpinrillaCom.class.removed
   jd/plugins/hoster/SproutVideoCom.class
   jd/plugins/hoster/SqlGg.class.removed
   jd/plugins/hoster/SrfCh.class
   jd/plugins/hoster/StaSh.class
   jd/plugins/hoster/SternDe.class
   jd/plugins/hoster/StiahnitoSk.class.removed
   jd/plugins/hoster/StileProjectCom.class
   jd/plugins/hoster/StoragelyCom.class
   jd/plugins/hoster/StreamableCom.class
   jd/plugins/hoster/StreamhideCom.class
   jd/plugins/hoster/StreamhubTo.class
   jd/plugins/hoster/StreamlareCom.class
   jd/plugins/hoster/StreamsbNet.class
   jd/plugins/hoster/StreamtapeCom.class
   jd/plugins/hoster/StreamvidNet.class
   jd/plugins/hoster/StreamzCc.class.removed
   jd/plugins/hoster/StudfilesNet.class
   jd/plugins/hoster/SubSceneCom.class
   jd/plugins/hoster/SubyShareCom.class
   jd/plugins/hoster/SuicidegirlsCom$1.class
   jd/plugins/hoster/SuicidegirlsCom.class
   jd/plugins/hoster/SunPornoCom.class
   jd/plugins/hoster/SundryfilesCom.class
   jd/plugins/hoster/SunexenusCom.class.removed
   jd/plugins/hoster/SuperdownComBr.class
   jd/plugins/hoster/SupervideoTv.class
   jd/plugins/hoster/TabooheatCom.class
   jd/plugins/hoster/TakefileLink.class
   jd/plugins/hoster/TedCom$1.class
   jd/plugins/hoster/TedCom.class
   jd/plugins/hoster/TeleFiveDe$Tele5DeConfigInterface$TRANSLATION.class.removed
   jd/plugins/hoster/TeleFiveDe$Tele5DeConfigInterface.class.removed
   jd/plugins/hoster/TeleFiveDe.class.removed
   jd/plugins/hoster/TempSh.class
   jd/plugins/hoster/TenFilesCom.class
   jd/plugins/hoster/TeraboxCom$1.class
   jd/plugins/hoster/TeraboxCom.class
   jd/plugins/hoster/ThaiCyberUploadCom.class.removed
   jd/plugins/hoster/ThisAVCom.class
   jd/plugins/hoster/ThreeADiskCom.class
   jd/plugins/hoster/Ti1caCom.class
   jd/plugins/hoster/TiktokCom$1.class
   jd/plugins/hoster/TiktokCom.class
   jd/plugins/hoster/TinyfilesCom.class
   jd/plugins/hoster/TitulkyCom.class
   jd/plugins/hoster/TktubeCom.class
   jd/plugins/hoster/TmzCom.class
   jd/plugins/hoster/TnaFlixCom.class
   jd/plugins/hoster/TokyomotionNet.class
   jd/plugins/hoster/Top4topIo.class
   jd/plugins/hoster/ToyPicsNet.class.removed
   jd/plugins/hoster/TrailersAppleCom.class
   jd/plugins/hoster/TrainbitCom.class
   jd/plugins/hoster/TrannyOne.class
   jd/plugins/hoster/TransferChomikujPl$TransferChomikujPlAccountFactory$1.class
   jd/plugins/hoster/TransferChomikujPl$TransferChomikujPlAccountFactory.class
   jd/plugins/hoster/TransferChomikujPl.class
   jd/plugins/hoster/TransfernowNet.class
   jd/plugins/hoster/TransfilesRu.class
   jd/plugins/hoster/TransloadMe.class
   jd/plugins/hoster/TrendypornCom.class
   jd/plugins/hoster/TropicShareCom.class
   jd/plugins/hoster/TstorageInfo.class
   jd/plugins/hoster/Tube8Com$BouncyCastleAESCounterModeDecrypt.class
   jd/plugins/hoster/Tube8Com.class
   jd/plugins/hoster/TubeRampantTv.class
   jd/plugins/hoster/TubousCom.class
   jd/plugins/hoster/TumblrCom.class
   jd/plugins/hoster/TurboBitNet.class
   jd/plugins/hoster/TvNrkNo.class
   jd/plugins/hoster/TwitterCom.class
   jd/plugins/hoster/TwobayOrg.class
   jd/plugins/hoster/TwofileWin.class.removed
   jd/plugins/hoster/UaFileCom.class
   jd/plugins/hoster/UbiqfileCom.class
   jd/plugins/hoster/UdemyCom$1.class
   jd/plugins/hoster/UdemyCom.class
   jd/plugins/hoster/UfileIo.class
   jd/plugins/hoster/UlozTo.class
   jd/plugins/hoster/UltimboxOrg.class
   jd/plugins/hoster/UlubPl.class.removed
   jd/plugins/hoster/Unkn0wnCloud.class
   jd/plugins/hoster/UnknownPornScript2.class
   jd/plugins/hoster/UnknownPornScript4.class
   jd/plugins/hoster/UnknownPornScript5.class
   jd/plugins/hoster/UnknownPornScript8.class
   jd/plugins/hoster/UnknownPornScript9.class
   jd/plugins/hoster/Up2shaRe.class
   jd/plugins/hoster/UpToBoxCom$1.class
   jd/plugins/hoster/UpToBoxCom$UptoboxAccountFactory$1.class
   jd/plugins/hoster/UpToBoxCom$UptoboxAccountFactory.class
   jd/plugins/hoster/UpToBoxCom.class
   jd/plugins/hoster/UpfCoIl.class.removed
   jd/plugins/hoster/UpfilesIo$MethodName.class
   jd/plugins/hoster/UpfilesIo.class
   jd/plugins/hoster/Upload24x7Com.class.removed
   jd/plugins/hoster/UploadBoyCom.class
   jd/plugins/hoster/UploadEe.class
   jd/plugins/hoster/UploadMobi.class.removed
   jd/plugins/hoster/UploadcornerCom.class
   jd/plugins/hoster/UploaderJp.class
   jd/plugins/hoster/UploadevOrg.class
   jd/plugins/hoster/UploadeverCom.class
   jd/plugins/hoster/UploadgigCom.class
   jd/plugins/hoster/UploadhavenCom.class
   jd/plugins/hoster/UploadhiveCom.class
   jd/plugins/hoster/UploadhubTo.class
   jd/plugins/hoster/UploadmxCom.class.removed
   jd/plugins/hoster/UploadyIo.class
   jd/plugins/hoster/UploadydlCom.class.removed
   jd/plugins/hoster/UplodIr.class
   jd/plugins/hoster/UplodNet.class
   jd/plugins/hoster/UppomLive.class
   jd/plugins/hoster/UpstoRe.class
   jd/plugins/hoster/UptomegaMe.class
   jd/plugins/hoster/UpvidBiz.class
   jd/plugins/hoster/UpvideoTo.class.removed
   jd/plugins/hoster/UqloadCom.class
   jd/plugins/hoster/UsafilesNet.class
   jd/plugins/hoster/UseNetNL$UseNetNLConfigInterface.class.removed
   jd/plugins/hoster/UseNetNL.class.removed
   jd/plugins/hoster/UserloadCo.class.removed
   jd/plugins/hoster/UseruploadNet.class
   jd/plugins/hoster/UuploadIr.class
   jd/plugins/hoster/VKontakteRuHoster$1.class
   jd/plugins/hoster/VKontakteRuHoster$Quality$1.class
   jd/plugins/hoster/VKontakteRuHoster$Quality$2.class
   jd/plugins/hoster/VKontakteRuHoster$Quality$3.class
   jd/plugins/hoster/VKontakteRuHoster$Quality$4.class
   jd/plugins/hoster/VKontakteRuHoster$Quality$5.class
   jd/plugins/hoster/VKontakteRuHoster$Quality$6.class
   jd/plugins/hoster/VKontakteRuHoster$Quality$7.class
   jd/plugins/hoster/VKontakteRuHoster$Quality$8.class
   jd/plugins/hoster/VKontakteRuHoster$Quality.class
   jd/plugins/hoster/VKontakteRuHoster$QualitySelectionMode$1.class
   jd/plugins/hoster/VKontakteRuHoster$QualitySelectionMode$2.class
   jd/plugins/hoster/VKontakteRuHoster$QualitySelectionMode$3.class
   jd/plugins/hoster/VKontakteRuHoster$QualitySelectionMode$4.class
   jd/plugins/hoster/VKontakteRuHoster$QualitySelectionMode.class
   jd/plugins/hoster/VKontakteRuHoster.class
   jd/plugins/hoster/VdiskCn.class
   jd/plugins/hoster/VdiskWeiboCom.class
   jd/plugins/hoster/VeeosyncCom.class
   jd/plugins/hoster/VidelloNet.class
   jd/plugins/hoster/VideoFCTwoCore.class
   jd/plugins/hoster/VideoGoogle.class
   jd/plugins/hoster/VideobinCo.class.removed
   jd/plugins/hoster/VideopressCom.class
   jd/plugins/hoster/VideosectionCom.class
   jd/plugins/hoster/VidguardTo.class
   jd/plugins/hoster/VidhdCo.class.removed
   jd/plugins/hoster/VidsMySpaceCom.class
   jd/plugins/hoster/VidsharTv.class
   jd/plugins/hoster/VidyardCom.class
   jd/plugins/hoster/VikiCom$1.class.removed
   jd/plugins/hoster/VikiCom$2.class.removed
   jd/plugins/hoster/VikiCom.class.removed
   jd/plugins/hoster/VimeoCom$1.class
   jd/plugins/hoster/VimeoCom$VIMEO_URL_TYPE.class
   jd/plugins/hoster/VimeoCom$WrongRefererException.class
   jd/plugins/hoster/VimeoCom.class
   jd/plugins/hoster/VimpleRu.class.removed
   jd/plugins/hoster/VipissyCom.class
   jd/plugins/hoster/VisharePl.class.removed
   jd/plugins/hoster/VitaminoGretmenCom.class
   jd/plugins/hoster/VizCom.class
   jd/plugins/hoster/VocarooCom.class
   jd/plugins/hoster/VoeSx.class
   jd/plugins/hoster/VscoCo.class
   jd/plugins/hoster/VtubeTo.class
   jd/plugins/hoster/WallhavenCc.class
   jd/plugins/hoster/WdfilesRu.class
   jd/plugins/hoster/WebCamsCom.class.removed
   jd/plugins/hoster/WebDe.class
   jd/plugins/hoster/WebShareCz.class
   jd/plugins/hoster/WebmshareCom.class
   jd/plugins/hoster/WeltDeMediathek.class
   jd/plugins/hoster/WetafilesCom.class
   jd/plugins/hoster/WhatBoysWantCom.class
   jd/plugins/hoster/WickedCom.class
   jd/plugins/hoster/WickedsickTv.class
   jd/plugins/hoster/WikiFortioCom.class
   jd/plugins/hoster/WipFilesNet.class
   jd/plugins/hoster/WistiaCom.class
   jd/plugins/hoster/WoodrocketCom.class.removed
   jd/plugins/hoster/WorkuploadCom.class
   jd/plugins/hoster/WorldBytezCom.class
   jd/plugins/hoster/WorldClipsRu.class
   jd/plugins/hoster/WorldFilesCom.class
   jd/plugins/hoster/WorldStarHipHopCom.class
   jd/plugins/hoster/WplikCom.class
   jd/plugins/hoster/WrzucajplikiPl.class.removed
   jd/plugins/hoster/WuShareCom.class
   jd/plugins/hoster/WupfileCom.class
   jd/plugins/hoster/WyslijPlikPl.class
   jd/plugins/hoster/XArtCom.class
   jd/plugins/hoster/XChinaCo.class
   jd/plugins/hoster/XFileSharingProBasicDropgalaxyCORE$1.class
   jd/plugins/hoster/XFileSharingProBasicDropgalaxyCORE.class
   jd/plugins/hoster/XHamsterCom$1.class
   jd/plugins/hoster/XHamsterCom.class
   jd/plugins/hoster/XcumCom.class
   jd/plugins/hoster/XempireCom.class
   jd/plugins/hoster/XfileloadsCom.class.removed
   jd/plugins/hoster/XfpanCc.class.removed
   jd/plugins/hoster/XiaoshenkeNet.class
   jd/plugins/hoster/XimagesharingCom.class
   jd/plugins/hoster/XingyaodiskCom.class
   jd/plugins/hoster/XkcdCom.class
   jd/plugins/hoster/XporniumNet.class
   jd/plugins/hoster/XtitsCom.class
   jd/plugins/hoster/XueqiupanCom.class
   jd/plugins/hoster/XunniupanCom.class
   jd/plugins/hoster/XvideosCore$1.class
   jd/plugins/hoster/XvideosCore.class
   jd/plugins/hoster/XvideosharingCom.class
   jd/plugins/hoster/XxxBunkerCom.class
   jd/plugins/hoster/XxxTube.class
   jd/plugins/hoster/XxxsexzooCom.class
   jd/plugins/hoster/YahooCom.class.removed
   jd/plugins/hoster/YesXxx.class.removed
   jd/plugins/hoster/YetifileCom.class
   jd/plugins/hoster/YimuheCom.class
   jd/plugins/hoster/YouJizzCom$1.class
   jd/plugins/hoster/YouJizzCom.class
   jd/plugins/hoster/YouPornCom$1.class
   jd/plugins/hoster/YouPornCom.class
   jd/plugins/hoster/YoudboxCom.class
   jd/plugins/hoster/YourFileStorageCom.class.removed
   jd/plugins/hoster/YourUploadCom.class
   jd/plugins/hoster/YouramateurpornCom.class
   jd/plugins/hoster/YourlistenCom.class.removed
   jd/plugins/hoster/YoutubeDashV2$1.class
   jd/plugins/hoster/YoutubeDashV2$10.class
   jd/plugins/hoster/YoutubeDashV2$11.class
   jd/plugins/hoster/YoutubeDashV2$12.class
   jd/plugins/hoster/YoutubeDashV2$13.class
   jd/plugins/hoster/YoutubeDashV2$14.class
   jd/plugins/hoster/YoutubeDashV2$15.class
   jd/plugins/hoster/YoutubeDashV2$16.class
   jd/plugins/hoster/YoutubeDashV2$17$1.class
   jd/plugins/hoster/YoutubeDashV2$17.class
   jd/plugins/hoster/YoutubeDashV2$18.class
   jd/plugins/hoster/YoutubeDashV2$2.class
   jd/plugins/hoster/YoutubeDashV2$3.class
   jd/plugins/hoster/YoutubeDashV2$4.class
   jd/plugins/hoster/YoutubeDashV2$5.class
   jd/plugins/hoster/YoutubeDashV2$6$1.class
   jd/plugins/hoster/YoutubeDashV2$6.class
   jd/plugins/hoster/YoutubeDashV2$7.class
   jd/plugins/hoster/YoutubeDashV2$8.class
   jd/plugins/hoster/YoutubeDashV2$9.class
   jd/plugins/hoster/YoutubeDashV2$DashDownloadPluginProgress.class
   jd/plugins/hoster/YoutubeDashV2.class
   jd/plugins/hoster/YoutvDe.class
   jd/plugins/hoster/ZMagsCom.class
   jd/plugins/hoster/ZapiszSe.class
   jd/plugins/hoster/ZaycevNet.class
   jd/plugins/hoster/ZbigzCom.class
   jd/plugins/hoster/ZdfDeMediathek$ZdfmediathekConfigInterface$TRANSLATION.class
   jd/plugins/hoster/ZdfDeMediathek$ZdfmediathekConfigInterface.class
   jd/plugins/hoster/ZdfDeMediathek.class
   jd/plugins/hoster/ZerotolerancefilmsCom.class
   jd/plugins/hoster/ZeveraCom$ZeveraAccountFactory$1.class
   jd/plugins/hoster/ZeveraCom$ZeveraAccountFactory.class
   jd/plugins/hoster/ZeveraCom.class
   jd/plugins/hoster/ZeveraCore$1.class
   jd/plugins/hoster/ZeveraCore$2.class
   jd/plugins/hoster/ZeveraCore$3.class
   jd/plugins/hoster/ZeveraCore.class
   jd/plugins/hoster/ZillastreamCom.class.removed
   jd/plugins/hoster/ZipfileCc.class.removed
   jd/plugins/hoster/ZofileCom.class
   jd/plugins/hoster/ZoomUs.class
   jd/plugins/hoster/ZuploadMe.class.removed
----------------Extensions----------------
   extensions/Extraction.jar
----------------Direct Files----------------
   build.json
   translations/jd/captcha/translate/CaptchaTranslation.zh_CN.lng
   translations/jd/controlling/reconnect/pluginsinc/batch/translate/BatchTranslation.zh_CN.lng
   translations/org/appwork/utils/locale/AWUTranslation.zh_CN.lng
   translations/org/appwork/utils/locale/AWUTranslation.zh__hant.lng
   translations/org/appwork/utils/logging2/sendlogs/LogSenderTranslation.zh__hant.lng
   translations/org/jdownloader/extensions/extraction/translate/ExtractionTranslation.zh_CN.lng
   translations/org/jdownloader/extensions/shutdown/translate/ShutdownTranslation.zh_CN.lng
   translations/org/jdownloader/gui/translate/GuiTranslation.bg.lng
   translations/org/jdownloader/gui/translate/GuiTranslation.bs.lng
   translations/org/jdownloader/gui/translate/GuiTranslation.de.lng
   translations/org/jdownloader/gui/translate/GuiTranslation.en.lng
   translations/org/jdownloader/gui/translate/GuiTranslation.fr.lng
   translations/org/jdownloader/gui/translate/GuiTranslation.pt_BR.lng
   translations/org/jdownloader/gui/translate/GuiTranslation.zh_CN.lng
   translations/org/jdownloader/gui/translate/GuiTranslation.zh__hant.lng
   translations/org/jdownloader/translate/JdownloaderTranslation.bs.lng
   translations/org/jdownloader/translate/JdownloaderTranslation.de.lng
   translations/org/jdownloader/translate/JdownloaderTranslation.pt_BR.lng
   translations/org/jdownloader/translate/JdownloaderTranslation.zh_CN.lng
   translations/org/jdownloader/translate/JdownloaderTranslation.zh__hant.lng
----------------Core Files----------------
   Core.jar
   JD: Core.jar/jd/controlling/AccountController.class
   JD: Core.jar/jd/controlling/ClipboardMonitoring.class
   JD: Core.jar/jd/controlling/captcha/CaptchaSettings.class
   JD: Core.jar/jd/controlling/downloadcontroller/DownloadLinkCandidateResult$1.class
   JD: Core.jar/jd/controlling/downloadcontroller/DownloadLinkCandidateResult$RESULT.class
   JD: Core.jar/jd/controlling/downloadcontroller/DownloadLinkCandidateResult.class
   JD: Core.jar/jd/controlling/downloadcontroller/DownloadWatchDog$1.class
   JD: Core.jar/jd/controlling/downloadcontroller/DownloadWatchDog$10$1.class
   JD: Core.jar/jd/controlling/downloadcontroller/DownloadWatchDog$10.class
   JD: Core.jar/jd/controlling/downloadcontroller/DownloadWatchDog$11.class
   JD: Core.jar/jd/controlling/downloadcontroller/DownloadWatchDog$12$1.class
   JD: Core.jar/jd/controlling/downloadcontroller/DownloadWatchDog$12.class
   JD: Core.jar/jd/controlling/downloadcontroller/DownloadWatchDog$13$1.class
   JD: Core.jar/jd/controlling/downloadcontroller/DownloadWatchDog$13.class
   JD: Core.jar/jd/controlling/downloadcontroller/DownloadWatchDog$14.class
   JD: Core.jar/jd/controlling/downloadcontroller/DownloadWatchDog$15.class
   JD: Core.jar/jd/controlling/downloadcontroller/DownloadWatchDog$16.class
   JD: Core.jar/jd/controlling/downloadcontroller/DownloadWatchDog$17.class
   JD: Core.jar/jd/controlling/downloadcontroller/DownloadWatchDog$18.class
   JD: Core.jar/jd/controlling/downloadcontroller/DownloadWatchDog$19.class
   JD: Core.jar/jd/controlling/downloadcontroller/DownloadWatchDog$2.class
   JD: Core.jar/jd/controlling/downloadcontroller/DownloadWatchDog$20.class
   JD: Core.jar/jd/controlling/downloadcontroller/DownloadWatchDog$21.class
   JD: Core.jar/jd/controlling/downloadcontroller/DownloadWatchDog$22$1.class
   JD: Core.jar/jd/controlling/downloadcontroller/DownloadWatchDog$22.class
   JD: Core.jar/jd/controlling/downloadcontroller/DownloadWatchDog$23$1.class
   JD: Core.jar/jd/controlling/downloadcontroller/DownloadWatchDog$23.class
   JD: Core.jar/jd/controlling/downloadcontroller/DownloadWatchDog$24.class
   JD: Core.jar/jd/controlling/downloadcontroller/DownloadWatchDog$25.class
   JD: Core.jar/jd/controlling/downloadcontroller/DownloadWatchDog$26.class
   JD: Core.jar/jd/controlling/downloadcontroller/DownloadWatchDog$27$1.class
   JD: Core.jar/jd/controlling/downloadcontroller/DownloadWatchDog$27.class
   JD: Core.jar/jd/controlling/downloadcontroller/DownloadWatchDog$28.class
   JD: Core.jar/jd/controlling/downloadcontroller/DownloadWatchDog$29$1.class
   JD: Core.jar/jd/controlling/downloadcontroller/DownloadWatchDog$29.class
   JD: Core.jar/jd/controlling/downloadcontroller/DownloadWatchDog$3$1.class
   JD: Core.jar/jd/controlling/downloadcontroller/DownloadWatchDog$3.class
   JD: Core.jar/jd/controlling/downloadcontroller/DownloadWatchDog$38$1.class
   JD: Core.jar/jd/controlling/downloadcontroller/DownloadWatchDog$38$2.class
   JD: Core.jar/jd/controlling/downloadcontroller/DownloadWatchDog$38.class
   JD: Core.jar/jd/controlling/downloadcontroller/DownloadWatchDog$39.class
   JD: Core.jar/jd/controlling/downloadcontroller/DownloadWatchDog$4$1.class
   JD: Core.jar/jd/controlling/downloadcontroller/DownloadWatchDog$4.class
   JD: Core.jar/jd/controlling/downloadcontroller/DownloadWatchDog$40.class
   JD: Core.jar/jd/controlling/downloadcontroller/DownloadWatchDog$41.class
   JD: Core.jar/jd/controlling/downloadcontroller/DownloadWatchDog$42.class
   JD: Core.jar/jd/controlling/downloadcontroller/DownloadWatchDog$43.class
   JD: Core.jar/jd/controlling/downloadcontroller/DownloadWatchDog$44.class
   JD: Core.jar/jd/controlling/downloadcontroller/DownloadWatchDog$45.class
   JD: Core.jar/jd/controlling/downloadcontroller/DownloadWatchDog$5$1.class
   JD: Core.jar/jd/controlling/downloadcontroller/DownloadWatchDog$5.class
   JD: Core.jar/jd/controlling/downloadcontroller/DownloadWatchDog$6$1.class
   JD: Core.jar/jd/controlling/downloadcontroller/DownloadWatchDog$6.class
   JD: Core.jar/jd/controlling/downloadcontroller/DownloadWatchDog$7$1.class
   JD: Core.jar/jd/controlling/downloadcontroller/DownloadWatchDog$7.class
   JD: Core.jar/jd/controlling/downloadcontroller/DownloadWatchDog$8.class
   JD: Core.jar/jd/controlling/downloadcontroller/DownloadWatchDog$9$1.class
   JD: Core.jar/jd/controlling/downloadcontroller/DownloadWatchDog$9.class
   JD: Core.jar/jd/controlling/downloadcontroller/DownloadWatchDog$ReconnectThread$1.class
   JD: Core.jar/jd/controlling/downloadcontroller/DownloadWatchDog$ReconnectThread.class
   JD: Core.jar/jd/controlling/downloadcontroller/DownloadWatchDog.class
   JD: Core.jar/jd/controlling/downloadcontroller/FilePackageStorable.class
   JD: Core.jar/jd/controlling/faviconcontroller/FavIcons.class
   JD: Core.jar/jd/controlling/linkcollector/LinkCollector$1$1.class
   JD: Core.jar/jd/controlling/linkcollector/LinkCollector$1.class
   JD: Core.jar/jd/controlling/linkcollector/LinkCollector$10.class
   JD: Core.jar/jd/controlling/linkcollector/LinkCollector$11.class
   JD: Core.jar/jd/controlling/linkcollector/LinkCollector$12.class
   JD: Core.jar/jd/controlling/linkcollector/LinkCollector$13.class
   JD: Core.jar/jd/controlling/linkcollector/LinkCollector$14.class
   JD: Core.jar/jd/controlling/linkcollector/LinkCollector$15.class
   JD: Core.jar/jd/controlling/linkcollector/LinkCollector$16.class
   JD: Core.jar/jd/controlling/linkcollector/LinkCollector$17.class
   JD: Core.jar/jd/controlling/linkcollector/LinkCollector$18.class
   JD: Core.jar/jd/controlling/linkcollector/LinkCollector$19$1.class
   JD: Core.jar/jd/controlling/linkcollector/LinkCollector$19.class
   JD: Core.jar/jd/controlling/linkcollector/LinkCollector$2$1.class
   JD: Core.jar/jd/controlling/linkcollector/LinkCollector$2.class
   JD: Core.jar/jd/controlling/linkcollector/LinkCollector$20.class
   JD: Core.jar/jd/controlling/linkcollector/LinkCollector$21.class
   JD: Core.jar/jd/controlling/linkcollector/LinkCollector$22.class
   JD: Core.jar/jd/controlling/linkcollector/LinkCollector$23.class
   JD: Core.jar/jd/controlling/linkcollector/LinkCollector$24.class
   JD: Core.jar/jd/controlling/linkcollector/LinkCollector$25.class
   JD: Core.jar/jd/controlling/linkcollector/LinkCollector$26.class
   JD: Core.jar/jd/controlling/linkcollector/LinkCollector$27$1.class
   JD: Core.jar/jd/controlling/linkcollector/LinkCollector$27$2.class
   JD: Core.jar/jd/controlling/linkcollector/LinkCollector$27$3.class
   JD: Core.jar/jd/controlling/linkcollector/LinkCollector$27.class
   JD: Core.jar/jd/controlling/linkcollector/LinkCollector$28$1.class
   JD: Core.jar/jd/controlling/linkcollector/LinkCollector$28.class
   JD: Core.jar/jd/controlling/linkcollector/LinkCollector$29.class
   JD: Core.jar/jd/controlling/linkcollector/LinkCollector$3$1.class
   JD: Core.jar/jd/controlling/linkcollector/LinkCollector$3.class
   JD: Core.jar/jd/controlling/linkcollector/LinkCollector$30$1.class
   JD: Core.jar/jd/controlling/linkcollector/LinkCollector$30.class
   JD: Core.jar/jd/controlling/linkcollector/LinkCollector$31$1.class
   JD: Core.jar/jd/controlling/linkcollector/LinkCollector$31$2.class
   JD: Core.jar/jd/controlling/linkcollector/LinkCollector$31.class
   JD: Core.jar/jd/controlling/linkcollector/LinkCollector$32.class
   JD: Core.jar/jd/controlling/linkcollector/LinkCollector$33.class
   JD: Core.jar/jd/controlling/linkcollector/LinkCollector$34.class
   JD: Core.jar/jd/controlling/linkcollector/LinkCollector$35.class
   JD: Core.jar/jd/controlling/linkcollector/LinkCollector$36.class
   JD: Core.jar/jd/controlling/linkcollector/LinkCollector$4.class
   JD: Core.jar/jd/controlling/linkcollector/LinkCollector$5.class
   JD: Core.jar/jd/controlling/linkcollector/LinkCollector$6.class
   JD: Core.jar/jd/controlling/linkcollector/LinkCollector$7.class
   JD: Core.jar/jd/controlling/linkcollector/LinkCollector$8.class
   JD: Core.jar/jd/controlling/linkcollector/LinkCollector$9.class
   JD: Core.jar/jd/controlling/linkcollector/LinkCollector$CrawledPackageMappingID.class
   JD: Core.jar/jd/controlling/linkcollector/LinkCollector$JobLinkCrawler.class
   JD: Core.jar/jd/controlling/linkcollector/LinkCollector$LoadedPackage.class
   JD: Core.jar/jd/controlling/linkcollector/LinkCollector$MoveLinksMode.class
   JD: Core.jar/jd/controlling/linkcollector/LinkCollector$MoveLinksSettings.class
   JD: Core.jar/jd/controlling/linkcollector/LinkCollector.class
   JD: Core.jar/jd/controlling/linkcrawler/LinkCrawler$10.class
   JD: Core.jar/jd/controlling/linkcrawler/LinkCrawler$11.class
   JD: Core.jar/jd/controlling/linkcrawler/LinkCrawler$12.class
   JD: Core.jar/jd/controlling/linkcrawler/LinkCrawler$13.class
   JD: Core.jar/jd/controlling/linkcrawler/LinkCrawler$14.class
   JD: Core.jar/jd/controlling/linkcrawler/LinkCrawler$15.class
   JD: Core.jar/jd/controlling/linkcrawler/LinkCrawler$16.class
   JD: Core.jar/jd/controlling/linkcrawler/LinkCrawler$17.class
   JD: Core.jar/jd/controlling/linkcrawler/LinkCrawler$18.class
   JD: Core.jar/jd/controlling/linkcrawler/LinkCrawler$19.class
   JD: Core.jar/jd/controlling/linkcrawler/LinkCrawler$20.class
   JD: Core.jar/jd/controlling/linkcrawler/LinkCrawler$21.class
   JD: Core.jar/jd/controlling/linkcrawler/LinkCrawler$22.class
   JD: Core.jar/jd/controlling/linkcrawler/LinkCrawler$23$1.class
   JD: Core.jar/jd/controlling/linkcrawler/LinkCrawler$23.class
   JD: Core.jar/jd/controlling/linkcrawler/LinkCrawler$24$1.class
   JD: Core.jar/jd/controlling/linkcrawler/LinkCrawler$24.class
   JD: Core.jar/jd/controlling/linkcrawler/LinkCrawler$25.class
   JD: Core.jar/jd/controlling/linkcrawler/LinkCrawler$26.class
   JD: Core.jar/jd/controlling/linkcrawler/LinkCrawler$27.class
   JD: Core.jar/jd/controlling/linkcrawler/LinkCrawler$28.class
   JD: Core.jar/jd/controlling/linkcrawler/LinkCrawler$8.class
   JD: Core.jar/jd/controlling/linkcrawler/LinkCrawler$9.class
   JD: Core.jar/jd/controlling/linkcrawler/LinkCrawler.class
   JD: Core.jar/jd/controlling/linkcrawler/LinkCrawlerConfig.class
   JD: Core.jar/jd/controlling/linkcrawler/LinkCrawlerDeepInspector.class
   JD: Core.jar/jd/controlling/linkcrawler/LinkCrawlerRule.class
   JD: Core.jar/jd/controlling/reconnect/ReconnectPluginController$1.class
   JD: Core.jar/jd/controlling/reconnect/ReconnectPluginController$2.class
   JD: Core.jar/jd/controlling/reconnect/ReconnectPluginController$3.class
   JD: Core.jar/jd/controlling/reconnect/ReconnectPluginController$4.class
   JD: Core.jar/jd/controlling/reconnect/ReconnectPluginController.class
   JD: Core.jar/jd/controlling/reconnect/pluginsinc/liveheader/ReconnectFindDialog$1.class
   JD: Core.jar/jd/controlling/reconnect/pluginsinc/liveheader/ReconnectFindDialog$2.class
   JD: Core.jar/jd/controlling/reconnect/pluginsinc/liveheader/ReconnectFindDialog$3.class
   JD: Core.jar/jd/controlling/reconnect/pluginsinc/liveheader/ReconnectFindDialog$4.class
   JD: Core.jar/jd/controlling/reconnect/pluginsinc/liveheader/ReconnectFindDialog$5.class
   JD: Core.jar/jd/controlling/reconnect/pluginsinc/liveheader/ReconnectFindDialog$6.class
   JD: Core.jar/jd/controlling/reconnect/pluginsinc/liveheader/ReconnectFindDialog$7.class
   JD: Core.jar/jd/controlling/reconnect/pluginsinc/liveheader/ReconnectFindDialog$8.class
   JD: Core.jar/jd/controlling/reconnect/pluginsinc/liveheader/ReconnectFindDialog$9.class
   JD: Core.jar/jd/controlling/reconnect/pluginsinc/liveheader/ReconnectFindDialog.class
   JD: Core.jar/jd/controlling/reconnect/pluginsinc/liveheader/recorder/ProxyThread.class
   JD: Core.jar/jd/controlling/reconnect/pluginsinc/upnp/AutoDetectUpnpAction$1.class
   JD: Core.jar/jd/controlling/reconnect/pluginsinc/upnp/AutoDetectUpnpAction$2.class
   JD: Core.jar/jd/controlling/reconnect/pluginsinc/upnp/AutoDetectUpnpAction$3$1.class
   JD: Core.jar/jd/controlling/reconnect/pluginsinc/upnp/AutoDetectUpnpAction$3$2.class
   JD: Core.jar/jd/controlling/reconnect/pluginsinc/upnp/AutoDetectUpnpAction$3$3.class
   JD: Core.jar/jd/controlling/reconnect/pluginsinc/upnp/AutoDetectUpnpAction$3.class
   JD: Core.jar/jd/controlling/reconnect/pluginsinc/upnp/AutoDetectUpnpAction.class
   JD: Core.jar/jd/plugins/Account.class
   JD: Core.jar/jd/plugins/BrowserAdapter.class
   JD: Core.jar/jd/plugins/BrowserDownloadInterface.class
   JD: Core.jar/jd/plugins/CrawledLinkStorable$1.class
   JD: Core.jar/jd/plugins/CrawledLinkStorable$LinkOriginStorable.class
   JD: Core.jar/jd/plugins/CrawledLinkStorable.class
   JD: Core.jar/jd/plugins/CrawledPackageStorable$1.class
   JD: Core.jar/jd/plugins/CrawledPackageStorable$2.class
   JD: Core.jar/jd/plugins/CrawledPackageStorable$TYPE.class
   JD: Core.jar/jd/plugins/CrawledPackageStorable.class
   JD: Core.jar/jd/plugins/DecrypterRetryException$RetryReason.class
   JD: Core.jar/jd/plugins/DecrypterRetryException.class
   JD: Core.jar/jd/plugins/DownloadConnectionVerifier.class
   JD: Core.jar/jd/plugins/DownloadLink$1.class
   JD: Core.jar/jd/plugins/DownloadLink$2.class
   JD: Core.jar/jd/plugins/DownloadLink$3.class
   JD: Core.jar/jd/plugins/DownloadLink$4.class
   JD: Core.jar/jd/plugins/DownloadLink.class
   JD: Core.jar/jd/plugins/DownloadLinkCaptchaTracker.class
   JD: Core.jar/jd/plugins/DownloadLinkStorable$1.class
   JD: Core.jar/jd/plugins/DownloadLinkStorable$2.class
   JD: Core.jar/jd/plugins/DownloadLinkStorable.class
   JD: Core.jar/jd/plugins/Plugin$2.class
   JD: Core.jar/jd/plugins/Plugin$3.class
   JD: Core.jar/jd/plugins/Plugin$4.class
   JD: Core.jar/jd/plugins/Plugin.class
   JD: Core.jar/jd/plugins/PluginForDecrypt$1.class
   JD: Core.jar/jd/plugins/PluginForDecrypt$2.class
   JD: Core.jar/jd/plugins/PluginForDecrypt.class
   JD: Core.jar/jd/plugins/PluginForHost$1.class
   JD: Core.jar/jd/plugins/PluginForHost$10$1.class
   JD: Core.jar/jd/plugins/PluginForHost$10$2.class
   JD: Core.jar/jd/plugins/PluginForHost$10.class
   JD: Core.jar/jd/plugins/PluginForHost$11.class
   JD: Core.jar/jd/plugins/PluginForHost$12.class
   JD: Core.jar/jd/plugins/PluginForHost$13.class
   JD: Core.jar/jd/plugins/PluginForHost$2.class
   JD: Core.jar/jd/plugins/PluginForHost$3.class
   JD: Core.jar/jd/plugins/PluginForHost$4.class
   JD: Core.jar/jd/plugins/PluginForHost$5$1.class
   JD: Core.jar/jd/plugins/PluginForHost$5$2$1.class
   JD: Core.jar/jd/plugins/PluginForHost$5$2.class
   JD: Core.jar/jd/plugins/PluginForHost$5.class
   JD: Core.jar/jd/plugins/PluginForHost$6$1.class
   JD: Core.jar/jd/plugins/PluginForHost$6$2$1.class
   JD: Core.jar/jd/plugins/PluginForHost$6$2$2.class
   JD: Core.jar/jd/plugins/PluginForHost$6$2.class
   JD: Core.jar/jd/plugins/PluginForHost$6.class
   JD: Core.jar/jd/plugins/PluginForHost$7.class
   JD: Core.jar/jd/plugins/PluginForHost$8.class
   JD: Core.jar/jd/plugins/PluginForHost$9.class
   JD: Core.jar/jd/plugins/PluginForHost$FilePair.class
   JD: Core.jar/jd/plugins/PluginForHost.class
   JD: Core.jar/jd/plugins/components/DailyMotionVariant.class
   JD: Core.jar/jd/plugins/components/MultiHosterManagement.class
   JD: Core.jar/jd/plugins/components/gopro/GoProType.class
   JD: Core.jar/jd/plugins/download/DownloadInterface.class
   JD: Core.jar/jd/plugins/download/DownloadLinkDownloadable$1.class
   JD: Core.jar/jd/plugins/download/DownloadLinkDownloadable$2.class
   JD: Core.jar/jd/plugins/download/DownloadLinkDownloadable$3.class
   JD: Core.jar/jd/plugins/download/DownloadLinkDownloadable$4.class
   JD: Core.jar/jd/plugins/download/DownloadLinkDownloadable.class
   JD: Core.jar/jd/plugins/download/Downloadable.class
   JD: Core.jar/jd/plugins/download/HashInfo$TYPE.class
   JD: Core.jar/jd/plugins/download/HashInfo.class
   JD: Core.jar/jd/plugins/download/raf/BytesMappedFileManager$1.class
   JD: Core.jar/jd/plugins/download/raf/BytesMappedFileManager$2.class
   JD: Core.jar/jd/plugins/download/raf/BytesMappedFileManager$3.class
   JD: Core.jar/jd/plugins/download/raf/BytesMappedFileManager$4.class
   JD: Core.jar/jd/plugins/download/raf/BytesMappedFileManager$BytesMappedFileStorable.class
   JD: Core.jar/jd/plugins/download/raf/BytesMappedFileManager.class
   JD: Core.jar/jd/plugins/download/raf/FileBytesMap$1.class
   JD: Core.jar/jd/plugins/download/raf/FileBytesMap$FileBytesMapView.class
   JD: Core.jar/jd/plugins/download/raf/FileBytesMap$FileBytesMapViewInterfaceStorable.class
   JD: Core.jar/jd/plugins/download/raf/FileBytesMap.class
   JD: Core.jar/jd/plugins/download/raf/HTTPDownloader$1.class
   JD: Core.jar/jd/plugins/download/raf/HTTPDownloader$2.class
   JD: Core.jar/jd/plugins/download/raf/HTTPDownloader$3.class
   JD: Core.jar/jd/plugins/download/raf/HTTPDownloader$STATEFLAG.class
   JD: Core.jar/jd/plugins/download/raf/HTTPDownloader$VALIDATION.class
   JD: Core.jar/jd/plugins/download/raf/HTTPDownloader$VALIDATION_RESULT.class
   JD: Core.jar/jd/plugins/download/raf/HTTPDownloader.class
   JD: Core.jar/jd/plugins/download/raf/OldRAFDownload$1.class
   JD: Core.jar/jd/plugins/download/raf/OldRAFDownload.class
   JD: Core.jar/org/jdownloader/api/RemoteAPIController$1.class
   JD: Core.jar/org/jdownloader/api/accounts/AccountAPIStorable.class
   JD: Core.jar/org/jdownloader/api/accounts/v2/AccountAPIStorableV2.class
   JD: Core.jar/org/jdownloader/api/config/AdvancedConfigManagerAPIImpl$3$1.class
   JD: Core.jar/org/jdownloader/api/config/AdvancedConfigManagerAPIImpl$3.class
   JD: Core.jar/org/jdownloader/api/config/AdvancedConfigManagerAPIImpl.class
   JD: Core.jar/org/jdownloader/api/content/v2/ContentAPIImplV2$3.class
   JD: Core.jar/org/jdownloader/api/content/v2/ContentAPIImplV2$4.class
   JD: Core.jar/org/jdownloader/api/content/v2/ContentAPIImplV2.class
   JD: Core.jar/org/jdownloader/api/downloads/DownloadsAPIImpl$1.class
   JD: Core.jar/org/jdownloader/api/downloads/DownloadsAPIImpl$2.class
   JD: Core.jar/org/jdownloader/api/downloads/DownloadsAPIImpl.class
   JD: Core.jar/org/jdownloader/api/extraction/ExtractionAPIImpl.class
   JD: Core.jar/org/jdownloader/api/jdanywhere/api/storable/AccountPropertyStorable.class
   JD: Core.jar/org/jdownloader/api/jdanywhere/api/storable/CrawledLinkStoreable.class
   JD: Core.jar/org/jdownloader/api/jdanywhere/api/storable/CrawledPackageStorable.class
   JD: Core.jar/org/jdownloader/api/jdanywhere/api/storable/DownloadLinkInfoStorable.class
   JD: Core.jar/org/jdownloader/api/jdanywhere/api/storable/FilePackageInfoStorable.class
   JD: Core.jar/org/jdownloader/api/jdanywhere/api/storable/FilePackageStorable.class
   JD: Core.jar/org/jdownloader/api/linkcollector/LinkCollectorAPIImpl$1.class
   JD: Core.jar/org/jdownloader/api/linkcollector/LinkCollectorAPIImpl$2.class
   JD: Core.jar/org/jdownloader/api/linkcollector/LinkCollectorAPIImpl$3.class
   JD: Core.jar/org/jdownloader/api/linkcollector/LinkCollectorAPIImpl.class
   JD: Core.jar/org/jdownloader/api/plugins/PluginAPIStorable.class
   JD: Core.jar/org/jdownloader/api/toolbar/LinkStatus.class
   JD: Core.jar/org/jdownloader/captcha/v2/ChallengeResponseController$1.class
   JD: Core.jar/org/jdownloader/captcha/v2/ChallengeResponseController.class
   JD: Core.jar/org/jdownloader/captcha/v2/challenge/keycaptcha/dialog/KeyCaptchaPuzzleDialog.class
   JD: Core.jar/org/jdownloader/captcha/v2/challenge/recaptcha/v1/RecaptchaV1CaptchaChallenge.class
   JD: Core.jar/org/jdownloader/captcha/v2/challenge/xsolver/Circle$1.class
   JD: Core.jar/org/jdownloader/captcha/v2/challenge/xsolver/Circle.class
   JD: Core.jar/org/jdownloader/captcha/v2/solver/antiCaptchaCom/AntiCaptchaComConfigPanel$2.class
   JD: Core.jar/org/jdownloader/captcha/v2/solver/dbc/DBCUploadResponse$1.class
   JD: Core.jar/org/jdownloader/captcha/v2/solver/dbc/DBCUploadResponse.class
   JD: Core.jar/org/jdownloader/captcha/v2/solver/dbc/DeathByCaptchaSolver.class
   JD: Core.jar/org/jdownloader/captcha/v2/solver/imagetyperz/ImageTyperzCaptchaSolver$1.class
   JD: Core.jar/org/jdownloader/captcha/v2/solver/imagetyperz/ImageTyperzCaptchaSolver.class
   JD: Core.jar/org/jdownloader/captcha/v2/solver/imagetyperz/ImageTyperzSolverService$1$1.class
   JD: Core.jar/org/jdownloader/captcha/v2/solver/solver9kw/NineKwSolverService.class
   JD: Core.jar/org/jdownloader/captcha/v2/solverjob/ResponseList.class
   JD: Core.jar/org/jdownloader/controlling/MirrorPackage.class
   JD: Core.jar/org/jdownloader/controlling/contextmenu/gui/InfoPanel$1.class
   JD: Core.jar/org/jdownloader/controlling/contextmenu/gui/InfoPanel$2$1.class
   JD: Core.jar/org/jdownloader/controlling/contextmenu/gui/InfoPanel$2$2.class
   JD: Core.jar/org/jdownloader/controlling/contextmenu/gui/InfoPanel$2$3.class
   JD: Core.jar/org/jdownloader/controlling/contextmenu/gui/InfoPanel$2.class
   JD: Core.jar/org/jdownloader/controlling/contextmenu/gui/InfoPanel$3$1.class
   JD: Core.jar/org/jdownloader/controlling/contextmenu/gui/InfoPanel$3.class
   JD: Core.jar/org/jdownloader/controlling/contextmenu/gui/InfoPanel$4$1.class
   JD: Core.jar/org/jdownloader/controlling/contextmenu/gui/InfoPanel$4.class
   JD: Core.jar/org/jdownloader/controlling/contextmenu/gui/InfoPanel$5.class
   JD: Core.jar/org/jdownloader/controlling/contextmenu/gui/InfoPanel$6$1.class
   JD: Core.jar/org/jdownloader/controlling/contextmenu/gui/InfoPanel$6.class
   JD: Core.jar/org/jdownloader/controlling/contextmenu/gui/InfoPanel$7.class
   JD: Core.jar/org/jdownloader/controlling/contextmenu/gui/InfoPanel$Entry.class
   JD: Core.jar/org/jdownloader/controlling/contextmenu/gui/InfoPanel.class
   JD: Core.jar/org/jdownloader/controlling/ffmpeg/AbstractFFmpegBinary$1.class
   JD: Core.jar/org/jdownloader/controlling/ffmpeg/AbstractFFmpegBinary$2.class
   JD: Core.jar/org/jdownloader/controlling/ffmpeg/AbstractFFmpegBinary$3.class
   JD: Core.jar/org/jdownloader/controlling/ffmpeg/AbstractFFmpegBinary$4.class
   JD: Core.jar/org/jdownloader/controlling/ffmpeg/AbstractFFmpegBinary$5.class
   JD: Core.jar/org/jdownloader/controlling/ffmpeg/AbstractFFmpegBinary$6.class
   JD: Core.jar/org/jdownloader/controlling/ffmpeg/AbstractFFmpegBinary$7.class
   JD: Core.jar/org/jdownloader/controlling/ffmpeg/AbstractFFmpegBinary$8.class
   JD: Core.jar/org/jdownloader/controlling/ffmpeg/AbstractFFmpegBinary$AccessibleByteArrayOutputStream.class
   JD: Core.jar/org/jdownloader/controlling/ffmpeg/AbstractFFmpegBinary$FLAG.class
   JD: Core.jar/org/jdownloader/controlling/ffmpeg/AbstractFFmpegBinary.class
   JD: Core.jar/org/jdownloader/controlling/ffmpeg/FFMpegException$ERROR.class
   JD: Core.jar/org/jdownloader/controlling/ffmpeg/FFMpegException.class
   JD: Core.jar/org/jdownloader/controlling/ffmpeg/FFmpeg$1.class
   JD: Core.jar/org/jdownloader/controlling/ffmpeg/FFmpeg.class
   JD: Core.jar/org/jdownloader/controlling/ffmpeg/json/Format.class
   JD: Core.jar/org/jdownloader/controlling/ffmpeg/json/StreamInfo.class
   JD: Core.jar/org/jdownloader/controlling/ffmpeg/json/Tags.class
   JD: Core.jar/org/jdownloader/controlling/filter/CompiledConditionFilter$1.class
   JD: Core.jar/org/jdownloader/controlling/filter/CompiledConditionFilter.class
   JD: Core.jar/org/jdownloader/controlling/filter/CompiledFilesizeFilter$1.class
   JD: Core.jar/org/jdownloader/controlling/filter/CompiledFilesizeFilter.class
   JD: Core.jar/org/jdownloader/controlling/filter/CompiledFiletypeFilter$1.class
   JD: Core.jar/org/jdownloader/controlling/filter/CompiledFiletypeFilter$ArchiveExtensions.class
   JD: Core.jar/org/jdownloader/controlling/filter/CompiledFiletypeFilter$AudioExtensions.class
   JD: Core.jar/org/jdownloader/controlling/filter/CompiledFiletypeFilter$DocumentExtensions.class
   JD: Core.jar/org/jdownloader/controlling/filter/CompiledFiletypeFilter$ExecutableExtensions.class
   JD: Core.jar/org/jdownloader/controlling/filter/CompiledFiletypeFilter$HashExtensions.class
   JD: Core.jar/org/jdownloader/controlling/filter/CompiledFiletypeFilter$ImageExtensions.class
   JD: Core.jar/org/jdownloader/controlling/filter/CompiledFiletypeFilter$SubtitleExtensions.class
   JD: Core.jar/org/jdownloader/controlling/filter/CompiledFiletypeFilter$VideoExtensions.class
   JD: Core.jar/org/jdownloader/controlling/filter/CompiledFiletypeFilter.class
   JD: Core.jar/org/jdownloader/controlling/filter/CompiledOnlineStatusFiler$1.class
   JD: Core.jar/org/jdownloader/controlling/filter/CompiledOnlineStatusFiler.class
   JD: Core.jar/org/jdownloader/controlling/filter/CompiledOriginFilter$1.class
   JD: Core.jar/org/jdownloader/controlling/filter/CompiledOriginFilter.class
   JD: Core.jar/org/jdownloader/controlling/filter/CompiledPluginStatusFilter$1.class
   JD: Core.jar/org/jdownloader/controlling/filter/CompiledPluginStatusFilter.class
   JD: Core.jar/org/jdownloader/controlling/filter/CompiledRegexFilter$1.class
   JD: Core.jar/org/jdownloader/controlling/filter/CompiledRegexFilter.class
   JD: Core.jar/org/jdownloader/controlling/hosterrule/AccountGroupStorable.class
   JD: Core.jar/org/jdownloader/controlling/hosterrule/AccountReferenceStorable.class
   JD: Core.jar/org/jdownloader/controlling/hosterrule/AccountRuleStorable.class
   JD: Core.jar/org/jdownloader/downloader/hls/HLSDownloader$10.class
   JD: Core.jar/org/jdownloader/downloader/hls/HLSDownloader$7.class
   JD: Core.jar/org/jdownloader/downloader/hls/HLSDownloader$8.class
   JD: Core.jar/org/jdownloader/downloader/hls/HLSDownloader$9.class
   JD: Core.jar/org/jdownloader/downloader/hls/HLSDownloader$M3U8SEGMENTSTATE.class
   JD: Core.jar/org/jdownloader/downloader/hls/HLSDownloader.class
   JD: Core.jar/org/jdownloader/downloader/segment/SegmentDownloader$2.class
   JD: Core.jar/org/jdownloader/downloader/segment/SegmentDownloader.class
   JD: Core.jar/org/jdownloader/gui/jdtrayicon/TrayExtension$1$1.class
   JD: Core.jar/org/jdownloader/gui/jdtrayicon/TrayExtension$1.class
   JD: Core.jar/org/jdownloader/gui/jdtrayicon/TrayExtension$2$1$1$1.class
   JD: Core.jar/org/jdownloader/gui/jdtrayicon/TrayExtension$2$1$1$2.class
   JD: Core.jar/org/jdownloader/gui/jdtrayicon/TrayExtension$2$1$1.class
   JD: Core.jar/org/jdownloader/gui/jdtrayicon/TrayExtension$2$1.class
   JD: Core.jar/org/jdownloader/gui/jdtrayicon/TrayExtension$2.class
   JD: Core.jar/org/jdownloader/gui/jdtrayicon/TrayExtension$3.class
   JD: Core.jar/org/jdownloader/gui/jdtrayicon/TrayExtension$4.class
   JD: Core.jar/org/jdownloader/gui/jdtrayicon/TrayExtension$5.class
   JD: Core.jar/org/jdownloader/gui/jdtrayicon/TrayExtension$6.class
   JD: Core.jar/org/jdownloader/gui/jdtrayicon/TrayExtension$7.class
   JD: Core.jar/org/jdownloader/gui/jdtrayicon/TrayExtension$8.class
   JD: Core.jar/org/jdownloader/gui/jdtrayicon/TrayExtension$9.class
   JD: Core.jar/org/jdownloader/gui/jdtrayicon/TrayExtension.class
   JD: Core.jar/org/jdownloader/gui/jdtrayicon/TrayMouseAdapter$1.class
   JD: Core.jar/org/jdownloader/gui/jdtrayicon/TrayMouseAdapter$2.class
   JD: Core.jar/org/jdownloader/gui/jdtrayicon/TrayMouseAdapter$3.class
   JD: Core.jar/org/jdownloader/gui/jdtrayicon/TrayMouseAdapter$4.class.removed
   JD: Core.jar/org/jdownloader/gui/jdtrayicon/TrayMouseAdapter$5$1.class.removed
   JD: Core.jar/org/jdownloader/gui/jdtrayicon/TrayMouseAdapter$5.class.removed
   JD: Core.jar/org/jdownloader/gui/jdtrayicon/TrayMouseAdapter.class
   JD: Core.jar/org/jdownloader/gui/packagehistorycontroller/DownloadPath.class
   JD: Core.jar/org/jdownloader/gui/packagehistorycontroller/PackageHistoryEntry.class
   JD: Core.jar/org/jdownloader/gui/translate/GuiTranslation.class
   JD: Core.jar/org/jdownloader/gui/views/components/PseudoMultiCombo$1.class
   JD: Core.jar/org/jdownloader/gui/views/components/PseudoMultiCombo$2.class
   JD: Core.jar/org/jdownloader/gui/views/components/PseudoMultiCombo$3.class
   JD: Core.jar/org/jdownloader/gui/views/components/PseudoMultiCombo$4.class
   JD: Core.jar/org/jdownloader/gui/views/components/PseudoMultiCombo$5.class
   JD: Core.jar/org/jdownloader/gui/views/components/PseudoMultiCombo.class
   JD: Core.jar/org/jdownloader/gui/views/components/packagetable/context/rename/RenameDialog$1.class
   JD: Core.jar/org/jdownloader/gui/views/components/packagetable/context/rename/RenameDialog$2.class
   JD: Core.jar/org/jdownloader/gui/views/components/packagetable/context/rename/RenameDialog.class
   JD: Core.jar/org/jdownloader/gui/views/linkgrabber/addlinksdialog/AddLinksDialog$16$1$1.class
   JD: Core.jar/org/jdownloader/gui/views/linkgrabber/addlinksdialog/AddLinksDialog$16$1.class
   JD: Core.jar/org/jdownloader/gui/views/linkgrabber/addlinksdialog/AddLinksDialog$16.class
   JD: Core.jar/org/jdownloader/gui/views/linkgrabber/addlinksdialog/AddLinksDialog$17.class
   JD: Core.jar/org/jdownloader/gui/views/linkgrabber/addlinksdialog/AddLinksDialog$18.class
   JD: Core.jar/org/jdownloader/gui/views/linkgrabber/addlinksdialog/AddLinksDialog$19.class
   JD: Core.jar/org/jdownloader/gui/views/linkgrabber/addlinksdialog/AddLinksDialog$20.class
   JD: Core.jar/org/jdownloader/gui/views/linkgrabber/addlinksdialog/AddLinksDialog$21.class
   JD: Core.jar/org/jdownloader/gui/views/linkgrabber/addlinksdialog/AddLinksDialog$22$1.class
   JD: Core.jar/org/jdownloader/gui/views/linkgrabber/addlinksdialog/AddLinksDialog$22.class
   JD: Core.jar/org/jdownloader/gui/views/linkgrabber/addlinksdialog/AddLinksDialog$23$1.class
   JD: Core.jar/org/jdownloader/gui/views/linkgrabber/addlinksdialog/AddLinksDialog$23$2.class
   JD: Core.jar/org/jdownloader/gui/views/linkgrabber/addlinksdialog/AddLinksDialog$23$3.class
   JD: Core.jar/org/jdownloader/gui/views/linkgrabber/addlinksdialog/AddLinksDialog$23$4.class
   JD: Core.jar/org/jdownloader/gui/views/linkgrabber/addlinksdialog/AddLinksDialog$23$5.class
   JD: Core.jar/org/jdownloader/gui/views/linkgrabber/addlinksdialog/AddLinksDialog$23.class
   JD: Core.jar/org/jdownloader/gui/views/linkgrabber/addlinksdialog/AddLinksDialog.class
   JD: Core.jar/org/jdownloader/gui/views/linkgrabber/addlinksdialog/LinkgrabberSettings.class
   JD: Core.jar/org/jdownloader/plugins/components/FlexShareCore.class
   JD: Core.jar/org/jdownloader/plugins/components/ImgShotCore.class
   JD: Core.jar/org/jdownloader/plugins/components/TurbobitCore$1.class
   JD: Core.jar/org/jdownloader/plugins/components/TurbobitCore.class
   JD: Core.jar/org/jdownloader/plugins/components/UnknownHostingScriptCore.class
   JD: Core.jar/org/jdownloader/plugins/components/XFileSharingProBasic$1.class
   JD: Core.jar/org/jdownloader/plugins/components/XFileSharingProBasic$URL_TYPE.class
   JD: Core.jar/org/jdownloader/plugins/components/XFileSharingProBasic$XFSApiAccountFactory$1.class
   JD: Core.jar/org/jdownloader/plugins/components/XFileSharingProBasic$XFSApiAccountFactory.class
   JD: Core.jar/org/jdownloader/plugins/components/XFileSharingProBasic.class
   JD: Core.jar/org/jdownloader/plugins/components/XFileSharingProBasicSpecialFilejoker.class
   JD: Core.jar/org/jdownloader/plugins/components/YetiShareCore$1.class
   JD: Core.jar/org/jdownloader/plugins/components/YetiShareCore$2.class
   JD: Core.jar/org/jdownloader/plugins/components/YetiShareCore.class
   JD: Core.jar/org/jdownloader/plugins/components/abstractSafeLinking.class
   JD: Core.jar/org/jdownloader/plugins/components/antiDDoSForDecrypt$1.class
   JD: Core.jar/org/jdownloader/plugins/components/antiDDoSForDecrypt.class
   JD: Core.jar/org/jdownloader/plugins/components/antiDDoSForHost$1.class
   JD: Core.jar/org/jdownloader/plugins/components/antiDDoSForHost.class
   JD: Core.jar/org/jdownloader/plugins/components/archiveorg/ArchiveOrgConfig$BookCrawlMode$1.class
   JD: Core.jar/org/jdownloader/plugins/components/archiveorg/ArchiveOrgConfig$BookCrawlMode$2.class
   JD: Core.jar/org/jdownloader/plugins/components/archiveorg/ArchiveOrgConfig$BookCrawlMode$3.class
   JD: Core.jar/org/jdownloader/plugins/components/archiveorg/ArchiveOrgConfig$BookCrawlMode.class
   JD: Core.jar/org/jdownloader/plugins/components/archiveorg/ArchiveOrgConfig$PlaylistFilenameScheme$1.class
   JD: Core.jar/org/jdownloader/plugins/components/archiveorg/ArchiveOrgConfig$PlaylistFilenameScheme$2.class
   JD: Core.jar/org/jdownloader/plugins/components/archiveorg/ArchiveOrgConfig$PlaylistFilenameScheme.class
   JD: Core.jar/org/jdownloader/plugins/components/archiveorg/ArchiveOrgConfig$TRANSLATION.class
   JD: Core.jar/org/jdownloader/plugins/components/archiveorg/ArchiveOrgConfig.class
   JD: Core.jar/org/jdownloader/plugins/components/config/DouyinComConfig.class
   JD: Core.jar/org/jdownloader/plugins/components/config/DropBoxConfig$TRANSLATION.class
   JD: Core.jar/org/jdownloader/plugins/components/config/DropBoxConfig.class
   JD: Core.jar/org/jdownloader/plugins/components/config/EvilangelCoreConfigBlowpass.class
   JD: Core.jar/org/jdownloader/plugins/components/config/EvilangelCoreConfigDfxtra.class
   JD: Core.jar/org/jdownloader/plugins/components/config/EvilangelCoreConfigGenderxfilmsCom.class
   JD: Core.jar/org/jdownloader/plugins/components/config/EvilangelCoreConfigZerotolerancefilms.class
   JD: Core.jar/org/jdownloader/plugins/components/config/FileCryptConfig$CrawlMode$1.class
   JD: Core.jar/org/jdownloader/plugins/components/config/FileCryptConfig$CrawlMode$2.class
   JD: Core.jar/org/jdownloader/plugins/components/config/FileCryptConfig$CrawlMode.class
   JD: Core.jar/org/jdownloader/plugins/components/config/FileCryptConfig$TRANSLATION.class
   JD: Core.jar/org/jdownloader/plugins/components/config/FileCryptConfig.class
   JD: Core.jar/org/jdownloader/plugins/components/config/GldSlToConfig.class
   JD: Core.jar/org/jdownloader/plugins/components/config/IwaraTvConfig$FilenameScheme$1.class
   JD: Core.jar/org/jdownloader/plugins/components/config/IwaraTvConfig$FilenameScheme$2.class
   JD: Core.jar/org/jdownloader/plugins/components/config/IwaraTvConfig$FilenameScheme$3.class
   JD: Core.jar/org/jdownloader/plugins/components/config/IwaraTvConfig$FilenameScheme$4.class
   JD: Core.jar/org/jdownloader/plugins/components/config/IwaraTvConfig$FilenameScheme$5.class
   JD: Core.jar/org/jdownloader/plugins/components/config/IwaraTvConfig$FilenameScheme$6.class
   JD: Core.jar/org/jdownloader/plugins/components/config/IwaraTvConfig$FilenameScheme.class
   JD: Core.jar/org/jdownloader/plugins/components/config/IwaraTvConfig$FilenameSchemeType$1.class
   JD: Core.jar/org/jdownloader/plugins/components/config/IwaraTvConfig$FilenameSchemeType$2.class
   JD: Core.jar/org/jdownloader/plugins/components/config/IwaraTvConfig$FilenameSchemeType.class
   JD: Core.jar/org/jdownloader/plugins/components/config/IwaraTvConfig$TRANSLATION.class
   JD: Core.jar/org/jdownloader/plugins/components/config/IwaraTvConfig.class
   JD: Core.jar/org/jdownloader/plugins/components/config/KVSConfigGoodpornTo.class
   JD: Core.jar/org/jdownloader/plugins/components/config/MediathekDasersteConfig.class.removed
   JD: Core.jar/org/jdownloader/plugins/components/config/MetartConfig$PhotoCrawlMode$1.class
   JD: Core.jar/org/jdownloader/plugins/components/config/MetartConfig$PhotoCrawlMode$2.class
   JD: Core.jar/org/jdownloader/plugins/components/config/MetartConfig$PhotoCrawlMode.class
   JD: Core.jar/org/jdownloader/plugins/components/config/MetartConfig$TRANSLATION.class
   JD: Core.jar/org/jdownloader/plugins/components/config/MetartConfig$VideoCrawlMode$1.class
   JD: Core.jar/org/jdownloader/plugins/components/config/MetartConfig$VideoCrawlMode$2.class
   JD: Core.jar/org/jdownloader/plugins/components/config/MetartConfig$VideoCrawlMode.class
   JD: Core.jar/org/jdownloader/plugins/components/config/MetartConfig.class
   JD: Core.jar/org/jdownloader/plugins/components/config/MotherlessComConfig$TRANSLATION.class
   JD: Core.jar/org/jdownloader/plugins/components/config/Open3dlabComConfig$1.class
   JD: Core.jar/org/jdownloader/plugins/components/config/Open3dlabComConfig$MirrorFallbackMode$1.class
   JD: Core.jar/org/jdownloader/plugins/components/config/Open3dlabComConfig$MirrorFallbackMode$2.class
   JD: Core.jar/org/jdownloader/plugins/components/config/Open3dlabComConfig$MirrorFallbackMode.class
   JD: Core.jar/org/jdownloader/plugins/components/config/Open3dlabComConfig$TRANSLATION.class
   JD: Core.jar/org/jdownloader/plugins/components/config/Open3dlabComConfig.class
   JD: Core.jar/org/jdownloader/plugins/components/config/Open3dlabComConfigSmutbaSe.class
   JD: Core.jar/org/jdownloader/plugins/components/config/PluralsightComConfig$TRANSLATION.class
   JD: Core.jar/org/jdownloader/plugins/components/config/PluralsightComConfig$WaitMode$1.class
   JD: Core.jar/org/jdownloader/plugins/components/config/PluralsightComConfig$WaitMode$2.class
   JD: Core.jar/org/jdownloader/plugins/components/config/PluralsightComConfig$WaitMode$3.class
   JD: Core.jar/org/jdownloader/plugins/components/config/PluralsightComConfig$WaitMode.class
   JD: Core.jar/org/jdownloader/plugins/components/config/PluralsightComConfig.class
   JD: Core.jar/org/jdownloader/plugins/components/config/RedditConfig$CommentsPackagenameScheme$1.class
   JD: Core.jar/org/jdownloader/plugins/components/config/RedditConfig$CommentsPackagenameScheme$2.class
   JD: Core.jar/org/jdownloader/plugins/components/config/RedditConfig$CommentsPackagenameScheme$3.class
   JD: Core.jar/org/jdownloader/plugins/components/config/RedditConfig$CommentsPackagenameScheme$4.class
   JD: Core.jar/org/jdownloader/plugins/components/config/RedditConfig$CommentsPackagenameScheme.class
   JD: Core.jar/org/jdownloader/plugins/components/config/RedditConfig$FilenameScheme$1.class
   JD: Core.jar/org/jdownloader/plugins/components/config/RedditConfig$FilenameScheme$2.class
   JD: Core.jar/org/jdownloader/plugins/components/config/RedditConfig$FilenameScheme$3.class
   JD: Core.jar/org/jdownloader/plugins/components/config/RedditConfig$FilenameScheme$4.class
   JD: Core.jar/org/jdownloader/plugins/components/config/RedditConfig$FilenameScheme$5.class
   JD: Core.jar/org/jdownloader/plugins/components/config/RedditConfig$FilenameScheme.class
   JD: Core.jar/org/jdownloader/plugins/components/config/RedditConfig$TRANSLATION.class
   JD: Core.jar/org/jdownloader/plugins/components/config/RedditConfig$TextCrawlerMode$1.class
   JD: Core.jar/org/jdownloader/plugins/components/config/RedditConfig$TextCrawlerMode$2.class
   JD: Core.jar/org/jdownloader/plugins/components/config/RedditConfig$TextCrawlerMode$3.class
   JD: Core.jar/org/jdownloader/plugins/components/config/RedditConfig$TextCrawlerMode.class
   JD: Core.jar/org/jdownloader/plugins/components/config/RedditConfig$VideoDownloadStreamType$1.class
   JD: Core.jar/org/jdownloader/plugins/components/config/RedditConfig$VideoDownloadStreamType$2.class
   JD: Core.jar/org/jdownloader/plugins/components/config/RedditConfig$VideoDownloadStreamType.class
   JD: Core.jar/org/jdownloader/plugins/components/config/TiktokConfig$CrawlMode$1.class.removed
   JD: Core.jar/org/jdownloader/plugins/components/config/TiktokConfig$CrawlMode$2.class.removed
   JD: Core.jar/org/jdownloader/plugins/components/config/TiktokConfig$CrawlMode.class.removed
   JD: Core.jar/org/jdownloader/plugins/components/config/TiktokConfig$DownloadMode$1.class.removed
   JD: Core.jar/org/jdownloader/plugins/components/config/TiktokConfig$DownloadMode$2.class.removed
   JD: Core.jar/org/jdownloader/plugins/components/config/TiktokConfig$DownloadMode.class.removed
   JD: Core.jar/org/jdownloader/plugins/components/config/TiktokConfig$MediaCrawlMode$1.class
   JD: Core.jar/org/jdownloader/plugins/components/config/TiktokConfig$MediaCrawlMode$2.class
   JD: Core.jar/org/jdownloader/plugins/components/config/TiktokConfig$MediaCrawlMode.class
   JD: Core.jar/org/jdownloader/plugins/components/config/TiktokConfig$ProfileCrawlMode$1.class
   JD: Core.jar/org/jdownloader/plugins/components/config/TiktokConfig$ProfileCrawlMode$2.class
   JD: Core.jar/org/jdownloader/plugins/components/config/TiktokConfig$ProfileCrawlMode.class
   JD: Core.jar/org/jdownloader/plugins/components/config/TiktokConfig$TRANSLATION.class
   JD: Core.jar/org/jdownloader/plugins/components/config/TiktokConfig.class
   JD: Core.jar/org/jdownloader/plugins/components/config/TwitterConfigInterface$1.class
   JD: Core.jar/org/jdownloader/plugins/components/config/TwitterConfigInterface$FilenameScheme$1.class
   JD: Core.jar/org/jdownloader/plugins/components/config/TwitterConfigInterface$FilenameScheme$2.class
   JD: Core.jar/org/jdownloader/plugins/components/config/TwitterConfigInterface$FilenameScheme$3.class
   JD: Core.jar/org/jdownloader/plugins/components/config/TwitterConfigInterface$FilenameScheme$4.class
   JD: Core.jar/org/jdownloader/plugins/components/config/TwitterConfigInterface$FilenameScheme$5.class
   JD: Core.jar/org/jdownloader/plugins/components/config/TwitterConfigInterface$FilenameScheme.class
   JD: Core.jar/org/jdownloader/plugins/components/config/TwitterConfigInterface$SingleTweetCrawlerMode$1.class
   JD: Core.jar/org/jdownloader/plugins/components/config/TwitterConfigInterface$SingleTweetCrawlerMode$2.class
   JD: Core.jar/org/jdownloader/plugins/components/config/TwitterConfigInterface$SingleTweetCrawlerMode$3.class
   JD: Core.jar/org/jdownloader/plugins/components/config/TwitterConfigInterface$SingleTweetCrawlerMode.class
   JD: Core.jar/org/jdownloader/plugins/components/config/TwitterConfigInterface$TRANSLATION.class
   JD: Core.jar/org/jdownloader/plugins/components/config/TwitterConfigInterface.class
   JD: Core.jar/org/jdownloader/plugins/components/config/UpToBoxComConfig$PreferredDomain$1.class
   JD: Core.jar/org/jdownloader/plugins/components/config/UpToBoxComConfig$PreferredDomain$2.class
   JD: Core.jar/org/jdownloader/plugins/components/config/UpToBoxComConfig$PreferredDomain$3.class
   JD: Core.jar/org/jdownloader/plugins/components/config/UpToBoxComConfig$PreferredDomain$4.class
   JD: Core.jar/org/jdownloader/plugins/components/config/UpToBoxComConfig$PreferredDomain$5.class
   JD: Core.jar/org/jdownloader/plugins/components/config/UpToBoxComConfig$PreferredDomain$6.class
   JD: Core.jar/org/jdownloader/plugins/components/config/UpToBoxComConfig$PreferredDomain$7.class
   JD: Core.jar/org/jdownloader/plugins/components/config/UpToBoxComConfig$PreferredDomain$8.class
   JD: Core.jar/org/jdownloader/plugins/components/config/UpToBoxComConfig$PreferredDomain.class
   JD: Core.jar/org/jdownloader/plugins/components/config/UpToBoxComConfig$PreferredQuality$1.class
   JD: Core.jar/org/jdownloader/plugins/components/config/UpToBoxComConfig$PreferredQuality$2.class
   JD: Core.jar/org/jdownloader/plugins/components/config/UpToBoxComConfig$PreferredQuality$3.class
   JD: Core.jar/org/jdownloader/plugins/components/config/UpToBoxComConfig$PreferredQuality$4.class
   JD: Core.jar/org/jdownloader/plugins/components/config/UpToBoxComConfig$PreferredQuality$5.class
   JD: Core.jar/org/jdownloader/plugins/components/config/UpToBoxComConfig$PreferredQuality$6.class
   JD: Core.jar/org/jdownloader/plugins/components/config/UpToBoxComConfig$PreferredQuality.class
   JD: Core.jar/org/jdownloader/plugins/components/config/UpToBoxComConfig$TRANSLATION.class
   JD: Core.jar/org/jdownloader/plugins/components/config/UpToBoxComConfig.class
   JD: Core.jar/org/jdownloader/plugins/components/config/VikiComConfig$1.class.removed
   JD: Core.jar/org/jdownloader/plugins/components/config/VikiComConfig$PreferredStreamQuality$1.class.removed
   JD: Core.jar/org/jdownloader/plugins/components/config/VikiComConfig$PreferredStreamQuality$2.class.removed
   JD: Core.jar/org/jdownloader/plugins/components/config/VikiComConfig$PreferredStreamQuality$3.class.removed
   JD: Core.jar/org/jdownloader/plugins/components/config/VikiComConfig$PreferredStreamQuality$4.class.removed
   JD: Core.jar/org/jdownloader/plugins/components/config/VikiComConfig$PreferredStreamQuality$5.class.removed
   JD: Core.jar/org/jdownloader/plugins/components/config/VikiComConfig$PreferredStreamQuality$6.class.removed
   JD: Core.jar/org/jdownloader/plugins/components/config/VikiComConfig$PreferredStreamQuality.class.removed
   JD: Core.jar/org/jdownloader/plugins/components/config/VikiComConfig.class.removed
   JD: Core.jar/org/jdownloader/plugins/components/config/XFSConfigMediaCm.class
   JD: Core.jar/org/jdownloader/plugins/components/config/XFSConfigVideo$DownloadMode$1.class
   JD: Core.jar/org/jdownloader/plugins/components/config/XFSConfigVideo$DownloadMode$2.class
   JD: Core.jar/org/jdownloader/plugins/components/config/XFSConfigVideo$DownloadMode.class
   JD: Core.jar/org/jdownloader/plugins/components/config/XFSConfigVideo$PreferredDownloadQuality$1.class
   JD: Core.jar/org/jdownloader/plugins/components/config/XFSConfigVideo$PreferredDownloadQuality$2.class
   JD: Core.jar/org/jdownloader/plugins/components/config/XFSConfigVideo$PreferredDownloadQuality$3.class
   JD: Core.jar/org/jdownloader/plugins/components/config/XFSConfigVideo$PreferredDownloadQuality$4.class
   JD: Core.jar/org/jdownloader/plugins/components/config/XFSConfigVideo$PreferredDownloadQuality.class
   JD: Core.jar/org/jdownloader/plugins/components/config/XFSConfigVideo$PreferredStreamQuality$1.class
   JD: Core.jar/org/jdownloader/plugins/components/config/XFSConfigVideo$PreferredStreamQuality$2.class
   JD: Core.jar/org/jdownloader/plugins/components/config/XFSConfigVideo$PreferredStreamQuality$3.class
   JD: Core.jar/org/jdownloader/plugins/components/config/XFSConfigVideo$PreferredStreamQuality$4.class
   JD: Core.jar/org/jdownloader/plugins/components/config/XFSConfigVideo$PreferredStreamQuality$5.class
   JD: Core.jar/org/jdownloader/plugins/components/config/XFSConfigVideo$PreferredStreamQuality$6.class
   JD: Core.jar/org/jdownloader/plugins/components/config/XFSConfigVideo$PreferredStreamQuality.class
   JD: Core.jar/org/jdownloader/plugins/components/config/XFSConfigVideo$TRANSLATION.class
   JD: Core.jar/org/jdownloader/plugins/components/config/XFSConfigVideo.class
   JD: Core.jar/org/jdownloader/plugins/components/config/XFSConfigVideoMaxstreamVideo$TRANSLATION.class
   JD: Core.jar/org/jdownloader/plugins/components/config/XFSConfigVideoMaxstreamVideo.class
   JD: Core.jar/org/jdownloader/plugins/components/config/XFSConfigVideoStreamhideCom.class
   JD: Core.jar/org/jdownloader/plugins/components/config/XFSConfigVideoStreamsbNet.class
   JD: Core.jar/org/jdownloader/plugins/components/google/GoogleHelper$1.class
   JD: Core.jar/org/jdownloader/plugins/components/google/GoogleHelper$2.class
   JD: Core.jar/org/jdownloader/plugins/components/google/GoogleHelper$3$1.class
   JD: Core.jar/org/jdownloader/plugins/components/google/GoogleHelper$3.class
   JD: Core.jar/org/jdownloader/plugins/components/google/GoogleHelper$4$1.class
   JD: Core.jar/org/jdownloader/plugins/components/google/GoogleHelper$4.class
   JD: Core.jar/org/jdownloader/plugins/components/google/GoogleHelper.class
   JD: Core.jar/org/jdownloader/plugins/components/youtube/ClipDataCache$CachedClipData.class
   JD: Core.jar/org/jdownloader/plugins/components/youtube/ClipDataCache.class
   JD: Core.jar/org/jdownloader/plugins/components/youtube/YoutubeClipData.class
   JD: Core.jar/org/jdownloader/plugins/components/youtube/YoutubeConfig$AbstractEnumOrderFixList.class
   JD: Core.jar/org/jdownloader/plugins/components/youtube/YoutubeConfig$DefaultConvertSubtitleVariantMode.class
   JD: Core.jar/org/jdownloader/plugins/components/youtube/YoutubeConfig$IfUrlisAPlaylistAction$1.class
   JD: Core.jar/org/jdownloader/plugins/components/youtube/YoutubeConfig$IfUrlisAPlaylistAction$2.class
   JD: Core.jar/org/jdownloader/plugins/components/youtube/YoutubeConfig$IfUrlisAPlaylistAction$3.class
   JD: Core.jar/org/jdownloader/plugins/components/youtube/YoutubeConfig$IfUrlisAPlaylistAction.class
   JD: Core.jar/org/jdownloader/plugins/components/youtube/YoutubeConfig$IfUrlisAVideoAndPlaylistAction$1.class
   JD: Core.jar/org/jdownloader/plugins/components/youtube/YoutubeConfig$IfUrlisAVideoAndPlaylistAction$2.class
   JD: Core.jar/org/jdownloader/plugins/components/youtube/YoutubeConfig$IfUrlisAVideoAndPlaylistAction$3.class
   JD: Core.jar/org/jdownloader/plugins/components/youtube/YoutubeConfig$IfUrlisAVideoAndPlaylistAction$4.class
   JD: Core.jar/org/jdownloader/plugins/components/youtube/YoutubeConfig$IfUrlisAVideoAndPlaylistAction.class
   JD: Core.jar/org/jdownloader/plugins/components/youtube/YoutubeConfig$ProfileCrawlMode$1.class
   JD: Core.jar/org/jdownloader/plugins/components/youtube/YoutubeConfig$ProfileCrawlMode$2.class
   JD: Core.jar/org/jdownloader/plugins/components/youtube/YoutubeConfig$ProfileCrawlMode.class
   JD: Core.jar/org/jdownloader/plugins/components/youtube/YoutubeConfig$QualitySortIdentifierOrderAudioBitrate.class
   JD: Core.jar/org/jdownloader/plugins/components/youtube/YoutubeConfig$QualitySortIdentifierOrderAudioCodec.class
   JD: Core.jar/org/jdownloader/plugins/components/youtube/YoutubeConfig$QualitySortIdentifierOrderDefaultGetter.class
   JD: Core.jar/org/jdownloader/plugins/components/youtube/YoutubeConfig$QualitySortIdentifierOrderFiletype.class
   JD: Core.jar/org/jdownloader/plugins/components/youtube/YoutubeConfig$QualitySortIdentifierOrderResolution.class
   JD: Core.jar/org/jdownloader/plugins/components/youtube/YoutubeConfig$QualitySortIdentifierOrderVideoCodec.class
   JD: Core.jar/org/jdownloader/plugins/components/youtube/YoutubeConfig$QualitySortIdentifierOrderVideoFramerate.class
   JD: Core.jar/org/jdownloader/plugins/components/youtube/YoutubeConfig$SubtitleVariantMode.class
   JD: Core.jar/org/jdownloader/plugins/components/youtube/YoutubeConfig.class
   JD: Core.jar/org/jdownloader/plugins/components/youtube/YoutubeHelper$10.class
   JD: Core.jar/org/jdownloader/plugins/components/youtube/YoutubeHelper$11.class
   JD: Core.jar/org/jdownloader/plugins/components/youtube/YoutubeHelper$21.class
   JD: Core.jar/org/jdownloader/plugins/components/youtube/YoutubeHelper$22.class
   JD: Core.jar/org/jdownloader/plugins/components/youtube/YoutubeHelper$23.class
   JD: Core.jar/org/jdownloader/plugins/components/youtube/YoutubeHelper$24.class
   JD: Core.jar/org/jdownloader/plugins/components/youtube/YoutubeHelper$25.class
   JD: Core.jar/org/jdownloader/plugins/components/youtube/YoutubeHelper$26.class
   JD: Core.jar/org/jdownloader/plugins/components/youtube/YoutubeHelper$27.class
   JD: Core.jar/org/jdownloader/plugins/components/youtube/YoutubeHelper$28.class
   JD: Core.jar/org/jdownloader/plugins/components/youtube/YoutubeHelper$29.class
   JD: Core.jar/org/jdownloader/plugins/components/youtube/YoutubeHelper$30.class
   JD: Core.jar/org/jdownloader/plugins/components/youtube/YoutubeHelper$31.class
   JD: Core.jar/org/jdownloader/plugins/components/youtube/YoutubeHelper$32.class
   JD: Core.jar/org/jdownloader/plugins/components/youtube/YoutubeHelper$33.class
   JD: Core.jar/org/jdownloader/plugins/components/youtube/YoutubeHelper$34.class
   JD: Core.jar/org/jdownloader/plugins/components/youtube/YoutubeHelper$35.class
   JD: Core.jar/org/jdownloader/plugins/components/youtube/YoutubeHelper$36.class
   JD: Core.jar/org/jdownloader/plugins/components/youtube/YoutubeHelper$37.class
   JD: Core.jar/org/jdownloader/plugins/components/youtube/YoutubeHelper$38.class
   JD: Core.jar/org/jdownloader/plugins/components/youtube/YoutubeHelper$39.class
   JD: Core.jar/org/jdownloader/plugins/components/youtube/YoutubeHelper$40.class
   JD: Core.jar/org/jdownloader/plugins/components/youtube/YoutubeHelper$41.class
   JD: Core.jar/org/jdownloader/plugins/components/youtube/YoutubeHelper$42.class
   JD: Core.jar/org/jdownloader/plugins/components/youtube/YoutubeHelper$43.class
   JD: Core.jar/org/jdownloader/plugins/components/youtube/YoutubeHelper$44.class
   JD: Core.jar/org/jdownloader/plugins/components/youtube/YoutubeHelper$45.class
   JD: Core.jar/org/jdownloader/plugins/components/youtube/YoutubeHelper$46.class
   JD: Core.jar/org/jdownloader/plugins/components/youtube/YoutubeHelper$StreamMap.class
   JD: Core.jar/org/jdownloader/plugins/components/youtube/YoutubeHelper.class
   JD: Core.jar/org/jdownloader/plugins/components/youtube/configpanel/YoutubeDashConfigPanel$1.class
   JD: Core.jar/org/jdownloader/plugins/components/youtube/configpanel/YoutubeDashConfigPanel$10.class
   JD: Core.jar/org/jdownloader/plugins/components/youtube/configpanel/YoutubeDashConfigPanel$11.class
   JD: Core.jar/org/jdownloader/plugins/components/youtube/configpanel/YoutubeDashConfigPanel$12.class
   JD: Core.jar/org/jdownloader/plugins/components/youtube/configpanel/YoutubeDashConfigPanel$2.class
   JD: Core.jar/org/jdownloader/plugins/components/youtube/configpanel/YoutubeDashConfigPanel$3.class
   JD: Core.jar/org/jdownloader/plugins/components/youtube/configpanel/YoutubeDashConfigPanel$4.class
   JD: Core.jar/org/jdownloader/plugins/components/youtube/configpanel/YoutubeDashConfigPanel$5.class
   JD: Core.jar/org/jdownloader/plugins/components/youtube/configpanel/YoutubeDashConfigPanel$6.class
   JD: Core.jar/org/jdownloader/plugins/components/youtube/configpanel/YoutubeDashConfigPanel$7.class
   JD: Core.jar/org/jdownloader/plugins/components/youtube/configpanel/YoutubeDashConfigPanel$8.class
   JD: Core.jar/org/jdownloader/plugins/components/youtube/configpanel/YoutubeDashConfigPanel$9.class
   JD: Core.jar/org/jdownloader/plugins/components/youtube/configpanel/YoutubeDashConfigPanel$MultiVariantBox.class
   JD: Core.jar/org/jdownloader/plugins/components/youtube/configpanel/YoutubeDashConfigPanel.class
   JD: Core.jar/org/jdownloader/plugins/components/youtube/variants/YoutubeCustomVariantStorable.class
   JD: Core.jar/org/jdownloader/plugins/controller/LazyPlugin.class
   JD: Core.jar/org/jdownloader/plugins/controller/crawler/CrawlerPluginController$1$1.class
   JD: Core.jar/org/jdownloader/plugins/controller/crawler/CrawlerPluginController$1.class
   JD: Core.jar/org/jdownloader/plugins/controller/crawler/CrawlerPluginController.class
   JD: Core.jar/org/jdownloader/plugins/controller/host/HostPluginController$1.class
   JD: Core.jar/org/jdownloader/plugins/controller/host/HostPluginController$2$2.class
   JD: Core.jar/org/jdownloader/plugins/controller/host/HostPluginController$2$3.class
   JD: Core.jar/org/jdownloader/plugins/controller/host/HostPluginController$2$4$1.class
   JD: Core.jar/org/jdownloader/plugins/controller/host/HostPluginController$2$4.class
   JD: Core.jar/org/jdownloader/plugins/controller/host/HostPluginController$2.class
   JD: Core.jar/org/jdownloader/plugins/controller/host/HostPluginController.class
   JD: Core.jar/org/jdownloader/scripting/JavaScriptEngineFactory$ExternalScriptable.class
   JD: Core.jar/org/jdownloader/settings/GeneralSettings$CreateFolderTrigger$1.class
   JD: Core.jar/org/jdownloader/settings/GeneralSettings$CreateFolderTrigger$2.class
   JD: Core.jar/org/jdownloader/settings/GeneralSettings$CreateFolderTrigger.class
   JD: Core.jar/org/jdownloader/settings/GeneralSettings$CustomDownloadFolderGetter.class
   JD: Core.jar/org/jdownloader/settings/GeneralSettings$DefaultDownloadFolder.class
   JD: Core.jar/org/jdownloader/settings/GeneralSettings$DeleteContainerAction.class
   JD: Core.jar/org/jdownloader/settings/GeneralSettings$OnSkipDueToAlreadyExistsAction$1.class
   JD: Core.jar/org/jdownloader/settings/GeneralSettings$OnSkipDueToAlreadyExistsAction$2.class
   JD: Core.jar/org/jdownloader/settings/GeneralSettings$OnSkipDueToAlreadyExistsAction$3.class
   JD: Core.jar/org/jdownloader/settings/GeneralSettings$OnSkipDueToAlreadyExistsAction.class
   JD: Core.jar/org/jdownloader/settings/GeneralSettings.class
   JD: Core.jar/org/jdownloader/settings/GraphicalUserInterfaceSettings$1.class
   JD: Core.jar/org/jdownloader/settings/GraphicalUserInterfaceSettings$ConfirmIncompleteArchiveAction$1.class
   JD: Core.jar/org/jdownloader/settings/GraphicalUserInterfaceSettings$ConfirmIncompleteArchiveAction$2.class
   JD: Core.jar/org/jdownloader/settings/GraphicalUserInterfaceSettings$ConfirmIncompleteArchiveAction$3.class
   JD: Core.jar/org/jdownloader/settings/GraphicalUserInterfaceSettings$ConfirmIncompleteArchiveAction$4.class
   JD: Core.jar/org/jdownloader/settings/GraphicalUserInterfaceSettings$ConfirmIncompleteArchiveAction.class
   JD: Core.jar/org/jdownloader/settings/GraphicalUserInterfaceSettings$DefaultLookAndFeelTheme.class
   JD: Core.jar/org/jdownloader/settings/GraphicalUserInterfaceSettings$DeleteFileOptions$1.class
   JD: Core.jar/org/jdownloader/settings/GraphicalUserInterfaceSettings$DeleteFileOptions$2.class
   JD: Core.jar/org/jdownloader/settings/GraphicalUserInterfaceSettings$DeleteFileOptions$3.class
   JD: Core.jar/org/jdownloader/settings/GraphicalUserInterfaceSettings$DeleteFileOptions.class
   JD: Core.jar/org/jdownloader/settings/GraphicalUserInterfaceSettings$DockingPosition$1.class
   JD: Core.jar/org/jdownloader/settings/GraphicalUserInterfaceSettings$DockingPosition$2.class
   JD: Core.jar/org/jdownloader/settings/GraphicalUserInterfaceSettings$DockingPosition.class
   JD: Core.jar/org/jdownloader/settings/GraphicalUserInterfaceSettings$DonateButtonState$1.class
   JD: Core.jar/org/jdownloader/settings/GraphicalUserInterfaceSettings$DonateButtonState$2.class
   JD: Core.jar/org/jdownloader/settings/GraphicalUserInterfaceSettings$DonateButtonState$3.class
   JD: Core.jar/org/jdownloader/settings/GraphicalUserInterfaceSettings$DonateButtonState$4.class
   JD: Core.jar/org/jdownloader/settings/GraphicalUserInterfaceSettings$DonateButtonState.class
   JD: Core.jar/org/jdownloader/settings/GraphicalUserInterfaceSettings$DownloadFolderChooserDialogDefaultPath$1.class
   JD: Core.jar/org/jdownloader/settings/GraphicalUserInterfaceSettings$DownloadFolderChooserDialogDefaultPath$2.class
   JD: Core.jar/org/jdownloader/settings/GraphicalUserInterfaceSettings$DownloadFolderChooserDialogDefaultPath$3.class
   JD: Core.jar/org/jdownloader/settings/GraphicalUserInterfaceSettings$DownloadFolderChooserDialogDefaultPath.class
   JD: Core.jar/org/jdownloader/settings/GraphicalUserInterfaceSettings$LinkDoubleClickAction.class
   JD: Core.jar/org/jdownloader/settings/GraphicalUserInterfaceSettings$MacDockProgressDisplay$1.class
   JD: Core.jar/org/jdownloader/settings/GraphicalUserInterfaceSettings$MacDockProgressDisplay$2.class
   JD: Core.jar/org/jdownloader/settings/GraphicalUserInterfaceSettings$MacDockProgressDisplay.class
   JD: Core.jar/org/jdownloader/settings/GraphicalUserInterfaceSettings$NewLinksInLinkgrabberAction.class
   JD: Core.jar/org/jdownloader/settings/GraphicalUserInterfaceSettings$PackageDoubleClickAction.class
   JD: Core.jar/org/jdownloader/settings/GraphicalUserInterfaceSettings$Position.class
   JD: Core.jar/org/jdownloader/settings/GraphicalUserInterfaceSettings$PremiumStatusBarDisplay.class
   JD: Core.jar/org/jdownloader/settings/GraphicalUserInterfaceSettings$RlyWarnLevel.class
   JD: Core.jar/org/jdownloader/settings/GraphicalUserInterfaceSettings$SIZEUNIT.class
   JD: Core.jar/org/jdownloader/settings/GraphicalUserInterfaceSettings$ShowSpeedInWindowTitleTrigger.class
   JD: Core.jar/org/jdownloader/settings/GraphicalUserInterfaceSettings$StartButtonAction.class
   JD: Core.jar/org/jdownloader/settings/GraphicalUserInterfaceSettings$WindowsTaskBarProgressDisplay$1.class
   JD: Core.jar/org/jdownloader/settings/GraphicalUserInterfaceSettings$WindowsTaskBarProgressDisplay$2.class
   JD: Core.jar/org/jdownloader/settings/GraphicalUserInterfaceSettings$WindowsTaskBarProgressDisplay$3.class
   JD: Core.jar/org/jdownloader/settings/GraphicalUserInterfaceSettings$WindowsTaskBarProgressDisplay.class
   JD: Core.jar/org/jdownloader/settings/advanced/AdvancedConfigEntry$1$1.class
   JD: Core.jar/org/jdownloader/settings/advanced/AdvancedConfigEntry$1.class
   JD: Core.jar/org/jdownloader/settings/advanced/AdvancedConfigEntry$2$1.class
   JD: Core.jar/org/jdownloader/settings/advanced/AdvancedConfigEntry$2.class
   JD: Core.jar/org/jdownloader/settings/advanced/AdvancedConfigEntry.class
   JD: Core.jar/org/jdownloader/startup/ParameterHandler$1.class
   JD: Core.jar/org/jdownloader/startup/ParameterHandler$2.class
   JD: Core.jar/org/jdownloader/startup/ParameterHandler.class
   JD: Core.jar/org/jdownloader/startup/commands/HelpCommand.class
   JD: Core.jar/org/jdownloader/startup/commands/SetConfigCommand$1$1.class.removed
   JD: Core.jar/org/jdownloader/startup/commands/SetConfigCommand$1$2.class.removed
   JD: Core.jar/org/jdownloader/startup/commands/SetConfigCommand$1.class
   JD: Core.jar/org/jdownloader/startup/commands/SetConfigCommand.class
   JD: Core.jar/org/jdownloader/translate/JdownloaderTranslation.class
   JD: extensions/Extraction.jar/org/jdownloader/extensions/extraction/ExtractionExtension$1$1.class
   JD: extensions/Extraction.jar/org/jdownloader/extensions/extraction/ExtractionExtension$1.class
   JD: extensions/Extraction.jar/org/jdownloader/extensions/extraction/ExtractionExtension$2$1.class
   JD: extensions/Extraction.jar/org/jdownloader/extensions/extraction/ExtractionExtension$2.class
   JD: extensions/Extraction.jar/org/jdownloader/extensions/extraction/ExtractionExtension$3.class
   JD: extensions/Extraction.jar/org/jdownloader/extensions/extraction/ExtractionExtension$4.class
   JD: extensions/Extraction.jar/org/jdownloader/extensions/extraction/ExtractionExtension$5.class
   JD: extensions/Extraction.jar/org/jdownloader/extensions/extraction/ExtractionExtension.class
   JD: extensions/Extraction.jar/org/jdownloader/extensions/extraction/bindings/downloadlink/DownloadLinkArchiveFactory$1.class
   JD: extensions/Extraction.jar/org/jdownloader/extensions/extraction/bindings/downloadlink/DownloadLinkArchiveFactory.class
   JD: extensions/Extraction.jar/org/jdownloader/extensions/extraction/bindings/downloadlink/DownloadLinkArchiveFile$1.class
   JD: extensions/Extraction.jar/org/jdownloader/extensions/extraction/bindings/downloadlink/DownloadLinkArchiveFile$2.class
   JD: extensions/Extraction.jar/org/jdownloader/extensions/extraction/bindings/downloadlink/DownloadLinkArchiveFile$3.class
   JD: extensions/Extraction.jar/org/jdownloader/extensions/extraction/bindings/downloadlink/DownloadLinkArchiveFile.class
   JD: libs/JDGUI.jar/jd/gui/swing/dialog/AboutDialog$1$1.class
   JD: libs/JDGUI.jar/jd/gui/swing/dialog/AboutDialog$1.class
   JD: libs/JDGUI.jar/jd/gui/swing/dialog/AboutDialog$2$1.class
   JD: libs/JDGUI.jar/jd/gui/swing/dialog/AboutDialog$2.class
   JD: libs/JDGUI.jar/jd/gui/swing/dialog/AboutDialog$3.class
   JD: libs/JDGUI.jar/jd/gui/swing/dialog/AboutDialog$4.class
   JD: libs/JDGUI.jar/jd/gui/swing/dialog/AboutDialog$5.class
   JD: libs/JDGUI.jar/jd/gui/swing/dialog/AboutDialog$6$1.class
   JD: libs/JDGUI.jar/jd/gui/swing/dialog/AboutDialog$6.class
   JD: libs/JDGUI.jar/jd/gui/swing/dialog/AboutDialog.class
   JD: libs/JDGUI.jar/jd/gui/swing/jdgui/JDGui$17.class
   JD: libs/JDGUI.jar/jd/gui/swing/jdgui/JDGui$18.class
   JD: libs/JDGUI.jar/jd/gui/swing/jdgui/JDGui$19.class
   JD: libs/JDGUI.jar/jd/gui/swing/jdgui/JDGui$20.class
   JD: libs/JDGUI.jar/jd/gui/swing/jdgui/JDGui$21$1.class
   JD: libs/JDGUI.jar/jd/gui/swing/jdgui/JDGui$21.class
   JD: libs/JDGUI.jar/jd/gui/swing/jdgui/JDGui$22.class
   JD: libs/JDGUI.jar/jd/gui/swing/jdgui/JDGui$23.class
   JD: libs/JDGUI.jar/jd/gui/swing/jdgui/JDGui$24.class
   JD: libs/JDGUI.jar/jd/gui/swing/jdgui/JDGui$25$1.class
   JD: libs/JDGUI.jar/jd/gui/swing/jdgui/JDGui$25.class
   JD: libs/JDGUI.jar/jd/gui/swing/jdgui/JDGui$26$1.class
   JD: libs/JDGUI.jar/jd/gui/swing/jdgui/JDGui$26.class
   JD: libs/JDGUI.jar/jd/gui/swing/jdgui/JDGui$27.class
   JD: libs/JDGUI.jar/jd/gui/swing/jdgui/JDGui$28.class
   JD: libs/JDGUI.jar/jd/gui/swing/jdgui/JDGui$29.class
   JD: libs/JDGUI.jar/jd/gui/swing/jdgui/JDGui$30.class
   JD: libs/JDGUI.jar/jd/gui/swing/jdgui/JDGui$31.class
   JD: libs/JDGUI.jar/jd/gui/swing/jdgui/JDGui$32.class
   JD: libs/JDGUI.jar/jd/gui/swing/jdgui/JDGui$33$1.class
   JD: libs/JDGUI.jar/jd/gui/swing/jdgui/JDGui$33$2.class
   JD: libs/JDGUI.jar/jd/gui/swing/jdgui/JDGui$33.class
   JD: libs/JDGUI.jar/jd/gui/swing/jdgui/JDGui$34$1.class
   JD: libs/JDGUI.jar/jd/gui/swing/jdgui/JDGui$34$2.class
   JD: libs/JDGUI.jar/jd/gui/swing/jdgui/JDGui$34.class
   JD: libs/JDGUI.jar/jd/gui/swing/jdgui/JDGui$35.class
   JD: libs/JDGUI.jar/jd/gui/swing/jdgui/JDGui$36.class
   JD: libs/JDGUI.jar/jd/gui/swing/jdgui/JDGui$37.class
   JD: libs/JDGUI.jar/jd/gui/swing/jdgui/JDGui.class
   JD: libs/JDGUI.jar/jd/gui/swing/jdgui/components/premiumbar/ServiceCollection.class
   JD: libs/JDGUI.jar/jd/gui/swing/jdgui/views/settings/panels/accountmanager/PremiumAccountTableModel$10.class
   JD: libs/JDGUI.jar/jd/gui/swing/jdgui/views/settings/panels/accountmanager/PremiumAccountTableModel$11.class
   JD: libs/JDGUI.jar/jd/gui/swing/jdgui/views/settings/panels/accountmanager/PremiumAccountTableModel$12.class
   JD: libs/JDGUI.jar/jd/gui/swing/jdgui/views/settings/panels/accountmanager/PremiumAccountTableModel$4.class
   JD: libs/JDGUI.jar/jd/gui/swing/jdgui/views/settings/panels/accountmanager/PremiumAccountTableModel$5.class
   JD: libs/JDGUI.jar/jd/gui/swing/jdgui/views/settings/panels/accountmanager/PremiumAccountTableModel$6.class
   JD: libs/JDGUI.jar/jd/gui/swing/jdgui/views/settings/panels/accountmanager/PremiumAccountTableModel$7$1.class
   JD: libs/JDGUI.jar/jd/gui/swing/jdgui/views/settings/panels/accountmanager/PremiumAccountTableModel$7.class
   JD: libs/JDGUI.jar/jd/gui/swing/jdgui/views/settings/panels/accountmanager/PremiumAccountTableModel$8$1.class
   JD: libs/JDGUI.jar/jd/gui/swing/jdgui/views/settings/panels/accountmanager/PremiumAccountTableModel$8$2.class
   JD: libs/JDGUI.jar/jd/gui/swing/jdgui/views/settings/panels/accountmanager/PremiumAccountTableModel$8.class
   JD: libs/JDGUI.jar/jd/gui/swing/jdgui/views/settings/panels/accountmanager/PremiumAccountTableModel$9.class
   JD: libs/JDGUI.jar/jd/gui/swing/jdgui/views/settings/panels/accountmanager/PremiumAccountTableModel.class
   JD: libs/JDGUI.jar/jd/gui/swing/laf/LookAndFeelController$2.class
   JD: libs/JDGUI.jar/jd/gui/swing/laf/LookAndFeelController$3$1.class
   JD: libs/JDGUI.jar/jd/gui/swing/laf/LookAndFeelController$3.class
   JD: libs/JDGUI.jar/jd/gui/swing/laf/LookAndFeelController$4.class
   JD: libs/JDGUI.jar/jd/gui/swing/laf/LookAndFeelController$5.class
   JD: libs/JDGUI.jar/jd/gui/swing/laf/LookAndFeelController$6.class
   JD: libs/JDGUI.jar/jd/gui/swing/laf/LookAndFeelController.class
   JD: libs/JDHttp.jar/jd/http/BlockLevelType.class
   JD: libs/JDHttp.jar/jd/http/BlockSourceType.class
   JD: libs/JDHttp.jar/jd/http/BlockedByAntiDDosException.class.removed
   JD: libs/JDHttp.jar/jd/http/BlockedTypeInterface.class
   JD: libs/JDHttp.jar/jd/http/Browser$1.class
   JD: libs/JDHttp.jar/jd/http/Browser$2.class
   JD: libs/JDHttp.jar/jd/http/Browser$AntiDdosBlockedType$1.class.removed
   JD: libs/JDHttp.jar/jd/http/Browser$AntiDdosBlockedType$2.class.removed
   JD: libs/JDHttp.jar/jd/http/Browser$AntiDdosBlockedType$3.class.removed
   JD: libs/JDHttp.jar/jd/http/Browser$AntiDdosBlockedType$4.class.removed
   JD: libs/JDHttp.jar/jd/http/Browser$AntiDdosBlockedType$5.class.removed
   JD: libs/JDHttp.jar/jd/http/Browser$AntiDdosBlockedType.class.removed
   JD: libs/JDHttp.jar/jd/http/Browser$BlockedByException.class
   JD: libs/JDHttp.jar/jd/http/Browser$BrowserException.class
   JD: libs/JDHttp.jar/jd/http/Browser$CloudflareBlockedType$1.class
   JD: libs/JDHttp.jar/jd/http/Browser$CloudflareBlockedType$2.class
   JD: libs/JDHttp.jar/jd/http/Browser$CloudflareBlockedType$3.class
   JD: libs/JDHttp.jar/jd/http/Browser$CloudflareBlockedType$4.class
   JD: libs/JDHttp.jar/jd/http/Browser$CloudflareBlockedType.class
   JD: libs/JDHttp.jar/jd/http/Browser$GenericSupportedBlockTypes$1.class
   JD: libs/JDHttp.jar/jd/http/Browser$GenericSupportedBlockTypes$10.class
   JD: libs/JDHttp.jar/jd/http/Browser$GenericSupportedBlockTypes$2.class
   JD: libs/JDHttp.jar/jd/http/Browser$GenericSupportedBlockTypes$3.class
   JD: libs/JDHttp.jar/jd/http/Browser$GenericSupportedBlockTypes$4.class
   JD: libs/JDHttp.jar/jd/http/Browser$GenericSupportedBlockTypes$5.class
   JD: libs/JDHttp.jar/jd/http/Browser$GenericSupportedBlockTypes$6.class
   JD: libs/JDHttp.jar/jd/http/Browser$GenericSupportedBlockTypes$7.class
   JD: libs/JDHttp.jar/jd/http/Browser$GenericSupportedBlockTypes$8.class
   JD: libs/JDHttp.jar/jd/http/Browser$GenericSupportedBlockTypes$9.class
   JD: libs/JDHttp.jar/jd/http/Browser$GenericSupportedBlockTypes.class
   JD: libs/JDHttp.jar/jd/http/Browser.class
   JD: libs/JDHttp.jar/jd/http/Request$1.class
   JD: libs/JDHttp.jar/jd/http/Request$NoHTMLContentException.class
   JD: libs/JDHttp.jar/jd/http/Request.class
   JD: libs/JDUtils.jar/jd/nutils/encoding/HTMLEntities.class
   JD: libs/bcpkix-jdk15on.jar/META-INF/BC1024KE.DSA
   JD: libs/bcpkix-jdk15on.jar/META-INF/BC1024KE.SF
   JD: libs/bcpkix-jdk15on.jar/META-INF/BC2048KE.DSA
   JD: libs/bcpkix-jdk15on.jar/META-INF/BC2048KE.SF
   JD: libs/bcpkix-jdk15on.jar/META-INF/MANIFEST.MF
   JD: libs/bcpkix-jdk15on.jar/org/bouncycastle/cert/CertUtils.class
   JD: libs/bcpkix-jdk15on.jar/org/bouncycastle/cert/DeltaCertificateTool.class
   JD: libs/bcpkix-jdk15on.jar/org/bouncycastle/cert/X509CRLHolder.class
   JD: libs/bcpkix-jdk15on.jar/org/bouncycastle/cert/X509CertificateHolder.class
   JD: libs/bcpkix-jdk15on.jar/org/bouncycastle/cert/X509v2CRLBuilder.class
   JD: libs/bcpkix-jdk15on.jar/org/bouncycastle/cert/X509v3CertificateBuilder.class
   JD: libs/bcpkix-jdk15on.jar/org/bouncycastle/cert/cmp/CMSProcessableCMPCertificate.class
   JD: libs/bcpkix-jdk15on.jar/org/bouncycastle/cert/cmp/CertificateConfirmationContent.class
   JD: libs/bcpkix-jdk15on.jar/org/bouncycastle/cert/cmp/CertificateConfirmationContentBuilder.class
   JD: libs/bcpkix-jdk15on.jar/org/bouncycastle/cert/cmp/CertificateStatus.class
   JD: libs/bcpkix-jdk15on.jar/org/bouncycastle/cert/cmp/ProtectedPKIMessage.class
   JD: libs/bcpkix-jdk15on.jar/org/bouncycastle/cert/cmp/ProtectedPKIMessageBuilder.class
   JD: libs/bcpkix-jdk15on.jar/org/bouncycastle/cert/crmf/CertificateRepMessage.class
   JD: libs/bcpkix-jdk15on.jar/org/bouncycastle/cert/crmf/CertificateRepMessageBuilder.class
   JD: libs/bcpkix-jdk15on.jar/org/bouncycastle/cert/crmf/CertificateReqMessages.class
   JD: libs/bcpkix-jdk15on.jar/org/bouncycastle/cert/crmf/CertificateReqMessagesBuilder.class
   JD: libs/bcpkix-jdk15on.jar/org/bouncycastle/cert/crmf/CertificateRequestMessage.class
   JD: libs/bcpkix-jdk15on.jar/org/bouncycastle/cert/crmf/CertificateRequestMessageBuilder.class
   JD: libs/bcpkix-jdk15on.jar/org/bouncycastle/cert/crmf/CertificateResponse.class
   JD: libs/bcpkix-jdk15on.jar/org/bouncycastle/cert/crmf/CertificateResponseBuilder.class
   JD: libs/bcpkix-jdk15on.jar/org/bouncycastle/cert/crmf/jcajce/JcaCertificateRepMessageBuilder.class
   JD: libs/bcpkix-jdk15on.jar/org/bouncycastle/cert/jcajce/JcaX509CRLConverter$ExCRLException.class
   JD: libs/bcpkix-jdk15on.jar/org/bouncycastle/cert/jcajce/JcaX509CRLConverter.class
   JD: libs/bcpkix-jdk15on.jar/org/bouncycastle/cert/jcajce/JcaX509CertificateConverter$ExCertificateException.class
   JD: libs/bcpkix-jdk15on.jar/org/bouncycastle/cert/jcajce/JcaX509CertificateConverter$ExCertificateParsingException.class
   JD: libs/bcpkix-jdk15on.jar/org/bouncycastle/cert/jcajce/JcaX509CertificateConverter.class
   JD: libs/bcpkix-jdk15on.jar/org/bouncycastle/cert/jcajce/JcaX509ExtensionUtils.class
   JD: libs/bcpkix-jdk15on.jar/org/bouncycastle/cert/jcajce/JcaX509v3CertificateBuilder.class
   JD: libs/bcpkix-jdk15on.jar/org/bouncycastle/cert/ocsp/BasicOCSPRespBuilder$ResponseObject.class
   JD: libs/bcpkix-jdk15on.jar/org/bouncycastle/cert/ocsp/BasicOCSPRespBuilder.class
   JD: libs/bcpkix-jdk15on.jar/org/bouncycastle/cert/ocsp/OCSPReqBuilder$RequestObject.class
   JD: libs/bcpkix-jdk15on.jar/org/bouncycastle/cert/ocsp/OCSPReqBuilder.class
   JD: libs/bcpkix-jdk15on.jar/org/bouncycastle/cert/ocsp/RevokedStatus.class
   JD: libs/bcpkix-jdk15on.jar/org/bouncycastle/cert/path/validations/BasicConstraintsValidation.class
   JD: libs/bcpkix-jdk15on.jar/org/bouncycastle/cert/selector/jcajce/JcaSelectorConverter.class
   JD: libs/bcpkix-jdk15on.jar/org/bouncycastle/cert/selector/jcajce/JcaX509CertSelectorConverter.class
   JD: libs/bcpkix-jdk15on.jar/org/bouncycastle/cms/CMSAlgorithm.class
   JD: libs/bcpkix-jdk15on.jar/org/bouncycastle/cms/CMSCompressedDataGenerator.class
   JD: libs/bcpkix-jdk15on.jar/org/bouncycastle/cms/CMSCompressedDataStreamGenerator$CmsCompressedOutputStream.class
   JD: libs/bcpkix-jdk15on.jar/org/bouncycastle/cms/CMSCompressedDataStreamGenerator.class
   JD: libs/bcpkix-jdk15on.jar/org/bouncycastle/cms/CMSEnvelopedHelper.class
   JD: libs/bcpkix-jdk15on.jar/org/bouncycastle/cms/CMSSignedData.class
   JD: libs/bcpkix-jdk15on.jar/org/bouncycastle/cms/CMSSignedGenerator.class
   JD: libs/bcpkix-jdk15on.jar/org/bouncycastle/cms/CMSSignedHelper.class
   JD: libs/bcpkix-jdk15on.jar/org/bouncycastle/cms/CMSUtils.class
   JD: libs/bcpkix-jdk15on.jar/org/bouncycastle/cms/DefaultCMSSignatureAlgorithmNameGenerator.class
   JD: libs/bcpkix-jdk15on.jar/org/bouncycastle/cms/KEMKeyWrapper.class
   JD: libs/bcpkix-jdk15on.jar/org/bouncycastle/cms/KEMRecipient.class
   JD: libs/bcpkix-jdk15on.jar/org/bouncycastle/cms/KEMRecipientInfoGenerator.class
   JD: libs/bcpkix-jdk15on.jar/org/bouncycastle/cms/KEMRecipientInformation.class
   JD: libs/bcpkix-jdk15on.jar/org/bouncycastle/cms/OriginatorInfoGenerator.class
   JD: libs/bcpkix-jdk15on.jar/org/bouncycastle/cms/OriginatorInformation.class
   JD: libs/bcpkix-jdk15on.jar/org/bouncycastle/cms/bc/EnvelopedDataHelper$3.class
   JD: libs/bcpkix-jdk15on.jar/org/bouncycastle/cms/bc/EnvelopedDataHelper.class
   JD: libs/bcpkix-jdk15on.jar/org/bouncycastle/cms/jcajce/CMSUtils.class
   JD: libs/bcpkix-jdk15on.jar/org/bouncycastle/cms/jcajce/DefaultJcaJceExtHelper.class
   JD: libs/bcpkix-jdk15on.jar/org/bouncycastle/cms/jcajce/EnvelopedDataHelper.class
   JD: libs/bcpkix-jdk15on.jar/org/bouncycastle/cms/jcajce/JcaJceExtHelper.class
   JD: libs/bcpkix-jdk15on.jar/org/bouncycastle/cms/jcajce/JcaSignerInfoVerifierBuilder$Helper.class
   JD: libs/bcpkix-jdk15on.jar/org/bouncycastle/cms/jcajce/JcaSignerInfoVerifierBuilder$NamedHelper.class
   JD: libs/bcpkix-jdk15on.jar/org/bouncycastle/cms/jcajce/JcaSignerInfoVerifierBuilder$ProviderHelper.class
   JD: libs/bcpkix-jdk15on.jar/org/bouncycastle/cms/jcajce/JcaSignerInfoVerifierBuilder.class
   JD: libs/bcpkix-jdk15on.jar/org/bouncycastle/cms/jcajce/JcaSimpleSignerInfoGeneratorBuilder$Helper.class
   JD: libs/bcpkix-jdk15on.jar/org/bouncycastle/cms/jcajce/JcaSimpleSignerInfoGeneratorBuilder$NamedHelper.class
   JD: libs/bcpkix-jdk15on.jar/org/bouncycastle/cms/jcajce/JcaSimpleSignerInfoGeneratorBuilder$ProviderHelper.class
   JD: libs/bcpkix-jdk15on.jar/org/bouncycastle/cms/jcajce/JcaSimpleSignerInfoGeneratorBuilder.class
   JD: libs/bcpkix-jdk15on.jar/org/bouncycastle/cms/jcajce/JcaSimpleSignerInfoVerifierBuilder$Helper.class
   JD: libs/bcpkix-jdk15on.jar/org/bouncycastle/cms/jcajce/JcaSimpleSignerInfoVerifierBuilder$NamedHelper.class
   JD: libs/bcpkix-jdk15on.jar/org/bouncycastle/cms/jcajce/JcaSimpleSignerInfoVerifierBuilder$ProviderHelper.class
   JD: libs/bcpkix-jdk15on.jar/org/bouncycastle/cms/jcajce/JcaSimpleSignerInfoVerifierBuilder.class
   JD: libs/bcpkix-jdk15on.jar/org/bouncycastle/cms/jcajce/JceCMSKEMKeyUnwrapper.class
   JD: libs/bcpkix-jdk15on.jar/org/bouncycastle/cms/jcajce/JceCMSKEMKeyWrapper.class
   JD: libs/bcpkix-jdk15on.jar/org/bouncycastle/cms/jcajce/JceKEMEnvelopedRecipient$1.class
   JD: libs/bcpkix-jdk15on.jar/org/bouncycastle/cms/jcajce/JceKEMEnvelopedRecipient.class
   JD: libs/bcpkix-jdk15on.jar/org/bouncycastle/cms/jcajce/JceKEMRecipient.class
   JD: libs/bcpkix-jdk15on.jar/org/bouncycastle/cms/jcajce/JceKEMRecipientInfoGenerator.class
   JD: libs/bcpkix-jdk15on.jar/org/bouncycastle/cms/jcajce/JceKeyTransRecipient.class
   JD: libs/bcpkix-jdk15on.jar/org/bouncycastle/cms/jcajce/NamedJcaJceExtHelper.class
   JD: libs/bcpkix-jdk15on.jar/org/bouncycastle/cms/jcajce/ProviderJcaJceExtHelper.class
   JD: libs/bcpkix-jdk15on.jar/org/bouncycastle/cms/jcajce/ZlibCompressor.class
   JD: libs/bcpkix-jdk15on.jar/org/bouncycastle/eac/EACCertificateBuilder.class
   JD: libs/bcpkix-jdk15on.jar/org/bouncycastle/eac/operator/jcajce/JcaEACSignatureVerifierBuilder$1.class
   JD: libs/bcpkix-jdk15on.jar/org/bouncycastle/eac/operator/jcajce/JcaEACSignatureVerifierBuilder$SignatureOutputStream.class
   JD: libs/bcpkix-jdk15on.jar/org/bouncycastle/eac/operator/jcajce/JcaEACSignatureVerifierBuilder.class
   JD: libs/bcpkix-jdk15on.jar/org/bouncycastle/eac/operator/jcajce/JcaEACSignerBuilder$1.class
   JD: libs/bcpkix-jdk15on.jar/org/bouncycastle/eac/operator/jcajce/JcaEACSignerBuilder$SignatureOutputStream.class
   JD: libs/bcpkix-jdk15on.jar/org/bouncycastle/eac/operator/jcajce/JcaEACSignerBuilder.class
   JD: libs/bcpkix-jdk15on.jar/org/bouncycastle/est/CTEBase64InputStream.class
   JD: libs/bcpkix-jdk15on.jar/org/bouncycastle/est/CTEChunkedInputStream.class
   JD: libs/bcpkix-jdk15on.jar/org/bouncycastle/est/ESTException$1.class
   JD: libs/bcpkix-jdk15on.jar/org/bouncycastle/est/ESTException.class
   JD: libs/bcpkix-jdk15on.jar/org/bouncycastle/est/ESTResponse$PrintingInputStream.class
   JD: libs/bcpkix-jdk15on.jar/org/bouncycastle/est/ESTResponse.class
   JD: libs/bcpkix-jdk15on.jar/org/bouncycastle/est/ESTService$1.class
   JD: libs/bcpkix-jdk15on.jar/org/bouncycastle/est/ESTService$2.class
   JD: libs/bcpkix-jdk15on.jar/org/bouncycastle/est/ESTService.class
   JD: libs/bcpkix-jdk15on.jar/org/bouncycastle/est/EnrollmentResponse.class
   JD: libs/bcpkix-jdk15on.jar/org/bouncycastle/est/HttpUtil$Headers.class
   JD: libs/bcpkix-jdk15on.jar/org/bouncycastle/est/jcajce/DefaultESTClient$PrintingOutputStream.class
   JD: libs/bcpkix-jdk15on.jar/org/bouncycastle/est/jcajce/DefaultESTClient.class
   JD: libs/bcpkix-jdk15on.jar/org/bouncycastle/est/jcajce/JcaJceUtils$1.class
   JD: libs/bcpkix-jdk15on.jar/org/bouncycastle/est/jcajce/JcaJceUtils$2.class
   JD: libs/bcpkix-jdk15on.jar/org/bouncycastle/its/jcajce/ECUtil.class
   JD: libs/bcpkix-jdk15on.jar/org/bouncycastle/its/jcajce/JcaITSPublicVerificationKey.class
   JD: libs/bcpkix-jdk15on.jar/org/bouncycastle/its/jcajce/JceITSPublicEncryptionKey.class
   JD: libs/bcpkix-jdk15on.jar/org/bouncycastle/mime/ConstantMimeContext.class
   JD: libs/bcpkix-jdk15on.jar/org/bouncycastle/mime/Headers$KV.class
   JD: libs/bcpkix-jdk15on.jar/org/bouncycastle/mime/Headers.class
   JD: libs/bcpkix-jdk15on.jar/org/bouncycastle/mime/smime/SMIMEEnvelopedWriter$ContentOutputStream.class
   JD: libs/bcpkix-jdk15on.jar/org/bouncycastle/mime/smime/SMIMEEnvelopedWriter.class
   JD: libs/bcpkix-jdk15on.jar/org/bouncycastle/openssl/PEMParser$DSAKeyPairParser.class
   JD: libs/bcpkix-jdk15on.jar/org/bouncycastle/openssl/PEMParser$ECCurveParamsParser.class
   JD: libs/bcpkix-jdk15on.jar/org/bouncycastle/openssl/PEMParser$ECDSAKeyPairParser.class
   JD: libs/bcpkix-jdk15on.jar/org/bouncycastle/openssl/PEMParser$EncryptedPrivateKeyParser.class
   JD: libs/bcpkix-jdk15on.jar/org/bouncycastle/openssl/PEMParser$KeyPairParser.class
   JD: libs/bcpkix-jdk15on.jar/org/bouncycastle/openssl/PEMParser$PKCS10CertificationRequestParser.class
   JD: libs/bcpkix-jdk15on.jar/org/bouncycastle/openssl/PEMParser$PKCS7Parser.class
   JD: libs/bcpkix-jdk15on.jar/org/bouncycastle/openssl/PEMParser$PrivateKeyParser.class
   JD: libs/bcpkix-jdk15on.jar/org/bouncycastle/openssl/PEMParser$PublicKeyParser.class
   JD: libs/bcpkix-jdk15on.jar/org/bouncycastle/openssl/PEMParser$RSAKeyPairParser.class
   JD: libs/bcpkix-jdk15on.jar/org/bouncycastle/openssl/PEMParser$RSAPublicKeyParser.class
   JD: libs/bcpkix-jdk15on.jar/org/bouncycastle/openssl/PEMParser$X509AttributeCertificateParser.class
   JD: libs/bcpkix-jdk15on.jar/org/bouncycastle/openssl/PEMParser$X509CRLParser.class
   JD: libs/bcpkix-jdk15on.jar/org/bouncycastle/openssl/PEMParser$X509CertificateParser.class
   JD: libs/bcpkix-jdk15on.jar/org/bouncycastle/openssl/PEMParser$X509TrustedCertificateParser.class
   JD: libs/bcpkix-jdk15on.jar/org/bouncycastle/openssl/PEMParser.class
   JD: libs/bcpkix-jdk15on.jar/org/bouncycastle/openssl/bc/PEMUtilities.class
   JD: libs/bcpkix-jdk15on.jar/org/bouncycastle/operator/DefaultAlgorithmNameFinder.class
   JD: libs/bcpkix-jdk15on.jar/org/bouncycastle/operator/DefaultDigestAlgorithmIdentifierFinder.class
   JD: libs/bcpkix-jdk15on.jar/org/bouncycastle/operator/DefaultSignatureAlgorithmIdentifierFinder.class
   JD: libs/bcpkix-jdk15on.jar/org/bouncycastle/operator/bc/BcContentVerifierProviderBuilder$1.class
   JD: libs/bcpkix-jdk15on.jar/org/bouncycastle/operator/bc/BcContentVerifierProviderBuilder$2.class
   JD: libs/bcpkix-jdk15on.jar/org/bouncycastle/operator/bc/BcContentVerifierProviderBuilder$SigVerifier.class
   JD: libs/bcpkix-jdk15on.jar/org/bouncycastle/operator/bc/BcContentVerifierProviderBuilder.class
   JD: libs/bcpkix-jdk15on.jar/org/bouncycastle/operator/bc/BcDigestCalculatorProvider$1.class
   JD: libs/bcpkix-jdk15on.jar/org/bouncycastle/operator/bc/BcDigestCalculatorProvider$DigestOutputStream.class
   JD: libs/bcpkix-jdk15on.jar/org/bouncycastle/operator/bc/BcDigestCalculatorProvider.class
   JD: libs/bcpkix-jdk15on.jar/org/bouncycastle/operator/jcajce/JcaContentSignerBuilder.class
   JD: libs/bcpkix-jdk15on.jar/org/bouncycastle/operator/jcajce/JcaContentVerifierProviderBuilder$1.class
   JD: libs/bcpkix-jdk15on.jar/org/bouncycastle/operator/jcajce/JcaContentVerifierProviderBuilder$2.class
   JD: libs/bcpkix-jdk15on.jar/org/bouncycastle/operator/jcajce/JcaContentVerifierProviderBuilder$CompositeVerifier.class
   JD: libs/bcpkix-jdk15on.jar/org/bouncycastle/operator/jcajce/JcaContentVerifierProviderBuilder$RawSigVerifier.class
   JD: libs/bcpkix-jdk15on.jar/org/bouncycastle/operator/jcajce/JcaContentVerifierProviderBuilder$SigVerifier.class
   JD: libs/bcpkix-jdk15on.jar/org/bouncycastle/operator/jcajce/JcaContentVerifierProviderBuilder.class
   JD: libs/bcpkix-jdk15on.jar/org/bouncycastle/operator/jcajce/JcaDigestCalculatorProviderBuilder$1$1.class
   JD: libs/bcpkix-jdk15on.jar/org/bouncycastle/operator/jcajce/JcaDigestCalculatorProviderBuilder$1.class
   JD: libs/bcpkix-jdk15on.jar/org/bouncycastle/operator/jcajce/JcaDigestCalculatorProviderBuilder$DigestOutputStream.class
   JD: libs/bcpkix-jdk15on.jar/org/bouncycastle/operator/jcajce/JcaDigestCalculatorProviderBuilder.class
   JD: libs/bcpkix-jdk15on.jar/org/bouncycastle/operator/jcajce/JceAsymmetricKeyUnwrapper.class
   JD: libs/bcpkix-jdk15on.jar/org/bouncycastle/operator/jcajce/JceAsymmetricKeyWrapper.class
   JD: libs/bcpkix-jdk15on.jar/org/bouncycastle/operator/jcajce/JceSymmetricKeyWrapper.class
   JD: libs/bcpkix-jdk15on.jar/org/bouncycastle/operator/jcajce/OperatorHelper.class
   JD: libs/bcpkix-jdk15on.jar/org/bouncycastle/pkcs/DeltaCertAttributeUtils.class
   JD: libs/bcpkix-jdk15on.jar/org/bouncycastle/pkcs/DeltaCertificateRequestAttribute.class
   JD: libs/bcpkix-jdk15on.jar/org/bouncycastle/pkcs/PKCS10CertificationRequest.class
   JD: libs/bcpkix-jdk15on.jar/org/bouncycastle/pkcs/PKCS10CertificationRequestBuilder.class
   JD: libs/bcpkix-jdk15on.jar/org/bouncycastle/pkcs/bc/BcPKCS12PBEInputDecryptorProviderBuilder$1$1.class
   JD: libs/bcpkix-jdk15on.jar/org/bouncycastle/pkix/ASN1PKIXNameConstraintValidator.class
   JD: libs/bcpkix-jdk15on.jar/org/bouncycastle/pkix/CertPathReviewerMessages.properties
   JD: libs/bcpkix-jdk15on.jar/org/bouncycastle/pkix/CertPathReviewerMessages_de.properties
   JD: libs/bcpkix-jdk15on.jar/org/bouncycastle/pkix/PKIXNameConstraintValidator.class
   JD: libs/bcpkix-jdk15on.jar/org/bouncycastle/pkix/PKIXNameConstraintValidatorException.class
   JD: libs/bcpkix-jdk15on.jar/org/bouncycastle/pkix/jcajce/CertPathReviewerException.class
   JD: libs/bcpkix-jdk15on.jar/org/bouncycastle/pkix/jcajce/CertPathValidatorUtilities.class
   JD: libs/bcpkix-jdk15on.jar/org/bouncycastle/pkix/jcajce/CrlCache$LocalCRLStore.class
   JD: libs/bcpkix-jdk15on.jar/org/bouncycastle/pkix/jcajce/CrlCache.class
   JD: libs/bcpkix-jdk15on.jar/org/bouncycastle/pkix/jcajce/PKIXCRLUtil.class
   JD: libs/bcpkix-jdk15on.jar/org/bouncycastle/pkix/jcajce/PKIXCertPathReviewer.class
   JD: libs/bcpkix-jdk15on.jar/org/bouncycastle/pkix/jcajce/PKIXPolicyNode.class
   JD: libs/bcpkix-jdk15on.jar/org/bouncycastle/pkix/jcajce/X509CRLStoreSelector.class
   JD: libs/bcpkix-jdk15on.jar/org/bouncycastle/pkix/jcajce/X509CertStoreSelector.class
   JD: libs/bcpkix-jdk15on.jar/org/bouncycastle/pkix/jcajce/X509RevocationChecker$Builder.class
   JD: libs/bcpkix-jdk15on.jar/org/bouncycastle/pkix/jcajce/X509RevocationChecker$LocalCRLStore.class
   JD: libs/bcpkix-jdk15on.jar/org/bouncycastle/pkix/jcajce/X509RevocationChecker.class
   JD: libs/bcpkix-jdk15on.jar/org/bouncycastle/pkix/util/
   JD: libs/bcpkix-jdk15on.jar/org/bouncycastle/pkix/util/ErrorBundle.class
   JD: libs/bcpkix-jdk15on.jar/org/bouncycastle/pkix/util/LocaleString.class
   JD: libs/bcpkix-jdk15on.jar/org/bouncycastle/pkix/util/LocalizedException.class
   JD: libs/bcpkix-jdk15on.jar/org/bouncycastle/pkix/util/LocalizedMessage$FilteredArguments.class
   JD: libs/bcpkix-jdk15on.jar/org/bouncycastle/pkix/util/LocalizedMessage.class
   JD: libs/bcpkix-jdk15on.jar/org/bouncycastle/pkix/util/MessageBundle.class
   JD: libs/bcpkix-jdk15on.jar/org/bouncycastle/pkix/util/MissingEntryException.class
   JD: libs/bcpkix-jdk15on.jar/org/bouncycastle/pkix/util/TextBundle.class
   JD: libs/bcpkix-jdk15on.jar/org/bouncycastle/pkix/util/X509CertificateFormatter.class
   JD: libs/bcpkix-jdk15on.jar/org/bouncycastle/pkix/util/filter/
   JD: libs/bcpkix-jdk15on.jar/org/bouncycastle/pkix/util/filter/Filter.class
   JD: libs/bcpkix-jdk15on.jar/org/bouncycastle/pkix/util/filter/HTMLFilter.class
   JD: libs/bcpkix-jdk15on.jar/org/bouncycastle/pkix/util/filter/SQLFilter.class
   JD: libs/bcpkix-jdk15on.jar/org/bouncycastle/pkix/util/filter/TrustedInput.class
   JD: libs/bcpkix-jdk15on.jar/org/bouncycastle/pkix/util/filter/UntrustedInput.class
   JD: libs/bcpkix-jdk15on.jar/org/bouncycastle/pkix/util/filter/UntrustedUrlInput.class
   JD: libs/bcpkix-jdk15on.jar/org/bouncycastle/tsp/TimeStampResponseGenerator$FailInfo.class
   JD: libs/bcpkix-jdk15on.jar/org/bouncycastle/tsp/TimeStampResponseGenerator.class
   JD: libs/bcpkix-jdk15on.jar/org/bouncycastle/tsp/TimeStampToken$CertID.class
   JD: libs/bcpkix-jdk15on.jar/org/bouncycastle/tsp/TimeStampToken.class
   JD: libs/bcpkix-jdk15on.jar/org/bouncycastle/tsp/TimeStampTokenGenerator.class
   JD: libs/bcpkix-jdk15on.jar/org/bouncycastle/tsp/cms/CMSTimeStampedData.class
   JD: libs/bcpkix-jdk15on.jar/org/bouncycastle/tsp/cms/CMSTimeStampedDataParser.class
   JD: libs/bcpkix-jdk15on.jar/org/bouncycastle/tsp/cms/MetaDataUtil.class
   JD: libs/bcpkix-jdk15on.jar/org/bouncycastle/tsp/ers/BinaryTreeRootCalculator.class
   JD: libs/bcpkix-jdk15on.jar/org/bouncycastle/tsp/ers/ERSArchiveTimeStamp.class
   JD: libs/bcpkix-jdk15on.jar/org/bouncycastle/tsp/ers/ERSArchiveTimeStampGenerator$1.class
   JD: libs/bcpkix-jdk15on.jar/org/bouncycastle/tsp/ers/ERSArchiveTimeStampGenerator$IndexedPartialHashtree.class
   JD: libs/bcpkix-jdk15on.jar/org/bouncycastle/tsp/ers/ERSArchiveTimeStampGenerator.class
   JD: libs/bcpkix-jdk15on.jar/org/bouncycastle/tsp/ers/ERSByteData.class
   JD: libs/bcpkix-jdk15on.jar/org/bouncycastle/tsp/ers/ERSCachingData$1.class
   JD: libs/bcpkix-jdk15on.jar/org/bouncycastle/tsp/ers/ERSCachingData$CacheIndex.class
   JD: libs/bcpkix-jdk15on.jar/org/bouncycastle/tsp/ers/ERSCachingData.class
   JD: libs/bcpkix-jdk15on.jar/org/bouncycastle/tsp/ers/ERSData.class
   JD: libs/bcpkix-jdk15on.jar/org/bouncycastle/tsp/ers/ERSDataGroup.class
   JD: libs/bcpkix-jdk15on.jar/org/bouncycastle/tsp/ers/ERSEvidenceRecord.class
   JD: libs/bcpkix-jdk15on.jar/org/bouncycastle/tsp/ers/ERSEvidenceRecordGenerator.class
   JD: libs/bcpkix-jdk15on.jar/org/bouncycastle/tsp/ers/ERSEvidenceRecordSelector.class
   JD: libs/bcpkix-jdk15on.jar/org/bouncycastle/tsp/ers/ERSEvidenceRecordStore$HashNode.class
   JD: libs/bcpkix-jdk15on.jar/org/bouncycastle/tsp/ers/ERSEvidenceRecordStore.class
   JD: libs/bcpkix-jdk15on.jar/org/bouncycastle/tsp/ers/ERSFileData.class
   JD: libs/bcpkix-jdk15on.jar/org/bouncycastle/tsp/ers/ERSInputStreamData.class
   JD: libs/bcpkix-jdk15on.jar/org/bouncycastle/tsp/ers/ERSRootNodeCalculator.class
   JD: libs/bcpkix-jdk15on.jar/org/bouncycastle/tsp/ers/ERSUtil.class
   JD: libs/bcpkix-jdk15on.jar/org/bouncycastle/tsp/ers/IndexedHash.class
   JD: libs/bcpkix-jdk15on.jar/org/bouncycastle/tsp/ers/SortedHashList.class
   JD: libs/bcpkix-jdk15on.jar/org/bouncycastle/tsp/ers/SortedIndexedHashList.class
   JD: libs/bcpkix-jdk15on.jar/org/bouncycastle/voms/VOMSAttribute$FQAN.class
   JD: libs/bcpkix-jdk15on.jar/org/bouncycastle/voms/VOMSAttribute.class
   JD: libs/bcprov-jdk15on.jar/META-INF/
   JD: libs/bcprov-jdk15on.jar/META-INF/BC1024KE.DSA
   JD: libs/bcprov-jdk15on.jar/META-INF/BC1024KE.SF
   JD: libs/bcprov-jdk15on.jar/META-INF/BC2048KE.DSA
   JD: libs/bcprov-jdk15on.jar/META-INF/BC2048KE.SF
   JD: libs/bcprov-jdk15on.jar/META-INF/MANIFEST.MF
   JD: libs/bcprov-jdk15on.jar/META-INF/services/
   JD: libs/bcprov-jdk15on.jar/META-INF/services/java.security.Provider
   JD: libs/bcprov-jdk15on.jar/org/bouncycastle/LICENSE.class
   JD: libs/bcprov-jdk15on.jar/org/bouncycastle/asn1/ASN1ApplicationSpecific.class.removed
   JD: libs/bcprov-jdk15on.jar/org/bouncycastle/asn1/ASN1ApplicationSpecificParser.class.removed
   JD: libs/bcprov-jdk15on.jar/org/bouncycastle/asn1/ASN1GeneralizedTime.class
   JD: libs/bcprov-jdk15on.jar/org/bouncycastle/asn1/ASN1InputStream.class
   JD: libs/bcprov-jdk15on.jar/org/bouncycastle/asn1/ASN1ObjectIdentifier.class
   JD: libs/bcprov-jdk15on.jar/org/bouncycastle/asn1/ASN1Set.class
   JD: libs/bcprov-jdk15on.jar/org/bouncycastle/asn1/ASN1StreamParser.class
   JD: libs/bcprov-jdk15on.jar/org/bouncycastle/asn1/ASN1TaggedObject.class
   JD: libs/bcprov-jdk15on.jar/org/bouncycastle/asn1/ASN1TaggedObjectParser.class
   JD: libs/bcprov-jdk15on.jar/org/bouncycastle/asn1/ASN1UTCTime.class
   JD: libs/bcprov-jdk15on.jar/org/bouncycastle/asn1/BERApplicationSpecific.class.removed
   JD: libs/bcprov-jdk15on.jar/org/bouncycastle/asn1/BERApplicationSpecificParser.class.removed
   JD: libs/bcprov-jdk15on.jar/org/bouncycastle/asn1/BEROctetString$1.class.removed
   JD: libs/bcprov-jdk15on.jar/org/bouncycastle/asn1/BEROctetString$2.class.removed
   JD: libs/bcprov-jdk15on.jar/org/bouncycastle/asn1/BEROctetString.class
   JD: libs/bcprov-jdk15on.jar/org/bouncycastle/asn1/BERTaggedObject.class
   JD: libs/bcprov-jdk15on.jar/org/bouncycastle/asn1/BERTaggedObjectParser.class
   JD: libs/bcprov-jdk15on.jar/org/bouncycastle/asn1/BERTags.class
   JD: libs/bcprov-jdk15on.jar/org/bouncycastle/asn1/DERApplicationSpecific.class.removed
   JD: libs/bcprov-jdk15on.jar/org/bouncycastle/asn1/DERBMPString.class
   JD: libs/bcprov-jdk15on.jar/org/bouncycastle/asn1/DERBitString.class
   JD: libs/bcprov-jdk15on.jar/org/bouncycastle/asn1/DERExternalParser.class
   JD: libs/bcprov-jdk15on.jar/org/bouncycastle/asn1/DERGeneralString.class
   JD: libs/bcprov-jdk15on.jar/org/bouncycastle/asn1/DERGraphicString.class
   JD: libs/bcprov-jdk15on.jar/org/bouncycastle/asn1/DERIA5String.class
   JD: libs/bcprov-jdk15on.jar/org/bouncycastle/asn1/DERNumericString.class
   JD: libs/bcprov-jdk15on.jar/org/bouncycastle/asn1/DERPrintableString.class
   JD: libs/bcprov-jdk15on.jar/org/bouncycastle/asn1/DERSet.class
   JD: libs/bcprov-jdk15on.jar/org/bouncycastle/asn1/DERT61String.class
   JD: libs/bcprov-jdk15on.jar/org/bouncycastle/asn1/DERUTF8String.class
   JD: libs/bcprov-jdk15on.jar/org/bouncycastle/asn1/DERUniversalString.class
   JD: libs/bcprov-jdk15on.jar/org/bouncycastle/asn1/DERVideotexString.class
   JD: libs/bcprov-jdk15on.jar/org/bouncycastle/asn1/DERVisibleString.class
   JD: libs/bcprov-jdk15on.jar/org/bouncycastle/asn1/DLApplicationSpecific.class.removed
   JD: libs/bcprov-jdk15on.jar/org/bouncycastle/asn1/DLSet.class
   JD: libs/bcprov-jdk15on.jar/org/bouncycastle/asn1/DLTaggedObjectParser.class
   JD: libs/bcprov-jdk15on.jar/org/bouncycastle/asn1/DateUtil.class.removed
   JD: libs/bcprov-jdk15on.jar/org/bouncycastle/asn1/LocaleUtil.class
   JD: libs/bcprov-jdk15on.jar/org/bouncycastle/asn1/StreamUtil.class
   JD: libs/bcprov-jdk15on.jar/org/bouncycastle/asn1/bc/BCObjectIdentifiers.class
   JD: libs/bcprov-jdk15on.jar/org/bouncycastle/asn1/bc/ObjectStoreIntegrityCheck.class
   JD: libs/bcprov-jdk15on.jar/org/bouncycastle/asn1/bc/SignatureCheck.class
   JD: libs/bcprov-jdk15on.jar/org/bouncycastle/asn1/cryptopro/CryptoProObjectIdentifiers.class
   JD: libs/bcprov-jdk15on.jar/org/bouncycastle/asn1/misc/MiscObjectIdentifiers.class
   JD: libs/bcprov-jdk15on.jar/org/bouncycastle/asn1/nist/NISTObjectIdentifiers.class
   JD: libs/bcprov-jdk15on.jar/org/bouncycastle/asn1/ocsp/CertStatus.class
   JD: libs/bcprov-jdk15on.jar/org/bouncycastle/asn1/ocsp/ResponderID.class
   JD: libs/bcprov-jdk15on.jar/org/bouncycastle/asn1/ocsp/RevokedInfo.class
   JD: libs/bcprov-jdk15on.jar/org/bouncycastle/asn1/pkcs/CRLBag.class
   JD: libs/bcprov-jdk15on.jar/org/bouncycastle/asn1/pkcs/CertBag.class
   JD: libs/bcprov-jdk15on.jar/org/bouncycastle/asn1/pkcs/CertificationRequest.class
   JD: libs/bcprov-jdk15on.jar/org/bouncycastle/asn1/pkcs/ContentInfo.class
   JD: libs/bcprov-jdk15on.jar/org/bouncycastle/asn1/pkcs/PKCSObjectIdentifiers.class
   JD: libs/bcprov-jdk15on.jar/org/bouncycastle/asn1/pkcs/PrivateKeyInfo.class
   JD: libs/bcprov-jdk15on.jar/org/bouncycastle/asn1/pkcs/SafeBag.class
   JD: libs/bcprov-jdk15on.jar/org/bouncycastle/asn1/sec/ECPrivateKeyStructure.class
   JD: libs/bcprov-jdk15on.jar/org/bouncycastle/asn1/ua/UAObjectIdentifiers.class
   JD: libs/bcprov-jdk15on.jar/org/bouncycastle/asn1/util/ASN1Dump.class
   JD: libs/bcprov-jdk15on.jar/org/bouncycastle/asn1/util/Dump.class
   JD: libs/bcprov-jdk15on.jar/org/bouncycastle/asn1/x500/DirectoryString.class
   JD: libs/bcprov-jdk15on.jar/org/bouncycastle/asn1/x500/style/BCStyle.class
   JD: libs/bcprov-jdk15on.jar/org/bouncycastle/asn1/x500/style/IETFUtils.class
   JD: libs/bcprov-jdk15on.jar/org/bouncycastle/asn1/x500/style/RFC4519Style.class
   JD: libs/bcprov-jdk15on.jar/org/bouncycastle/asn1/x509/AltSignatureAlgorithm.class
   JD: libs/bcprov-jdk15on.jar/org/bouncycastle/asn1/x509/AltSignatureValue.class
   JD: libs/bcprov-jdk15on.jar/org/bouncycastle/asn1/x509/AttCertIssuer.class
   JD: libs/bcprov-jdk15on.jar/org/bouncycastle/asn1/x509/AttributeCertificate.class
   JD: libs/bcprov-jdk15on.jar/org/bouncycastle/asn1/x509/BasicConstraints.class
   JD: libs/bcprov-jdk15on.jar/org/bouncycastle/asn1/x509/CertificateList.class
   JD: libs/bcprov-jdk15on.jar/org/bouncycastle/asn1/x509/DisplayText.class
   JD: libs/bcprov-jdk15on.jar/org/bouncycastle/asn1/x509/DistributionPoint.class
   JD: libs/bcprov-jdk15on.jar/org/bouncycastle/asn1/x509/Extension.class
   JD: libs/bcprov-jdk15on.jar/org/bouncycastle/asn1/x509/GeneralName.class
   JD: libs/bcprov-jdk15on.jar/org/bouncycastle/asn1/x509/IssuerSerial.class
   JD: libs/bcprov-jdk15on.jar/org/bouncycastle/asn1/x509/ObjectDigestInfo.class
   JD: libs/bcprov-jdk15on.jar/org/bouncycastle/asn1/x509/OtherName.class
   JD: libs/bcprov-jdk15on.jar/org/bouncycastle/asn1/x509/SubjectAltPublicKeyInfo.class
   JD: libs/bcprov-jdk15on.jar/org/bouncycastle/asn1/x509/SubjectPublicKeyInfo.class
   JD: libs/bcprov-jdk15on.jar/org/bouncycastle/asn1/x509/TBSCertList$EmptyEnumeration.class
   JD: libs/bcprov-jdk15on.jar/org/bouncycastle/asn1/x509/TBSCertList$RevokedCertificatesEnumeration.class
   JD: libs/bcprov-jdk15on.jar/org/bouncycastle/asn1/x509/TBSCertList.class
   JD: libs/bcprov-jdk15on.jar/org/bouncycastle/asn1/x509/TBSCertificate.class
   JD: libs/bcprov-jdk15on.jar/org/bouncycastle/asn1/x509/Time.class
   JD: libs/bcprov-jdk15on.jar/org/bouncycastle/asn1/x509/V2TBSCertListGenerator.class
   JD: libs/bcprov-jdk15on.jar/org/bouncycastle/asn1/x509/V3TBSCertificateGenerator.class
   JD: libs/bcprov-jdk15on.jar/org/bouncycastle/asn1/x509/X509CertificateStructure.class
   JD: libs/bcprov-jdk15on.jar/org/bouncycastle/asn1/x509/X509DefaultEntryConverter.class
   JD: libs/bcprov-jdk15on.jar/org/bouncycastle/asn1/x509/X509Extensions.class
   JD: libs/bcprov-jdk15on.jar/org/bouncycastle/asn1/x509/X509ObjectIdentifiers.class
   JD: libs/bcprov-jdk15on.jar/org/bouncycastle/asn1/x9/DHValidationParms.class
   JD: libs/bcprov-jdk15on.jar/org/bouncycastle/asn1/x9/OtherInfo.class
   JD: libs/bcprov-jdk15on.jar/org/bouncycastle/asn1/x9/X962Parameters.class
   JD: libs/bcprov-jdk15on.jar/org/bouncycastle/crypto/BufferedBlockCipher.class
   JD: libs/bcprov-jdk15on.jar/org/bouncycastle/crypto/CipherKeyGenerator.class
   JD: libs/bcprov-jdk15on.jar/org/bouncycastle/crypto/CryptoServiceConstraintsException.class
   JD: libs/bcprov-jdk15on.jar/org/bouncycastle/crypto/CryptoServiceProperties.class
   JD: libs/bcprov-jdk15on.jar/org/bouncycastle/crypto/CryptoServicePurpose.class
   JD: libs/bcprov-jdk15on.jar/org/bouncycastle/crypto/CryptoServicesConstraints.class
   JD: libs/bcprov-jdk15on.jar/org/bouncycastle/crypto/CryptoServicesPermission.class
   JD: libs/bcprov-jdk15on.jar/org/bouncycastle/crypto/CryptoServicesRegistrar$1.class
   JD: libs/bcprov-jdk15on.jar/org/bouncycastle/crypto/CryptoServicesRegistrar$2.class
   JD: libs/bcprov-jdk15on.jar/org/bouncycastle/crypto/CryptoServicesRegistrar$3.class
   JD: libs/bcprov-jdk15on.jar/org/bouncycastle/crypto/CryptoServicesRegistrar$Property.class
   JD: libs/bcprov-jdk15on.jar/org/bouncycastle/crypto/CryptoServicesRegistrar$ThreadLocalSecureRandomProvider.class
   JD: libs/bcprov-jdk15on.jar/org/bouncycastle/crypto/CryptoServicesRegistrar.class
   JD: libs/bcprov-jdk15on.jar/org/bouncycastle/crypto/DefaultMultiBlockCipher.class
   JD: libs/bcprov-jdk15on.jar/org/bouncycastle/crypto/EncapsulatedSecretExtractor.class
   JD: libs/bcprov-jdk15on.jar/org/bouncycastle/crypto/KeyEncapsulation.class
   JD: libs/bcprov-jdk15on.jar/org/bouncycastle/crypto/MultiBlockCipher.class
   JD: libs/bcprov-jdk15on.jar/org/bouncycastle/crypto/SavableDigest.class
   JD: libs/bcprov-jdk15on.jar/org/bouncycastle/crypto/SecureRandomProvider.class
   JD: libs/bcprov-jdk15on.jar/org/bouncycastle/crypto/StatelessProcessing.class.removed
   JD: libs/bcprov-jdk15on.jar/org/bouncycastle/crypto/StreamBlockCipher.class
   JD: libs/bcprov-jdk15on.jar/org/bouncycastle/crypto/agreement/DHAgreement.class
   JD: libs/bcprov-jdk15on.jar/org/bouncycastle/crypto/agreement/DHBasicAgreement.class
   JD: libs/bcprov-jdk15on.jar/org/bouncycastle/crypto/agreement/DHUnifiedAgreement.class
   JD: libs/bcprov-jdk15on.jar/org/bouncycastle/crypto/agreement/ECDHBasicAgreement.class
   JD: libs/bcprov-jdk15on.jar/org/bouncycastle/crypto/agreement/ECDHCBasicAgreement.class
   JD: libs/bcprov-jdk15on.jar/org/bouncycastle/crypto/agreement/ECDHCStagedAgreement.class
   JD: libs/bcprov-jdk15on.jar/org/bouncycastle/crypto/agreement/ECDHCUnifiedAgreement.class
   JD: libs/bcprov-jdk15on.jar/org/bouncycastle/crypto/agreement/ECMQVBasicAgreement.class
   JD: libs/bcprov-jdk15on.jar/org/bouncycastle/crypto/agreement/ECVKOAgreement.class
   JD: libs/bcprov-jdk15on.jar/org/bouncycastle/crypto/agreement/MQVBasicAgreement.class
   JD: libs/bcprov-jdk15on.jar/org/bouncycastle/crypto/agreement/SM2KeyExchange.class
   JD: libs/bcprov-jdk15on.jar/org/bouncycastle/crypto/agreement/Utils.class
   JD: libs/bcprov-jdk15on.jar/org/bouncycastle/crypto/agreement/X25519Agreement.class
   JD: libs/bcprov-jdk15on.jar/org/bouncycastle/crypto/agreement/X448Agreement.class
   JD: libs/bcprov-jdk15on.jar/org/bouncycastle/crypto/agreement/XDHBasicAgreement.class
   JD: libs/bcprov-jdk15on.jar/org/bouncycastle/crypto/agreement/XDHUnifiedAgreement.class
   JD: libs/bcprov-jdk15on.jar/org/bouncycastle/crypto/agreement/jpake/JPAKEParticipant.class
   JD: libs/bcprov-jdk15on.jar/org/bouncycastle/crypto/agreement/jpake/JPAKEUtil.class
   JD: libs/bcprov-jdk15on.jar/org/bouncycastle/crypto/agreement/kdf/ConcatenationKDFGenerator.class
   JD: libs/bcprov-jdk15on.jar/org/bouncycastle/crypto/constraints/
   JD: libs/bcprov-jdk15on.jar/org/bouncycastle/crypto/constraints/BitsOfSecurityConstraint.class
   JD: libs/bcprov-jdk15on.jar/org/bouncycastle/crypto/constraints/ConstraintUtils.class
   JD: libs/bcprov-jdk15on.jar/org/bouncycastle/crypto/constraints/DefaultServiceProperties.class
   JD: libs/bcprov-jdk15on.jar/org/bouncycastle/crypto/constraints/LegacyBitsOfSecurityConstraint$1.class
   JD: libs/bcprov-jdk15on.jar/org/bouncycastle/crypto/constraints/LegacyBitsOfSecurityConstraint.class
   JD: libs/bcprov-jdk15on.jar/org/bouncycastle/crypto/constraints/LoggingConstraint.class
   JD: libs/bcprov-jdk15on.jar/org/bouncycastle/crypto/constraints/ServicesConstraint.class
   JD: libs/bcprov-jdk15on.jar/org/bouncycastle/crypto/constraints/Utils.class
   JD: libs/bcprov-jdk15on.jar/org/bouncycastle/crypto/digests/AsconDigest$1.class
   JD: libs/bcprov-jdk15on.jar/org/bouncycastle/crypto/digests/AsconDigest$AsconParameters.class
   JD: libs/bcprov-jdk15on.jar/org/bouncycastle/crypto/digests/AsconDigest.class
   JD: libs/bcprov-jdk15on.jar/org/bouncycastle/crypto/digests/AsconXof$1.class
   JD: libs/bcprov-jdk15on.jar/org/bouncycastle/crypto/digests/AsconXof$AsconParameters.class
   JD: libs/bcprov-jdk15on.jar/org/bouncycastle/crypto/digests/AsconXof.class
   JD: libs/bcprov-jdk15on.jar/org/bouncycastle/crypto/digests/Blake2bDigest.class
   JD: libs/bcprov-jdk15on.jar/org/bouncycastle/crypto/digests/Blake2bpDigest.class
   JD: libs/bcprov-jdk15on.jar/org/bouncycastle/crypto/digests/Blake2sDigest.class
   JD: libs/bcprov-jdk15on.jar/org/bouncycastle/crypto/digests/Blake2spDigest.class
   JD: libs/bcprov-jdk15on.jar/org/bouncycastle/crypto/digests/Blake2xsDigest.class
   JD: libs/bcprov-jdk15on.jar/org/bouncycastle/crypto/digests/Blake3Digest.class
   JD: libs/bcprov-jdk15on.jar/org/bouncycastle/crypto/digests/CSHAKEDigest.class
   JD: libs/bcprov-jdk15on.jar/org/bouncycastle/crypto/digests/DSTU7564Digest.class
   JD: libs/bcprov-jdk15on.jar/org/bouncycastle/crypto/digests/GOST3411Digest.class
   JD: libs/bcprov-jdk15on.jar/org/bouncycastle/crypto/digests/GOST3411_2012Digest.class
   JD: libs/bcprov-jdk15on.jar/org/bouncycastle/crypto/digests/GOST3411_2012_256Digest.class
   JD: libs/bcprov-jdk15on.jar/org/bouncycastle/crypto/digests/GOST3411_2012_512Digest.class
   JD: libs/bcprov-jdk15on.jar/org/bouncycastle/crypto/digests/GeneralDigest.class
   JD: libs/bcprov-jdk15on.jar/org/bouncycastle/crypto/digests/Haraka256Digest.class
   JD: libs/bcprov-jdk15on.jar/org/bouncycastle/crypto/digests/Haraka512Digest.class
   JD: libs/bcprov-jdk15on.jar/org/bouncycastle/crypto/digests/HarakaBase.class
   JD: libs/bcprov-jdk15on.jar/org/bouncycastle/crypto/digests/ISAPDigest.class
   JD: libs/bcprov-jdk15on.jar/org/bouncycastle/crypto/digests/Kangaroo$KangarooBase.class
   JD: libs/bcprov-jdk15on.jar/org/bouncycastle/crypto/digests/Kangaroo$KangarooTwelve.class
   JD: libs/bcprov-jdk15on.jar/org/bouncycastle/crypto/digests/Kangaroo$MarsupilamiFourteen.class
   JD: libs/bcprov-jdk15on.jar/org/bouncycastle/crypto/digests/KeccakDigest.class
   JD: libs/bcprov-jdk15on.jar/org/bouncycastle/crypto/digests/LongDigest.class
   JD: libs/bcprov-jdk15on.jar/org/bouncycastle/crypto/digests/MD2Digest.class
   JD: libs/bcprov-jdk15on.jar/org/bouncycastle/crypto/digests/MD4Digest.class
   JD: libs/bcprov-jdk15on.jar/org/bouncycastle/crypto/digests/MD5Digest.class
   JD: libs/bcprov-jdk15on.jar/org/bouncycastle/crypto/digests/ParallelHash.class
   JD: libs/bcprov-jdk15on.jar/org/bouncycastle/crypto/digests/PhotonBeetleDigest.class
   JD: libs/bcprov-jdk15on.jar/org/bouncycastle/crypto/digests/RIPEMD128Digest.class
   JD: libs/bcprov-jdk15on.jar/org/bouncycastle/crypto/digests/RIPEMD160Digest.class
   JD: libs/bcprov-jdk15on.jar/org/bouncycastle/crypto/digests/RIPEMD256Digest.class
   JD: libs/bcprov-jdk15on.jar/org/bouncycastle/crypto/digests/RIPEMD320Digest.class
   JD: libs/bcprov-jdk15on.jar/org/bouncycastle/crypto/digests/SHA1Digest.class
   JD: libs/bcprov-jdk15on.jar/org/bouncycastle/crypto/digests/SHA224Digest.class
   JD: libs/bcprov-jdk15on.jar/org/bouncycastle/crypto/digests/SHA256Digest.class
   JD: libs/bcprov-jdk15on.jar/org/bouncycastle/crypto/digests/SHA384Digest.class
   JD: libs/bcprov-jdk15on.jar/org/bouncycastle/crypto/digests/SHA3Digest.class
   JD: libs/bcprov-jdk15on.jar/org/bouncycastle/crypto/digests/SHA512Digest.class
   JD: libs/bcprov-jdk15on.jar/org/bouncycastle/crypto/digests/SHA512tDigest.class
   JD: libs/bcprov-jdk15on.jar/org/bouncycastle/crypto/digests/SHAKEDigest.class
   JD: libs/bcprov-jdk15on.jar/org/bouncycastle/crypto/digests/SM3Digest.class
   JD: libs/bcprov-jdk15on.jar/org/bouncycastle/crypto/digests/SkeinDigest.class
   JD: libs/bcprov-jdk15on.jar/org/bouncycastle/crypto/digests/SkeinEngine$Configuration.class
   JD: libs/bcprov-jdk15on.jar/org/bouncycastle/crypto/digests/SkeinEngine$UBI.class
   JD: libs/bcprov-jdk15on.jar/org/bouncycastle/crypto/digests/SkeinEngine.class
   JD: libs/bcprov-jdk15on.jar/org/bouncycastle/crypto/digests/SparkleDigest$1.class
   JD: libs/bcprov-jdk15on.jar/org/bouncycastle/crypto/digests/SparkleDigest$Friend.class
   JD: libs/bcprov-jdk15on.jar/org/bouncycastle/crypto/digests/SparkleDigest$SparkleParameters.class
   JD: libs/bcprov-jdk15on.jar/org/bouncycastle/crypto/digests/SparkleDigest.class
   JD: libs/bcprov-jdk15on.jar/org/bouncycastle/crypto/digests/TigerDigest.class
   JD: libs/bcprov-jdk15on.jar/org/bouncycastle/crypto/digests/Utils$DefaultProperties.class
   JD: libs/bcprov-jdk15on.jar/org/bouncycastle/crypto/digests/Utils$DefaultPropertiesWithPRF.class
   JD: libs/bcprov-jdk15on.jar/org/bouncycastle/crypto/digests/Utils.class
   JD: libs/bcprov-jdk15on.jar/org/bouncycastle/crypto/digests/WhirlpoolDigest.class
   JD: libs/bcprov-jdk15on.jar/org/bouncycastle/crypto/digests/XoodyakDigest$MODE.class
   JD: libs/bcprov-jdk15on.jar/org/bouncycastle/crypto/digests/XoodyakDigest.class
   JD: libs/bcprov-jdk15on.jar/org/bouncycastle/crypto/engines/AESEngine.class
   JD: libs/bcprov-jdk15on.jar/org/bouncycastle/crypto/engines/AESFastEngine.class
   JD: libs/bcprov-jdk15on.jar/org/bouncycastle/crypto/engines/AESLightEngine.class
   JD: libs/bcprov-jdk15on.jar/org/bouncycastle/crypto/engines/AESWrapEngine.class
   JD: libs/bcprov-jdk15on.jar/org/bouncycastle/crypto/engines/AESWrapPadEngine.class
   JD: libs/bcprov-jdk15on.jar/org/bouncycastle/crypto/engines/ARIAEngine.class
   JD: libs/bcprov-jdk15on.jar/org/bouncycastle/crypto/engines/AsconEngine$1.class
   JD: libs/bcprov-jdk15on.jar/org/bouncycastle/crypto/engines/AsconEngine$AsconParameters.class
   JD: libs/bcprov-jdk15on.jar/org/bouncycastle/crypto/engines/AsconEngine$State.class
   JD: libs/bcprov-jdk15on.jar/org/bouncycastle/crypto/engines/AsconEngine.class
   JD: libs/bcprov-jdk15on.jar/org/bouncycastle/crypto/engines/BlowfishEngine.class
   JD: libs/bcprov-jdk15on.jar/org/bouncycastle/crypto/engines/CAST5Engine.class
   JD: libs/bcprov-jdk15on.jar/org/bouncycastle/crypto/engines/CamelliaEngine.class
   JD: libs/bcprov-jdk15on.jar/org/bouncycastle/crypto/engines/CamelliaLightEngine.class
   JD: libs/bcprov-jdk15on.jar/org/bouncycastle/crypto/engines/CramerShoupCoreEngine.class
   JD: libs/bcprov-jdk15on.jar/org/bouncycastle/crypto/engines/DESBase.class
   JD: libs/bcprov-jdk15on.jar/org/bouncycastle/crypto/engines/DESEngine.class
   JD: libs/bcprov-jdk15on.jar/org/bouncycastle/crypto/engines/DESedeEngine.class
   JD: libs/bcprov-jdk15on.jar/org/bouncycastle/crypto/engines/DESedeWrapEngine.class
   JD: libs/bcprov-jdk15on.jar/org/bouncycastle/crypto/engines/DSTU7624Engine.class
   JD: libs/bcprov-jdk15on.jar/org/bouncycastle/crypto/engines/ElGamalEngine.class
   JD: libs/bcprov-jdk15on.jar/org/bouncycastle/crypto/engines/ElephantEngine$1.class
   JD: libs/bcprov-jdk15on.jar/org/bouncycastle/crypto/engines/ElephantEngine$ElephantParameters.class
   JD: libs/bcprov-jdk15on.jar/org/bouncycastle/crypto/engines/ElephantEngine$State.class
   JD: libs/bcprov-jdk15on.jar/org/bouncycastle/crypto/engines/ElephantEngine.class
   JD: libs/bcprov-jdk15on.jar/org/bouncycastle/crypto/engines/EthereumIESEngine.class
   JD: libs/bcprov-jdk15on.jar/org/bouncycastle/crypto/engines/GOST28147Engine.class
   JD: libs/bcprov-jdk15on.jar/org/bouncycastle/crypto/engines/Grain128AEADEngine$ErasableOutputStream.class
   JD: libs/bcprov-jdk15on.jar/org/bouncycastle/crypto/engines/Grain128AEADEngine.class
   JD: libs/bcprov-jdk15on.jar/org/bouncycastle/crypto/engines/Grain128Engine.class
   JD: libs/bcprov-jdk15on.jar/org/bouncycastle/crypto/engines/Grainv1Engine.class
   JD: libs/bcprov-jdk15on.jar/org/bouncycastle/crypto/engines/HC128Engine.class
   JD: libs/bcprov-jdk15on.jar/org/bouncycastle/crypto/engines/HC256Engine.class
   JD: libs/bcprov-jdk15on.jar/org/bouncycastle/crypto/engines/IDEAEngine.class
   JD: libs/bcprov-jdk15on.jar/org/bouncycastle/crypto/engines/ISAACEngine.class
   JD: libs/bcprov-jdk15on.jar/org/bouncycastle/crypto/engines/ISAPEngine$1.class
   JD: libs/bcprov-jdk15on.jar/org/bouncycastle/crypto/engines/ISAPEngine$ISAPAEAD_A.class
   JD: libs/bcprov-jdk15on.jar/org/bouncycastle/crypto/engines/ISAPEngine$ISAPAEAD_A_128.class
   JD: libs/bcprov-jdk15on.jar/org/bouncycastle/crypto/engines/ISAPEngine$ISAPAEAD_A_128A.class
   JD: libs/bcprov-jdk15on.jar/org/bouncycastle/crypto/engines/ISAPEngine$ISAPAEAD_K.class
   JD: libs/bcprov-jdk15on.jar/org/bouncycastle/crypto/engines/ISAPEngine$ISAPAEAD_K_128.class
   JD: libs/bcprov-jdk15on.jar/org/bouncycastle/crypto/engines/ISAPEngine$ISAPAEAD_K_128A.class
   JD: libs/bcprov-jdk15on.jar/org/bouncycastle/crypto/engines/ISAPEngine$ISAP_AEAD.class
   JD: libs/bcprov-jdk15on.jar/org/bouncycastle/crypto/engines/ISAPEngine$IsapType.class
   JD: libs/bcprov-jdk15on.jar/org/bouncycastle/crypto/engines/ISAPEngine.class
   JD: libs/bcprov-jdk15on.jar/org/bouncycastle/crypto/engines/LEAEngine.class
   JD: libs/bcprov-jdk15on.jar/org/bouncycastle/crypto/engines/NaccacheSternEngine.class
   JD: libs/bcprov-jdk15on.jar/org/bouncycastle/crypto/engines/NoekeonEngine.class
   JD: libs/bcprov-jdk15on.jar/org/bouncycastle/crypto/engines/PhotonBeetleEngine$1.class
   JD: libs/bcprov-jdk15on.jar/org/bouncycastle/crypto/engines/PhotonBeetleEngine$PhotonBeetleParameters.class
   JD: libs/bcprov-jdk15on.jar/org/bouncycastle/crypto/engines/PhotonBeetleEngine.class
   JD: libs/bcprov-jdk15on.jar/org/bouncycastle/crypto/engines/RC2Engine.class
   JD: libs/bcprov-jdk15on.jar/org/bouncycastle/crypto/engines/RC4Engine.class
   JD: libs/bcprov-jdk15on.jar/org/bouncycastle/crypto/engines/RC532Engine.class
   JD: libs/bcprov-jdk15on.jar/org/bouncycastle/crypto/engines/RC564Engine.class
   JD: libs/bcprov-jdk15on.jar/org/bouncycastle/crypto/engines/RC6Engine.class
   JD: libs/bcprov-jdk15on.jar/org/bouncycastle/crypto/engines/RFC3394WrapEngine.class
   JD: libs/bcprov-jdk15on.jar/org/bouncycastle/crypto/engines/RSACoreEngine.class
   JD: libs/bcprov-jdk15on.jar/org/bouncycastle/crypto/engines/RijndaelEngine.class
   JD: libs/bcprov-jdk15on.jar/org/bouncycastle/crypto/engines/SEEDEngine.class
   JD: libs/bcprov-jdk15on.jar/org/bouncycastle/crypto/engines/SM2Engine.class
   JD: libs/bcprov-jdk15on.jar/org/bouncycastle/crypto/engines/SM4Engine.class
   JD: libs/bcprov-jdk15on.jar/org/bouncycastle/crypto/engines/Salsa20Engine.class
   JD: libs/bcprov-jdk15on.jar/org/bouncycastle/crypto/engines/SerpentEngine.class
   JD: libs/bcprov-jdk15on.jar/org/bouncycastle/crypto/engines/SerpentEngineBase.class
   JD: libs/bcprov-jdk15on.jar/org/bouncycastle/crypto/engines/Shacal2Engine.class
   JD: libs/bcprov-jdk15on.jar/org/bouncycastle/crypto/engines/SkipjackEngine.class
   JD: libs/bcprov-jdk15on.jar/org/bouncycastle/crypto/engines/SparkleEngine$1.class
   JD: libs/bcprov-jdk15on.jar/org/bouncycastle/crypto/engines/SparkleEngine$SparkleParameters.class
   JD: libs/bcprov-jdk15on.jar/org/bouncycastle/crypto/engines/SparkleEngine$State.class
   JD: libs/bcprov-jdk15on.jar/org/bouncycastle/crypto/engines/SparkleEngine.class
   JD: libs/bcprov-jdk15on.jar/org/bouncycastle/crypto/engines/TEAEngine.class
   JD: libs/bcprov-jdk15on.jar/org/bouncycastle/crypto/engines/ThreefishEngine.class
   JD: libs/bcprov-jdk15on.jar/org/bouncycastle/crypto/engines/TnepresEngine.class
   JD: libs/bcprov-jdk15on.jar/org/bouncycastle/crypto/engines/TwofishEngine.class
   JD: libs/bcprov-jdk15on.jar/org/bouncycastle/crypto/engines/Utils.class
   JD: libs/bcprov-jdk15on.jar/org/bouncycastle/crypto/engines/VMPCEngine.class
   JD: libs/bcprov-jdk15on.jar/org/bouncycastle/crypto/engines/XTEAEngine.class
   JD: libs/bcprov-jdk15on.jar/org/bouncycastle/crypto/engines/XoodyakEngine$MODE.class
   JD: libs/bcprov-jdk15on.jar/org/bouncycastle/crypto/engines/XoodyakEngine.class
   JD: libs/bcprov-jdk15on.jar/org/bouncycastle/crypto/engines/Zuc128CoreEngine.class
   JD: libs/bcprov-jdk15on.jar/org/bouncycastle/crypto/examples/JPAKEExample.class
   JD: libs/bcprov-jdk15on.jar/org/bouncycastle/crypto/fpe/FPEFF1Engine.class
   JD: libs/bcprov-jdk15on.jar/org/bouncycastle/crypto/fpe/FPEFF3_1Engine.class
   JD: libs/bcprov-jdk15on.jar/org/bouncycastle/crypto/fpe/SP80038G.class
   JD: libs/bcprov-jdk15on.jar/org/bouncycastle/crypto/generators/CramerShoupKeyPairGenerator.class
   JD: libs/bcprov-jdk15on.jar/org/bouncycastle/crypto/generators/CramerShoupParametersGenerator.class
   JD: libs/bcprov-jdk15on.jar/org/bouncycastle/crypto/generators/DESKeyGenerator.class
   JD: libs/bcprov-jdk15on.jar/org/bouncycastle/crypto/generators/DESedeKeyGenerator.class
   JD: libs/bcprov-jdk15on.jar/org/bouncycastle/crypto/generators/DHBasicKeyPairGenerator.class
   JD: libs/bcprov-jdk15on.jar/org/bouncycastle/crypto/generators/DHKeyPairGenerator.class
   JD: libs/bcprov-jdk15on.jar/org/bouncycastle/crypto/generators/DSAKeyPairGenerator.class
   JD: libs/bcprov-jdk15on.jar/org/bouncycastle/crypto/generators/ECKeyPairGenerator.class
   JD: libs/bcprov-jdk15on.jar/org/bouncycastle/crypto/generators/Ed25519KeyPairGenerator.class
   JD: libs/bcprov-jdk15on.jar/org/bouncycastle/crypto/generators/Ed448KeyPairGenerator.class
   JD: libs/bcprov-jdk15on.jar/org/bouncycastle/crypto/generators/ElGamalKeyPairGenerator.class
   JD: libs/bcprov-jdk15on.jar/org/bouncycastle/crypto/generators/GOST3410KeyPairGenerator.class
   JD: libs/bcprov-jdk15on.jar/org/bouncycastle/crypto/generators/HKDFBytesGenerator.class
   JD: libs/bcprov-jdk15on.jar/org/bouncycastle/crypto/generators/NaccacheSternKeyPairGenerator.class
   JD: libs/bcprov-jdk15on.jar/org/bouncycastle/crypto/generators/RSAKeyPairGenerator.class
   JD: libs/bcprov-jdk15on.jar/org/bouncycastle/crypto/generators/SCrypt.class
   JD: libs/bcprov-jdk15on.jar/org/bouncycastle/crypto/generators/SM2KeyPairGenerator.class
   JD: libs/bcprov-jdk15on.jar/org/bouncycastle/crypto/generators/X25519KeyPairGenerator.class
   JD: libs/bcprov-jdk15on.jar/org/bouncycastle/crypto/generators/X448KeyPairGenerator.class
   JD: libs/bcprov-jdk15on.jar/org/bouncycastle/crypto/hpke/
   JD: libs/bcprov-jdk15on.jar/org/bouncycastle/crypto/hpke/AEAD.class
   JD: libs/bcprov-jdk15on.jar/org/bouncycastle/crypto/hpke/DHKEM.class
   JD: libs/bcprov-jdk15on.jar/org/bouncycastle/crypto/hpke/HKDF.class
   JD: libs/bcprov-jdk15on.jar/org/bouncycastle/crypto/hpke/HPKE.class
   JD: libs/bcprov-jdk15on.jar/org/bouncycastle/crypto/hpke/HPKEContext.class
   JD: libs/bcprov-jdk15on.jar/org/bouncycastle/crypto/hpke/HPKEContextWithEncapsulation.class
   JD: libs/bcprov-jdk15on.jar/org/bouncycastle/crypto/kems/ECIESKEMExtractor.class
   JD: libs/bcprov-jdk15on.jar/org/bouncycastle/crypto/kems/ECIESKEMGenerator.class
   JD: libs/bcprov-jdk15on.jar/org/bouncycastle/crypto/kems/ECIESKeyEncapsulation.class
   JD: libs/bcprov-jdk15on.jar/org/bouncycastle/crypto/kems/RSAKEMExtractor.class
   JD: libs/bcprov-jdk15on.jar/org/bouncycastle/crypto/kems/RSAKEMGenerator.class
   JD: libs/bcprov-jdk15on.jar/org/bouncycastle/crypto/kems/RSAKeyEncapsulation.class
   JD: libs/bcprov-jdk15on.jar/org/bouncycastle/crypto/kems/SecretWithEncapsulationImpl.class
   JD: libs/bcprov-jdk15on.jar/org/bouncycastle/crypto/macs/CBCBlockCipherMac.class
   JD: libs/bcprov-jdk15on.jar/org/bouncycastle/crypto/macs/CMac.class
   JD: libs/bcprov-jdk15on.jar/org/bouncycastle/crypto/macs/GMac.class
   JD: libs/bcprov-jdk15on.jar/org/bouncycastle/crypto/macs/GOST28147Mac.class
   JD: libs/bcprov-jdk15on.jar/org/bouncycastle/crypto/macs/HMac.class
   JD: libs/bcprov-jdk15on.jar/org/bouncycastle/crypto/macs/ISO9797Alg3Mac.class
   JD: libs/bcprov-jdk15on.jar/org/bouncycastle/crypto/modes/CBCBlockCipher.class
   JD: libs/bcprov-jdk15on.jar/org/bouncycastle/crypto/modes/CBCModeCipher.class
   JD: libs/bcprov-jdk15on.jar/org/bouncycastle/crypto/modes/CCMBlockCipher$ExposedByteArrayOutputStream.class
   JD: libs/bcprov-jdk15on.jar/org/bouncycastle/crypto/modes/CCMBlockCipher.class
   JD: libs/bcprov-jdk15on.jar/org/bouncycastle/crypto/modes/CCMModeCipher.class
   JD: libs/bcprov-jdk15on.jar/org/bouncycastle/crypto/modes/CFBBlockCipher.class
   JD: libs/bcprov-jdk15on.jar/org/bouncycastle/crypto/modes/CFBModeCipher.class
   JD: libs/bcprov-jdk15on.jar/org/bouncycastle/crypto/modes/ChaCha20Poly1305.class
   JD: libs/bcprov-jdk15on.jar/org/bouncycastle/crypto/modes/GCMBlockCipher.class
   JD: libs/bcprov-jdk15on.jar/org/bouncycastle/crypto/modes/GCMModeCipher.class
   JD: libs/bcprov-jdk15on.jar/org/bouncycastle/crypto/modes/GCMSIVBlockCipher$GCMSIVHasher.class
   JD: libs/bcprov-jdk15on.jar/org/bouncycastle/crypto/modes/GCMSIVBlockCipher.class
   JD: libs/bcprov-jdk15on.jar/org/bouncycastle/crypto/modes/KCCMBlockCipher$ExposedByteArrayOutputStream.class
   JD: libs/bcprov-jdk15on.jar/org/bouncycastle/crypto/modes/KCCMBlockCipher.class
   JD: libs/bcprov-jdk15on.jar/org/bouncycastle/crypto/modes/KGCMBlockCipher$ExposedByteArrayOutputStream.class
   JD: libs/bcprov-jdk15on.jar/org/bouncycastle/crypto/modes/KGCMBlockCipher.class
   JD: libs/bcprov-jdk15on.jar/org/bouncycastle/crypto/modes/KXTSBlockCipher.class
   JD: libs/bcprov-jdk15on.jar/org/bouncycastle/crypto/modes/NISTCTSBlockCipher.class
   JD: libs/bcprov-jdk15on.jar/org/bouncycastle/crypto/modes/OCBBlockCipher.class
   JD: libs/bcprov-jdk15on.jar/org/bouncycastle/crypto/modes/OpenPGPCFBBlockCipher.class
   JD: libs/bcprov-jdk15on.jar/org/bouncycastle/crypto/modes/SICBlockCipher.class
   JD: libs/bcprov-jdk15on.jar/org/bouncycastle/crypto/paddings/ISO10126d2Padding.class
   JD: libs/bcprov-jdk15on.jar/org/bouncycastle/crypto/paddings/ISO7816d4Padding.class
   JD: libs/bcprov-jdk15on.jar/org/bouncycastle/crypto/paddings/PKCS7Padding.class
   JD: libs/bcprov-jdk15on.jar/org/bouncycastle/crypto/paddings/TBCPadding.class
   JD: libs/bcprov-jdk15on.jar/org/bouncycastle/crypto/paddings/X923Padding.class
   JD: libs/bcprov-jdk15on.jar/org/bouncycastle/crypto/paddings/ZeroBytePadding.class
   JD: libs/bcprov-jdk15on.jar/org/bouncycastle/crypto/params/DHMQVPrivateParameters.class
   JD: libs/bcprov-jdk15on.jar/org/bouncycastle/crypto/params/Ed25519PrivateKeyParameters.class
   JD: libs/bcprov-jdk15on.jar/org/bouncycastle/crypto/params/Ed25519PublicKeyParameters.class
   JD: libs/bcprov-jdk15on.jar/org/bouncycastle/crypto/params/Ed448PrivateKeyParameters.class
   JD: libs/bcprov-jdk15on.jar/org/bouncycastle/crypto/params/Ed448PublicKeyParameters.class
   JD: libs/bcprov-jdk15on.jar/org/bouncycastle/crypto/params/FPEParameters.class
   JD: libs/bcprov-jdk15on.jar/org/bouncycastle/crypto/params/KeyParameter.class
   JD: libs/bcprov-jdk15on.jar/org/bouncycastle/crypto/params/RSAKeyParameters.class
   JD: libs/bcprov-jdk15on.jar/org/bouncycastle/crypto/params/SkeinParameters$Builder.class
   JD: libs/bcprov-jdk15on.jar/org/bouncycastle/crypto/parsers/XIESPublicKeyParser.class
   JD: libs/bcprov-jdk15on.jar/org/bouncycastle/crypto/prng/ThreadedSeedGenerator$SeedGenerator.class
   JD: libs/bcprov-jdk15on.jar/org/bouncycastle/crypto/prng/ThreadedSeedGenerator.class
   JD: libs/bcprov-jdk15on.jar/org/bouncycastle/crypto/prng/X931RNG.class
   JD: libs/bcprov-jdk15on.jar/org/bouncycastle/crypto/signers/DSASigner.class
   JD: libs/bcprov-jdk15on.jar/org/bouncycastle/crypto/signers/DSTU4145Signer.class
   JD: libs/bcprov-jdk15on.jar/org/bouncycastle/crypto/signers/ECDSASigner.class
   JD: libs/bcprov-jdk15on.jar/org/bouncycastle/crypto/signers/ECGOST3410Signer.class
   JD: libs/bcprov-jdk15on.jar/org/bouncycastle/crypto/signers/ECGOST3410_2012Signer.class
   JD: libs/bcprov-jdk15on.jar/org/bouncycastle/crypto/signers/ECNRSigner.class
   JD: libs/bcprov-jdk15on.jar/org/bouncycastle/crypto/signers/Ed25519Signer$Buffer.class
   JD: libs/bcprov-jdk15on.jar/org/bouncycastle/crypto/signers/Ed25519Signer.class
   JD: libs/bcprov-jdk15on.jar/org/bouncycastle/crypto/signers/Ed25519ctxSigner$Buffer.class
   JD: libs/bcprov-jdk15on.jar/org/bouncycastle/crypto/signers/Ed25519ctxSigner.class
   JD: libs/bcprov-jdk15on.jar/org/bouncycastle/crypto/signers/Ed25519phSigner.class
   JD: libs/bcprov-jdk15on.jar/org/bouncycastle/crypto/signers/Ed448Signer$Buffer.class
   JD: libs/bcprov-jdk15on.jar/org/bouncycastle/crypto/signers/Ed448Signer.class
   JD: libs/bcprov-jdk15on.jar/org/bouncycastle/crypto/signers/Ed448phSigner.class
   JD: libs/bcprov-jdk15on.jar/org/bouncycastle/crypto/signers/GOST3410Signer.class
   JD: libs/bcprov-jdk15on.jar/org/bouncycastle/crypto/signers/PSSSigner.class
   JD: libs/bcprov-jdk15on.jar/org/bouncycastle/crypto/signers/SM2Signer.class
   JD: libs/bcprov-jdk15on.jar/org/bouncycastle/crypto/signers/Utils.class
   JD: libs/bcprov-jdk15on.jar/org/bouncycastle/crypto/util/CipherFactory.class
   JD: libs/bcprov-jdk15on.jar/org/bouncycastle/crypto/util/DEROtherInfo$Builder.class
   JD: libs/bcprov-jdk15on.jar/org/bouncycastle/crypto/util/DigestFactory$4.class
   JD: libs/bcprov-jdk15on.jar/org/bouncycastle/crypto/util/DigestFactory.class
   JD: libs/bcprov-jdk15on.jar/org/bouncycastle/crypto/util/JournalingSecureRandom$TranscriptStream.class
   JD: libs/bcprov-jdk15on.jar/org/bouncycastle/crypto/util/JournalingSecureRandom.class
   JD: libs/bcprov-jdk15on.jar/org/bouncycastle/crypto/util/OpenSSHPublicKeyUtil.class
   JD: libs/bcprov-jdk15on.jar/org/bouncycastle/crypto/util/PrivateKeyFactory.class
   JD: libs/bcprov-jdk15on.jar/org/bouncycastle/crypto/util/PublicKeyFactory$DSTUConverter.class
   JD: libs/bcprov-jdk15on.jar/org/bouncycastle/crypto/util/PublicKeyFactory.class
   JD: libs/bcprov-jdk15on.jar/org/bouncycastle/crypto/util/RadixConverter.class
   JD: libs/bcprov-jdk15on.jar/org/bouncycastle/i18n/LocalizedMessage$FilteredArguments.class
   JD: libs/bcprov-jdk15on.jar/org/bouncycastle/i18n/LocalizedMessage.class
   JD: libs/bcprov-jdk15on.jar/org/bouncycastle/jcajce/CompositePrivateKey.class
   JD: libs/bcprov-jdk15on.jar/org/bouncycastle/jcajce/CompositePublicKey.class
   JD: libs/bcprov-jdk15on.jar/org/bouncycastle/jcajce/io/SignatureUpdatingOutputStream.class
   JD: libs/bcprov-jdk15on.jar/org/bouncycastle/jcajce/provider/asymmetric/COMPOSITE$Mappings.class
   JD: libs/bcprov-jdk15on.jar/org/bouncycastle/jcajce/provider/asymmetric/Dilithium$Mappings.class
   JD: libs/bcprov-jdk15on.jar/org/bouncycastle/jcajce/provider/asymmetric/Dilithium.class
   JD: libs/bcprov-jdk15on.jar/org/bouncycastle/jcajce/provider/asymmetric/EC$Mappings.class
   JD: libs/bcprov-jdk15on.jar/org/bouncycastle/jcajce/provider/asymmetric/ECGOST$Mappings.class
   JD: libs/bcprov-jdk15on.jar/org/bouncycastle/jcajce/provider/asymmetric/EdEC$Mappings.class
   JD: libs/bcprov-jdk15on.jar/org/bouncycastle/jcajce/provider/asymmetric/Falcon$Mappings.class
   JD: libs/bcprov-jdk15on.jar/org/bouncycastle/jcajce/provider/asymmetric/Falcon.class
   JD: libs/bcprov-jdk15on.jar/org/bouncycastle/jcajce/provider/asymmetric/GM$Mappings.class
   JD: libs/bcprov-jdk15on.jar/org/bouncycastle/jcajce/provider/asymmetric/GOST$Mappings.class
   JD: libs/bcprov-jdk15on.jar/org/bouncycastle/jcajce/provider/asymmetric/NTRU$Mappings.class
   JD: libs/bcprov-jdk15on.jar/org/bouncycastle/jcajce/provider/asymmetric/NTRU.class
   JD: libs/bcprov-jdk15on.jar/org/bouncycastle/jcajce/provider/asymmetric/RSA$Mappings.class
   JD: libs/bcprov-jdk15on.jar/org/bouncycastle/jcajce/provider/asymmetric/RSA.class
   JD: libs/bcprov-jdk15on.jar/org/bouncycastle/jcajce/provider/asymmetric/SPHINCSPlus$Mappings.class
   JD: libs/bcprov-jdk15on.jar/org/bouncycastle/jcajce/provider/asymmetric/dh/IESCipher$IESwithAESCBC.class
   JD: libs/bcprov-jdk15on.jar/org/bouncycastle/jcajce/provider/asymmetric/dh/IESCipher$IESwithDESedeCBC.class
   JD: libs/bcprov-jdk15on.jar/org/bouncycastle/jcajce/provider/asymmetric/dh/IESCipher.class
   JD: libs/bcprov-jdk15on.jar/org/bouncycastle/jcajce/provider/asymmetric/dh/KeyAgreementSpi.class
   JD: libs/bcprov-jdk15on.jar/org/bouncycastle/jcajce/provider/asymmetric/dsa/AlgorithmParameterGeneratorSpi.class
   JD: libs/bcprov-jdk15on.jar/org/bouncycastle/jcajce/provider/asymmetric/dsa/KeyPairGeneratorSpi.class
   JD: libs/bcprov-jdk15on.jar/org/bouncycastle/jcajce/provider/asymmetric/dstu/BCDSTU4145PrivateKey.class
   JD: libs/bcprov-jdk15on.jar/org/bouncycastle/jcajce/provider/asymmetric/dstu/BCDSTU4145PublicKey.class
   JD: libs/bcprov-jdk15on.jar/org/bouncycastle/jcajce/provider/asymmetric/ec/BCECPrivateKey.class
   JD: libs/bcprov-jdk15on.jar/org/bouncycastle/jcajce/provider/asymmetric/ec/ECUtils.class
   JD: libs/bcprov-jdk15on.jar/org/bouncycastle/jcajce/provider/asymmetric/ec/GMCipherSpi$SM2withSha256.class
   JD: libs/bcprov-jdk15on.jar/org/bouncycastle/jcajce/provider/asymmetric/ec/GMKeyPairGeneratorSpi$BaseSM2.class
   JD: libs/bcprov-jdk15on.jar/org/bouncycastle/jcajce/provider/asymmetric/ec/GMKeyPairGeneratorSpi$SM2.class
   JD: libs/bcprov-jdk15on.jar/org/bouncycastle/jcajce/provider/asymmetric/ec/GMKeyPairGeneratorSpi.class
   JD: libs/bcprov-jdk15on.jar/org/bouncycastle/jcajce/provider/asymmetric/ec/GMSignatureSpi$sha256WithSM2.class
   JD: libs/bcprov-jdk15on.jar/org/bouncycastle/jcajce/provider/asymmetric/ec/IESCipher$ECIESwithAESCBC.class
   JD: libs/bcprov-jdk15on.jar/org/bouncycastle/jcajce/provider/asymmetric/ec/IESCipher$ECIESwithDESedeCBC.class
   JD: libs/bcprov-jdk15on.jar/org/bouncycastle/jcajce/provider/asymmetric/ec/IESCipher$ECIESwithSHA256andAESCBC.class
   JD: libs/bcprov-jdk15on.jar/org/bouncycastle/jcajce/provider/asymmetric/ec/IESCipher$ECIESwithSHA256andDESedeCBC.class
   JD: libs/bcprov-jdk15on.jar/org/bouncycastle/jcajce/provider/asymmetric/ec/IESCipher$ECIESwithSHA384andAESCBC.class
   JD: libs/bcprov-jdk15on.jar/org/bouncycastle/jcajce/provider/asymmetric/ec/IESCipher$ECIESwithSHA384andDESedeCBC.class
   JD: libs/bcprov-jdk15on.jar/org/bouncycastle/jcajce/provider/asymmetric/ec/IESCipher$ECIESwithSHA512andAESCBC.class
   JD: libs/bcprov-jdk15on.jar/org/bouncycastle/jcajce/provider/asymmetric/ec/IESCipher$ECIESwithSHA512andDESedeCBC.class
   JD: libs/bcprov-jdk15on.jar/org/bouncycastle/jcajce/provider/asymmetric/ec/IESCipher.class
   JD: libs/bcprov-jdk15on.jar/org/bouncycastle/jcajce/provider/asymmetric/ec/IESKEMCipher$KEM.class
   JD: libs/bcprov-jdk15on.jar/org/bouncycastle/jcajce/provider/asymmetric/ec/IESKEMCipher$KEMwithSHA256.class
   JD: libs/bcprov-jdk15on.jar/org/bouncycastle/jcajce/provider/asymmetric/ec/IESKEMCipher.class
   JD: libs/bcprov-jdk15on.jar/org/bouncycastle/jcajce/provider/asymmetric/ec/KeyAgreementSpi$MQV.class
   JD: libs/bcprov-jdk15on.jar/org/bouncycastle/jcajce/provider/asymmetric/ec/KeyAgreementSpi.class
   JD: libs/bcprov-jdk15on.jar/org/bouncycastle/jcajce/provider/asymmetric/ec/SignatureSpi.class
   JD: libs/bcprov-jdk15on.jar/org/bouncycastle/jcajce/provider/asymmetric/ecgost/KeyAgreementSpi$ECVKO.class
   JD: libs/bcprov-jdk15on.jar/org/bouncycastle/jcajce/provider/asymmetric/ecgost/KeyAgreementSpi.class
   JD: libs/bcprov-jdk15on.jar/org/bouncycastle/jcajce/provider/asymmetric/ecgost12/ECGOST2012SignatureSpi256.class
   JD: libs/bcprov-jdk15on.jar/org/bouncycastle/jcajce/provider/asymmetric/ecgost12/ECGOST2012SignatureSpi512.class
   JD: libs/bcprov-jdk15on.jar/org/bouncycastle/jcajce/provider/asymmetric/edec/BCEdDSAPrivateKey.class
   JD: libs/bcprov-jdk15on.jar/org/bouncycastle/jcajce/provider/asymmetric/edec/BCEdDSAPublicKey.class
   JD: libs/bcprov-jdk15on.jar/org/bouncycastle/jcajce/provider/asymmetric/edec/BCXDHPrivateKey.class
   JD: libs/bcprov-jdk15on.jar/org/bouncycastle/jcajce/provider/asymmetric/edec/BCXDHPublicKey.class
   JD: libs/bcprov-jdk15on.jar/org/bouncycastle/jcajce/provider/asymmetric/edec/EdECUtil.class
   JD: libs/bcprov-jdk15on.jar/org/bouncycastle/jcajce/provider/asymmetric/edec/IESCipher$1.class
   JD: libs/bcprov-jdk15on.jar/org/bouncycastle/jcajce/provider/asymmetric/edec/IESCipher$XIES.class
   JD: libs/bcprov-jdk15on.jar/org/bouncycastle/jcajce/provider/asymmetric/edec/IESCipher$XIESwithAESCBC.class
   JD: libs/bcprov-jdk15on.jar/org/bouncycastle/jcajce/provider/asymmetric/edec/IESCipher$XIESwithCipher.class
   JD: libs/bcprov-jdk15on.jar/org/bouncycastle/jcajce/provider/asymmetric/edec/IESCipher$XIESwithDESedeCBC.class
   JD: libs/bcprov-jdk15on.jar/org/bouncycastle/jcajce/provider/asymmetric/edec/IESCipher$XIESwithSHA256.class
   JD: libs/bcprov-jdk15on.jar/org/bouncycastle/jcajce/provider/asymmetric/edec/IESCipher$XIESwithSHA256andAESCBC.class
   JD: libs/bcprov-jdk15on.jar/org/bouncycastle/jcajce/provider/asymmetric/edec/IESCipher$XIESwithSHA256andDESedeCBC.class
   JD: libs/bcprov-jdk15on.jar/org/bouncycastle/jcajce/provider/asymmetric/edec/IESCipher$XIESwithSHA384.class
   JD: libs/bcprov-jdk15on.jar/org/bouncycastle/jcajce/provider/asymmetric/edec/IESCipher$XIESwithSHA384andAESCBC.class
   JD: libs/bcprov-jdk15on.jar/org/bouncycastle/jcajce/provider/asymmetric/edec/IESCipher$XIESwithSHA384andDESedeCBC.class
   JD: libs/bcprov-jdk15on.jar/org/bouncycastle/jcajce/provider/asymmetric/edec/IESCipher$XIESwithSHA512.class
   JD: libs/bcprov-jdk15on.jar/org/bouncycastle/jcajce/provider/asymmetric/edec/IESCipher$XIESwithSHA512andAESCBC.class
   JD: libs/bcprov-jdk15on.jar/org/bouncycastle/jcajce/provider/asymmetric/edec/IESCipher$XIESwithSHA512andDESedeCBC.class
   JD: libs/bcprov-jdk15on.jar/org/bouncycastle/jcajce/provider/asymmetric/edec/IESCipher.class
   JD: libs/bcprov-jdk15on.jar/org/bouncycastle/jcajce/provider/asymmetric/edec/KeyAgreementSpi.class
   JD: libs/bcprov-jdk15on.jar/org/bouncycastle/jcajce/provider/asymmetric/edec/SignatureSpi.class
   JD: libs/bcprov-jdk15on.jar/org/bouncycastle/jcajce/provider/asymmetric/rsa/AlgorithmParametersSpi$PSS.class
   JD: libs/bcprov-jdk15on.jar/org/bouncycastle/jcajce/provider/asymmetric/rsa/PSSSignatureSpi$NullPssDigest.class
   JD: libs/bcprov-jdk15on.jar/org/bouncycastle/jcajce/provider/asymmetric/rsa/PSSSignatureSpi.class
   JD: libs/bcprov-jdk15on.jar/org/bouncycastle/jcajce/provider/asymmetric/util/EC5Util.class
   JD: libs/bcprov-jdk15on.jar/org/bouncycastle/jcajce/provider/asymmetric/util/ECUtil.class
   JD: libs/bcprov-jdk15on.jar/org/bouncycastle/jcajce/provider/asymmetric/x509/CertificateFactory$ExCertificateException.class
   JD: libs/bcprov-jdk15on.jar/org/bouncycastle/jcajce/provider/asymmetric/x509/CertificateFactory.class
   JD: libs/bcprov-jdk15on.jar/org/bouncycastle/jcajce/provider/asymmetric/x509/PEMUtil$Boundaries.class
   JD: libs/bcprov-jdk15on.jar/org/bouncycastle/jcajce/provider/asymmetric/x509/PEMUtil.class
   JD: libs/bcprov-jdk15on.jar/org/bouncycastle/jcajce/provider/asymmetric/x509/X509CRLImpl.class
   JD: libs/bcprov-jdk15on.jar/org/bouncycastle/jcajce/provider/asymmetric/x509/X509CertificateImpl.class
   JD: libs/bcprov-jdk15on.jar/org/bouncycastle/jcajce/provider/asymmetric/x509/X509CertificateObject.class
   JD: libs/bcprov-jdk15on.jar/org/bouncycastle/jcajce/provider/config/ConfigurableProvider.class
   JD: libs/bcprov-jdk15on.jar/org/bouncycastle/jcajce/provider/digest/Blake3$Blake3_256.class
   JD: libs/bcprov-jdk15on.jar/org/bouncycastle/jcajce/provider/digest/SHA256$Digest.class
   JD: libs/bcprov-jdk15on.jar/org/bouncycastle/jcajce/provider/digest/SHA256$HashMac.class
   JD: libs/bcprov-jdk15on.jar/org/bouncycastle/jcajce/provider/drbg/DRBG$1.class
   JD: libs/bcprov-jdk15on.jar/org/bouncycastle/jcajce/provider/drbg/DRBG$2.class
   JD: libs/bcprov-jdk15on.jar/org/bouncycastle/jcajce/provider/drbg/DRBG$3.class
   JD: libs/bcprov-jdk15on.jar/org/bouncycastle/jcajce/provider/drbg/DRBG$4.class
   JD: libs/bcprov-jdk15on.jar/org/bouncycastle/jcajce/provider/drbg/DRBG$5.class
   JD: libs/bcprov-jdk15on.jar/org/bouncycastle/jcajce/provider/drbg/DRBG$HybridEntropySource$1.class
   JD: libs/bcprov-jdk15on.jar/org/bouncycastle/jcajce/provider/drbg/DRBG$HybridEntropySource$SignallingEntropySource.class
   JD: libs/bcprov-jdk15on.jar/org/bouncycastle/jcajce/provider/drbg/DRBG$HybridEntropySource.class
   JD: libs/bcprov-jdk15on.jar/org/bouncycastle/jcajce/provider/drbg/DRBG$HybridRandomProvider.class.removed
   JD: libs/bcprov-jdk15on.jar/org/bouncycastle/jcajce/provider/drbg/DRBG$HybridSecureRandom$1.class.removed
   JD: libs/bcprov-jdk15on.jar/org/bouncycastle/jcajce/provider/drbg/DRBG$HybridSecureRandom$SignallingEntropySource$EntropyGatherer.class.removed
   JD: libs/bcprov-jdk15on.jar/org/bouncycastle/jcajce/provider/drbg/DRBG$HybridSecureRandom$SignallingEntropySource.class.removed
   JD: libs/bcprov-jdk15on.jar/org/bouncycastle/jcajce/provider/drbg/DRBG$HybridSecureRandom.class.removed
   JD: libs/bcprov-jdk15on.jar/org/bouncycastle/jcajce/provider/drbg/DRBG$Mappings.class
   JD: libs/bcprov-jdk15on.jar/org/bouncycastle/jcajce/provider/drbg/DRBG$OneShotHybridEntropySource$1.class
   JD: libs/bcprov-jdk15on.jar/org/bouncycastle/jcajce/provider/drbg/DRBG$OneShotHybridEntropySource$OneShotSignallingEntropySource.class
   JD: libs/bcprov-jdk15on.jar/org/bouncycastle/jcajce/provider/drbg/DRBG$OneShotHybridEntropySource.class
   JD: libs/bcprov-jdk15on.jar/org/bouncycastle/jcajce/provider/drbg/DRBG$URLSeededEntropySourceProvider$1.class
   JD: libs/bcprov-jdk15on.jar/org/bouncycastle/jcajce/provider/drbg/DRBG$URLSeededEntropySourceProvider$2.class
   JD: libs/bcprov-jdk15on.jar/org/bouncycastle/jcajce/provider/drbg/DRBG$URLSeededEntropySourceProvider$3.class
   JD: libs/bcprov-jdk15on.jar/org/bouncycastle/jcajce/provider/drbg/DRBG$URLSeededEntropySourceProvider.class
   JD: libs/bcprov-jdk15on.jar/org/bouncycastle/jcajce/provider/drbg/DRBG$URLSeededSecureRandom$1.class.removed
   JD: libs/bcprov-jdk15on.jar/org/bouncycastle/jcajce/provider/drbg/DRBG$URLSeededSecureRandom$2.class.removed
   JD: libs/bcprov-jdk15on.jar/org/bouncycastle/jcajce/provider/drbg/DRBG$URLSeededSecureRandom.class.removed
   JD: libs/bcprov-jdk15on.jar/org/bouncycastle/jcajce/provider/drbg/DRBG.class
   JD: libs/bcprov-jdk15on.jar/org/bouncycastle/jcajce/provider/drbg/EntropyDaemon.class
   JD: libs/bcprov-jdk15on.jar/org/bouncycastle/jcajce/provider/drbg/EntropyGatherer.class
   JD: libs/bcprov-jdk15on.jar/org/bouncycastle/jcajce/provider/drbg/IncrementalEntropySource.class
   JD: libs/bcprov-jdk15on.jar/org/bouncycastle/jcajce/provider/drbg/IncrementalEntropySourceProvider$1.class
   JD: libs/bcprov-jdk15on.jar/org/bouncycastle/jcajce/provider/drbg/IncrementalEntropySourceProvider.class
   JD: libs/bcprov-jdk15on.jar/org/bouncycastle/jcajce/provider/keystore/pkcs12/PKCS12KeyStoreSpi.class
   JD: libs/bcprov-jdk15on.jar/org/bouncycastle/jcajce/provider/symmetric/AES$AESCCMMAC$CCMMac.class
   JD: libs/bcprov-jdk15on.jar/org/bouncycastle/jcajce/provider/symmetric/AES$AESCMAC.class
   JD: libs/bcprov-jdk15on.jar/org/bouncycastle/jcajce/provider/symmetric/AES$AESGMAC.class
   JD: libs/bcprov-jdk15on.jar/org/bouncycastle/jcajce/provider/symmetric/AES$AlgParamsCCM.class
   JD: libs/bcprov-jdk15on.jar/org/bouncycastle/jcajce/provider/symmetric/AES$AlgParamsGCM.class
   JD: libs/bcprov-jdk15on.jar/org/bouncycastle/jcajce/provider/symmetric/AES$CBC.class
   JD: libs/bcprov-jdk15on.jar/org/bouncycastle/jcajce/provider/symmetric/AES$CCM.class
   JD: libs/bcprov-jdk15on.jar/org/bouncycastle/jcajce/provider/symmetric/AES$CFB.class
   JD: libs/bcprov-jdk15on.jar/org/bouncycastle/jcajce/provider/symmetric/AES$ECB$1.class
   JD: libs/bcprov-jdk15on.jar/org/bouncycastle/jcajce/provider/symmetric/AES$GCM.class
   JD: libs/bcprov-jdk15on.jar/org/bouncycastle/jcajce/provider/symmetric/AES$OFB.class
   JD: libs/bcprov-jdk15on.jar/org/bouncycastle/jcajce/provider/symmetric/AES$PBEWithAESCBC.class
   JD: libs/bcprov-jdk15on.jar/org/bouncycastle/jcajce/provider/symmetric/AES$PBEWithSHA1AESCBC128.class
   JD: libs/bcprov-jdk15on.jar/org/bouncycastle/jcajce/provider/symmetric/AES$PBEWithSHA1AESCBC192.class
   JD: libs/bcprov-jdk15on.jar/org/bouncycastle/jcajce/provider/symmetric/AES$PBEWithSHA1AESCBC256.class
   JD: libs/bcprov-jdk15on.jar/org/bouncycastle/jcajce/provider/symmetric/AES$PBEWithSHA256AESCBC128.class
   JD: libs/bcprov-jdk15on.jar/org/bouncycastle/jcajce/provider/symmetric/AES$PBEWithSHA256AESCBC192.class
   JD: libs/bcprov-jdk15on.jar/org/bouncycastle/jcajce/provider/symmetric/AES$PBEWithSHA256AESCBC256.class
   JD: libs/bcprov-jdk15on.jar/org/bouncycastle/jcajce/provider/symmetric/AES$Poly1305.class
   JD: libs/bcprov-jdk15on.jar/org/bouncycastle/jcajce/provider/symmetric/AES$RFC3211Wrap.class
   JD: libs/bcprov-jdk15on.jar/org/bouncycastle/jcajce/provider/symmetric/AES$RFC5649Wrap.class
   JD: libs/bcprov-jdk15on.jar/org/bouncycastle/jcajce/provider/symmetric/ARIA$AlgParamsCCM.class
   JD: libs/bcprov-jdk15on.jar/org/bouncycastle/jcajce/provider/symmetric/ARIA$AlgParamsGCM.class
   JD: libs/bcprov-jdk15on.jar/org/bouncycastle/jcajce/provider/symmetric/ARIA$GMAC.class
   JD: libs/bcprov-jdk15on.jar/org/bouncycastle/jcajce/provider/symmetric/CAST6$GMAC.class
   JD: libs/bcprov-jdk15on.jar/org/bouncycastle/jcajce/provider/symmetric/Camellia$GMAC.class
   JD: libs/bcprov-jdk15on.jar/org/bouncycastle/jcajce/provider/symmetric/IDEA$CBC.class
   JD: libs/bcprov-jdk15on.jar/org/bouncycastle/jcajce/provider/symmetric/IDEA$PBEWithSHAAndIDEA.class
   JD: libs/bcprov-jdk15on.jar/org/bouncycastle/jcajce/provider/symmetric/Noekeon$GMAC.class
   JD: libs/bcprov-jdk15on.jar/org/bouncycastle/jcajce/provider/symmetric/RC6$GMAC.class
   JD: libs/bcprov-jdk15on.jar/org/bouncycastle/jcajce/provider/symmetric/SEED$GMAC.class
   JD: libs/bcprov-jdk15on.jar/org/bouncycastle/jcajce/provider/symmetric/SM4$GMAC.class
   JD: libs/bcprov-jdk15on.jar/org/bouncycastle/jcajce/provider/symmetric/Serpent$SerpentGMAC.class
   JD: libs/bcprov-jdk15on.jar/org/bouncycastle/jcajce/provider/symmetric/Serpent$TSerpentGMAC.class
   JD: libs/bcprov-jdk15on.jar/org/bouncycastle/jcajce/provider/symmetric/TLSKDF$TLS12withSHA256.class
   JD: libs/bcprov-jdk15on.jar/org/bouncycastle/jcajce/provider/symmetric/Twofish$GMAC.class
   JD: libs/bcprov-jdk15on.jar/org/bouncycastle/jcajce/provider/symmetric/util/BCPBEKey.class
   JD: libs/bcprov-jdk15on.jar/org/bouncycastle/jcajce/provider/symmetric/util/BaseBlockCipher$BufferedGenericBlockCipher.class
   JD: libs/bcprov-jdk15on.jar/org/bouncycastle/jcajce/provider/symmetric/util/BaseBlockCipher.class
   JD: libs/bcprov-jdk15on.jar/org/bouncycastle/jcajce/provider/symmetric/util/BaseMac.class
   JD: libs/bcprov-jdk15on.jar/org/bouncycastle/jcajce/provider/symmetric/util/GcmSpecUtil$1.class
   JD: libs/bcprov-jdk15on.jar/org/bouncycastle/jcajce/provider/symmetric/util/GcmSpecUtil$2.class
   JD: libs/bcprov-jdk15on.jar/org/bouncycastle/jcajce/provider/symmetric/util/GcmSpecUtil$3.class
   JD: libs/bcprov-jdk15on.jar/org/bouncycastle/jcajce/provider/symmetric/util/GcmSpecUtil$4.class
   JD: libs/bcprov-jdk15on.jar/org/bouncycastle/jcajce/provider/symmetric/util/GcmSpecUtil.class
   JD: libs/bcprov-jdk15on.jar/org/bouncycastle/jcajce/provider/symmetric/util/PBE$Util.class
   JD: libs/bcprov-jdk15on.jar/org/bouncycastle/jcajce/provider/util/AsymmetricAlgorithmProvider.class
   JD: libs/bcprov-jdk15on.jar/org/bouncycastle/jcajce/spec/FPEParameterSpec.class
   JD: libs/bcprov-jdk15on.jar/org/bouncycastle/jcajce/spec/HybridValueParameterSpec.class
   JD: libs/bcprov-jdk15on.jar/org/bouncycastle/jcajce/spec/KEMParameterSpec.class
   JD: libs/bcprov-jdk15on.jar/org/bouncycastle/jcajce/spec/KTSParameterSpec$1.class.removed
   JD: libs/bcprov-jdk15on.jar/org/bouncycastle/jcajce/spec/KTSParameterSpec$Builder.class
   JD: libs/bcprov-jdk15on.jar/org/bouncycastle/jcajce/spec/KTSParameterSpec.class
   JD: libs/bcprov-jdk15on.jar/org/bouncycastle/jcajce/spec/SkeinParameterSpec$Builder.class
   JD: libs/bcprov-jdk15on.jar/org/bouncycastle/jcajce/util/MessageDigestUtils.class
   JD: libs/bcprov-jdk15on.jar/org/bouncycastle/jce/ECNamedCurveTable.class
   JD: libs/bcprov-jdk15on.jar/org/bouncycastle/jce/ECPointUtil.class
   JD: libs/bcprov-jdk15on.jar/org/bouncycastle/jce/PKCS10CertificationRequest.class
   JD: libs/bcprov-jdk15on.jar/org/bouncycastle/jce/provider/BouncyCastleProvider$JcaCryptoService.class
   JD: libs/bcprov-jdk15on.jar/org/bouncycastle/jce/provider/BouncyCastleProvider.class
   JD: libs/bcprov-jdk15on.jar/org/bouncycastle/jce/provider/CertPathValidatorUtilities.class
   JD: libs/bcprov-jdk15on.jar/org/bouncycastle/jce/provider/JCEDHPrivateKey.class
   JD: libs/bcprov-jdk15on.jar/org/bouncycastle/jce/provider/JCEDHPublicKey.class
   JD: libs/bcprov-jdk15on.jar/org/bouncycastle/jce/provider/JCEECPrivateKey.class
   JD: libs/bcprov-jdk15on.jar/org/bouncycastle/jce/provider/RFC3280CertPathUtilities.class
   JD: libs/bcprov-jdk15on.jar/org/bouncycastle/jce/provider/X509CRLEntryObject.class
   JD: libs/bcprov-jdk15on.jar/org/bouncycastle/jce/provider/X509CertificateObject.class
   JD: libs/bcprov-jdk15on.jar/org/bouncycastle/jce/provider/X509LDAPCertStoreSpi.class
   JD: libs/bcprov-jdk15on.jar/org/bouncycastle/math/ec/ECCurve$AbstractF2m.class
   JD: libs/bcprov-jdk15on.jar/org/bouncycastle/math/ec/ECCurve$F2m.class
   JD: libs/bcprov-jdk15on.jar/org/bouncycastle/math/ec/ECCurve$Fp.class
   JD: libs/bcprov-jdk15on.jar/org/bouncycastle/math/ec/ECFieldElement$F2m.class
   JD: libs/bcprov-jdk15on.jar/org/bouncycastle/math/ec/ECFieldElement$Fp.class
   JD: libs/bcprov-jdk15on.jar/org/bouncycastle/math/ec/Tnaf.class
   JD: libs/bcprov-jdk15on.jar/org/bouncycastle/math/ec/WTauNafMultiplier.class
   JD: libs/bcprov-jdk15on.jar/org/bouncycastle/math/ec/rfc7748/X25519.class
   JD: libs/bcprov-jdk15on.jar/org/bouncycastle/math/ec/rfc7748/X25519Field.class
   JD: libs/bcprov-jdk15on.jar/org/bouncycastle/math/ec/rfc7748/X448.class
   JD: libs/bcprov-jdk15on.jar/org/bouncycastle/math/ec/rfc7748/X448Field.class
   JD: libs/bcprov-jdk15on.jar/org/bouncycastle/math/ec/rfc8032/Codec.class
   JD: libs/bcprov-jdk15on.jar/org/bouncycastle/math/ec/rfc8032/Ed25519$PointExt.class.removed
   JD: libs/bcprov-jdk15on.jar/org/bouncycastle/math/ec/rfc8032/Ed25519$PointExtended.class
   JD: libs/bcprov-jdk15on.jar/org/bouncycastle/math/ec/rfc8032/Ed25519$PointPrecomp.class
   JD: libs/bcprov-jdk15on.jar/org/bouncycastle/math/ec/rfc8032/Ed25519$PointPrecompZ.class
   JD: libs/bcprov-jdk15on.jar/org/bouncycastle/math/ec/rfc8032/Ed25519$PointTemp.class
   JD: libs/bcprov-jdk15on.jar/org/bouncycastle/math/ec/rfc8032/Ed25519$PublicPoint.class
   JD: libs/bcprov-jdk15on.jar/org/bouncycastle/math/ec/rfc8032/Ed25519.class
   JD: libs/bcprov-jdk15on.jar/org/bouncycastle/math/ec/rfc8032/Ed448$PointAffine.class
   JD: libs/bcprov-jdk15on.jar/org/bouncycastle/math/ec/rfc8032/Ed448$PointExt.class.removed
   JD: libs/bcprov-jdk15on.jar/org/bouncycastle/math/ec/rfc8032/Ed448$PointPrecomp.class.removed
   JD: libs/bcprov-jdk15on.jar/org/bouncycastle/math/ec/rfc8032/Ed448$PointProjective.class
   JD: libs/bcprov-jdk15on.jar/org/bouncycastle/math/ec/rfc8032/Ed448$PointTemp.class
   JD: libs/bcprov-jdk15on.jar/org/bouncycastle/math/ec/rfc8032/Ed448$PublicPoint.class
   JD: libs/bcprov-jdk15on.jar/org/bouncycastle/math/ec/rfc8032/Ed448.class
   JD: libs/bcprov-jdk15on.jar/org/bouncycastle/math/ec/rfc8032/Scalar25519.class
   JD: libs/bcprov-jdk15on.jar/org/bouncycastle/math/ec/rfc8032/Scalar448.class
   JD: libs/bcprov-jdk15on.jar/org/bouncycastle/math/ec/rfc8032/ScalarUtil.class
   JD: libs/bcprov-jdk15on.jar/org/bouncycastle/math/ec/rfc8032/Wnaf.class
   JD: libs/bcprov-jdk15on.jar/org/bouncycastle/math/raw/Nat224.class
   JD: libs/bcprov-jdk15on.jar/org/bouncycastle/math/raw/Nat256.class
   JD: libs/bcprov-jdk15on.jar/org/bouncycastle/pqc/asn1/CMCEPrivateKey.class
   JD: libs/bcprov-jdk15on.jar/org/bouncycastle/pqc/asn1/CMCEPublicKey.class
   JD: libs/bcprov-jdk15on.jar/org/bouncycastle/pqc/asn1/FalconPrivateKey.class
   JD: libs/bcprov-jdk15on.jar/org/bouncycastle/pqc/asn1/FalconPublicKey.class
   JD: libs/bcprov-jdk15on.jar/org/bouncycastle/pqc/asn1/GMSSPrivateKey.class
   JD: libs/bcprov-jdk15on.jar/org/bouncycastle/pqc/asn1/KyberPrivateKey.class
   JD: libs/bcprov-jdk15on.jar/org/bouncycastle/pqc/asn1/KyberPublicKey.class
   JD: libs/bcprov-jdk15on.jar/org/bouncycastle/pqc/asn1/McElieceCCA2PrivateKey.class
   JD: libs/bcprov-jdk15on.jar/org/bouncycastle/pqc/asn1/McElieceCCA2PublicKey.class
   JD: libs/bcprov-jdk15on.jar/org/bouncycastle/pqc/asn1/McEliecePrivateKey.class
   JD: libs/bcprov-jdk15on.jar/org/bouncycastle/pqc/asn1/McEliecePublicKey.class
   JD: libs/bcprov-jdk15on.jar/org/bouncycastle/pqc/asn1/PQCObjectIdentifiers.class
   JD: libs/bcprov-jdk15on.jar/org/bouncycastle/pqc/asn1/RainbowPrivateKey.class
   JD: libs/bcprov-jdk15on.jar/org/bouncycastle/pqc/asn1/RainbowPublicKey.class
   JD: libs/bcprov-jdk15on.jar/org/bouncycastle/pqc/asn1/SABERPrivateKey.class
   JD: libs/bcprov-jdk15on.jar/org/bouncycastle/pqc/asn1/SPHINCSPLUSPrivateKey.class
   JD: libs/bcprov-jdk15on.jar/org/bouncycastle/pqc/asn1/SPHINCSPLUSPublicKey.class
   JD: libs/bcprov-jdk15on.jar/org/bouncycastle/pqc/crypto/KEMParameters.class
   JD: libs/bcprov-jdk15on.jar/org/bouncycastle/pqc/crypto/bike/
   JD: libs/bcprov-jdk15on.jar/org/bouncycastle/pqc/crypto/bike/BIKEEngine.class
   JD: libs/bcprov-jdk15on.jar/org/bouncycastle/pqc/crypto/bike/BIKEKEMExtractor.class
   JD: libs/bcprov-jdk15on.jar/org/bouncycastle/pqc/crypto/bike/BIKEKEMGenerator.class
   JD: libs/bcprov-jdk15on.jar/org/bouncycastle/pqc/crypto/bike/BIKEKeyGenerationParameters.class
   JD: libs/bcprov-jdk15on.jar/org/bouncycastle/pqc/crypto/bike/BIKEKeyPairGenerator.class
   JD: libs/bcprov-jdk15on.jar/org/bouncycastle/pqc/crypto/bike/BIKEKeyParameters.class
   JD: libs/bcprov-jdk15on.jar/org/bouncycastle/pqc/crypto/bike/BIKEParameters.class
   JD: libs/bcprov-jdk15on.jar/org/bouncycastle/pqc/crypto/bike/BIKEPrivateKeyParameters.class
   JD: libs/bcprov-jdk15on.jar/org/bouncycastle/pqc/crypto/bike/BIKEPublicKeyParameters.class
   JD: libs/bcprov-jdk15on.jar/org/bouncycastle/pqc/crypto/bike/BIKERing.class
   JD: libs/bcprov-jdk15on.jar/org/bouncycastle/pqc/crypto/bike/BIKEUtils.class
   JD: libs/bcprov-jdk15on.jar/org/bouncycastle/pqc/crypto/cmce/BENES.class
   JD: libs/bcprov-jdk15on.jar/org/bouncycastle/pqc/crypto/cmce/CMCEEngine.class
   JD: libs/bcprov-jdk15on.jar/org/bouncycastle/pqc/crypto/cmce/CMCEKEMExtractor.class
   JD: libs/bcprov-jdk15on.jar/org/bouncycastle/pqc/crypto/cmce/CMCEKeyPairGenerator.class
   JD: libs/bcprov-jdk15on.jar/org/bouncycastle/pqc/crypto/cmce/CMCEParameters.class
   JD: libs/bcprov-jdk15on.jar/org/bouncycastle/pqc/crypto/cmce/GF.class
   JD: libs/bcprov-jdk15on.jar/org/bouncycastle/pqc/crypto/cmce/GF12.class
   JD: libs/bcprov-jdk15on.jar/org/bouncycastle/pqc/crypto/cmce/GF13.class
   JD: libs/bcprov-jdk15on.jar/org/bouncycastle/pqc/crypto/crystals/
   JD: libs/bcprov-jdk15on.jar/org/bouncycastle/pqc/crypto/crystals/dilithium/
   JD: libs/bcprov-jdk15on.jar/org/bouncycastle/pqc/crypto/crystals/dilithium/DilithiumEngine.class
   JD: libs/bcprov-jdk15on.jar/org/bouncycastle/pqc/crypto/crystals/dilithium/DilithiumKeyGenerationParameters.class
   JD: libs/bcprov-jdk15on.jar/org/bouncycastle/pqc/crypto/crystals/dilithium/DilithiumKeyPairGenerator.class
   JD: libs/bcprov-jdk15on.jar/org/bouncycastle/pqc/crypto/crystals/dilithium/DilithiumKeyParameters.class
   JD: libs/bcprov-jdk15on.jar/org/bouncycastle/pqc/crypto/crystals/dilithium/DilithiumParameters.class
   JD: libs/bcprov-jdk15on.jar/org/bouncycastle/pqc/crypto/crystals/dilithium/DilithiumPrivateKeyParameters.class
   JD: libs/bcprov-jdk15on.jar/org/bouncycastle/pqc/crypto/crystals/dilithium/DilithiumPublicKeyParameters.class
   JD: libs/bcprov-jdk15on.jar/org/bouncycastle/pqc/crypto/crystals/dilithium/DilithiumSigner.class
   JD: libs/bcprov-jdk15on.jar/org/bouncycastle/pqc/crypto/crystals/dilithium/Ntt.class
   JD: libs/bcprov-jdk15on.jar/org/bouncycastle/pqc/crypto/crystals/dilithium/Packing.class
   JD: libs/bcprov-jdk15on.jar/org/bouncycastle/pqc/crypto/crystals/dilithium/Poly.class
   JD: libs/bcprov-jdk15on.jar/org/bouncycastle/pqc/crypto/crystals/dilithium/PolyVecK.class
   JD: libs/bcprov-jdk15on.jar/org/bouncycastle/pqc/crypto/crystals/dilithium/PolyVecL.class
   JD: libs/bcprov-jdk15on.jar/org/bouncycastle/pqc/crypto/crystals/dilithium/PolyVecMatrix.class
   JD: libs/bcprov-jdk15on.jar/org/bouncycastle/pqc/crypto/crystals/dilithium/Reduce.class
   JD: libs/bcprov-jdk15on.jar/org/bouncycastle/pqc/crypto/crystals/dilithium/Rounding.class
   JD: libs/bcprov-jdk15on.jar/org/bouncycastle/pqc/crypto/crystals/dilithium/Symmetric$AesSymmetric.class
   JD: libs/bcprov-jdk15on.jar/org/bouncycastle/pqc/crypto/crystals/dilithium/Symmetric$ShakeSymmetric.class
   JD: libs/bcprov-jdk15on.jar/org/bouncycastle/pqc/crypto/crystals/dilithium/Symmetric.class
   JD: libs/bcprov-jdk15on.jar/org/bouncycastle/pqc/crypto/crystals/kyber/
   JD: libs/bcprov-jdk15on.jar/org/bouncycastle/pqc/crypto/crystals/kyber/CBD.class
   JD: libs/bcprov-jdk15on.jar/org/bouncycastle/pqc/crypto/crystals/kyber/KyberEngine.class
   JD: libs/bcprov-jdk15on.jar/org/bouncycastle/pqc/crypto/crystals/kyber/KyberIndCpa.class
   JD: libs/bcprov-jdk15on.jar/org/bouncycastle/pqc/crypto/crystals/kyber/KyberKEMExtractor.class
   JD: libs/bcprov-jdk15on.jar/org/bouncycastle/pqc/crypto/crystals/kyber/KyberKEMGenerator.class
   JD: libs/bcprov-jdk15on.jar/org/bouncycastle/pqc/crypto/crystals/kyber/KyberKeyGenerationParameters.class
   JD: libs/bcprov-jdk15on.jar/org/bouncycastle/pqc/crypto/crystals/kyber/KyberKeyPairGenerator.class
   JD: libs/bcprov-jdk15on.jar/org/bouncycastle/pqc/crypto/crystals/kyber/KyberKeyParameters.class
   JD: libs/bcprov-jdk15on.jar/org/bouncycastle/pqc/crypto/crystals/kyber/KyberParameters.class
   JD: libs/bcprov-jdk15on.jar/org/bouncycastle/pqc/crypto/crystals/kyber/KyberPrivateKeyParameters.class
   JD: libs/bcprov-jdk15on.jar/org/bouncycastle/pqc/crypto/crystals/kyber/KyberPublicKeyParameters.class
   JD: libs/bcprov-jdk15on.jar/org/bouncycastle/pqc/crypto/crystals/kyber/Ntt.class
   JD: libs/bcprov-jdk15on.jar/org/bouncycastle/pqc/crypto/crystals/kyber/Poly.class
   JD: libs/bcprov-jdk15on.jar/org/bouncycastle/pqc/crypto/crystals/kyber/PolyVec.class
   JD: libs/bcprov-jdk15on.jar/org/bouncycastle/pqc/crypto/crystals/kyber/Reduce.class
   JD: libs/bcprov-jdk15on.jar/org/bouncycastle/pqc/crypto/crystals/kyber/Symmetric$AesSymmetric.class
   JD: libs/bcprov-jdk15on.jar/org/bouncycastle/pqc/crypto/crystals/kyber/Symmetric$ShakeSymmetric.class
   JD: libs/bcprov-jdk15on.jar/org/bouncycastle/pqc/crypto/crystals/kyber/Symmetric.class
   JD: libs/bcprov-jdk15on.jar/org/bouncycastle/pqc/crypto/falcon/
   JD: libs/bcprov-jdk15on.jar/org/bouncycastle/pqc/crypto/falcon/ComplexNumberWrapper.class
   JD: libs/bcprov-jdk15on.jar/org/bouncycastle/pqc/crypto/falcon/FPREngine.class
   JD: libs/bcprov-jdk15on.jar/org/bouncycastle/pqc/crypto/falcon/FalconCodec.class
   JD: libs/bcprov-jdk15on.jar/org/bouncycastle/pqc/crypto/falcon/FalconCommon.class
   JD: libs/bcprov-jdk15on.jar/org/bouncycastle/pqc/crypto/falcon/FalconConversions.class
   JD: libs/bcprov-jdk15on.jar/org/bouncycastle/pqc/crypto/falcon/FalconFFT.class
   JD: libs/bcprov-jdk15on.jar/org/bouncycastle/pqc/crypto/falcon/FalconFPR.class
   JD: libs/bcprov-jdk15on.jar/org/bouncycastle/pqc/crypto/falcon/FalconKeyGen.class
   JD: libs/bcprov-jdk15on.jar/org/bouncycastle/pqc/crypto/falcon/FalconKeyGenerationParameters.class
   JD: libs/bcprov-jdk15on.jar/org/bouncycastle/pqc/crypto/falcon/FalconKeyPairGenerator.class
   JD: libs/bcprov-jdk15on.jar/org/bouncycastle/pqc/crypto/falcon/FalconKeyParameters.class
   JD: libs/bcprov-jdk15on.jar/org/bouncycastle/pqc/crypto/falcon/FalconNIST.class
   JD: libs/bcprov-jdk15on.jar/org/bouncycastle/pqc/crypto/falcon/FalconParameters.class
   JD: libs/bcprov-jdk15on.jar/org/bouncycastle/pqc/crypto/falcon/FalconPrivateKeyParameters.class
   JD: libs/bcprov-jdk15on.jar/org/bouncycastle/pqc/crypto/falcon/FalconPublicKeyParameters.class
   JD: libs/bcprov-jdk15on.jar/org/bouncycastle/pqc/crypto/falcon/FalconRNG.class
   JD: libs/bcprov-jdk15on.jar/org/bouncycastle/pqc/crypto/falcon/FalconSign.class
   JD: libs/bcprov-jdk15on.jar/org/bouncycastle/pqc/crypto/falcon/FalconSigner.class
   JD: libs/bcprov-jdk15on.jar/org/bouncycastle/pqc/crypto/falcon/FalconSmallPrime.class
   JD: libs/bcprov-jdk15on.jar/org/bouncycastle/pqc/crypto/falcon/FalconSmallPrimeList.class
   JD: libs/bcprov-jdk15on.jar/org/bouncycastle/pqc/crypto/falcon/FalconVrfy.class
   JD: libs/bcprov-jdk15on.jar/org/bouncycastle/pqc/crypto/falcon/SHAKE256.class
   JD: libs/bcprov-jdk15on.jar/org/bouncycastle/pqc/crypto/falcon/SamplerCtx.class
   JD: libs/bcprov-jdk15on.jar/org/bouncycastle/pqc/crypto/falcon/SamplerZ.class
   JD: libs/bcprov-jdk15on.jar/org/bouncycastle/pqc/crypto/frodo/FrodoEngine.class
   JD: libs/bcprov-jdk15on.jar/org/bouncycastle/pqc/crypto/frodo/FrodoKEMExtractor.class
   JD: libs/bcprov-jdk15on.jar/org/bouncycastle/pqc/crypto/frodo/FrodoMatrixGenerator$Aes128MatrixGenerator.class
   JD: libs/bcprov-jdk15on.jar/org/bouncycastle/pqc/crypto/frodo/FrodoMatrixGenerator$Shake128MatrixGenerator.class
   JD: libs/bcprov-jdk15on.jar/org/bouncycastle/pqc/crypto/frodo/FrodoParameters.class
   JD: libs/bcprov-jdk15on.jar/org/bouncycastle/pqc/crypto/gemss/
   JD: libs/bcprov-jdk15on.jar/org/bouncycastle/pqc/crypto/gemss/GeMSSEngine$1.class
   JD: libs/bcprov-jdk15on.jar/org/bouncycastle/pqc/crypto/gemss/GeMSSEngine$FunctionParams.class
   JD: libs/bcprov-jdk15on.jar/org/bouncycastle/pqc/crypto/gemss/GeMSSEngine.class
   JD: libs/bcprov-jdk15on.jar/org/bouncycastle/pqc/crypto/gemss/GeMSSEngineProvider.class
   JD: libs/bcprov-jdk15on.jar/org/bouncycastle/pqc/crypto/gemss/GeMSSKeyGenerationParameters.class
   JD: libs/bcprov-jdk15on.jar/org/bouncycastle/pqc/crypto/gemss/GeMSSKeyPairGenerator.class
   JD: libs/bcprov-jdk15on.jar/org/bouncycastle/pqc/crypto/gemss/GeMSSKeyParameters.class
   JD: libs/bcprov-jdk15on.jar/org/bouncycastle/pqc/crypto/gemss/GeMSSParameters.class
   JD: libs/bcprov-jdk15on.jar/org/bouncycastle/pqc/crypto/gemss/GeMSSPrivateKeyParameters.class
   JD: libs/bcprov-jdk15on.jar/org/bouncycastle/pqc/crypto/gemss/GeMSSPublicKeyParameters.class
   JD: libs/bcprov-jdk15on.jar/org/bouncycastle/pqc/crypto/gemss/GeMSSSigner.class
   JD: libs/bcprov-jdk15on.jar/org/bouncycastle/pqc/crypto/gemss/GeMSSUtils.class
   JD: libs/bcprov-jdk15on.jar/org/bouncycastle/pqc/crypto/gemss/Mul_GF2x$Mul12.class
   JD: libs/bcprov-jdk15on.jar/org/bouncycastle/pqc/crypto/gemss/Mul_GF2x$Mul13.class
   JD: libs/bcprov-jdk15on.jar/org/bouncycastle/pqc/crypto/gemss/Mul_GF2x$Mul17.class
   JD: libs/bcprov-jdk15on.jar/org/bouncycastle/pqc/crypto/gemss/Mul_GF2x$Mul6.class
   JD: libs/bcprov-jdk15on.jar/org/bouncycastle/pqc/crypto/gemss/Mul_GF2x$Mul9.class
   JD: libs/bcprov-jdk15on.jar/org/bouncycastle/pqc/crypto/gemss/Mul_GF2x.class
   JD: libs/bcprov-jdk15on.jar/org/bouncycastle/pqc/crypto/gemss/Pointer.class
   JD: libs/bcprov-jdk15on.jar/org/bouncycastle/pqc/crypto/gemss/PointerUnion.class
   JD: libs/bcprov-jdk15on.jar/org/bouncycastle/pqc/crypto/gemss/Rem_GF2n$REM192_SPECIALIZED_TRINOMIAL_GF2X.class
   JD: libs/bcprov-jdk15on.jar/org/bouncycastle/pqc/crypto/gemss/Rem_GF2n$REM288_SPECIALIZED_TRINOMIAL_GF2X.class
   JD: libs/bcprov-jdk15on.jar/org/bouncycastle/pqc/crypto/gemss/Rem_GF2n$REM384_SPECIALIZED358_TRINOMIAL_GF2X.class
   JD: libs/bcprov-jdk15on.jar/org/bouncycastle/pqc/crypto/gemss/Rem_GF2n$REM384_SPECIALIZED_TRINOMIAL_GF2X.class
   JD: libs/bcprov-jdk15on.jar/org/bouncycastle/pqc/crypto/gemss/Rem_GF2n$REM384_TRINOMIAL_GF2X.class
   JD: libs/bcprov-jdk15on.jar/org/bouncycastle/pqc/crypto/gemss/Rem_GF2n$REM402_SPECIALIZED_TRINOMIAL_GF2X.class
   JD: libs/bcprov-jdk15on.jar/org/bouncycastle/pqc/crypto/gemss/Rem_GF2n$REM544_PENTANOMIAL_GF2X.class
   JD: libs/bcprov-jdk15on.jar/org/bouncycastle/pqc/crypto/gemss/Rem_GF2n$REM544_PENTANOMIAL_K3_IS_128_GF2X.class
   JD: libs/bcprov-jdk15on.jar/org/bouncycastle/pqc/crypto/gemss/Rem_GF2n.class
   JD: libs/bcprov-jdk15on.jar/org/bouncycastle/pqc/crypto/gemss/SecretKeyHFE$complete_sparse_monic_gf2nx.class
   JD: libs/bcprov-jdk15on.jar/org/bouncycastle/pqc/crypto/gemss/SecretKeyHFE.class
   JD: libs/bcprov-jdk15on.jar/org/bouncycastle/pqc/crypto/gmss.removed
   JD: libs/bcprov-jdk15on.jar/org/bouncycastle/pqc/crypto/gmss/GMSSDigestProvider.class.removed
   JD: libs/bcprov-jdk15on.jar/org/bouncycastle/pqc/crypto/gmss/GMSSKeyGenerationParameters.class.removed
   JD: libs/bcprov-jdk15on.jar/org/bouncycastle/pqc/crypto/gmss/GMSSKeyPairGenerator.class.removed
   JD: libs/bcprov-jdk15on.jar/org/bouncycastle/pqc/crypto/gmss/GMSSKeyParameters.class.removed
   JD: libs/bcprov-jdk15on.jar/org/bouncycastle/pqc/crypto/gmss/GMSSLeaf.class.removed
   JD: libs/bcprov-jdk15on.jar/org/bouncycastle/pqc/crypto/gmss/GMSSParameters.class.removed
   JD: libs/bcprov-jdk15on.jar/org/bouncycastle/pqc/crypto/gmss/GMSSPrivateKeyParameters.class.removed
   JD: libs/bcprov-jdk15on.jar/org/bouncycastle/pqc/crypto/gmss/GMSSPublicKeyParameters.class.removed
   JD: libs/bcprov-jdk15on.jar/org/bouncycastle/pqc/crypto/gmss/GMSSRootCalc.class.removed
   JD: libs/bcprov-jdk15on.jar/org/bouncycastle/pqc/crypto/gmss/GMSSRootSig.class.removed
   JD: libs/bcprov-jdk15on.jar/org/bouncycastle/pqc/crypto/gmss/GMSSSigner.class.removed
   JD: libs/bcprov-jdk15on.jar/org/bouncycastle/pqc/crypto/gmss/GMSSStateAwareSigner$1.class.removed
   JD: libs/bcprov-jdk15on.jar/org/bouncycastle/pqc/crypto/gmss/GMSSStateAwareSigner.class.removed
   JD: libs/bcprov-jdk15on.jar/org/bouncycastle/pqc/crypto/gmss/GMSSUtils.class.removed
   JD: libs/bcprov-jdk15on.jar/org/bouncycastle/pqc/crypto/gmss/Treehash.class.removed
   JD: libs/bcprov-jdk15on.jar/org/bouncycastle/pqc/crypto/gmss/util.removed
   JD: libs/bcprov-jdk15on.jar/org/bouncycastle/pqc/crypto/gmss/util/GMSSRandom.class.removed
   JD: libs/bcprov-jdk15on.jar/org/bouncycastle/pqc/crypto/gmss/util/GMSSUtil.class.removed
   JD: libs/bcprov-jdk15on.jar/org/bouncycastle/pqc/crypto/gmss/util/WinternitzOTSVerify.class.removed
   JD: libs/bcprov-jdk15on.jar/org/bouncycastle/pqc/crypto/gmss/util/WinternitzOTSignature.class.removed
   JD: libs/bcprov-jdk15on.jar/org/bouncycastle/pqc/crypto/hqc/
   JD: libs/bcprov-jdk15on.jar/org/bouncycastle/pqc/crypto/hqc/FastFourierTransform.class
   JD: libs/bcprov-jdk15on.jar/org/bouncycastle/pqc/crypto/hqc/GF2PolynomialCalculator.class
   JD: libs/bcprov-jdk15on.jar/org/bouncycastle/pqc/crypto/hqc/GFCalculator.class
   JD: libs/bcprov-jdk15on.jar/org/bouncycastle/pqc/crypto/hqc/HQCEngine.class
   JD: libs/bcprov-jdk15on.jar/org/bouncycastle/pqc/crypto/hqc/HQCKEMExtractor.class
   JD: libs/bcprov-jdk15on.jar/org/bouncycastle/pqc/crypto/hqc/HQCKEMGenerator.class
   JD: libs/bcprov-jdk15on.jar/org/bouncycastle/pqc/crypto/hqc/HQCKeyGenerationParameters.class
   JD: libs/bcprov-jdk15on.jar/org/bouncycastle/pqc/crypto/hqc/HQCKeyPairGenerator.class
   JD: libs/bcprov-jdk15on.jar/org/bouncycastle/pqc/crypto/hqc/HQCKeyParameters.class
   JD: libs/bcprov-jdk15on.jar/org/bouncycastle/pqc/crypto/hqc/HQCParameters.class
   JD: libs/bcprov-jdk15on.jar/org/bouncycastle/pqc/crypto/hqc/HQCPrivateKeyParameters.class
   JD: libs/bcprov-jdk15on.jar/org/bouncycastle/pqc/crypto/hqc/HQCPublicKeyParameters.class
   JD: libs/bcprov-jdk15on.jar/org/bouncycastle/pqc/crypto/hqc/KeccakRandomGenerator.class
   JD: libs/bcprov-jdk15on.jar/org/bouncycastle/pqc/crypto/hqc/ReedMuller$Codeword.class
   JD: libs/bcprov-jdk15on.jar/org/bouncycastle/pqc/crypto/hqc/ReedMuller.class
   JD: libs/bcprov-jdk15on.jar/org/bouncycastle/pqc/crypto/hqc/ReedSolomon.class
   JD: libs/bcprov-jdk15on.jar/org/bouncycastle/pqc/crypto/hqc/Utils.class
   JD: libs/bcprov-jdk15on.jar/org/bouncycastle/pqc/crypto/lms/DigestUtil$WrapperDigest.class
   JD: libs/bcprov-jdk15on.jar/org/bouncycastle/pqc/crypto/lms/DigestUtil.class
   JD: libs/bcprov-jdk15on.jar/org/bouncycastle/pqc/crypto/lms/HSS.class
   JD: libs/bcprov-jdk15on.jar/org/bouncycastle/pqc/crypto/lms/HSSPrivateKeyParameters.class
   JD: libs/bcprov-jdk15on.jar/org/bouncycastle/pqc/crypto/lms/LMOtsParameters$1.class
   JD: libs/bcprov-jdk15on.jar/org/bouncycastle/pqc/crypto/lms/LMOtsParameters.class
   JD: libs/bcprov-jdk15on.jar/org/bouncycastle/pqc/crypto/lms/LMOtsPrivateKey.class
   JD: libs/bcprov-jdk15on.jar/org/bouncycastle/pqc/crypto/lms/LMOtsPublicKey.class
   JD: libs/bcprov-jdk15on.jar/org/bouncycastle/pqc/crypto/lms/LMS.class
   JD: libs/bcprov-jdk15on.jar/org/bouncycastle/pqc/crypto/lms/LMSKeyPairGenerator.class
   JD: libs/bcprov-jdk15on.jar/org/bouncycastle/pqc/crypto/lms/LMSPrivateKeyParameters.class
   JD: libs/bcprov-jdk15on.jar/org/bouncycastle/pqc/crypto/lms/LMSigParameters$1.class
   JD: libs/bcprov-jdk15on.jar/org/bouncycastle/pqc/crypto/lms/LMSigParameters.class
   JD: libs/bcprov-jdk15on.jar/org/bouncycastle/pqc/crypto/lms/LM_OTS.class
   JD: libs/bcprov-jdk15on.jar/org/bouncycastle/pqc/crypto/lms/SeedDerive.class
   JD: libs/bcprov-jdk15on.jar/org/bouncycastle/pqc/crypto/mceliece.removed
   JD: libs/bcprov-jdk15on.jar/org/bouncycastle/pqc/crypto/mceliece/Conversions.class.removed
   JD: libs/bcprov-jdk15on.jar/org/bouncycastle/pqc/crypto/mceliece/McElieceCCA2KeyGenerationParameters.class.removed
   JD: libs/bcprov-jdk15on.jar/org/bouncycastle/pqc/crypto/mceliece/McElieceCCA2KeyPairGenerator.class.removed
   JD: libs/bcprov-jdk15on.jar/org/bouncycastle/pqc/crypto/mceliece/McElieceCCA2KeyParameters.class.removed
   JD: libs/bcprov-jdk15on.jar/org/bouncycastle/pqc/crypto/mceliece/McElieceCCA2Parameters.class.removed
   JD: libs/bcprov-jdk15on.jar/org/bouncycastle/pqc/crypto/mceliece/McElieceCCA2Primitives.class.removed
   JD: libs/bcprov-jdk15on.jar/org/bouncycastle/pqc/crypto/mceliece/McElieceCCA2PrivateKeyParameters.class.removed
   JD: libs/bcprov-jdk15on.jar/org/bouncycastle/pqc/crypto/mceliece/McElieceCCA2PublicKeyParameters.class.removed
   JD: libs/bcprov-jdk15on.jar/org/bouncycastle/pqc/crypto/mceliece/McElieceCipher.class.removed
   JD: libs/bcprov-jdk15on.jar/org/bouncycastle/pqc/crypto/mceliece/McElieceFujisakiCipher.class.removed
   JD: libs/bcprov-jdk15on.jar/org/bouncycastle/pqc/crypto/mceliece/McElieceKeyGenerationParameters.class.removed
   JD: libs/bcprov-jdk15on.jar/org/bouncycastle/pqc/crypto/mceliece/McElieceKeyPairGenerator.class.removed
   JD: libs/bcprov-jdk15on.jar/org/bouncycastle/pqc/crypto/mceliece/McElieceKeyParameters.class.removed
   JD: libs/bcprov-jdk15on.jar/org/bouncycastle/pqc/crypto/mceliece/McElieceKobaraImaiCipher.class.removed
   JD: libs/bcprov-jdk15on.jar/org/bouncycastle/pqc/crypto/mceliece/McElieceParameters.class.removed
   JD: libs/bcprov-jdk15on.jar/org/bouncycastle/pqc/crypto/mceliece/McEliecePointchevalCipher.class.removed
   JD: libs/bcprov-jdk15on.jar/org/bouncycastle/pqc/crypto/mceliece/McEliecePrivateKeyParameters.class.removed
   JD: libs/bcprov-jdk15on.jar/org/bouncycastle/pqc/crypto/mceliece/McEliecePublicKeyParameters.class.removed
   JD: libs/bcprov-jdk15on.jar/org/bouncycastle/pqc/crypto/mceliece/Utils.class.removed
   JD: libs/bcprov-jdk15on.jar/org/bouncycastle/pqc/crypto/ntru/
   JD: libs/bcprov-jdk15on.jar/org/bouncycastle/pqc/crypto/ntru/NTRUKEMExtractor.class
   JD: libs/bcprov-jdk15on.jar/org/bouncycastle/pqc/crypto/ntru/NTRUKEMGenerator.class
   JD: libs/bcprov-jdk15on.jar/org/bouncycastle/pqc/crypto/ntru/NTRUKeyGenerationParameters.class
   JD: libs/bcprov-jdk15on.jar/org/bouncycastle/pqc/crypto/ntru/NTRUKeyPairGenerator.class
   JD: libs/bcprov-jdk15on.jar/org/bouncycastle/pqc/crypto/ntru/NTRUKeyParameters.class
   JD: libs/bcprov-jdk15on.jar/org/bouncycastle/pqc/crypto/ntru/NTRUOWCPA.class
   JD: libs/bcprov-jdk15on.jar/org/bouncycastle/pqc/crypto/ntru/NTRUParameters.class
   JD: libs/bcprov-jdk15on.jar/org/bouncycastle/pqc/crypto/ntru/NTRUPrivateKeyParameters.class
   JD: libs/bcprov-jdk15on.jar/org/bouncycastle/pqc/crypto/ntru/NTRUPublicKeyParameters.class
   JD: libs/bcprov-jdk15on.jar/org/bouncycastle/pqc/crypto/ntru/NTRUSampling.class
   JD: libs/bcprov-jdk15on.jar/org/bouncycastle/pqc/crypto/ntru/OWCPADecryptResult.class
   JD: libs/bcprov-jdk15on.jar/org/bouncycastle/pqc/crypto/ntru/OWCPAKeyPair.class
   JD: libs/bcprov-jdk15on.jar/org/bouncycastle/pqc/crypto/ntru/PolynomialPair.class
   JD: libs/bcprov-jdk15on.jar/org/bouncycastle/pqc/crypto/ntruprime/
   JD: libs/bcprov-jdk15on.jar/org/bouncycastle/pqc/crypto/ntruprime/NTRULPRimeKEMExtractor.class
   JD: libs/bcprov-jdk15on.jar/org/bouncycastle/pqc/crypto/ntruprime/NTRULPRimeKEMGenerator.class
   JD: libs/bcprov-jdk15on.jar/org/bouncycastle/pqc/crypto/ntruprime/NTRULPRimeKeyGenerationParameters.class
   JD: libs/bcprov-jdk15on.jar/org/bouncycastle/pqc/crypto/ntruprime/NTRULPRimeKeyPairGenerator.class
   JD: libs/bcprov-jdk15on.jar/org/bouncycastle/pqc/crypto/ntruprime/NTRULPRimeKeyParameters.class
   JD: libs/bcprov-jdk15on.jar/org/bouncycastle/pqc/crypto/ntruprime/NTRULPRimeParameters.class
   JD: libs/bcprov-jdk15on.jar/org/bouncycastle/pqc/crypto/ntruprime/NTRULPRimePrivateKeyParameters.class
   JD: libs/bcprov-jdk15on.jar/org/bouncycastle/pqc/crypto/ntruprime/NTRULPRimePublicKeyParameters.class
   JD: libs/bcprov-jdk15on.jar/org/bouncycastle/pqc/crypto/ntruprime/SNTRUPrimeKEMExtractor.class
   JD: libs/bcprov-jdk15on.jar/org/bouncycastle/pqc/crypto/ntruprime/SNTRUPrimeKEMGenerator.class
   JD: libs/bcprov-jdk15on.jar/org/bouncycastle/pqc/crypto/ntruprime/SNTRUPrimeKeyGenerationParameters.class
   JD: libs/bcprov-jdk15on.jar/org/bouncycastle/pqc/crypto/ntruprime/SNTRUPrimeKeyPairGenerator.class
   JD: libs/bcprov-jdk15on.jar/org/bouncycastle/pqc/crypto/ntruprime/SNTRUPrimeKeyParameters.class
   JD: libs/bcprov-jdk15on.jar/org/bouncycastle/pqc/crypto/ntruprime/SNTRUPrimeParameters.class
   JD: libs/bcprov-jdk15on.jar/org/bouncycastle/pqc/crypto/ntruprime/SNTRUPrimePrivateKeyParameters.class
   JD: libs/bcprov-jdk15on.jar/org/bouncycastle/pqc/crypto/ntruprime/SNTRUPrimePublicKeyParameters.class
   JD: libs/bcprov-jdk15on.jar/org/bouncycastle/pqc/crypto/ntruprime/Utils.class
   JD: libs/bcprov-jdk15on.jar/org/bouncycastle/pqc/crypto/picnic/
   JD: libs/bcprov-jdk15on.jar/org/bouncycastle/pqc/crypto/picnic/KMatrices.class
   JD: libs/bcprov-jdk15on.jar/org/bouncycastle/pqc/crypto/picnic/KMatricesWithPointer.class
   JD: libs/bcprov-jdk15on.jar/org/bouncycastle/pqc/crypto/picnic/LowmcConstants.class
   JD: libs/bcprov-jdk15on.jar/org/bouncycastle/pqc/crypto/picnic/LowmcConstantsL1.class
   JD: libs/bcprov-jdk15on.jar/org/bouncycastle/pqc/crypto/picnic/LowmcConstantsL3.class
   JD: libs/bcprov-jdk15on.jar/org/bouncycastle/pqc/crypto/picnic/LowmcConstantsL5.class
   JD: libs/bcprov-jdk15on.jar/org/bouncycastle/pqc/crypto/picnic/Msg.class
   JD: libs/bcprov-jdk15on.jar/org/bouncycastle/pqc/crypto/picnic/PicnicEngine.class
   JD: libs/bcprov-jdk15on.jar/org/bouncycastle/pqc/crypto/picnic/PicnicKeyGenerationParameters.class
   JD: libs/bcprov-jdk15on.jar/org/bouncycastle/pqc/crypto/picnic/PicnicKeyPairGenerator.class
   JD: libs/bcprov-jdk15on.jar/org/bouncycastle/pqc/crypto/picnic/PicnicKeyParameters.class
   JD: libs/bcprov-jdk15on.jar/org/bouncycastle/pqc/crypto/picnic/PicnicParameters$L1Constants.class
   JD: libs/bcprov-jdk15on.jar/org/bouncycastle/pqc/crypto/picnic/PicnicParameters$L3Constants.class
   JD: libs/bcprov-jdk15on.jar/org/bouncycastle/pqc/crypto/picnic/PicnicParameters$L5Constants.class
   JD: libs/bcprov-jdk15on.jar/org/bouncycastle/pqc/crypto/picnic/PicnicParameters.class
   JD: libs/bcprov-jdk15on.jar/org/bouncycastle/pqc/crypto/picnic/PicnicPrivateKeyParameters.class
   JD: libs/bcprov-jdk15on.jar/org/bouncycastle/pqc/crypto/picnic/PicnicPublicKeyParameters.class
   JD: libs/bcprov-jdk15on.jar/org/bouncycastle/pqc/crypto/picnic/PicnicSigner.class
   JD: libs/bcprov-jdk15on.jar/org/bouncycastle/pqc/crypto/picnic/Signature$Proof.class
   JD: libs/bcprov-jdk15on.jar/org/bouncycastle/pqc/crypto/picnic/Signature.class
   JD: libs/bcprov-jdk15on.jar/org/bouncycastle/pqc/crypto/picnic/Signature2$Proof2.class
   JD: libs/bcprov-jdk15on.jar/org/bouncycastle/pqc/crypto/picnic/Signature2.class
   JD: libs/bcprov-jdk15on.jar/org/bouncycastle/pqc/crypto/picnic/Tape.class
   JD: libs/bcprov-jdk15on.jar/org/bouncycastle/pqc/crypto/picnic/Tree.class
   JD: libs/bcprov-jdk15on.jar/org/bouncycastle/pqc/crypto/picnic/Utils.class
   JD: libs/bcprov-jdk15on.jar/org/bouncycastle/pqc/crypto/picnic/View.class
   JD: libs/bcprov-jdk15on.jar/org/bouncycastle/pqc/crypto/picnic/lowmcL1.bin.properties
   JD: libs/bcprov-jdk15on.jar/org/bouncycastle/pqc/crypto/picnic/lowmcL3.bin.properties
   JD: libs/bcprov-jdk15on.jar/org/bouncycastle/pqc/crypto/picnic/lowmcL5.bin.properties
   JD: libs/bcprov-jdk15on.jar/org/bouncycastle/pqc/crypto/qtesla.removed
   JD: libs/bcprov-jdk15on.jar/org/bouncycastle/pqc/crypto/qtesla/HashUtils.class.removed
   JD: libs/bcprov-jdk15on.jar/org/bouncycastle/pqc/crypto/qtesla/IntSlicer.class.removed
   JD: libs/bcprov-jdk15on.jar/org/bouncycastle/pqc/crypto/qtesla/QTESLAKeyGenerationParameters.class.removed
   JD: libs/bcprov-jdk15on.jar/org/bouncycastle/pqc/crypto/qtesla/QTESLAKeyPairGenerator.class.removed
   JD: libs/bcprov-jdk15on.jar/org/bouncycastle/pqc/crypto/qtesla/QTESLAPrivateKeyParameters.class.removed
   JD: libs/bcprov-jdk15on.jar/org/bouncycastle/pqc/crypto/qtesla/QTESLAPublicKeyParameters.class.removed
   JD: libs/bcprov-jdk15on.jar/org/bouncycastle/pqc/crypto/qtesla/QTESLASecurityCategory.class.removed
   JD: libs/bcprov-jdk15on.jar/org/bouncycastle/pqc/crypto/qtesla/QTESLASigner.class.removed
   JD: libs/bcprov-jdk15on.jar/org/bouncycastle/pqc/crypto/qtesla/QTesla1p$Gaussian.class.removed
   JD: libs/bcprov-jdk15on.jar/org/bouncycastle/pqc/crypto/qtesla/QTesla1p$QTesla1PPolynomial.class.removed
   JD: libs/bcprov-jdk15on.jar/org/bouncycastle/pqc/crypto/qtesla/QTesla1p.class.removed
   JD: libs/bcprov-jdk15on.jar/org/bouncycastle/pqc/crypto/qtesla/QTesla3p$Gaussian.class.removed
   JD: libs/bcprov-jdk15on.jar/org/bouncycastle/pqc/crypto/qtesla/QTesla3p$QTesla3PPolynomial.class.removed
   JD: libs/bcprov-jdk15on.jar/org/bouncycastle/pqc/crypto/qtesla/QTesla3p.class.removed
   JD: libs/bcprov-jdk15on.jar/org/bouncycastle/pqc/crypto/rainbow/ComputeInField.class
   JD: libs/bcprov-jdk15on.jar/org/bouncycastle/pqc/crypto/rainbow/GF2Field.class
   JD: libs/bcprov-jdk15on.jar/org/bouncycastle/pqc/crypto/rainbow/Layer.class.removed
   JD: libs/bcprov-jdk15on.jar/org/bouncycastle/pqc/crypto/rainbow/RainbowDRBG.class
   JD: libs/bcprov-jdk15on.jar/org/bouncycastle/pqc/crypto/rainbow/RainbowKeyComputation.class
   JD: libs/bcprov-jdk15on.jar/org/bouncycastle/pqc/crypto/rainbow/RainbowKeyGenerationParameters.class
   JD: libs/bcprov-jdk15on.jar/org/bouncycastle/pqc/crypto/rainbow/RainbowKeyPairGenerator$1.class
   JD: libs/bcprov-jdk15on.jar/org/bouncycastle/pqc/crypto/rainbow/RainbowKeyPairGenerator.class
   JD: libs/bcprov-jdk15on.jar/org/bouncycastle/pqc/crypto/rainbow/RainbowKeyParameters.class
   JD: libs/bcprov-jdk15on.jar/org/bouncycastle/pqc/crypto/rainbow/RainbowParameters.class
   JD: libs/bcprov-jdk15on.jar/org/bouncycastle/pqc/crypto/rainbow/RainbowPrivateKeyParameters.class
   JD: libs/bcprov-jdk15on.jar/org/bouncycastle/pqc/crypto/rainbow/RainbowPublicKeyParameters.class
   JD: libs/bcprov-jdk15on.jar/org/bouncycastle/pqc/crypto/rainbow/RainbowPublicMap.class
   JD: libs/bcprov-jdk15on.jar/org/bouncycastle/pqc/crypto/rainbow/RainbowSigner$1.class
   JD: libs/bcprov-jdk15on.jar/org/bouncycastle/pqc/crypto/rainbow/RainbowSigner.class
   JD: libs/bcprov-jdk15on.jar/org/bouncycastle/pqc/crypto/rainbow/RainbowUtil.class
   JD: libs/bcprov-jdk15on.jar/org/bouncycastle/pqc/crypto/rainbow/Version.class
   JD: libs/bcprov-jdk15on.jar/org/bouncycastle/pqc/crypto/rainbow/util.removed
   JD: libs/bcprov-jdk15on.jar/org/bouncycastle/pqc/crypto/rainbow/util/ComputeInField.class.removed
   JD: libs/bcprov-jdk15on.jar/org/bouncycastle/pqc/crypto/rainbow/util/GF2Field.class.removed
   JD: libs/bcprov-jdk15on.jar/org/bouncycastle/pqc/crypto/rainbow/util/RainbowUtil.class.removed
   JD: libs/bcprov-jdk15on.jar/org/bouncycastle/pqc/crypto/saber/Poly.class
   JD: libs/bcprov-jdk15on.jar/org/bouncycastle/pqc/crypto/saber/SABEREngine.class
   JD: libs/bcprov-jdk15on.jar/org/bouncycastle/pqc/crypto/saber/SABERKEMExtractor.class
   JD: libs/bcprov-jdk15on.jar/org/bouncycastle/pqc/crypto/saber/SABERParameters.class
   JD: libs/bcprov-jdk15on.jar/org/bouncycastle/pqc/crypto/saber/SABERPrivateKeyParameters.class
   JD: libs/bcprov-jdk15on.jar/org/bouncycastle/pqc/crypto/saber/SABERPublicKeyParameters.class
   JD: libs/bcprov-jdk15on.jar/org/bouncycastle/pqc/crypto/saber/Symmetric$AesSymmetric.class
   JD: libs/bcprov-jdk15on.jar/org/bouncycastle/pqc/crypto/saber/Symmetric$ShakeSymmetric.class
   JD: libs/bcprov-jdk15on.jar/org/bouncycastle/pqc/crypto/saber/Symmetric.class
   JD: libs/bcprov-jdk15on.jar/org/bouncycastle/pqc/crypto/saber/Utils.class
   JD: libs/bcprov-jdk15on.jar/org/bouncycastle/pqc/crypto/sphincsplus/ADRS.class
   JD: libs/bcprov-jdk15on.jar/org/bouncycastle/pqc/crypto/sphincsplus/Fors.class
   JD: libs/bcprov-jdk15on.jar/org/bouncycastle/pqc/crypto/sphincsplus/HT.class
   JD: libs/bcprov-jdk15on.jar/org/bouncycastle/pqc/crypto/sphincsplus/HarakaS256Digest.class
   JD: libs/bcprov-jdk15on.jar/org/bouncycastle/pqc/crypto/sphincsplus/HarakaS512Digest.class
   JD: libs/bcprov-jdk15on.jar/org/bouncycastle/pqc/crypto/sphincsplus/HarakaSBase.class
   JD: libs/bcprov-jdk15on.jar/org/bouncycastle/pqc/crypto/sphincsplus/HarakaSXof.class
   JD: libs/bcprov-jdk15on.jar/org/bouncycastle/pqc/crypto/sphincsplus/SPHINCSPlusEngine$HarakaSEngine.class
   JD: libs/bcprov-jdk15on.jar/org/bouncycastle/pqc/crypto/sphincsplus/SPHINCSPlusEngine$Sha256Engine.class.removed
   JD: libs/bcprov-jdk15on.jar/org/bouncycastle/pqc/crypto/sphincsplus/SPHINCSPlusEngine$Sha2Engine.class
   JD: libs/bcprov-jdk15on.jar/org/bouncycastle/pqc/crypto/sphincsplus/SPHINCSPlusEngine$Shake256Engine.class
   JD: libs/bcprov-jdk15on.jar/org/bouncycastle/pqc/crypto/sphincsplus/SPHINCSPlusEngine.class
   JD: libs/bcprov-jdk15on.jar/org/bouncycastle/pqc/crypto/sphincsplus/SPHINCSPlusEngineProvider.class
   JD: libs/bcprov-jdk15on.jar/org/bouncycastle/pqc/crypto/sphincsplus/SPHINCSPlusKeyPairGenerator.class
   JD: libs/bcprov-jdk15on.jar/org/bouncycastle/pqc/crypto/sphincsplus/SPHINCSPlusParameters$HarakaSEngineProvider.class
   JD: libs/bcprov-jdk15on.jar/org/bouncycastle/pqc/crypto/sphincsplus/SPHINCSPlusParameters$Sha2EngineProvider.class
   JD: libs/bcprov-jdk15on.jar/org/bouncycastle/pqc/crypto/sphincsplus/SPHINCSPlusParameters$Shake256EngineProvider.class
   JD: libs/bcprov-jdk15on.jar/org/bouncycastle/pqc/crypto/sphincsplus/SPHINCSPlusParameters.class
   JD: libs/bcprov-jdk15on.jar/org/bouncycastle/pqc/crypto/sphincsplus/SPHINCSPlusPrivateKeyParameters.class
   JD: libs/bcprov-jdk15on.jar/org/bouncycastle/pqc/crypto/sphincsplus/SPHINCSPlusPublicKeyParameters.class
   JD: libs/bcprov-jdk15on.jar/org/bouncycastle/pqc/crypto/sphincsplus/SPHINCSPlusSigner.class
   JD: libs/bcprov-jdk15on.jar/org/bouncycastle/pqc/crypto/sphincsplus/WotsPlus.class
   JD: libs/bcprov-jdk15on.jar/org/bouncycastle/pqc/crypto/util/PQCOtherInfoGenerator$PartyU.class
   JD: libs/bcprov-jdk15on.jar/org/bouncycastle/pqc/crypto/util/PQCOtherInfoGenerator$PartyV.class
   JD: libs/bcprov-jdk15on.jar/org/bouncycastle/pqc/crypto/util/PQCOtherInfoGenerator.class
   JD: libs/bcprov-jdk15on.jar/org/bouncycastle/pqc/crypto/util/PrivateKeyFactory.class
   JD: libs/bcprov-jdk15on.jar/org/bouncycastle/pqc/crypto/util/PrivateKeyInfoFactory.class
   JD: libs/bcprov-jdk15on.jar/org/bouncycastle/pqc/crypto/util/PublicKeyFactory$BIKEConverter.class
   JD: libs/bcprov-jdk15on.jar/org/bouncycastle/pqc/crypto/util/PublicKeyFactory$DilithiumConverter.class
   JD: libs/bcprov-jdk15on.jar/org/bouncycastle/pqc/crypto/util/PublicKeyFactory$FalconConverter.class
   JD: libs/bcprov-jdk15on.jar/org/bouncycastle/pqc/crypto/util/PublicKeyFactory$HQCConverter.class
   JD: libs/bcprov-jdk15on.jar/org/bouncycastle/pqc/crypto/util/PublicKeyFactory$KyberConverter.class
   JD: libs/bcprov-jdk15on.jar/org/bouncycastle/pqc/crypto/util/PublicKeyFactory$McElieceCCA2Converter.class
   JD: libs/bcprov-jdk15on.jar/org/bouncycastle/pqc/crypto/util/PublicKeyFactory$NTRULPrimeConverter.class
   JD: libs/bcprov-jdk15on.jar/org/bouncycastle/pqc/crypto/util/PublicKeyFactory$NtruConverter.class
   JD: libs/bcprov-jdk15on.jar/org/bouncycastle/pqc/crypto/util/PublicKeyFactory$PicnicConverter.class
   JD: libs/bcprov-jdk15on.jar/org/bouncycastle/pqc/crypto/util/PublicKeyFactory$QTeslaConverter.class
   JD: libs/bcprov-jdk15on.jar/org/bouncycastle/pqc/crypto/util/PublicKeyFactory$RainbowConverter.class
   JD: libs/bcprov-jdk15on.jar/org/bouncycastle/pqc/crypto/util/PublicKeyFactory$SNTRUPrimeConverter.class
   JD: libs/bcprov-jdk15on.jar/org/bouncycastle/pqc/crypto/util/PublicKeyFactory$SPHINCSPlusConverter.class
   JD: libs/bcprov-jdk15on.jar/org/bouncycastle/pqc/crypto/util/PublicKeyFactory.class
   JD: libs/bcprov-jdk15on.jar/org/bouncycastle/pqc/crypto/util/SecretWithEncapsulationImpl.class
   JD: libs/bcprov-jdk15on.jar/org/bouncycastle/pqc/crypto/util/SubjectPublicKeyInfoFactory.class
   JD: libs/bcprov-jdk15on.jar/org/bouncycastle/pqc/crypto/util/Utils.class
   JD: libs/bcprov-jdk15on.jar/org/bouncycastle/pqc/crypto/xmss/DefaultXMSSMTOid.class
   JD: libs/bcprov-jdk15on.jar/org/bouncycastle/pqc/jcajce/interfaces/BIKEKey.class
   JD: libs/bcprov-jdk15on.jar/org/bouncycastle/pqc/jcajce/interfaces/DilithiumKey.class
   JD: libs/bcprov-jdk15on.jar/org/bouncycastle/pqc/jcajce/interfaces/DilithiumPrivateKey.class
   JD: libs/bcprov-jdk15on.jar/org/bouncycastle/pqc/jcajce/interfaces/DilithiumPublicKey.class
   JD: libs/bcprov-jdk15on.jar/org/bouncycastle/pqc/jcajce/interfaces/FalconKey.class
   JD: libs/bcprov-jdk15on.jar/org/bouncycastle/pqc/jcajce/interfaces/FalconPrivateKey.class
   JD: libs/bcprov-jdk15on.jar/org/bouncycastle/pqc/jcajce/interfaces/FalconPublicKey.class
   JD: libs/bcprov-jdk15on.jar/org/bouncycastle/pqc/jcajce/interfaces/HQCKey.class
   JD: libs/bcprov-jdk15on.jar/org/bouncycastle/pqc/jcajce/interfaces/KyberKey.class
   JD: libs/bcprov-jdk15on.jar/org/bouncycastle/pqc/jcajce/interfaces/KyberPrivateKey.class
   JD: libs/bcprov-jdk15on.jar/org/bouncycastle/pqc/jcajce/interfaces/KyberPublicKey.class
   JD: libs/bcprov-jdk15on.jar/org/bouncycastle/pqc/jcajce/interfaces/NTRUKey.class
   JD: libs/bcprov-jdk15on.jar/org/bouncycastle/pqc/jcajce/interfaces/NTRULPRimeKey.class
   JD: libs/bcprov-jdk15on.jar/org/bouncycastle/pqc/jcajce/interfaces/PicnicKey.class
   JD: libs/bcprov-jdk15on.jar/org/bouncycastle/pqc/jcajce/interfaces/RainbowKey.class
   JD: libs/bcprov-jdk15on.jar/org/bouncycastle/pqc/jcajce/interfaces/RainbowPrivateKey.class
   JD: libs/bcprov-jdk15on.jar/org/bouncycastle/pqc/jcajce/interfaces/RainbowPublicKey.class
   JD: libs/bcprov-jdk15on.jar/org/bouncycastle/pqc/jcajce/interfaces/SNTRUPrimeKey.class
   JD: libs/bcprov-jdk15on.jar/org/bouncycastle/pqc/jcajce/interfaces/SPHINCSPlusPrivateKey.class
   JD: libs/bcprov-jdk15on.jar/org/bouncycastle/pqc/jcajce/interfaces/SPHINCSPlusPublicKey.class
   JD: libs/bcprov-jdk15on.jar/org/bouncycastle/pqc/jcajce/provider/BIKE$Mappings.class
   JD: libs/bcprov-jdk15on.jar/org/bouncycastle/pqc/jcajce/provider/BIKE.class
   JD: libs/bcprov-jdk15on.jar/org/bouncycastle/pqc/jcajce/provider/BouncyCastlePQCProvider.class
   JD: libs/bcprov-jdk15on.jar/org/bouncycastle/pqc/jcajce/provider/Dilithium$Mappings.class
   JD: libs/bcprov-jdk15on.jar/org/bouncycastle/pqc/jcajce/provider/Dilithium.class
   JD: libs/bcprov-jdk15on.jar/org/bouncycastle/pqc/jcajce/provider/Falcon$Mappings.class
   JD: libs/bcprov-jdk15on.jar/org/bouncycastle/pqc/jcajce/provider/Falcon.class
   JD: libs/bcprov-jdk15on.jar/org/bouncycastle/pqc/jcajce/provider/Frodo$Mappings.class
   JD: libs/bcprov-jdk15on.jar/org/bouncycastle/pqc/jcajce/provider/HQC$Mappings.class
   JD: libs/bcprov-jdk15on.jar/org/bouncycastle/pqc/jcajce/provider/HQC.class
   JD: libs/bcprov-jdk15on.jar/org/bouncycastle/pqc/jcajce/provider/Kyber$Mappings.class
   JD: libs/bcprov-jdk15on.jar/org/bouncycastle/pqc/jcajce/provider/Kyber.class
   JD: libs/bcprov-jdk15on.jar/org/bouncycastle/pqc/jcajce/provider/NTRU$Mappings.class
   JD: libs/bcprov-jdk15on.jar/org/bouncycastle/pqc/jcajce/provider/NTRU.class
   JD: libs/bcprov-jdk15on.jar/org/bouncycastle/pqc/jcajce/provider/NTRUPrime$Mappings.class
   JD: libs/bcprov-jdk15on.jar/org/bouncycastle/pqc/jcajce/provider/NTRUPrime.class
   JD: libs/bcprov-jdk15on.jar/org/bouncycastle/pqc/jcajce/provider/Picnic$Mappings.class
   JD: libs/bcprov-jdk15on.jar/org/bouncycastle/pqc/jcajce/provider/Picnic.class
   JD: libs/bcprov-jdk15on.jar/org/bouncycastle/pqc/jcajce/provider/QTESLA$Mappings.class.removed
   JD: libs/bcprov-jdk15on.jar/org/bouncycastle/pqc/jcajce/provider/QTESLA.class.removed
   JD: libs/bcprov-jdk15on.jar/org/bouncycastle/pqc/jcajce/provider/Rainbow$Mappings.class
   JD: libs/bcprov-jdk15on.jar/org/bouncycastle/pqc/jcajce/provider/SPHINCSPlus$Mappings.class
   JD: libs/bcprov-jdk15on.jar/org/bouncycastle/pqc/jcajce/provider/bike/
   JD: libs/bcprov-jdk15on.jar/org/bouncycastle/pqc/jcajce/provider/bike/BCBIKEPrivateKey.class
   JD: libs/bcprov-jdk15on.jar/org/bouncycastle/pqc/jcajce/provider/bike/BCBIKEPublicKey.class
   JD: libs/bcprov-jdk15on.jar/org/bouncycastle/pqc/jcajce/provider/bike/BIKECipherSpi$Base.class
   JD: libs/bcprov-jdk15on.jar/org/bouncycastle/pqc/jcajce/provider/bike/BIKECipherSpi.class
   JD: libs/bcprov-jdk15on.jar/org/bouncycastle/pqc/jcajce/provider/bike/BIKEKeyFactorySpi.class
   JD: libs/bcprov-jdk15on.jar/org/bouncycastle/pqc/jcajce/provider/bike/BIKEKeyGeneratorSpi.class
   JD: libs/bcprov-jdk15on.jar/org/bouncycastle/pqc/jcajce/provider/bike/BIKEKeyPairGeneratorSpi.class
   JD: libs/bcprov-jdk15on.jar/org/bouncycastle/pqc/jcajce/provider/cmce/CMCECipherSpi.class
   JD: libs/bcprov-jdk15on.jar/org/bouncycastle/pqc/jcajce/provider/cmce/CMCEKeyPairGeneratorSpi.class
   JD: libs/bcprov-jdk15on.jar/org/bouncycastle/pqc/jcajce/provider/dilithium/
   JD: libs/bcprov-jdk15on.jar/org/bouncycastle/pqc/jcajce/provider/dilithium/BCDilithiumPrivateKey.class
   JD: libs/bcprov-jdk15on.jar/org/bouncycastle/pqc/jcajce/provider/dilithium/BCDilithiumPublicKey.class
   JD: libs/bcprov-jdk15on.jar/org/bouncycastle/pqc/jcajce/provider/dilithium/DilithiumKeyFactorySpi$Base2.class
   JD: libs/bcprov-jdk15on.jar/org/bouncycastle/pqc/jcajce/provider/dilithium/DilithiumKeyFactorySpi$Base2_AES.class
   JD: libs/bcprov-jdk15on.jar/org/bouncycastle/pqc/jcajce/provider/dilithium/DilithiumKeyFactorySpi$Base3.class
   JD: libs/bcprov-jdk15on.jar/org/bouncycastle/pqc/jcajce/provider/dilithium/DilithiumKeyFactorySpi$Base3_AES.class
   JD: libs/bcprov-jdk15on.jar/org/bouncycastle/pqc/jcajce/provider/dilithium/DilithiumKeyFactorySpi$Base5.class
   JD: libs/bcprov-jdk15on.jar/org/bouncycastle/pqc/jcajce/provider/dilithium/DilithiumKeyFactorySpi$Base5_AES.class
   JD: libs/bcprov-jdk15on.jar/org/bouncycastle/pqc/jcajce/provider/dilithium/DilithiumKeyFactorySpi.class
   JD: libs/bcprov-jdk15on.jar/org/bouncycastle/pqc/jcajce/provider/dilithium/DilithiumKeyPairGeneratorSpi$Base2.class
   JD: libs/bcprov-jdk15on.jar/org/bouncycastle/pqc/jcajce/provider/dilithium/DilithiumKeyPairGeneratorSpi$Base2_AES.class
   JD: libs/bcprov-jdk15on.jar/org/bouncycastle/pqc/jcajce/provider/dilithium/DilithiumKeyPairGeneratorSpi$Base3.class
   JD: libs/bcprov-jdk15on.jar/org/bouncycastle/pqc/jcajce/provider/dilithium/DilithiumKeyPairGeneratorSpi$Base3_AES.class
   JD: libs/bcprov-jdk15on.jar/org/bouncycastle/pqc/jcajce/provider/dilithium/DilithiumKeyPairGeneratorSpi$Base5.class
   JD: libs/bcprov-jdk15on.jar/org/bouncycastle/pqc/jcajce/provider/dilithium/DilithiumKeyPairGeneratorSpi$Base5_AES.class
   JD: libs/bcprov-jdk15on.jar/org/bouncycastle/pqc/jcajce/provider/dilithium/DilithiumKeyPairGeneratorSpi.class
   JD: libs/bcprov-jdk15on.jar/org/bouncycastle/pqc/jcajce/provider/dilithium/SignatureSpi$Base.class
   JD: libs/bcprov-jdk15on.jar/org/bouncycastle/pqc/jcajce/provider/dilithium/SignatureSpi$Base2.class
   JD: libs/bcprov-jdk15on.jar/org/bouncycastle/pqc/jcajce/provider/dilithium/SignatureSpi$Base2_AES.class
   JD: libs/bcprov-jdk15on.jar/org/bouncycastle/pqc/jcajce/provider/dilithium/SignatureSpi$Base3.class
   JD: libs/bcprov-jdk15on.jar/org/bouncycastle/pqc/jcajce/provider/dilithium/SignatureSpi$Base3_AES.class
   JD: libs/bcprov-jdk15on.jar/org/bouncycastle/pqc/jcajce/provider/dilithium/SignatureSpi$Base5.class
   JD: libs/bcprov-jdk15on.jar/org/bouncycastle/pqc/jcajce/provider/dilithium/SignatureSpi$Base5_AES.class
   JD: libs/bcprov-jdk15on.jar/org/bouncycastle/pqc/jcajce/provider/dilithium/SignatureSpi.class
   JD: libs/bcprov-jdk15on.jar/org/bouncycastle/pqc/jcajce/provider/falcon/
   JD: libs/bcprov-jdk15on.jar/org/bouncycastle/pqc/jcajce/provider/falcon/BCFalconPrivateKey.class
   JD: libs/bcprov-jdk15on.jar/org/bouncycastle/pqc/jcajce/provider/falcon/BCFalconPublicKey.class
   JD: libs/bcprov-jdk15on.jar/org/bouncycastle/pqc/jcajce/provider/falcon/FalconKeyFactorySpi$Falcon1024.class
   JD: libs/bcprov-jdk15on.jar/org/bouncycastle/pqc/jcajce/provider/falcon/FalconKeyFactorySpi$Falcon512.class
   JD: libs/bcprov-jdk15on.jar/org/bouncycastle/pqc/jcajce/provider/falcon/FalconKeyFactorySpi.class
   JD: libs/bcprov-jdk15on.jar/org/bouncycastle/pqc/jcajce/provider/falcon/FalconKeyPairGeneratorSpi$Falcon1024.class
   JD: libs/bcprov-jdk15on.jar/org/bouncycastle/pqc/jcajce/provider/falcon/FalconKeyPairGeneratorSpi$Falcon512.class
   JD: libs/bcprov-jdk15on.jar/org/bouncycastle/pqc/jcajce/provider/falcon/FalconKeyPairGeneratorSpi.class
   JD: libs/bcprov-jdk15on.jar/org/bouncycastle/pqc/jcajce/provider/falcon/SignatureSpi$Base.class
   JD: libs/bcprov-jdk15on.jar/org/bouncycastle/pqc/jcajce/provider/falcon/SignatureSpi$Falcon1024.class
   JD: libs/bcprov-jdk15on.jar/org/bouncycastle/pqc/jcajce/provider/falcon/SignatureSpi$Falcon512.class
   JD: libs/bcprov-jdk15on.jar/org/bouncycastle/pqc/jcajce/provider/falcon/SignatureSpi.class
   JD: libs/bcprov-jdk15on.jar/org/bouncycastle/pqc/jcajce/provider/frodo/FrodoCipherSpi.class
   JD: libs/bcprov-jdk15on.jar/org/bouncycastle/pqc/jcajce/provider/frodo/FrodoKeyPairGeneratorSpi.class
   JD: libs/bcprov-jdk15on.jar/org/bouncycastle/pqc/jcajce/provider/gmss/BCGMSSPublicKey.class
   JD: libs/bcprov-jdk15on.jar/org/bouncycastle/pqc/jcajce/provider/hqc/
   JD: libs/bcprov-jdk15on.jar/org/bouncycastle/pqc/jcajce/provider/hqc/BCHQCPrivateKey.class
   JD: libs/bcprov-jdk15on.jar/org/bouncycastle/pqc/jcajce/provider/hqc/BCHQCPublicKey.class
   JD: libs/bcprov-jdk15on.jar/org/bouncycastle/pqc/jcajce/provider/hqc/HQCCipherSpi$Base.class
   JD: libs/bcprov-jdk15on.jar/org/bouncycastle/pqc/jcajce/provider/hqc/HQCCipherSpi.class
   JD: libs/bcprov-jdk15on.jar/org/bouncycastle/pqc/jcajce/provider/hqc/HQCKeyFactorySpi.class
   JD: libs/bcprov-jdk15on.jar/org/bouncycastle/pqc/jcajce/provider/hqc/HQCKeyGeneratorSpi.class
   JD: libs/bcprov-jdk15on.jar/org/bouncycastle/pqc/jcajce/provider/hqc/HQCKeyPairGeneratorSpi.class
   JD: libs/bcprov-jdk15on.jar/org/bouncycastle/pqc/jcajce/provider/kyber/
   JD: libs/bcprov-jdk15on.jar/org/bouncycastle/pqc/jcajce/provider/kyber/BCKyberPrivateKey.class
   JD: libs/bcprov-jdk15on.jar/org/bouncycastle/pqc/jcajce/provider/kyber/BCKyberPublicKey.class
   JD: libs/bcprov-jdk15on.jar/org/bouncycastle/pqc/jcajce/provider/kyber/KyberCipherSpi$Base.class
   JD: libs/bcprov-jdk15on.jar/org/bouncycastle/pqc/jcajce/provider/kyber/KyberCipherSpi$Kyber1024.class
   JD: libs/bcprov-jdk15on.jar/org/bouncycastle/pqc/jcajce/provider/kyber/KyberCipherSpi$Kyber1024_AES.class
   JD: libs/bcprov-jdk15on.jar/org/bouncycastle/pqc/jcajce/provider/kyber/KyberCipherSpi$Kyber512.class
   JD: libs/bcprov-jdk15on.jar/org/bouncycastle/pqc/jcajce/provider/kyber/KyberCipherSpi$Kyber512_AES.class
   JD: libs/bcprov-jdk15on.jar/org/bouncycastle/pqc/jcajce/provider/kyber/KyberCipherSpi$Kyber768.class
   JD: libs/bcprov-jdk15on.jar/org/bouncycastle/pqc/jcajce/provider/kyber/KyberCipherSpi$Kyber768_AES.class
   JD: libs/bcprov-jdk15on.jar/org/bouncycastle/pqc/jcajce/provider/kyber/KyberCipherSpi.class
   JD: libs/bcprov-jdk15on.jar/org/bouncycastle/pqc/jcajce/provider/kyber/KyberKeyFactorySpi$Kyber1024.class
   JD: libs/bcprov-jdk15on.jar/org/bouncycastle/pqc/jcajce/provider/kyber/KyberKeyFactorySpi$Kyber1024_AES.class
   JD: libs/bcprov-jdk15on.jar/org/bouncycastle/pqc/jcajce/provider/kyber/KyberKeyFactorySpi$Kyber512.class
   JD: libs/bcprov-jdk15on.jar/org/bouncycastle/pqc/jcajce/provider/kyber/KyberKeyFactorySpi$Kyber512_AES.class
   JD: libs/bcprov-jdk15on.jar/org/bouncycastle/pqc/jcajce/provider/kyber/KyberKeyFactorySpi$Kyber768.class
   JD: libs/bcprov-jdk15on.jar/org/bouncycastle/pqc/jcajce/provider/kyber/KyberKeyFactorySpi$Kyber768_AES.class
   JD: libs/bcprov-jdk15on.jar/org/bouncycastle/pqc/jcajce/provider/kyber/KyberKeyFactorySpi.class
   JD: libs/bcprov-jdk15on.jar/org/bouncycastle/pqc/jcajce/provider/kyber/KyberKeyGeneratorSpi$Kyber1024.class
   JD: libs/bcprov-jdk15on.jar/org/bouncycastle/pqc/jcajce/provider/kyber/KyberKeyGeneratorSpi$Kyber1024_AES.class
   JD: libs/bcprov-jdk15on.jar/org/bouncycastle/pqc/jcajce/provider/kyber/KyberKeyGeneratorSpi$Kyber512.class
   JD: libs/bcprov-jdk15on.jar/org/bouncycastle/pqc/jcajce/provider/kyber/KyberKeyGeneratorSpi$Kyber512_AES.class
   JD: libs/bcprov-jdk15on.jar/org/bouncycastle/pqc/jcajce/provider/kyber/KyberKeyGeneratorSpi$Kyber768.class
   JD: libs/bcprov-jdk15on.jar/org/bouncycastle/pqc/jcajce/provider/kyber/KyberKeyGeneratorSpi$Kyber768_AES.class
   JD: libs/bcprov-jdk15on.jar/org/bouncycastle/pqc/jcajce/provider/kyber/KyberKeyGeneratorSpi.class
   JD: libs/bcprov-jdk15on.jar/org/bouncycastle/pqc/jcajce/provider/kyber/KyberKeyPairGeneratorSpi$Kyber1024.class
   JD: libs/bcprov-jdk15on.jar/org/bouncycastle/pqc/jcajce/provider/kyber/KyberKeyPairGeneratorSpi$Kyber1024_AES.class
   JD: libs/bcprov-jdk15on.jar/org/bouncycastle/pqc/jcajce/provider/kyber/KyberKeyPairGeneratorSpi$Kyber512.class
   JD: libs/bcprov-jdk15on.jar/org/bouncycastle/pqc/jcajce/provider/kyber/KyberKeyPairGeneratorSpi$Kyber512_AES.class
   JD: libs/bcprov-jdk15on.jar/org/bouncycastle/pqc/jcajce/provider/kyber/KyberKeyPairGeneratorSpi$Kyber768.class
   JD: libs/bcprov-jdk15on.jar/org/bouncycastle/pqc/jcajce/provider/kyber/KyberKeyPairGeneratorSpi$Kyber768_AES.class
   JD: libs/bcprov-jdk15on.jar/org/bouncycastle/pqc/jcajce/provider/kyber/KyberKeyPairGeneratorSpi.class
   JD: libs/bcprov-jdk15on.jar/org/bouncycastle/pqc/jcajce/provider/mceliece/BCMcElieceCCA2PrivateKey.class
   JD: libs/bcprov-jdk15on.jar/org/bouncycastle/pqc/jcajce/provider/mceliece/BCMcElieceCCA2PublicKey.class
   JD: libs/bcprov-jdk15on.jar/org/bouncycastle/pqc/jcajce/provider/mceliece/BCMcEliecePrivateKey.class
   JD: libs/bcprov-jdk15on.jar/org/bouncycastle/pqc/jcajce/provider/mceliece/BCMcEliecePublicKey.class
   JD: libs/bcprov-jdk15on.jar/org/bouncycastle/pqc/jcajce/provider/mceliece/McElieceCCA2KeyFactorySpi.class
   JD: libs/bcprov-jdk15on.jar/org/bouncycastle/pqc/jcajce/provider/mceliece/McElieceCCA2KeyPairGeneratorSpi.class
   JD: libs/bcprov-jdk15on.jar/org/bouncycastle/pqc/jcajce/provider/mceliece/McElieceCCA2Primitives.class
   JD: libs/bcprov-jdk15on.jar/org/bouncycastle/pqc/jcajce/provider/mceliece/McElieceFujisakiCipherSpi$McElieceFujisaki.class
   JD: libs/bcprov-jdk15on.jar/org/bouncycastle/pqc/jcajce/provider/mceliece/McElieceFujisakiCipherSpi.class
   JD: libs/bcprov-jdk15on.jar/org/bouncycastle/pqc/jcajce/provider/mceliece/McElieceKeyFactorySpi.class
   JD: libs/bcprov-jdk15on.jar/org/bouncycastle/pqc/jcajce/provider/mceliece/McElieceKeyPairGeneratorSpi.class
   JD: libs/bcprov-jdk15on.jar/org/bouncycastle/pqc/jcajce/provider/mceliece/McElieceKeysToParams.class
   JD: libs/bcprov-jdk15on.jar/org/bouncycastle/pqc/jcajce/provider/mceliece/McElieceKobaraImaiCipherSpi$McElieceKobaraImai.class
   JD: libs/bcprov-jdk15on.jar/org/bouncycastle/pqc/jcajce/provider/mceliece/McElieceKobaraImaiCipherSpi$McElieceKobaraImai224.class
   JD: libs/bcprov-jdk15on.jar/org/bouncycastle/pqc/jcajce/provider/mceliece/McElieceKobaraImaiCipherSpi$McElieceKobaraImai256.class
   JD: libs/bcprov-jdk15on.jar/org/bouncycastle/pqc/jcajce/provider/mceliece/McElieceKobaraImaiCipherSpi$McElieceKobaraImai384.class
   JD: libs/bcprov-jdk15on.jar/org/bouncycastle/pqc/jcajce/provider/mceliece/McElieceKobaraImaiCipherSpi$McElieceKobaraImai512.class
   JD: libs/bcprov-jdk15on.jar/org/bouncycastle/pqc/jcajce/provider/mceliece/McElieceKobaraImaiCipherSpi.class
   JD: libs/bcprov-jdk15on.jar/org/bouncycastle/pqc/jcajce/provider/mceliece/McEliecePKCSCipherSpi$McEliecePKCS.class
   JD: libs/bcprov-jdk15on.jar/org/bouncycastle/pqc/jcajce/provider/mceliece/McEliecePKCSCipherSpi.class
   JD: libs/bcprov-jdk15on.jar/org/bouncycastle/pqc/jcajce/provider/mceliece/McEliecePointchevalCipherSpi$McEliecePointcheval.class
   JD: libs/bcprov-jdk15on.jar/org/bouncycastle/pqc/jcajce/provider/mceliece/McEliecePointchevalCipherSpi$McEliecePointcheval224.class
   JD: libs/bcprov-jdk15on.jar/org/bouncycastle/pqc/jcajce/provider/mceliece/McEliecePointchevalCipherSpi$McEliecePointcheval256.class
   JD: libs/bcprov-jdk15on.jar/org/bouncycastle/pqc/jcajce/provider/mceliece/McEliecePointchevalCipherSpi$McEliecePointcheval384.class
   JD: libs/bcprov-jdk15on.jar/org/bouncycastle/pqc/jcajce/provider/mceliece/McEliecePointchevalCipherSpi$McEliecePointcheval512.class
   JD: libs/bcprov-jdk15on.jar/org/bouncycastle/pqc/jcajce/provider/mceliece/McEliecePointchevalCipherSpi.class
   JD: libs/bcprov-jdk15on.jar/org/bouncycastle/pqc/jcajce/provider/ntru/
   JD: libs/bcprov-jdk15on.jar/org/bouncycastle/pqc/jcajce/provider/ntru/BCNTRUPrivateKey.class
   JD: libs/bcprov-jdk15on.jar/org/bouncycastle/pqc/jcajce/provider/ntru/BCNTRUPublicKey.class
   JD: libs/bcprov-jdk15on.jar/org/bouncycastle/pqc/jcajce/provider/ntru/NTRUCipherSpi$Base.class
   JD: libs/bcprov-jdk15on.jar/org/bouncycastle/pqc/jcajce/provider/ntru/NTRUCipherSpi.class
   JD: libs/bcprov-jdk15on.jar/org/bouncycastle/pqc/jcajce/provider/ntru/NTRUKeyFactorySpi.class
   JD: libs/bcprov-jdk15on.jar/org/bouncycastle/pqc/jcajce/provider/ntru/NTRUKeyGeneratorSpi.class
   JD: libs/bcprov-jdk15on.jar/org/bouncycastle/pqc/jcajce/provider/ntru/NTRUKeyPairGeneratorSpi.class
   JD: libs/bcprov-jdk15on.jar/org/bouncycastle/pqc/jcajce/provider/ntruprime/
   JD: libs/bcprov-jdk15on.jar/org/bouncycastle/pqc/jcajce/provider/ntruprime/BCNTRULPRimePrivateKey.class
   JD: libs/bcprov-jdk15on.jar/org/bouncycastle/pqc/jcajce/provider/ntruprime/BCNTRULPRimePublicKey.class
   JD: libs/bcprov-jdk15on.jar/org/bouncycastle/pqc/jcajce/provider/ntruprime/BCSNTRUPrimePrivateKey.class
   JD: libs/bcprov-jdk15on.jar/org/bouncycastle/pqc/jcajce/provider/ntruprime/BCSNTRUPrimePublicKey.class
   JD: libs/bcprov-jdk15on.jar/org/bouncycastle/pqc/jcajce/provider/ntruprime/NTRULPRimeCipherSpi$Base.class
   JD: libs/bcprov-jdk15on.jar/org/bouncycastle/pqc/jcajce/provider/ntruprime/NTRULPRimeCipherSpi.class
   JD: libs/bcprov-jdk15on.jar/org/bouncycastle/pqc/jcajce/provider/ntruprime/NTRULPRimeKeyFactorySpi.class
   JD: libs/bcprov-jdk15on.jar/org/bouncycastle/pqc/jcajce/provider/ntruprime/NTRULPRimeKeyGeneratorSpi.class
   JD: libs/bcprov-jdk15on.jar/org/bouncycastle/pqc/jcajce/provider/ntruprime/NTRULPRimeKeyPairGeneratorSpi.class
   JD: libs/bcprov-jdk15on.jar/org/bouncycastle/pqc/jcajce/provider/ntruprime/SNTRUPrimeCipherSpi$Base.class
   JD: libs/bcprov-jdk15on.jar/org/bouncycastle/pqc/jcajce/provider/ntruprime/SNTRUPrimeCipherSpi.class
   JD: libs/bcprov-jdk15on.jar/org/bouncycastle/pqc/jcajce/provider/ntruprime/SNTRUPrimeKeyFactorySpi.class
   JD: libs/bcprov-jdk15on.jar/org/bouncycastle/pqc/jcajce/provider/ntruprime/SNTRUPrimeKeyGeneratorSpi.class
   JD: libs/bcprov-jdk15on.jar/org/bouncycastle/pqc/jcajce/provider/ntruprime/SNTRUPrimeKeyPairGeneratorSpi.class
   JD: libs/bcprov-jdk15on.jar/org/bouncycastle/pqc/jcajce/provider/picnic/
   JD: libs/bcprov-jdk15on.jar/org/bouncycastle/pqc/jcajce/provider/picnic/BCPicnicPrivateKey.class
   JD: libs/bcprov-jdk15on.jar/org/bouncycastle/pqc/jcajce/provider/picnic/BCPicnicPublicKey.class
   JD: libs/bcprov-jdk15on.jar/org/bouncycastle/pqc/jcajce/provider/picnic/PicnicKeyFactorySpi.class
   JD: libs/bcprov-jdk15on.jar/org/bouncycastle/pqc/jcajce/provider/picnic/PicnicKeyPairGeneratorSpi.class
   JD: libs/bcprov-jdk15on.jar/org/bouncycastle/pqc/jcajce/provider/picnic/SignatureSpi$Base.class
   JD: libs/bcprov-jdk15on.jar/org/bouncycastle/pqc/jcajce/provider/picnic/SignatureSpi$withSha3512.class
   JD: libs/bcprov-jdk15on.jar/org/bouncycastle/pqc/jcajce/provider/picnic/SignatureSpi$withSha512.class
   JD: libs/bcprov-jdk15on.jar/org/bouncycastle/pqc/jcajce/provider/picnic/SignatureSpi$withShake256.class
   JD: libs/bcprov-jdk15on.jar/org/bouncycastle/pqc/jcajce/provider/picnic/SignatureSpi.class
   JD: libs/bcprov-jdk15on.jar/org/bouncycastle/pqc/jcajce/provider/qtesla.removed
   JD: libs/bcprov-jdk15on.jar/org/bouncycastle/pqc/jcajce/provider/qtesla/BCqTESLAPrivateKey.class.removed
   JD: libs/bcprov-jdk15on.jar/org/bouncycastle/pqc/jcajce/provider/qtesla/BCqTESLAPublicKey.class.removed
   JD: libs/bcprov-jdk15on.jar/org/bouncycastle/pqc/jcajce/provider/qtesla/DigestUtil.class.removed
   JD: libs/bcprov-jdk15on.jar/org/bouncycastle/pqc/jcajce/provider/qtesla/KeyPairGeneratorSpi.class.removed
   JD: libs/bcprov-jdk15on.jar/org/bouncycastle/pqc/jcajce/provider/qtesla/QTESLAKeyFactorySpi.class.removed
   JD: libs/bcprov-jdk15on.jar/org/bouncycastle/pqc/jcajce/provider/qtesla/SignatureSpi$PI.class.removed
   JD: libs/bcprov-jdk15on.jar/org/bouncycastle/pqc/jcajce/provider/qtesla/SignatureSpi$PIII.class.removed
   JD: libs/bcprov-jdk15on.jar/org/bouncycastle/pqc/jcajce/provider/qtesla/SignatureSpi$qTESLA.class.removed
   JD: libs/bcprov-jdk15on.jar/org/bouncycastle/pqc/jcajce/provider/qtesla/SignatureSpi.class.removed
   JD: libs/bcprov-jdk15on.jar/org/bouncycastle/pqc/jcajce/provider/rainbow/BCRainbowPrivateKey.class
   JD: libs/bcprov-jdk15on.jar/org/bouncycastle/pqc/jcajce/provider/rainbow/BCRainbowPublicKey.class
   JD: libs/bcprov-jdk15on.jar/org/bouncycastle/pqc/jcajce/provider/rainbow/RainbowKeyFactorySpi.class
   JD: libs/bcprov-jdk15on.jar/org/bouncycastle/pqc/jcajce/provider/rainbow/RainbowKeyPairGeneratorSpi$RainbowIIIcircum.class
   JD: libs/bcprov-jdk15on.jar/org/bouncycastle/pqc/jcajce/provider/rainbow/RainbowKeyPairGeneratorSpi$RainbowIIIclassic.class
   JD: libs/bcprov-jdk15on.jar/org/bouncycastle/pqc/jcajce/provider/rainbow/RainbowKeyPairGeneratorSpi$RainbowIIIcomp.class
   JD: libs/bcprov-jdk15on.jar/org/bouncycastle/pqc/jcajce/provider/rainbow/RainbowKeyPairGeneratorSpi$RainbowVcircum.class
   JD: libs/bcprov-jdk15on.jar/org/bouncycastle/pqc/jcajce/provider/rainbow/RainbowKeyPairGeneratorSpi$RainbowVclassic.class
   JD: libs/bcprov-jdk15on.jar/org/bouncycastle/pqc/jcajce/provider/rainbow/RainbowKeyPairGeneratorSpi$RainbowVcomp.class
   JD: libs/bcprov-jdk15on.jar/org/bouncycastle/pqc/jcajce/provider/rainbow/RainbowKeyPairGeneratorSpi.class
   JD: libs/bcprov-jdk15on.jar/org/bouncycastle/pqc/jcajce/provider/rainbow/RainbowKeysToParams.class.removed
   JD: libs/bcprov-jdk15on.jar/org/bouncycastle/pqc/jcajce/provider/rainbow/SignatureSpi$Base.class
   JD: libs/bcprov-jdk15on.jar/org/bouncycastle/pqc/jcajce/provider/rainbow/SignatureSpi$RainbowIIIcircum.class
   JD: libs/bcprov-jdk15on.jar/org/bouncycastle/pqc/jcajce/provider/rainbow/SignatureSpi$RainbowIIIclassic.class
   JD: libs/bcprov-jdk15on.jar/org/bouncycastle/pqc/jcajce/provider/rainbow/SignatureSpi$RainbowIIIcomp.class
   JD: libs/bcprov-jdk15on.jar/org/bouncycastle/pqc/jcajce/provider/rainbow/SignatureSpi$RainbowVcircum.class
   JD: libs/bcprov-jdk15on.jar/org/bouncycastle/pqc/jcajce/provider/rainbow/SignatureSpi$RainbowVclassic.class
   JD: libs/bcprov-jdk15on.jar/org/bouncycastle/pqc/jcajce/provider/rainbow/SignatureSpi$RainbowVcomp.class
   JD: libs/bcprov-jdk15on.jar/org/bouncycastle/pqc/jcajce/provider/rainbow/SignatureSpi$withSha224.class.removed
   JD: libs/bcprov-jdk15on.jar/org/bouncycastle/pqc/jcajce/provider/rainbow/SignatureSpi$withSha256.class.removed
   JD: libs/bcprov-jdk15on.jar/org/bouncycastle/pqc/jcajce/provider/rainbow/SignatureSpi$withSha384.class.removed
   JD: libs/bcprov-jdk15on.jar/org/bouncycastle/pqc/jcajce/provider/rainbow/SignatureSpi$withSha512.class.removed
   JD: libs/bcprov-jdk15on.jar/org/bouncycastle/pqc/jcajce/provider/rainbow/SignatureSpi.class
   JD: libs/bcprov-jdk15on.jar/org/bouncycastle/pqc/jcajce/provider/saber/SABERCipherSpi.class
   JD: libs/bcprov-jdk15on.jar/org/bouncycastle/pqc/jcajce/provider/saber/SABERKeyPairGeneratorSpi.class
   JD: libs/bcprov-jdk15on.jar/org/bouncycastle/pqc/jcajce/provider/sphincsplus/BCSPHINCSPlusPrivateKey.class
   JD: libs/bcprov-jdk15on.jar/org/bouncycastle/pqc/jcajce/provider/sphincsplus/BCSPHINCSPlusPublicKey.class
   JD: libs/bcprov-jdk15on.jar/org/bouncycastle/pqc/jcajce/provider/sphincsplus/SPHINCSPlusKeyPairGeneratorSpi.class
   JD: libs/bcprov-jdk15on.jar/org/bouncycastle/pqc/jcajce/provider/sphincsplus/SignatureSpi.class
   JD: libs/bcprov-jdk15on.jar/org/bouncycastle/pqc/jcajce/provider/util/BaseKeyFactorySpi.class
   JD: libs/bcprov-jdk15on.jar/org/bouncycastle/pqc/jcajce/provider/util/KeyUtil.class
   JD: libs/bcprov-jdk15on.jar/org/bouncycastle/pqc/jcajce/provider/util/WrapUtil.class
   JD: libs/bcprov-jdk15on.jar/org/bouncycastle/pqc/jcajce/spec/BIKEParameterSpec.class
   JD: libs/bcprov-jdk15on.jar/org/bouncycastle/pqc/jcajce/spec/CMCEParameterSpec.class
   JD: libs/bcprov-jdk15on.jar/org/bouncycastle/pqc/jcajce/spec/DilithiumParameterSpec.class
   JD: libs/bcprov-jdk15on.jar/org/bouncycastle/pqc/jcajce/spec/FalconParameterSpec.class
   JD: libs/bcprov-jdk15on.jar/org/bouncycastle/pqc/jcajce/spec/FrodoParameterSpec.class
   JD: libs/bcprov-jdk15on.jar/org/bouncycastle/pqc/jcajce/spec/HQCParameterSpec.class
   JD: libs/bcprov-jdk15on.jar/org/bouncycastle/pqc/jcajce/spec/KyberParameterSpec.class
   JD: libs/bcprov-jdk15on.jar/org/bouncycastle/pqc/jcajce/spec/LMSKeyGenParameterSpec.class
   JD: libs/bcprov-jdk15on.jar/org/bouncycastle/pqc/jcajce/spec/McElieceCCA2KeyGenParameterSpec.class
   JD: libs/bcprov-jdk15on.jar/org/bouncycastle/pqc/jcajce/spec/McElieceKeyGenParameterSpec.class
   JD: libs/bcprov-jdk15on.jar/org/bouncycastle/pqc/jcajce/spec/NTRULPRimeParameterSpec.class
   JD: libs/bcprov-jdk15on.jar/org/bouncycastle/pqc/jcajce/spec/NTRUParameterSpec.class
   JD: libs/bcprov-jdk15on.jar/org/bouncycastle/pqc/jcajce/spec/PicnicParameterSpec.class
   JD: libs/bcprov-jdk15on.jar/org/bouncycastle/pqc/jcajce/spec/QTESLAParameterSpec.class
   JD: libs/bcprov-jdk15on.jar/org/bouncycastle/pqc/jcajce/spec/RainbowParameterSpec.class
   JD: libs/bcprov-jdk15on.jar/org/bouncycastle/pqc/jcajce/spec/RainbowPrivateKeySpec.class.removed
   JD: libs/bcprov-jdk15on.jar/org/bouncycastle/pqc/jcajce/spec/RainbowPublicKeySpec.class.removed
   JD: libs/bcprov-jdk15on.jar/org/bouncycastle/pqc/jcajce/spec/SNTRUPrimeParameterSpec.class
   JD: libs/bcprov-jdk15on.jar/org/bouncycastle/pqc/jcajce/spec/SPHINCSPlusParameterSpec.class
   JD: libs/bcprov-jdk15on.jar/org/bouncycastle/pqc/legacy/
   JD: libs/bcprov-jdk15on.jar/org/bouncycastle/pqc/legacy/crypto/
   JD: libs/bcprov-jdk15on.jar/org/bouncycastle/pqc/legacy/crypto/gmss/
   JD: libs/bcprov-jdk15on.jar/org/bouncycastle/pqc/legacy/crypto/gmss/GMSSDigestProvider.class
   JD: libs/bcprov-jdk15on.jar/org/bouncycastle/pqc/legacy/crypto/gmss/GMSSKeyGenerationParameters.class
   JD: libs/bcprov-jdk15on.jar/org/bouncycastle/pqc/legacy/crypto/gmss/GMSSKeyPairGenerator.class
   JD: libs/bcprov-jdk15on.jar/org/bouncycastle/pqc/legacy/crypto/gmss/GMSSKeyParameters.class
   JD: libs/bcprov-jdk15on.jar/org/bouncycastle/pqc/legacy/crypto/gmss/GMSSLeaf.class
   JD: libs/bcprov-jdk15on.jar/org/bouncycastle/pqc/legacy/crypto/gmss/GMSSParameters.class
   JD: libs/bcprov-jdk15on.jar/org/bouncycastle/pqc/legacy/crypto/gmss/GMSSPrivateKeyParameters.class
   JD: libs/bcprov-jdk15on.jar/org/bouncycastle/pqc/legacy/crypto/gmss/GMSSPublicKeyParameters.class
   JD: libs/bcprov-jdk15on.jar/org/bouncycastle/pqc/legacy/crypto/gmss/GMSSRootCalc.class
   JD: libs/bcprov-jdk15on.jar/org/bouncycastle/pqc/legacy/crypto/gmss/GMSSRootSig.class
   JD: libs/bcprov-jdk15on.jar/org/bouncycastle/pqc/legacy/crypto/gmss/GMSSSigner.class
   JD: libs/bcprov-jdk15on.jar/org/bouncycastle/pqc/legacy/crypto/gmss/GMSSStateAwareSigner$1.class
   JD: libs/bcprov-jdk15on.jar/org/bouncycastle/pqc/legacy/crypto/gmss/GMSSStateAwareSigner.class
   JD: libs/bcprov-jdk15on.jar/org/bouncycastle/pqc/legacy/crypto/gmss/GMSSUtils.class
   JD: libs/bcprov-jdk15on.jar/org/bouncycastle/pqc/legacy/crypto/gmss/Treehash.class
   JD: libs/bcprov-jdk15on.jar/org/bouncycastle/pqc/legacy/crypto/gmss/util/
   JD: libs/bcprov-jdk15on.jar/org/bouncycastle/pqc/legacy/crypto/gmss/util/GMSSRandom.class
   JD: libs/bcprov-jdk15on.jar/org/bouncycastle/pqc/legacy/crypto/gmss/util/GMSSUtil.class
   JD: libs/bcprov-jdk15on.jar/org/bouncycastle/pqc/legacy/crypto/gmss/util/WinternitzOTSVerify.class
   JD: libs/bcprov-jdk15on.jar/org/bouncycastle/pqc/legacy/crypto/gmss/util/WinternitzOTSignature.class
   JD: libs/bcprov-jdk15on.jar/org/bouncycastle/pqc/legacy/crypto/mceliece/
   JD: libs/bcprov-jdk15on.jar/org/bouncycastle/pqc/legacy/crypto/mceliece/Conversions.class
   JD: libs/bcprov-jdk15on.jar/org/bouncycastle/pqc/legacy/crypto/mceliece/McElieceCCA2KeyGenerationParameters.class
   JD: libs/bcprov-jdk15on.jar/org/bouncycastle/pqc/legacy/crypto/mceliece/McElieceCCA2KeyPairGenerator.class
   JD: libs/bcprov-jdk15on.jar/org/bouncycastle/pqc/legacy/crypto/mceliece/McElieceCCA2KeyParameters.class
   JD: libs/bcprov-jdk15on.jar/org/bouncycastle/pqc/legacy/crypto/mceliece/McElieceCCA2Parameters.class
   JD: libs/bcprov-jdk15on.jar/org/bouncycastle/pqc/legacy/crypto/mceliece/McElieceCCA2Primitives.class
   JD: libs/bcprov-jdk15on.jar/org/bouncycastle/pqc/legacy/crypto/mceliece/McElieceCCA2PrivateKeyParameters.class
   JD: libs/bcprov-jdk15on.jar/org/bouncycastle/pqc/legacy/crypto/mceliece/McElieceCCA2PublicKeyParameters.class
   JD: libs/bcprov-jdk15on.jar/org/bouncycastle/pqc/legacy/crypto/mceliece/McElieceCipher.class
   JD: libs/bcprov-jdk15on.jar/org/bouncycastle/pqc/legacy/crypto/mceliece/McElieceFujisakiCipher.class
   JD: libs/bcprov-jdk15on.jar/org/bouncycastle/pqc/legacy/crypto/mceliece/McElieceKeyGenerationParameters.class
   JD: libs/bcprov-jdk15on.jar/org/bouncycastle/pqc/legacy/crypto/mceliece/McElieceKeyPairGenerator.class
   JD: libs/bcprov-jdk15on.jar/org/bouncycastle/pqc/legacy/crypto/mceliece/McElieceKeyParameters.class
   JD: libs/bcprov-jdk15on.jar/org/bouncycastle/pqc/legacy/crypto/mceliece/McElieceKobaraImaiCipher.class
   JD: libs/bcprov-jdk15on.jar/org/bouncycastle/pqc/legacy/crypto/mceliece/McElieceParameters.class
   JD: libs/bcprov-jdk15on.jar/org/bouncycastle/pqc/legacy/crypto/mceliece/McEliecePointchevalCipher.class
   JD: libs/bcprov-jdk15on.jar/org/bouncycastle/pqc/legacy/crypto/mceliece/McEliecePrivateKeyParameters.class
   JD: libs/bcprov-jdk15on.jar/org/bouncycastle/pqc/legacy/crypto/mceliece/McEliecePublicKeyParameters.class
   JD: libs/bcprov-jdk15on.jar/org/bouncycastle/pqc/legacy/crypto/mceliece/Utils.class
   JD: libs/bcprov-jdk15on.jar/org/bouncycastle/pqc/legacy/crypto/qtesla/
   JD: libs/bcprov-jdk15on.jar/org/bouncycastle/pqc/legacy/crypto/qtesla/HashUtils.class
   JD: libs/bcprov-jdk15on.jar/org/bouncycastle/pqc/legacy/crypto/qtesla/IntSlicer.class
   JD: libs/bcprov-jdk15on.jar/org/bouncycastle/pqc/legacy/crypto/qtesla/QTESLAKeyGenerationParameters.class
   JD: libs/bcprov-jdk15on.jar/org/bouncycastle/pqc/legacy/crypto/qtesla/QTESLAKeyPairGenerator.class
   JD: libs/bcprov-jdk15on.jar/org/bouncycastle/pqc/legacy/crypto/qtesla/QTESLAPrivateKeyParameters.class
   JD: libs/bcprov-jdk15on.jar/org/bouncycastle/pqc/legacy/crypto/qtesla/QTESLAPublicKeyParameters.class
   JD: libs/bcprov-jdk15on.jar/org/bouncycastle/pqc/legacy/crypto/qtesla/QTESLASecurityCategory.class
   JD: libs/bcprov-jdk15on.jar/org/bouncycastle/pqc/legacy/crypto/qtesla/QTESLASigner.class
   JD: libs/bcprov-jdk15on.jar/org/bouncycastle/pqc/legacy/crypto/qtesla/QTesla1p$Gaussian.class
   JD: libs/bcprov-jdk15on.jar/org/bouncycastle/pqc/legacy/crypto/qtesla/QTesla1p$QTesla1PPolynomial.class
   JD: libs/bcprov-jdk15on.jar/org/bouncycastle/pqc/legacy/crypto/qtesla/QTesla1p.class
   JD: libs/bcprov-jdk15on.jar/org/bouncycastle/pqc/legacy/crypto/qtesla/QTesla3p$Gaussian.class
   JD: libs/bcprov-jdk15on.jar/org/bouncycastle/pqc/legacy/crypto/qtesla/QTesla3p$QTesla3PPolynomial.class
   JD: libs/bcprov-jdk15on.jar/org/bouncycastle/pqc/legacy/crypto/qtesla/QTesla3p.class
   JD: libs/bcprov-jdk15on.jar/org/bouncycastle/pqc/legacy/crypto/rainbow/
   JD: libs/bcprov-jdk15on.jar/org/bouncycastle/pqc/legacy/crypto/rainbow/Layer.class
   JD: libs/bcprov-jdk15on.jar/org/bouncycastle/pqc/legacy/crypto/rainbow/RainbowKeyGenerationParameters.class
   JD: libs/bcprov-jdk15on.jar/org/bouncycastle/pqc/legacy/crypto/rainbow/RainbowKeyPairGenerator.class
   JD: libs/bcprov-jdk15on.jar/org/bouncycastle/pqc/legacy/crypto/rainbow/RainbowKeyParameters.class
   JD: libs/bcprov-jdk15on.jar/org/bouncycastle/pqc/legacy/crypto/rainbow/RainbowParameters.class
   JD: libs/bcprov-jdk15on.jar/org/bouncycastle/pqc/legacy/crypto/rainbow/RainbowPrivateKeyParameters.class
   JD: libs/bcprov-jdk15on.jar/org/bouncycastle/pqc/legacy/crypto/rainbow/RainbowPublicKeyParameters.class
   JD: libs/bcprov-jdk15on.jar/org/bouncycastle/pqc/legacy/crypto/rainbow/RainbowSigner.class
   JD: libs/bcprov-jdk15on.jar/org/bouncycastle/pqc/legacy/crypto/rainbow/util/
   JD: libs/bcprov-jdk15on.jar/org/bouncycastle/pqc/legacy/crypto/rainbow/util/ComputeInField.class
   JD: libs/bcprov-jdk15on.jar/org/bouncycastle/pqc/legacy/crypto/rainbow/util/GF2Field.class
   JD: libs/bcprov-jdk15on.jar/org/bouncycastle/pqc/legacy/crypto/rainbow/util/RainbowUtil.class
   JD: libs/bcprov-jdk15on.jar/org/bouncycastle/pqc/legacy/math/
   JD: libs/bcprov-jdk15on.jar/org/bouncycastle/pqc/legacy/math/linearalgebra/
   JD: libs/bcprov-jdk15on.jar/org/bouncycastle/pqc/legacy/math/linearalgebra/BigEndianConversions.class
   JD: libs/bcprov-jdk15on.jar/org/bouncycastle/pqc/legacy/math/linearalgebra/BigIntUtils.class
   JD: libs/bcprov-jdk15on.jar/org/bouncycastle/pqc/legacy/math/linearalgebra/ByteUtils.class
   JD: libs/bcprov-jdk15on.jar/org/bouncycastle/pqc/legacy/math/linearalgebra/CharUtils.class
   JD: libs/bcprov-jdk15on.jar/org/bouncycastle/pqc/legacy/math/linearalgebra/GF2Matrix.class
   JD: libs/bcprov-jdk15on.jar/org/bouncycastle/pqc/legacy/math/linearalgebra/GF2Polynomial.class
   JD: libs/bcprov-jdk15on.jar/org/bouncycastle/pqc/legacy/math/linearalgebra/GF2Vector.class
   JD: libs/bcprov-jdk15on.jar/org/bouncycastle/pqc/legacy/math/linearalgebra/GF2mField.class
   JD: libs/bcprov-jdk15on.jar/org/bouncycastle/pqc/legacy/math/linearalgebra/GF2mMatrix.class
   JD: libs/bcprov-jdk15on.jar/org/bouncycastle/pqc/legacy/math/linearalgebra/GF2mVector.class
   JD: libs/bcprov-jdk15on.jar/org/bouncycastle/pqc/legacy/math/linearalgebra/GF2nElement.class
   JD: libs/bcprov-jdk15on.jar/org/bouncycastle/pqc/legacy/math/linearalgebra/GF2nField.class
   JD: libs/bcprov-jdk15on.jar/org/bouncycastle/pqc/legacy/math/linearalgebra/GF2nONBElement.class
   JD: libs/bcprov-jdk15on.jar/org/bouncycastle/pqc/legacy/math/linearalgebra/GF2nONBField.class
   JD: libs/bcprov-jdk15on.jar/org/bouncycastle/pqc/legacy/math/linearalgebra/GF2nPolynomial.class
   JD: libs/bcprov-jdk15on.jar/org/bouncycastle/pqc/legacy/math/linearalgebra/GF2nPolynomialElement.class
   JD: libs/bcprov-jdk15on.jar/org/bouncycastle/pqc/legacy/math/linearalgebra/GF2nPolynomialField.class
   JD: libs/bcprov-jdk15on.jar/org/bouncycastle/pqc/legacy/math/linearalgebra/GFElement.class
   JD: libs/bcprov-jdk15on.jar/org/bouncycastle/pqc/legacy/math/linearalgebra/GoppaCode$MaMaPe.class
   JD: libs/bcprov-jdk15on.jar/org/bouncycastle/pqc/legacy/math/linearalgebra/GoppaCode$MatrixSet.class
   JD: libs/bcprov-jdk15on.jar/org/bouncycastle/pqc/legacy/math/linearalgebra/GoppaCode.class
   JD: libs/bcprov-jdk15on.jar/org/bouncycastle/pqc/legacy/math/linearalgebra/IntUtils.class
   JD: libs/bcprov-jdk15on.jar/org/bouncycastle/pqc/legacy/math/linearalgebra/IntegerFunctions.class
   JD: libs/bcprov-jdk15on.jar/org/bouncycastle/pqc/legacy/math/linearalgebra/LittleEndianConversions.class
   JD: libs/bcprov-jdk15on.jar/org/bouncycastle/pqc/legacy/math/linearalgebra/Matrix.class
   JD: libs/bcprov-jdk15on.jar/org/bouncycastle/pqc/legacy/math/linearalgebra/Permutation.class
   JD: libs/bcprov-jdk15on.jar/org/bouncycastle/pqc/legacy/math/linearalgebra/PolynomialGF2mSmallM.class
   JD: libs/bcprov-jdk15on.jar/org/bouncycastle/pqc/legacy/math/linearalgebra/PolynomialRingGF2.class
   JD: libs/bcprov-jdk15on.jar/org/bouncycastle/pqc/legacy/math/linearalgebra/PolynomialRingGF2m.class
   JD: libs/bcprov-jdk15on.jar/org/bouncycastle/pqc/legacy/math/linearalgebra/RandUtils.class
   JD: libs/bcprov-jdk15on.jar/org/bouncycastle/pqc/legacy/math/linearalgebra/Vector.class
   JD: libs/bcprov-jdk15on.jar/org/bouncycastle/pqc/math/linearalgebra.removed
   JD: libs/bcprov-jdk15on.jar/org/bouncycastle/pqc/math/linearalgebra/BigEndianConversions.class.removed
   JD: libs/bcprov-jdk15on.jar/org/bouncycastle/pqc/math/linearalgebra/BigIntUtils.class.removed
   JD: libs/bcprov-jdk15on.jar/org/bouncycastle/pqc/math/linearalgebra/ByteUtils.class.removed
   JD: libs/bcprov-jdk15on.jar/org/bouncycastle/pqc/math/linearalgebra/CharUtils.class.removed
   JD: libs/bcprov-jdk15on.jar/org/bouncycastle/pqc/math/linearalgebra/GF2Matrix.class.removed
   JD: libs/bcprov-jdk15on.jar/org/bouncycastle/pqc/math/linearalgebra/GF2Polynomial.class.removed
   JD: libs/bcprov-jdk15on.jar/org/bouncycastle/pqc/math/linearalgebra/GF2Vector.class.removed
   JD: libs/bcprov-jdk15on.jar/org/bouncycastle/pqc/math/linearalgebra/GF2mField.class.removed
   JD: libs/bcprov-jdk15on.jar/org/bouncycastle/pqc/math/linearalgebra/GF2mMatrix.class.removed
   JD: libs/bcprov-jdk15on.jar/org/bouncycastle/pqc/math/linearalgebra/GF2mVector.class.removed
   JD: libs/bcprov-jdk15on.jar/org/bouncycastle/pqc/math/linearalgebra/GF2nElement.class.removed
   JD: libs/bcprov-jdk15on.jar/org/bouncycastle/pqc/math/linearalgebra/GF2nField.class.removed
   JD: libs/bcprov-jdk15on.jar/org/bouncycastle/pqc/math/linearalgebra/GF2nONBElement.class.removed
   JD: libs/bcprov-jdk15on.jar/org/bouncycastle/pqc/math/linearalgebra/GF2nONBField.class.removed
   JD: libs/bcprov-jdk15on.jar/org/bouncycastle/pqc/math/linearalgebra/GF2nPolynomial.class.removed
   JD: libs/bcprov-jdk15on.jar/org/bouncycastle/pqc/math/linearalgebra/GF2nPolynomialElement.class.removed
   JD: libs/bcprov-jdk15on.jar/org/bouncycastle/pqc/math/linearalgebra/GF2nPolynomialField.class.removed
   JD: libs/bcprov-jdk15on.jar/org/bouncycastle/pqc/math/linearalgebra/GFElement.class.removed
   JD: libs/bcprov-jdk15on.jar/org/bouncycastle/pqc/math/linearalgebra/GoppaCode$MaMaPe.class.removed
   JD: libs/bcprov-jdk15on.jar/org/bouncycastle/pqc/math/linearalgebra/GoppaCode$MatrixSet.class.removed
   JD: libs/bcprov-jdk15on.jar/org/bouncycastle/pqc/math/linearalgebra/GoppaCode.class.removed
   JD: libs/bcprov-jdk15on.jar/org/bouncycastle/pqc/math/linearalgebra/IntUtils.class.removed
   JD: libs/bcprov-jdk15on.jar/org/bouncycastle/pqc/math/linearalgebra/IntegerFunctions.class.removed
   JD: libs/bcprov-jdk15on.jar/org/bouncycastle/pqc/math/linearalgebra/LittleEndianConversions.class.removed
   JD: libs/bcprov-jdk15on.jar/org/bouncycastle/pqc/math/linearalgebra/Matrix.class.removed
   JD: libs/bcprov-jdk15on.jar/org/bouncycastle/pqc/math/linearalgebra/Permutation.class.removed
   JD: libs/bcprov-jdk15on.jar/org/bouncycastle/pqc/math/linearalgebra/PolynomialGF2mSmallM.class.removed
   JD: libs/bcprov-jdk15on.jar/org/bouncycastle/pqc/math/linearalgebra/PolynomialRingGF2.class.removed
   JD: libs/bcprov-jdk15on.jar/org/bouncycastle/pqc/math/linearalgebra/PolynomialRingGF2m.class.removed
   JD: libs/bcprov-jdk15on.jar/org/bouncycastle/pqc/math/linearalgebra/RandUtils.class.removed
   JD: libs/bcprov-jdk15on.jar/org/bouncycastle/pqc/math/linearalgebra/Vector.class.removed
   JD: libs/bcprov-jdk15on.jar/org/bouncycastle/pqc/math/ntru/
   JD: libs/bcprov-jdk15on.jar/org/bouncycastle/pqc/math/ntru/HPS4096Polynomial.class
   JD: libs/bcprov-jdk15on.jar/org/bouncycastle/pqc/math/ntru/HPSPolynomial.class
   JD: libs/bcprov-jdk15on.jar/org/bouncycastle/pqc/math/ntru/HRSSPolynomial.class
   JD: libs/bcprov-jdk15on.jar/org/bouncycastle/pqc/math/ntru/Polynomial.class
   JD: libs/bcprov-jdk15on.jar/org/bouncycastle/pqc/math/ntru/parameters/
   JD: libs/bcprov-jdk15on.jar/org/bouncycastle/pqc/math/ntru/parameters/NTRUHPS2048509.class
   JD: libs/bcprov-jdk15on.jar/org/bouncycastle/pqc/math/ntru/parameters/NTRUHPS2048677.class
   JD: libs/bcprov-jdk15on.jar/org/bouncycastle/pqc/math/ntru/parameters/NTRUHPS4096821.class
   JD: libs/bcprov-jdk15on.jar/org/bouncycastle/pqc/math/ntru/parameters/NTRUHPSParameterSet.class
   JD: libs/bcprov-jdk15on.jar/org/bouncycastle/pqc/math/ntru/parameters/NTRUHRSS701.class
   JD: libs/bcprov-jdk15on.jar/org/bouncycastle/pqc/math/ntru/parameters/NTRUHRSSParameterSet.class
   JD: libs/bcprov-jdk15on.jar/org/bouncycastle/pqc/math/ntru/parameters/NTRUParameterSet.class
   JD: libs/bcprov-jdk15on.jar/org/bouncycastle/util/Arrays.class
   JD: libs/bcprov-jdk15on.jar/org/bouncycastle/util/Exceptions.class
   JD: libs/bcprov-jdk15on.jar/org/bouncycastle/util/IPAddress.class
   JD: libs/bcprov-jdk15on.jar/org/bouncycastle/util/Integers.class
   JD: libs/bcprov-jdk15on.jar/org/bouncycastle/util/Longs.class
   JD: libs/bcprov-jdk15on.jar/org/bouncycastle/util/Pack.class
   JD: libs/bcprov-jdk15on.jar/org/bouncycastle/util/Properties.class
   JD: libs/bcprov-jdk15on.jar/org/bouncycastle/util/Strings.class
   JD: libs/bcprov-jdk15on.jar/org/bouncycastle/util/encoders/UTF8.class
   JD: libs/bcprov-jdk15on.jar/org/bouncycastle/util/io/Streams.class
   JD: libs/bcprov-jdk15on.jar/org/bouncycastle/x509/PKIXCertPathReviewer.class
   JD: libs/bctls-jdk15on.jar/META-INF/BC1024KE.DSA
   JD: libs/bctls-jdk15on.jar/META-INF/BC1024KE.SF
   JD: libs/bctls-jdk15on.jar/META-INF/BC2048KE.DSA
   JD: libs/bctls-jdk15on.jar/META-INF/BC2048KE.SF
   JD: libs/bctls-jdk15on.jar/META-INF/MANIFEST.MF
   JD: libs/bctls-jdk15on.jar/org/bouncycastle/jsse/BCSSLConnection.class
   JD: libs/bctls-jdk15on.jar/org/bouncycastle/jsse/BCSSLParameters.class
   JD: libs/bctls-jdk15on.jar/org/bouncycastle/jsse/provider/BouncyCastleJsseProvider$10.class
   JD: libs/bctls-jdk15on.jar/org/bouncycastle/jsse/provider/BouncyCastleJsseProvider$9.class
   JD: libs/bctls-jdk15on.jar/org/bouncycastle/jsse/provider/BouncyCastleJsseProvider.class
   JD: libs/bctls-jdk15on.jar/org/bouncycastle/jsse/provider/CipherSuiteInfo.class
   JD: libs/bctls-jdk15on.jar/org/bouncycastle/jsse/provider/ContextData.class
   JD: libs/bctls-jdk15on.jar/org/bouncycastle/jsse/provider/FipsUtils.class
   JD: libs/bctls-jdk15on.jar/org/bouncycastle/jsse/provider/JsseSecurityParameters.class
   JD: libs/bctls-jdk15on.jar/org/bouncycastle/jsse/provider/JsseUtils.class
   JD: libs/bctls-jdk15on.jar/org/bouncycastle/jsse/provider/NamedGroupInfo$All.class
   JD: libs/bctls-jdk15on.jar/org/bouncycastle/jsse/provider/NamedGroupInfo$PerConnection.class
   JD: libs/bctls-jdk15on.jar/org/bouncycastle/jsse/provider/NamedGroupInfo$PerContext.class
   JD: libs/bctls-jdk15on.jar/org/bouncycastle/jsse/provider/NamedGroupInfo.class
   JD: libs/bctls-jdk15on.jar/org/bouncycastle/jsse/provider/PropertyUtils.class
   JD: libs/bctls-jdk15on.jar/org/bouncycastle/jsse/provider/ProvAlgorithmConstraints.class
   JD: libs/bctls-jdk15on.jar/org/bouncycastle/jsse/provider/ProvSSLConnection.class
   JD: libs/bctls-jdk15on.jar/org/bouncycastle/jsse/provider/ProvSSLContextSpi.class
   JD: libs/bctls-jdk15on.jar/org/bouncycastle/jsse/provider/ProvSSLEngine$1.class
   JD: libs/bctls-jdk15on.jar/org/bouncycastle/jsse/provider/ProvSSLEngine.class
   JD: libs/bctls-jdk15on.jar/org/bouncycastle/jsse/provider/ProvSSLParameters.class
   JD: libs/bctls-jdk15on.jar/org/bouncycastle/jsse/provider/ProvSSLSessionBase.class
   JD: libs/bctls-jdk15on.jar/org/bouncycastle/jsse/provider/ProvSSLSessionHandshake.class
   JD: libs/bctls-jdk15on.jar/org/bouncycastle/jsse/provider/ProvSSLSocketDirect$AppDataInput.class
   JD: libs/bctls-jdk15on.jar/org/bouncycastle/jsse/provider/ProvSSLSocketDirect.class
   JD: libs/bctls-jdk15on.jar/org/bouncycastle/jsse/provider/ProvSSLSocketWrap$AppDataInput.class
   JD: libs/bctls-jdk15on.jar/org/bouncycastle/jsse/provider/ProvSSLSocketWrap.class
   JD: libs/bctls-jdk15on.jar/org/bouncycastle/jsse/provider/ProvTlsClient$1.class
   JD: libs/bctls-jdk15on.jar/org/bouncycastle/jsse/provider/ProvTlsClient.class
   JD: libs/bctls-jdk15on.jar/org/bouncycastle/jsse/provider/ProvTlsManager.class
   JD: libs/bctls-jdk15on.jar/org/bouncycastle/jsse/provider/ProvTlsPeer.class
   JD: libs/bctls-jdk15on.jar/org/bouncycastle/jsse/provider/ProvTlsServer.class
   JD: libs/bctls-jdk15on.jar/org/bouncycastle/jsse/provider/SSLParametersUtil.class
   JD: libs/bctls-jdk15on.jar/org/bouncycastle/jsse/provider/SignatureSchemeInfo$PerConnection.class
   JD: libs/bctls-jdk15on.jar/org/bouncycastle/jsse/provider/SignatureSchemeInfo.class
   JD: libs/bctls-jdk15on.jar/org/bouncycastle/jsse/provider/X509KeyManagerUtil.class
   JD: libs/bctls-jdk15on.jar/org/bouncycastle/jsse/provider/X509TrustManagerUtil.class
   JD: libs/bctls-jdk15on.jar/org/bouncycastle/jsse/util/URLConnectionUtil.class
   JD: libs/bctls-jdk15on.jar/org/bouncycastle/tls/AbstractTlsClient.class
   JD: libs/bctls-jdk15on.jar/org/bouncycastle/tls/AbstractTlsContext.class
   JD: libs/bctls-jdk15on.jar/org/bouncycastle/tls/AbstractTlsPeer.class
   JD: libs/bctls-jdk15on.jar/org/bouncycastle/tls/AbstractTlsServer.class
   JD: libs/bctls-jdk15on.jar/org/bouncycastle/tls/ByteQueue.class
   JD: libs/bctls-jdk15on.jar/org/bouncycastle/tls/Certificate$ParseOptions.class
   JD: libs/bctls-jdk15on.jar/org/bouncycastle/tls/Certificate.class
   JD: libs/bctls-jdk15on.jar/org/bouncycastle/tls/CertificateURL$ListBuffer16.class
   JD: libs/bctls-jdk15on.jar/org/bouncycastle/tls/CertificateURL.class
   JD: libs/bctls-jdk15on.jar/org/bouncycastle/tls/CertificateVerify.class
   JD: libs/bctls-jdk15on.jar/org/bouncycastle/tls/ChannelBinding.class
   JD: libs/bctls-jdk15on.jar/org/bouncycastle/tls/ContentType.class
   JD: libs/bctls-jdk15on.jar/org/bouncycastle/tls/DTLSClientProtocol$ClientHandshakeState.class
   JD: libs/bctls-jdk15on.jar/org/bouncycastle/tls/DTLSClientProtocol.class
   JD: libs/bctls-jdk15on.jar/org/bouncycastle/tls/DTLSEpoch.class
   JD: libs/bctls-jdk15on.jar/org/bouncycastle/tls/DTLSRecordCallback.class
   JD: libs/bctls-jdk15on.jar/org/bouncycastle/tls/DTLSRecordFlags.class
   JD: libs/bctls-jdk15on.jar/org/bouncycastle/tls/DTLSRecordLayer.class
   JD: libs/bctls-jdk15on.jar/org/bouncycastle/tls/DTLSReliableHandshake.class
   JD: libs/bctls-jdk15on.jar/org/bouncycastle/tls/DTLSReplayWindow.class
   JD: libs/bctls-jdk15on.jar/org/bouncycastle/tls/DTLSServerProtocol.class
   JD: libs/bctls-jdk15on.jar/org/bouncycastle/tls/DTLSTransport.class
   JD: libs/bctls-jdk15on.jar/org/bouncycastle/tls/DTLSVerifier.class
   JD: libs/bctls-jdk15on.jar/org/bouncycastle/tls/DefaultTlsClient.class
   JD: libs/bctls-jdk15on.jar/org/bouncycastle/tls/DefaultTlsServer.class
   JD: libs/bctls-jdk15on.jar/org/bouncycastle/tls/ExtensionType.class
   JD: libs/bctls-jdk15on.jar/org/bouncycastle/tls/KeyExchangeAlgorithm.class
   JD: libs/bctls-jdk15on.jar/org/bouncycastle/tls/PSKTlsClient.class
   JD: libs/bctls-jdk15on.jar/org/bouncycastle/tls/PSKTlsServer.class
   JD: libs/bctls-jdk15on.jar/org/bouncycastle/tls/ProtocolName.class
   JD: libs/bctls-jdk15on.jar/org/bouncycastle/tls/ProtocolVersion.class
   JD: libs/bctls-jdk15on.jar/org/bouncycastle/tls/RecordStream.class
   JD: libs/bctls-jdk15on.jar/org/bouncycastle/tls/SRPTlsClient.class
   JD: libs/bctls-jdk15on.jar/org/bouncycastle/tls/SRPTlsServer.class
   JD: libs/bctls-jdk15on.jar/org/bouncycastle/tls/SecurityParameters.class
   JD: libs/bctls-jdk15on.jar/org/bouncycastle/tls/SignatureAlgorithm.class
   JD: libs/bctls-jdk15on.jar/org/bouncycastle/tls/SignatureScheme.class
   JD: libs/bctls-jdk15on.jar/org/bouncycastle/tls/TlsClientProtocol.class
   JD: libs/bctls-jdk15on.jar/org/bouncycastle/tls/TlsExtensionsUtils.class
   JD: libs/bctls-jdk15on.jar/org/bouncycastle/tls/TlsPeer.class
   JD: libs/bctls-jdk15on.jar/org/bouncycastle/tls/TlsProtocol.class
   JD: libs/bctls-jdk15on.jar/org/bouncycastle/tls/TlsServerProtocol.class
   JD: libs/bctls-jdk15on.jar/org/bouncycastle/tls/TlsUtils.class
   JD: libs/bctls-jdk15on.jar/org/bouncycastle/tls/crypto/CryptoSignatureAlgorithm.class
   JD: libs/bctls-jdk15on.jar/org/bouncycastle/tls/crypto/Tls13Verifier.class
   JD: libs/bctls-jdk15on.jar/org/bouncycastle/tls/crypto/TlsCertificate.class
   JD: libs/bctls-jdk15on.jar/org/bouncycastle/tls/crypto/TlsCipher.class
   JD: libs/bctls-jdk15on.jar/org/bouncycastle/tls/crypto/TlsCrypto.class
   JD: libs/bctls-jdk15on.jar/org/bouncycastle/tls/crypto/TlsCryptoUtils.class
   JD: libs/bctls-jdk15on.jar/org/bouncycastle/tls/crypto/TlsNullNullCipher.class
   JD: libs/bctls-jdk15on.jar/org/bouncycastle/tls/crypto/impl/LegacyTls13Verifier$1.class
   JD: libs/bctls-jdk15on.jar/org/bouncycastle/tls/crypto/impl/LegacyTls13Verifier.class
   JD: libs/bctls-jdk15on.jar/org/bouncycastle/tls/crypto/impl/TlsAEADCipher.class
   JD: libs/bctls-jdk15on.jar/org/bouncycastle/tls/crypto/impl/TlsAEADCipherImpl.class
   JD: libs/bctls-jdk15on.jar/org/bouncycastle/tls/crypto/impl/TlsBlockCipher.class
   JD: libs/bctls-jdk15on.jar/org/bouncycastle/tls/crypto/impl/TlsImplUtils.class
   JD: libs/bctls-jdk15on.jar/org/bouncycastle/tls/crypto/impl/TlsNullCipher.class
   JD: libs/bctls-jdk15on.jar/org/bouncycastle/tls/crypto/impl/TlsSuiteHMac.class
   JD: libs/bctls-jdk15on.jar/org/bouncycastle/tls/crypto/impl/TlsSuiteMac.class
   JD: libs/bctls-jdk15on.jar/org/bouncycastle/tls/crypto/impl/bc/BcChaCha20Poly1305.class
   JD: libs/bctls-jdk15on.jar/org/bouncycastle/tls/crypto/impl/bc/BcDefaultTlsCredentialedAgreement$DHCredentialedAgreement.class
   JD: libs/bctls-jdk15on.jar/org/bouncycastle/tls/crypto/impl/bc/BcDefaultTlsCredentialedAgreement$ECCredentialedAgreement.class
   JD: libs/bctls-jdk15on.jar/org/bouncycastle/tls/crypto/impl/bc/BcDefaultTlsCredentialedAgreement.class
   JD: libs/bctls-jdk15on.jar/org/bouncycastle/tls/crypto/impl/bc/BcTls13Verifier.class
   JD: libs/bctls-jdk15on.jar/org/bouncycastle/tls/crypto/impl/bc/BcTlsAEADCipherImpl.class
   JD: libs/bctls-jdk15on.jar/org/bouncycastle/tls/crypto/impl/bc/BcTlsCertificate.class
   JD: libs/bctls-jdk15on.jar/org/bouncycastle/tls/crypto/impl/bc/BcTlsCrypto.class
   JD: libs/bctls-jdk15on.jar/org/bouncycastle/tls/crypto/impl/bc/BcTlsDSAVerifier.class
   JD: libs/bctls-jdk15on.jar/org/bouncycastle/tls/crypto/impl/bc/BcTlsDSSVerifier.class
   JD: libs/bctls-jdk15on.jar/org/bouncycastle/tls/crypto/impl/bc/BcTlsECDSA13Verifier.class.removed
   JD: libs/bctls-jdk15on.jar/org/bouncycastle/tls/crypto/impl/bc/BcTlsECDSAVerifier.class
   JD: libs/bctls-jdk15on.jar/org/bouncycastle/tls/crypto/impl/bc/BcTlsEd25519Verifier.class.removed
   JD: libs/bctls-jdk15on.jar/org/bouncycastle/tls/crypto/impl/bc/BcTlsEd448Verifier.class.removed
   JD: libs/bctls-jdk15on.jar/org/bouncycastle/tls/crypto/impl/bc/BcTlsRSAPSSSigner.class
   JD: libs/bctls-jdk15on.jar/org/bouncycastle/tls/crypto/impl/bc/BcTlsRSAPSSVerifier.class
   JD: libs/bctls-jdk15on.jar/org/bouncycastle/tls/crypto/impl/bc/BcTlsRawKeyCertificate.class
   JD: libs/bctls-jdk15on.jar/org/bouncycastle/tls/crypto/impl/bc/BcTlsSM2Verifier.class.removed
   JD: libs/bctls-jdk15on.jar/org/bouncycastle/tls/crypto/impl/bc/BcTlsSecret.class
   JD: libs/bctls-jdk15on.jar/org/bouncycastle/tls/crypto/impl/jcajce/GCMUtil$1.class
   JD: libs/bctls-jdk15on.jar/org/bouncycastle/tls/crypto/impl/jcajce/GCMUtil$2.class
   JD: libs/bctls-jdk15on.jar/org/bouncycastle/tls/crypto/impl/jcajce/GCMUtil.class
   JD: libs/bctls-jdk15on.jar/org/bouncycastle/tls/crypto/impl/jcajce/JcaTls13Verifier.class
   JD: libs/bctls-jdk15on.jar/org/bouncycastle/tls/crypto/impl/jcajce/JcaTlsCertificate.class
   JD: libs/bctls-jdk15on.jar/org/bouncycastle/tls/crypto/impl/jcajce/JcaTlsCrypto.class
   JD: libs/bctls-jdk15on.jar/org/bouncycastle/tls/crypto/impl/jcajce/JcaTlsCryptoProvider$NonceEntropySource.class
   JD: libs/bctls-jdk15on.jar/org/bouncycastle/tls/crypto/impl/jcajce/JcaTlsCryptoProvider.class
   JD: libs/bctls-jdk15on.jar/org/bouncycastle/tls/crypto/impl/jcajce/JcaTlsECDSA13Verifier.class.removed
   JD: libs/bctls-jdk15on.jar/org/bouncycastle/tls/crypto/impl/jcajce/JcaTlsEd25519Verifier.class.removed
   JD: libs/bctls-jdk15on.jar/org/bouncycastle/tls/crypto/impl/jcajce/JcaTlsEd448Verifier.class.removed
   JD: libs/bctls-jdk15on.jar/org/bouncycastle/tls/crypto/impl/jcajce/JcaTlsEdDSAVerifier.class.removed
   JD: libs/bctls-jdk15on.jar/org/bouncycastle/tls/crypto/impl/jcajce/JceAEADCipherImpl.class
   JD: libs/bctls-jdk15on.jar/org/bouncycastle/tls/crypto/impl/jcajce/JceChaCha20Poly1305.class
   JD: libs/bctls-jdk15on.jar/org/bouncycastle/tls/crypto/impl/jcajce/JceTlsSecret.class
   JD: libs/bcutil-jdk15on.jar/META-INF/BC1024KE.DSA
   JD: libs/bcutil-jdk15on.jar/META-INF/BC1024KE.SF
   JD: libs/bcutil-jdk15on.jar/META-INF/BC2048KE.DSA
   JD: libs/bcutil-jdk15on.jar/META-INF/BC2048KE.SF
   JD: libs/bcutil-jdk15on.jar/META-INF/MANIFEST.MF
   JD: libs/bcutil-jdk15on.jar/org/bouncycastle/asn1/cmc/CertificationRequest$CertificationRequestInfo.class
   JD: libs/bcutil-jdk15on.jar/org/bouncycastle/asn1/cmc/CertificationRequest.class
   JD: libs/bcutil-jdk15on.jar/org/bouncycastle/asn1/cmc/TaggedCertificationRequest.class
   JD: libs/bcutil-jdk15on.jar/org/bouncycastle/asn1/cmp/CMPCertificate.class
   JD: libs/bcutil-jdk15on.jar/org/bouncycastle/asn1/cmp/CMPObjectIdentifiers.class
   JD: libs/bcutil-jdk15on.jar/org/bouncycastle/asn1/cmp/CRLSource.class
   JD: libs/bcutil-jdk15on.jar/org/bouncycastle/asn1/cmp/CRLStatus.class
   JD: libs/bcutil-jdk15on.jar/org/bouncycastle/asn1/cmp/CertAnnContent.class
   JD: libs/bcutil-jdk15on.jar/org/bouncycastle/asn1/cmp/CertOrEncCert.class
   JD: libs/bcutil-jdk15on.jar/org/bouncycastle/asn1/cmp/CertRepMessage.class
   JD: libs/bcutil-jdk15on.jar/org/bouncycastle/asn1/cmp/CertReqTemplateContent.class
   JD: libs/bcutil-jdk15on.jar/org/bouncycastle/asn1/cmp/CertStatus.class
   JD: libs/bcutil-jdk15on.jar/org/bouncycastle/asn1/cmp/CertifiedKeyPair.class
   JD: libs/bcutil-jdk15on.jar/org/bouncycastle/asn1/cmp/Challenge$Rand.class
   JD: libs/bcutil-jdk15on.jar/org/bouncycastle/asn1/cmp/Challenge.class
   JD: libs/bcutil-jdk15on.jar/org/bouncycastle/asn1/cmp/InfoTypeAndValue.class
   JD: libs/bcutil-jdk15on.jar/org/bouncycastle/asn1/cmp/KeyRecRepContent.class
   JD: libs/bcutil-jdk15on.jar/org/bouncycastle/asn1/cmp/NestedMessageContent.class
   JD: libs/bcutil-jdk15on.jar/org/bouncycastle/asn1/cmp/OOBCert.class
   JD: libs/bcutil-jdk15on.jar/org/bouncycastle/asn1/cmp/PKIBody.class
   JD: libs/bcutil-jdk15on.jar/org/bouncycastle/asn1/cmp/PKIMessage.class
   JD: libs/bcutil-jdk15on.jar/org/bouncycastle/asn1/cmp/PKIMessages.class
   JD: libs/bcutil-jdk15on.jar/org/bouncycastle/asn1/cmp/PKIStatusInfo.class
   JD: libs/bcutil-jdk15on.jar/org/bouncycastle/asn1/cmp/RootCaKeyUpdateContent.class
   JD: libs/bcutil-jdk15on.jar/org/bouncycastle/asn1/cms/CMSORIforKEMOtherInfo.class
   JD: libs/bcutil-jdk15on.jar/org/bouncycastle/asn1/cms/CMSObjectIdentifiers.class
   JD: libs/bcutil-jdk15on.jar/org/bouncycastle/asn1/cms/ContentInfo.class
   JD: libs/bcutil-jdk15on.jar/org/bouncycastle/asn1/cms/EnvelopedData.class
   JD: libs/bcutil-jdk15on.jar/org/bouncycastle/asn1/cms/Evidence.class
   JD: libs/bcutil-jdk15on.jar/org/bouncycastle/asn1/cms/KEMRecipientInfo.class
   JD: libs/bcutil-jdk15on.jar/org/bouncycastle/asn1/cms/OriginatorIdentifierOrKey.class
   JD: libs/bcutil-jdk15on.jar/org/bouncycastle/asn1/cms/Time.class
   JD: libs/bcutil-jdk15on.jar/org/bouncycastle/asn1/crmf/EncryptedKey.class
   JD: libs/bcutil-jdk15on.jar/org/bouncycastle/asn1/crmf/PKIArchiveOptions.class
   JD: libs/bcutil-jdk15on.jar/org/bouncycastle/asn1/crmf/POPOPrivKey.class
   JD: libs/bcutil-jdk15on.jar/org/bouncycastle/asn1/crmf/POPOSigningKey.class
   JD: libs/bcutil-jdk15on.jar/org/bouncycastle/asn1/crmf/POPOSigningKeyInput.class
   JD: libs/bcutil-jdk15on.jar/org/bouncycastle/asn1/dvcs/CertEtcToken.class
   JD: libs/bcutil-jdk15on.jar/org/bouncycastle/asn1/dvcs/DVCSTime.class
   JD: libs/bcutil-jdk15on.jar/org/bouncycastle/asn1/dvcs/Data.class
   JD: libs/bcutil-jdk15on.jar/org/bouncycastle/asn1/eac/CVCertificate.class
   JD: libs/bcutil-jdk15on.jar/org/bouncycastle/asn1/eac/CVCertificateRequest.class
   JD: libs/bcutil-jdk15on.jar/org/bouncycastle/asn1/eac/CertificateBody.class
   JD: libs/bcutil-jdk15on.jar/org/bouncycastle/asn1/eac/CertificateHolderAuthorization.class
   JD: libs/bcutil-jdk15on.jar/org/bouncycastle/asn1/eac/EACTagged.class
   JD: libs/bcutil-jdk15on.jar/org/bouncycastle/asn1/eac/EACTags.class
   JD: libs/bcutil-jdk15on.jar/org/bouncycastle/asn1/esf/CrlOcspRef.class
   JD: libs/bcutil-jdk15on.jar/org/bouncycastle/asn1/esf/RevocationValues.class
   JD: libs/bcutil-jdk15on.jar/org/bouncycastle/asn1/esf/SPuri.class
   JD: libs/bcutil-jdk15on.jar/org/bouncycastle/asn1/esf/SignerLocation.class
   JD: libs/bcutil-jdk15on.jar/org/bouncycastle/asn1/isismtt/ocsp/RequestedCertificate.class
   JD: libs/bcutil-jdk15on.jar/org/bouncycastle/asn1/isismtt/x509/DeclarationOfMajority.class
   JD: libs/bcutil-jdk15on.jar/org/bouncycastle/asn1/isismtt/x509/ProcurationSyntax.class
   JD: libs/bcutil-jdk15on.jar/org/bouncycastle/asn1/tsp/ArchiveTimeStamp.class
   JD: libs/bcutil-jdk15on.jar/org/bouncycastle/asn1/tsp/EvidenceRecord.class
   JD: libs/bcutil-jdk15on.jar/org/bouncycastle/oer/BitBuilder.class
   JD: libs/bcutil-jdk15on.jar/org/bouncycastle/oer/OERInputStream$LengthInfo.class
   JD: libs/bcutil-jdk15on.jar/org/bouncycastle/oer/OERInputStream.class
   JD: libs/bcutil-jdk15on.jar/org/bouncycastle/oer/OEROutputStream.class
   JD: libs/bcutil-jdk15on.jar/org/bouncycastle/oer/its/etsi102941/CtlCommand.class
   JD: libs/bcutil-jdk15on.jar/org/bouncycastle/oer/its/etsi102941/CtlDelete.class
   JD: libs/bcutil-jdk15on.jar/org/bouncycastle/oer/its/etsi102941/CtlEntry.class
   JD: libs/bcutil-jdk15on.jar/org/bouncycastle/oer/its/etsi102941/EtsiTs102941DataContent.class
   JD: libs/bcutil-jdk15on.jar/org/bouncycastle/oer/its/etsi102941/basetypes/EcSignature.class
   JD: libs/bcutil-jdk15on.jar/org/bouncycastle/oer/its/ieee1609dot2/CertificateId.class
   JD: libs/bcutil-jdk15on.jar/org/bouncycastle/oer/its/ieee1609dot2/EncryptedDataEncryptionKey.class
   JD: libs/bcutil-jdk15on.jar/org/bouncycastle/oer/its/ieee1609dot2/EndEntityType.class
   JD: libs/bcutil-jdk15on.jar/org/bouncycastle/oer/its/ieee1609dot2/HashedData.class
   JD: libs/bcutil-jdk15on.jar/org/bouncycastle/oer/its/ieee1609dot2/Ieee1609Dot2Content.class
   JD: libs/bcutil-jdk15on.jar/org/bouncycastle/oer/its/ieee1609dot2/IssuerIdentifier.class
   JD: libs/bcutil-jdk15on.jar/org/bouncycastle/oer/its/ieee1609dot2/RecipientInfo.class
   JD: libs/bcutil-jdk15on.jar/org/bouncycastle/oer/its/ieee1609dot2/SignerIdentifier.class
   JD: libs/bcutil-jdk15on.jar/org/bouncycastle/oer/its/ieee1609dot2/SubjectPermissions.class
   JD: libs/bcutil-jdk15on.jar/org/bouncycastle/oer/its/ieee1609dot2/SymmetricCiphertext.class
   JD: libs/bcutil-jdk15on.jar/org/bouncycastle/oer/its/ieee1609dot2/VerificationKeyIndicator.class
   JD: libs/bcutil-jdk15on.jar/org/bouncycastle/oer/its/ieee1609dot2/basetypes/BasePublicEncryptionKey.class
   JD: libs/bcutil-jdk15on.jar/org/bouncycastle/oer/its/ieee1609dot2/basetypes/Duration.class
   JD: libs/bcutil-jdk15on.jar/org/bouncycastle/oer/its/ieee1609dot2/basetypes/EccP256CurvePoint.class
   JD: libs/bcutil-jdk15on.jar/org/bouncycastle/oer/its/ieee1609dot2/basetypes/EccP384CurvePoint.class
   JD: libs/bcutil-jdk15on.jar/org/bouncycastle/oer/its/ieee1609dot2/basetypes/EncryptionKey.class
   JD: libs/bcutil-jdk15on.jar/org/bouncycastle/oer/its/ieee1609dot2/basetypes/GeographicRegion.class
   JD: libs/bcutil-jdk15on.jar/org/bouncycastle/oer/its/ieee1609dot2/basetypes/IdentifiedRegion.class
   JD: libs/bcutil-jdk15on.jar/org/bouncycastle/oer/its/ieee1609dot2/basetypes/PolygonalRegion.class
   JD: libs/bcutil-jdk15on.jar/org/bouncycastle/oer/its/ieee1609dot2/basetypes/PublicVerificationKey.class
   JD: libs/bcutil-jdk15on.jar/org/bouncycastle/oer/its/ieee1609dot2/basetypes/ServiceSpecificPermissions.class
   JD: libs/bcutil-jdk15on.jar/org/bouncycastle/oer/its/ieee1609dot2/basetypes/Signature.class
   JD: libs/bcutil-jdk15on.jar/org/bouncycastle/oer/its/ieee1609dot2/basetypes/SspRange.class
   JD: libs/bcutil-jdk15on.jar/org/bouncycastle/oer/its/ieee1609dot2/basetypes/SymmetricEncryptionKey.class
   JD: libs/bcutil-jdk15on.jar/org/bouncycastle/oer/its/ieee1609dot2dot1/AdditionalParams.class
   JD: libs/bcutil-jdk15on.jar/org/bouncycastle/oer/its/ieee1609dot2dot1/ButterflyExpansion.class
   JD: libs/cons.jar/org/jdownloader/container/sft/DelphiFormEntryBoolean.class
   JD: libs/cons.jar/org/jdownloader/container/sft/DelphiFormEntryExtended.class
   JD: libs/cons.jar/org/jdownloader/container/sft/DelphiFormEntryNumber.class
   JD: libs/laf/synthetica.jar/META-INF/MANIFEST.MF
   JD: libs/laf/synthetica.jar/de/javasoft/plaf/synthetica/StyleFactory$10.class
   JD: libs/laf/synthetica.jar/de/javasoft/plaf/synthetica/StyleFactory$11.class
   JD: libs/laf/synthetica.jar/de/javasoft/plaf/synthetica/StyleFactory$12.class
   JD: libs/laf/synthetica.jar/de/javasoft/plaf/synthetica/StyleFactory$13.class
   JD: libs/laf/synthetica.jar/de/javasoft/plaf/synthetica/StyleFactory$14.class
   JD: libs/laf/synthetica.jar/de/javasoft/plaf/synthetica/StyleFactory$15$1.class
   JD: libs/laf/synthetica.jar/de/javasoft/plaf/synthetica/StyleFactory$15.class
   JD: libs/laf/synthetica.jar/de/javasoft/plaf/synthetica/StyleFactory$16.class
   JD: libs/laf/synthetica.jar/de/javasoft/plaf/synthetica/StyleFactory$17.class
   JD: libs/laf/synthetica.jar/de/javasoft/plaf/synthetica/StyleFactory$18.class
   JD: libs/laf/synthetica.jar/de/javasoft/plaf/synthetica/StyleFactory$19.class
   JD: libs/laf/synthetica.jar/de/javasoft/plaf/synthetica/StyleFactory$20.class
   JD: libs/laf/synthetica.jar/de/javasoft/plaf/synthetica/StyleFactory$21.class
   JD: libs/laf/synthetica.jar/de/javasoft/plaf/synthetica/StyleFactory$22.class
   JD: libs/laf/synthetica.jar/de/javasoft/plaf/synthetica/StyleFactory$23.class
   JD: libs/laf/synthetica.jar/de/javasoft/plaf/synthetica/StyleFactory$24.class
   JD: libs/laf/synthetica.jar/de/javasoft/plaf/synthetica/StyleFactory$25.class
   JD: libs/laf/synthetica.jar/de/javasoft/plaf/synthetica/StyleFactory$26.class
   JD: libs/laf/synthetica.jar/de/javasoft/plaf/synthetica/StyleFactory$27.class
   JD: libs/laf/synthetica.jar/de/javasoft/plaf/synthetica/StyleFactory$28.class
   JD: libs/laf/synthetica.jar/de/javasoft/plaf/synthetica/StyleFactory$29.class
   JD: libs/laf/synthetica.jar/de/javasoft/plaf/synthetica/StyleFactory$30.class
   JD: libs/laf/synthetica.jar/de/javasoft/plaf/synthetica/StyleFactory$31.class
   JD: libs/laf/synthetica.jar/de/javasoft/plaf/synthetica/StyleFactory$32.class
   JD: libs/laf/synthetica.jar/de/javasoft/plaf/synthetica/StyleFactory$33.class
   JD: libs/laf/synthetica.jar/de/javasoft/plaf/synthetica/StyleFactory$34.class
   JD: libs/laf/synthetica.jar/de/javasoft/plaf/synthetica/StyleFactory$35.class
   JD: libs/laf/synthetica.jar/de/javasoft/plaf/synthetica/StyleFactory$4.class
   JD: libs/laf/synthetica.jar/de/javasoft/plaf/synthetica/StyleFactory$5$1$1$1.class
   JD: libs/laf/synthetica.jar/de/javasoft/plaf/synthetica/StyleFactory$5$1$1.class
   JD: libs/laf/synthetica.jar/de/javasoft/plaf/synthetica/StyleFactory$5$1.class
   JD: libs/laf/synthetica.jar/de/javasoft/plaf/synthetica/StyleFactory$5.class
   JD: libs/laf/synthetica.jar/de/javasoft/plaf/synthetica/StyleFactory$6.class
   JD: libs/laf/synthetica.jar/de/javasoft/plaf/synthetica/StyleFactory$7.class
   JD: libs/laf/synthetica.jar/de/javasoft/plaf/synthetica/StyleFactory$8.class
   JD: libs/laf/synthetica.jar/de/javasoft/plaf/synthetica/StyleFactory$9.class
   JD: libs/laf/synthetica.jar/de/javasoft/plaf/synthetica/StyleFactory$CellRendererHoverListener.class
   JD: libs/laf/synthetica.jar/de/javasoft/plaf/synthetica/StyleFactory$ComponentProperty.class
   JD: libs/laf/synthetica.jar/de/javasoft/plaf/synthetica/StyleFactory$ComponentPropertyStore$1.class
   JD: libs/laf/synthetica.jar/de/javasoft/plaf/synthetica/StyleFactory$ComponentPropertyStore.class
   JD: libs/laf/synthetica.jar/de/javasoft/plaf/synthetica/StyleFactory$RepaintFocusListener.class
   JD: libs/laf/synthetica.jar/de/javasoft/plaf/synthetica/StyleFactory$RepaintTextComponentPropertyChangeListener.class
   JD: libs/laf/synthetica.jar/de/javasoft/plaf/synthetica/StyleFactory$SyntheticaComboPopupBorder.class
   JD: libs/laf/synthetica.jar/de/javasoft/plaf/synthetica/StyleFactory.class
   JD: libs/laf/synthetica.jar/de/javasoft/plaf/synthetica/SyntheticaLookAndFeel$2.class
   JD: libs/laf/synthetica.jar/de/javasoft/plaf/synthetica/SyntheticaLookAndFeel$3.class
   JD: libs/laf/synthetica.jar/de/javasoft/plaf/synthetica/SyntheticaLookAndFeel$4.class
   JD: libs/laf/synthetica.jar/de/javasoft/plaf/synthetica/SyntheticaLookAndFeel$5.class
   JD: libs/laf/synthetica.jar/de/javasoft/plaf/synthetica/SyntheticaLookAndFeel$6.class
   JD: libs/laf/synthetica.jar/de/javasoft/plaf/synthetica/SyntheticaLookAndFeel$7.class
   JD: libs/laf/synthetica.jar/de/javasoft/plaf/synthetica/SyntheticaLookAndFeel$8.class
   JD: libs/laf/synthetica.jar/de/javasoft/plaf/synthetica/SyntheticaLookAndFeel$ImageIconUIResource.class
   JD: libs/laf/synthetica.jar/de/javasoft/plaf/synthetica/SyntheticaLookAndFeel$Version.class
   JD: libs/laf/synthetica.jar/de/javasoft/plaf/synthetica/SyntheticaLookAndFeel.class
   JD: libs/laf/synthetica.jar/de/javasoft/plaf/synthetica/SyntheticaRootPaneUI$1.class
   JD: libs/laf/synthetica.jar/de/javasoft/plaf/synthetica/SyntheticaRootPaneUI$2.class
   JD: libs/laf/synthetica.jar/de/javasoft/plaf/synthetica/SyntheticaRootPaneUI$3.class
   JD: libs/laf/synthetica.jar/de/javasoft/plaf/synthetica/SyntheticaRootPaneUI$4.class
   JD: libs/laf/synthetica.jar/de/javasoft/plaf/synthetica/SyntheticaRootPaneUI$5.class
   JD: libs/laf/synthetica.jar/de/javasoft/plaf/synthetica/SyntheticaRootPaneUI$6.class
   JD: libs/laf/synthetica.jar/de/javasoft/plaf/synthetica/SyntheticaRootPaneUI$7.class
   JD: libs/laf/synthetica.jar/de/javasoft/plaf/synthetica/SyntheticaRootPaneUI$8.class
   JD: libs/laf/synthetica.jar/de/javasoft/plaf/synthetica/SyntheticaRootPaneUI$AWTMouseInputHandler.class
   JD: libs/laf/synthetica.jar/de/javasoft/plaf/synthetica/SyntheticaRootPaneUI$HeaderShadowType.class
   JD: libs/laf/synthetica.jar/de/javasoft/plaf/synthetica/SyntheticaRootPaneUI$MouseEventProcessor.class
   JD: libs/laf/synthetica.jar/de/javasoft/plaf/synthetica/SyntheticaRootPaneUI$MouseInputHandler$1.class
   JD: libs/laf/synthetica.jar/de/javasoft/plaf/synthetica/SyntheticaRootPaneUI$MouseInputHandler$2$1.class
   JD: libs/laf/synthetica.jar/de/javasoft/plaf/synthetica/SyntheticaRootPaneUI$MouseInputHandler$2.class
   JD: libs/laf/synthetica.jar/de/javasoft/plaf/synthetica/SyntheticaRootPaneUI$MouseInputHandler$3.class
   JD: libs/laf/synthetica.jar/de/javasoft/plaf/synthetica/SyntheticaRootPaneUI$MouseInputHandler$4.class
   JD: libs/laf/synthetica.jar/de/javasoft/plaf/synthetica/SyntheticaRootPaneUI$MouseInputHandler.class
   JD: libs/laf/synthetica.jar/de/javasoft/plaf/synthetica/SyntheticaRootPaneUI$SnapState.class
   JD: libs/laf/synthetica.jar/de/javasoft/plaf/synthetica/SyntheticaRootPaneUI$SyntheticaRootLayout.class
   JD: libs/laf/synthetica.jar/de/javasoft/plaf/synthetica/SyntheticaRootPaneUI.class
   JD: libs/laf/synthetica.jar/de/javasoft/plaf/synthetica/filechooser/SyntheticaFileChooserUI$9.class
   JD: libs/laf/synthetica.jar/de/javasoft/plaf/synthetica/filechooser/SyntheticaFileChooserUI$DirectoryComboBoxModel.class
   JD: libs/laf/synthetica.jar/de/javasoft/plaf/synthetica/filechooser/SyntheticaFileChooserUI$FilePane$1.class
   JD: libs/laf/synthetica.jar/de/javasoft/plaf/synthetica/filechooser/SyntheticaFileChooserUI$FilePane$2.class
   JD: libs/laf/synthetica.jar/de/javasoft/plaf/synthetica/filechooser/SyntheticaFileChooserUI$FilePane$3.class
   JD: libs/laf/synthetica.jar/de/javasoft/plaf/synthetica/filechooser/SyntheticaFileChooserUI$FilePane$4.class
   JD: libs/laf/synthetica.jar/de/javasoft/plaf/synthetica/filechooser/SyntheticaFileChooserUI$FilePane$5.class
   JD: libs/laf/synthetica.jar/de/javasoft/plaf/synthetica/filechooser/SyntheticaFileChooserUI$FilePane$6.class
   JD: libs/laf/synthetica.jar/de/javasoft/plaf/synthetica/filechooser/SyntheticaFileChooserUI$FilePane$7$1$1.class
   JD: libs/laf/synthetica.jar/de/javasoft/plaf/synthetica/filechooser/SyntheticaFileChooserUI$FilePane$7$1.class
   JD: libs/laf/synthetica.jar/de/javasoft/plaf/synthetica/filechooser/SyntheticaFileChooserUI$FilePane$7.class
   JD: libs/laf/synthetica.jar/de/javasoft/plaf/synthetica/filechooser/SyntheticaFileChooserUI$FilePane$8.class
   JD: libs/laf/synthetica.jar/de/javasoft/plaf/synthetica/filechooser/SyntheticaFileChooserUI$FilePane$9$1.class
   JD: libs/laf/synthetica.jar/de/javasoft/plaf/synthetica/filechooser/SyntheticaFileChooserUI$FilePane$9.class
   JD: libs/laf/synthetica.jar/de/javasoft/plaf/synthetica/filechooser/SyntheticaFileChooserUI$FilePane$DetailsTableCellRenderer.class
   JD: libs/laf/synthetica.jar/de/javasoft/plaf/synthetica/filechooser/SyntheticaFileChooserUI$FilePane$DetailsTableModel$1$1.class
   JD: libs/laf/synthetica.jar/de/javasoft/plaf/synthetica/filechooser/SyntheticaFileChooserUI$FilePane$DetailsTableModel$1.class
   JD: libs/laf/synthetica.jar/de/javasoft/plaf/synthetica/filechooser/SyntheticaFileChooserUI$FilePane$DetailsTableModel.class
   JD: libs/laf/synthetica.jar/de/javasoft/plaf/synthetica/filechooser/SyntheticaFileChooserUI$FilePane$DetailsTableSortModel$Row.class
   JD: libs/laf/synthetica.jar/de/javasoft/plaf/synthetica/filechooser/SyntheticaFileChooserUI$FilePane$DetailsTableSortModel.class
   JD: libs/laf/synthetica.jar/de/javasoft/plaf/synthetica/filechooser/SyntheticaFileChooserUI$FilePane$FileCellEditor.class
   JD: libs/laf/synthetica.jar/de/javasoft/plaf/synthetica/filechooser/SyntheticaFileChooserUI$FilePane$FileNode$1.class
   JD: libs/laf/synthetica.jar/de/javasoft/plaf/synthetica/filechooser/SyntheticaFileChooserUI$FilePane$FileNode.class
   JD: libs/laf/synthetica.jar/de/javasoft/plaf/synthetica/filechooser/SyntheticaFileChooserUI$FilePane$FilePaneMouseListener$1$1.class
   JD: libs/laf/synthetica.jar/de/javasoft/plaf/synthetica/filechooser/SyntheticaFileChooserUI$FilePane$FilePaneMouseListener$1.class
   JD: libs/laf/synthetica.jar/de/javasoft/plaf/synthetica/filechooser/SyntheticaFileChooserUI$FilePane$FilePaneMouseListener.class
   JD: libs/laf/synthetica.jar/de/javasoft/plaf/synthetica/filechooser/SyntheticaFileChooserUI$FilePane$IconBorder$1.class
   JD: libs/laf/synthetica.jar/de/javasoft/plaf/synthetica/filechooser/SyntheticaFileChooserUI$FilePane$IconBorder.class
   JD: libs/laf/synthetica.jar/de/javasoft/plaf/synthetica/filechooser/SyntheticaFileChooserUI$FilePane$ListRenderer.class
   JD: libs/laf/synthetica.jar/de/javasoft/plaf/synthetica/filechooser/SyntheticaFileChooserUI$FilePane$PaddingBorder$1.class
   JD: libs/laf/synthetica.jar/de/javasoft/plaf/synthetica/filechooser/SyntheticaFileChooserUI$FilePane$PaddingBorder.class
   JD: libs/laf/synthetica.jar/de/javasoft/plaf/synthetica/filechooser/SyntheticaFileChooserUI$FilePane$TableHeaderRenderer.class
   JD: libs/laf/synthetica.jar/de/javasoft/plaf/synthetica/filechooser/SyntheticaFileChooserUI$FilePane$TreeRenderer.class
   JD: libs/laf/synthetica.jar/de/javasoft/plaf/synthetica/filechooser/SyntheticaFileChooserUI$FilePane.class
   JD: libs/laf/synthetica.jar/de/javasoft/plaf/synthetica/filechooser/SyntheticaFileChooserUI$FileSelectHandler.class
   JD: libs/laf/synthetica.jar/de/javasoft/plaf/synthetica/filechooser/SyntheticaFileChooserUI$FilterComboBoxModel.class
   JD: libs/laf/synthetica.jar/de/javasoft/plaf/synthetica/filechooser/SyntheticaFileChooserUI$IndentIcon.class
   JD: libs/laf/synthetica.jar/de/javasoft/plaf/synthetica/filechooser/SyntheticaFileChooserUI$TableHeaderCorner.class
   JD: libs/laf/synthetica.jar/de/javasoft/plaf/synthetica/filechooser/SyntheticaFileChooserUI.class
   JD: libs/laf/synthetica.jar/de/javasoft/plaf/synthetica/painter/ScrollPanePainter.class
   JD: libs/laf/synthetica.jar/de/javasoft/plaf/synthetica/resourceBundles/SyntheticaStandardLookAndFeelVersion.properties
   JD: libs/laf/syntheticaJDCustom.jar/org/jdownloader/gui/laf/jddefault/JDDefaultLookAndFeel.class
   JD: libs/laf/syntheticaSimple2D.jar/de/javasoft/plaf/synthetica/simple2D/MenuPainter.class
   JD: libs/laf/syntheticaSimple2D.jar/de/javasoft/plaf/synthetica/simple2D/Version.properties
   jd/captcha/methods/hllshrd.removed
   libs/JDGUI.jar
   libs/JDHttp.jar
   libs/JDUtils.jar
   libs/bcpkix-jdk15on.jar
   libs/bcprov-jdk15on.jar
   libs/bctls-jdk15on.jar
   libs/bcutil-jdk15on.jar
   libs/cons.jar
   libs/laf/flatlaf.license
   libs/laf/synthetica.jar
   libs/laf/synthetica.version
   libs/laf/syntheticaJDCustom.jar
   libs/laf/syntheticaSimple2D.jar
   licenses/bcpkix-jdk15on.jar.info
   licenses/bcprov-jdk15on.jar.info
   licenses/bctls-jdk15on.jar.info
   licenses/bcutil-jdk15on.jar.info
