Mon Sep 18 20:57:35 CST 2023
Package: package_1695041340023.awf
Install
Write Revision: 16856
----------------Plugins----------------
   jd/plugins/decrypter/AbcNtAu.class
   jd/plugins/decrypter/AbloadDeGallery.class
   jd/plugins/decrypter/AbstractPastebinCrawler$PastebinMetadata.class
   jd/plugins/decrypter/AbstractPastebinCrawler.class
   jd/plugins/decrypter/AcomicSpace.class.removed
   jd/plugins/decrypter/AdfLy.class
   jd/plugins/decrypter/AdfocUs.class
   jd/plugins/decrypter/AdshortCo.class
   jd/plugins/decrypter/AkwamCcCrawler.class
   jd/plugins/decrypter/AlfafileNetFolder.class
   jd/plugins/decrypter/AlldebridComFolder.class
   jd/plugins/decrypter/AnimeFrenzy.class
   jd/plugins/decrypter/AnimegalleriesNet.class.removed
   jd/plugins/decrypter/AnimegalleriesNetCrawler.class
   jd/plugins/decrypter/AnotepadComCrawler.class
   jd/plugins/decrypter/AparatCom.class
   jd/plugins/decrypter/Arabplus2Co.class
   jd/plugins/decrypter/ArchiveOrgCrawler.class
   jd/plugins/decrypter/ArchiveOrgWaybackMachine.class
   jd/plugins/decrypter/Ardmediathek$ArdMetadata.class
   jd/plugins/decrypter/Ardmediathek$VideoResolution.class
   jd/plugins/decrypter/Ardmediathek.class
   jd/plugins/decrypter/ArdmediathekEmbed.class
   jd/plugins/decrypter/ArteMediathekV3$1.class
   jd/plugins/decrypter/ArteMediathekV3$Language.class
   jd/plugins/decrypter/ArteMediathekV3$SubtitleType.class
   jd/plugins/decrypter/ArteMediathekV3$VersionType.class
   jd/plugins/decrypter/ArteMediathekV3.class
   jd/plugins/decrypter/ArtstationComCrawler$1.class
   jd/plugins/decrypter/ArtstationComCrawler.class
   jd/plugins/decrypter/AtvAt.class
   jd/plugins/decrypter/AudioMackComDecrypter.class
   jd/plugins/decrypter/AudionowDe.class
   jd/plugins/decrypter/AventertainmentsComCrawler.class
   jd/plugins/decrypter/AvxHmeWCrawler$1.class
   jd/plugins/decrypter/AvxHmeWCrawler$2.class
   jd/plugins/decrypter/AvxHmeWCrawler.class
   jd/plugins/decrypter/BandCampComDecrypter.class
   jd/plugins/decrypter/BangComCrawler.class
   jd/plugins/decrypter/BangbrosComCrawler.class
   jd/plugins/decrypter/BaseShareComCrawler.class
   jd/plugins/decrypter/BatoToCrawler.class
   jd/plugins/decrypter/BbcComDecrypter.class
   jd/plugins/decrypter/BbcComiPlayerCrawler.class
   jd/plugins/decrypter/BcVc.class
   jd/plugins/decrypter/BentBoxCoCrawler.class
   jd/plugins/decrypter/Bestcash2020Com.class
   jd/plugins/decrypter/BiqleRuCrawler$1.class
   jd/plugins/decrypter/BiqleRuCrawler.class
   jd/plugins/decrypter/BitchuteComChannel.class
   jd/plugins/decrypter/BlockfilestoreComFolder.class
   jd/plugins/decrypter/BoxCom.class
   jd/plugins/decrypter/Br2RadioDe.class.removed
   jd/plugins/decrypter/BrDeDecrypter.class.removed
   jd/plugins/decrypter/BrDeMediathekCrawler.class
   jd/plugins/decrypter/Brds4Chnrg.class
   jd/plugins/decrypter/BrightcoveDecrypter.class
   jd/plugins/decrypter/BunkrAlbum.class
   jd/plugins/decrypter/BurningCamelCom.class
   jd/plugins/decrypter/CamvaultXyzCrawler.class
   jd/plugins/decrypter/CatcutNet.class
   jd/plugins/decrypter/ClicksflyCom.class
   jd/plugins/decrypter/Cloud1und1De.class
   jd/plugins/decrypter/CloudSaikoanimesNetFolder.class
   jd/plugins/decrypter/CnnT.class
   jd/plugins/decrypter/ComicOnlineFree.class
   jd/plugins/decrypter/CompuPasteCom.class
   jd/plugins/decrypter/ComunidadmontepinarEs.class
   jd/plugins/decrypter/CopyCaseComFolder.class
   jd/plugins/decrypter/CtDiskComFolder.class
   jd/plugins/decrypter/CutyIo.class
   jd/plugins/decrypter/CyberdropMeAlbum.class
   jd/plugins/decrypter/DailyMotionComDecrypter.class
   jd/plugins/decrypter/DanbooruDonmaiUsCrawler.class
   jd/plugins/decrypter/DatoidCzFolder.class
   jd/plugins/decrypter/DecrypterForRedirectServicesWithoutDirectRedirects.class.removed
   jd/plugins/decrypter/DegooCom.class
   jd/plugins/decrypter/DeluxemusicTvPlaylist.class
   jd/plugins/decrypter/DepositfilesComFolder.class
   jd/plugins/decrypter/DeviantArtComCrawler.class
   jd/plugins/decrypter/DiskYandexNetFolder.class
   jd/plugins/decrypter/DlPrteCom.class
   jd/plugins/decrypter/DlslinkNet.class
   jd/plugins/decrypter/DncHllArCom.class
   jd/plugins/decrypter/DncHllWldNt.class.removed
   jd/plugins/decrypter/DownloadSaikoanimesNetFolder.class
   jd/plugins/decrypter/DownmagazNet.class
   jd/plugins/decrypter/DramaCoolVideo.class
   jd/plugins/decrypter/DropmeafileCom.class
   jd/plugins/decrypter/DummyCNL.class
   jd/plugins/decrypter/DummyDirect.class
   jd/plugins/decrypter/EHentaiOrg.class.removed
   jd/plugins/decrypter/EHentaiOrgCrawler.class
   jd/plugins/decrypter/EPornerComGallery.class
   jd/plugins/decrypter/EbibliotecaOrg.class
   jd/plugins/decrypter/EightTracksCom.class
   jd/plugins/decrypter/EpubbooksCom.class.removed
   jd/plugins/decrypter/EpubbooksComCrawler.class
   jd/plugins/decrypter/EroVideoNet.class
   jd/plugins/decrypter/ErtkiOg.class
   jd/plugins/decrypter/Etsy.class
   jd/plugins/decrypter/F95zoneToCrawler.class
   jd/plugins/decrypter/FEmbedDecrypter.class
   jd/plugins/decrypter/FaceBookComGallery$1.class
   jd/plugins/decrypter/FaceBookComGallery.class
   jd/plugins/decrypter/FakkuNet.class
   jd/plugins/decrypter/FasLi.class.removed
   jd/plugins/decrypter/FbjavNet.class
   jd/plugins/decrypter/FcLc$1.class
   jd/plugins/decrypter/FcLc$2.class
   jd/plugins/decrypter/FcLc$CaptchaType.class
   jd/plugins/decrypter/FcLc.class
   jd/plugins/decrypter/FestivalOhneBandsDe.class
   jd/plugins/decrypter/FexNet.class
   jd/plugins/decrypter/FileCryptCc.class
   jd/plugins/decrypter/FileUploadNetFolder.class
   jd/plugins/decrypter/FileconvoyComFolder.class
   jd/plugins/decrypter/FilerNetFolder.class
   jd/plugins/decrypter/FilesMonsterComFolder.class
   jd/plugins/decrypter/FilesMonsterDecrypter.class
   jd/plugins/decrypter/FinalchanNet.class.removed
   jd/plugins/decrypter/FivehundretPxComCrawler.class
   jd/plugins/decrypter/FlickrComCrawler.class
   jd/plugins/decrypter/FourPlayersDeCrawler.class
   jd/plugins/decrypter/FourShareVnFolder.class
   jd/plugins/decrypter/FreeDiscPlFolder.class
   jd/plugins/decrypter/FreeViewMoviesComCrawler.class
   jd/plugins/decrypter/FromsmashComFolder.class
   jd/plugins/decrypter/FrprnComCrawler.class
   jd/plugins/decrypter/Fsiblog2ComCrawler.class
   jd/plugins/decrypter/FtFthVidNt$1.class.removed
   jd/plugins/decrypter/FtFthVidNt$2.class.removed
   jd/plugins/decrypter/FtFthVidNt.class.removed
   jd/plugins/decrypter/FuraffinityNetCrawler.class
   jd/plugins/decrypter/GdflixCoCrawler.class
   jd/plugins/decrypter/GeneralMultiuploadDecrypter$1.class
   jd/plugins/decrypter/GeneralMultiuploadDecrypter.class
   jd/plugins/decrypter/GenericBase64Decrypter.class
   jd/plugins/decrypter/GenericHTTPDirectoryIndexCrawler$1.class
   jd/plugins/decrypter/GenericHTTPDirectoryIndexCrawler.class
   jd/plugins/decrypter/GenericXFileShareProFolder.class
   jd/plugins/decrypter/GenericYetiShareFolder.class
   jd/plugins/decrypter/GenshinManga.class
   jd/plugins/decrypter/GirlsReleasedCom.class
   jd/plugins/decrypter/GldSlTo.class
   jd/plugins/decrypter/GoFileIoCrawler.class
   jd/plugins/decrypter/GoGoAnimePro.class
   jd/plugins/decrypter/Gogoplay4Com$1.class
   jd/plugins/decrypter/Gogoplay4Com.class
   jd/plugins/decrypter/GoogleDriveCrawler$GdriveException.class
   jd/plugins/decrypter/GoogleDriveCrawler$GdriveFolderStatus.class
   jd/plugins/decrypter/GoogleDriveCrawler.class
   jd/plugins/decrypter/Hamburg1De.class
   jd/plugins/decrypter/HentaiFoundryComGallery.class
   jd/plugins/decrypter/HidriveComCrawler.class
   jd/plugins/decrypter/HifToShortlinks.class
   jd/plugins/decrypter/HighTailComDecrypter.class
   jd/plugins/decrypter/HighWayMeFolder.class
   jd/plugins/decrypter/HighWayMeFolder2$1.class
   jd/plugins/decrypter/HighWayMeFolder2.class
   jd/plugins/decrypter/HotSpotComMy.class
   jd/plugins/decrypter/HuabanComDecrypter.class
   jd/plugins/decrypter/IcedriveNetFolder.class
   jd/plugins/decrypter/IgnCom.class
   jd/plugins/decrypter/ImageFapCrawler.class
   jd/plugins/decrypter/ImagenetzDeCrawler.class
   jd/plugins/decrypter/ImagesHackComCrawler.class
   jd/plugins/decrypter/ImcontentMe.class
   jd/plugins/decrypter/InstaGramComDecrypter$1.class
   jd/plugins/decrypter/InstaGramComDecrypter$InstagramMetadata.class
   jd/plugins/decrypter/InstaGramComDecrypter.class
   jd/plugins/decrypter/IsGd.class
   jd/plugins/decrypter/IssuuCom.class
   jd/plugins/decrypter/JamendoComCrawler.class
   jd/plugins/decrypter/JpgChurchCrawler.class
   jd/plugins/decrypter/JulesjordanComDecrypter.class
   jd/plugins/decrypter/JumploadsComFolder.class
   jd/plugins/decrypter/JustPasteIt.class
   jd/plugins/decrypter/JwpasteCom.class
   jd/plugins/decrypter/Keep2ShareCcDecrypter.class
   jd/plugins/decrypter/KemonoPartyCrawler.class
   jd/plugins/decrypter/KoofrNetFolder.class
   jd/plugins/decrypter/LinkjustCom.class
   jd/plugins/decrypter/LinkslyCo.class
   jd/plugins/decrypter/LiteapksComCrawler.class
   jd/plugins/decrypter/LiveMeCom.class
   jd/plugins/decrypter/LnkAcbIm.class
   jd/plugins/decrypter/LusciousNetAlbum.class
   jd/plugins/decrypter/MagentamusikDe.class
   jd/plugins/decrypter/MangadexOrg.class
   jd/plugins/decrypter/MangareaderTo.class
   jd/plugins/decrypter/MangatownCom.class
   jd/plugins/decrypter/MediafireComFolder.class
   jd/plugins/decrypter/MetArtCrawler.class
   jd/plugins/decrypter/MightyScriptAdLinkFly$1.class
   jd/plugins/decrypter/MightyScriptAdLinkFly$2.class
   jd/plugins/decrypter/MightyScriptAdLinkFly.class
   jd/plugins/decrypter/MightyScriptAdLinkFlyDefault.class
   jd/plugins/decrypter/MiklproCom.class
   jd/plugins/decrypter/MirroredTo.class
   jd/plugins/decrypter/MixCloudComCrawler.class
   jd/plugins/decrypter/MultiupOrg.class
   jd/plugins/decrypter/MywikifeetCom.class
   jd/plugins/decrypter/MyzcloudMe.class.removed
   jd/plugins/decrypter/MyzukaClubCrawler.class
   jd/plugins/decrypter/NaughtyBlgOrg.class
   jd/plugins/decrypter/NhentaiNet.class
   jd/plugins/decrypter/NzbindexCom.class
   jd/plugins/decrypter/ORFMediathekDecrypter.class
   jd/plugins/decrypter/OiiIo.class
   jd/plugins/decrypter/OneFichierComFolder.class
   jd/plugins/decrypter/OracleCom.class
   jd/plugins/decrypter/OrfAt.class
   jd/plugins/decrypter/OtrkeyfinderCom.class
   jd/plugins/decrypter/PCloudComFolder.class
   jd/plugins/decrypter/Paste2OrgCrawler.class
   jd/plugins/decrypter/PasteHereXyz.class
   jd/plugins/decrypter/PastebinComCrawler.class
   jd/plugins/decrypter/PastedCo.class
   jd/plugins/decrypter/PastehillCom.class
   jd/plugins/decrypter/PeerTubeCrawler.class
   jd/plugins/decrypter/PinterestComDecrypter.class
   jd/plugins/decrypter/PixeldrainComFolder.class
   jd/plugins/decrypter/PixivNetSketch.class
   jd/plugins/decrypter/PonyFm.class
   jd/plugins/decrypter/PornEmbedParser$1.class
   jd/plugins/decrypter/PornEmbedParser.class
   jd/plugins/decrypter/PornHubComVideoCrawler.class
   jd/plugins/decrypter/PornpicsCom.class
   jd/plugins/decrypter/PremiumizeMeZeveraFolder.class
   jd/plugins/decrypter/ProSevenDeDecrypter.class
   jd/plugins/decrypter/Q32Pw.class
   jd/plugins/decrypter/QiwiGgFolder.class
   jd/plugins/decrypter/RGhostNetCrawler.class
   jd/plugins/decrypter/RaiplayItCrawler.class
   jd/plugins/decrypter/RapidGatorNetFolder.class
   jd/plugins/decrypter/RappersIn.class
   jd/plugins/decrypter/ReadMng.class
   jd/plugins/decrypter/RecurbateComProfile.class
   jd/plugins/decrypter/RedbullTv.class
   jd/plugins/decrypter/RedditComCrawler$1.class
   jd/plugins/decrypter/RedditComCrawler.class
   jd/plugins/decrypter/RedirectKhsmIo.class
   jd/plugins/decrypter/RokfinCom.class
   jd/plugins/decrypter/RozhlasCz.class
   jd/plugins/decrypter/RuTubeRuDecrypter.class
   jd/plugins/decrypter/RumbleCom$1.class
   jd/plugins/decrypter/RumbleCom.class
   jd/plugins/decrypter/SaikoanimesNetFolder.class
   jd/plugins/decrypter/SamaaProCom.class
   jd/plugins/decrypter/ScribdComCrawler.class
   jd/plugins/decrypter/ShortCash2Xyz.class
   jd/plugins/decrypter/ShortEs.class
   jd/plugins/decrypter/ShrinkeMe.class
   jd/plugins/decrypter/ShrtflyVip.class
   jd/plugins/decrypter/ShurtPw.class
   jd/plugins/decrypter/SlidesliveCom.class
   jd/plugins/decrypter/SmutrComCrawler.class
   jd/plugins/decrypter/SoundclickComCrawler.class
   jd/plugins/decrypter/SpankBangComCrawler.class
   jd/plugins/decrypter/SpiegelDe.class
   jd/plugins/decrypter/SrfChCrawler.class
   jd/plugins/decrypter/SweetpornOrg.class
   jd/plugins/decrypter/SwzzXyz.class
   jd/plugins/decrypter/TbCmV2$1.class
   jd/plugins/decrypter/TbCmV2$2.class
   jd/plugins/decrypter/TbCmV2$3.class
   jd/plugins/decrypter/TbCmV2$4.class
   jd/plugins/decrypter/TbCmV2$5.class
   jd/plugins/decrypter/TbCmV2$6.class
   jd/plugins/decrypter/TbCmV2$7.class
   jd/plugins/decrypter/TbCmV2$8.class
   jd/plugins/decrypter/TbCmV2$9.class
   jd/plugins/decrypter/TbCmV2.class
   jd/plugins/decrypter/TeraboxComFolder.class
   jd/plugins/decrypter/TextupFr.class
   jd/plugins/decrypter/ThingiverseCom.class
   jd/plugins/decrypter/ThreeQVideo.class
   jd/plugins/decrypter/TiktokComCrawler.class
   jd/plugins/decrypter/TmExchangeCom.class
   jd/plugins/decrypter/TortugacloudCom.class
   jd/plugins/decrypter/Try2LinkCom.class
   jd/plugins/decrypter/TumblrComDecrypter.class
   jd/plugins/decrypter/TurboBitNetFolder.class
   jd/plugins/decrypter/TurboimagehostCom.class
   jd/plugins/decrypter/TwitchTvDecrypt.class
   jd/plugins/decrypter/TwitterComCrawler.class
   jd/plugins/decrypter/TwoRe.class
   jd/plugins/decrypter/UiiIo.class
   jd/plugins/decrypter/UlozToFolder.class
   jd/plugins/decrypter/UnknownPornScript1Crawler.class
   jd/plugins/decrypter/UpToStreamCom.class
   jd/plugins/decrypter/VKontakteRu.class
   jd/plugins/decrypter/VepornNet.class
   jd/plugins/decrypter/Viet69Net.class
   jd/plugins/decrypter/VineCoDecrypter.class
   jd/plugins/decrypter/VivaTvDecrypt.class
   jd/plugins/decrypter/VoeSxCrawler.class
   jd/plugins/decrypter/VolaFileOrg.class
   jd/plugins/decrypter/XHamsterGallery.class
   jd/plugins/decrypter/XvideosComProfile.class
   jd/plugins/decrypter/YounowComChannel.class
   jd/plugins/decrypter/ZDFMediathekDecrypter$QUALITY.class
   jd/plugins/decrypter/ZDFMediathekDecrypter.class
   jd/plugins/hoster/ARDMediathek.class
   jd/plugins/hoster/AbbyWintersCom.class
   jd/plugins/hoster/AbstractPastebinHoster.class
   jd/plugins/hoster/AccioDebridCom.class
   jd/plugins/hoster/AdulttimeCom.class.removed
   jd/plugins/hoster/AfileCloud.class.removed
   jd/plugins/hoster/AkmfilesCom.class
   jd/plugins/hoster/AkwamCc.class
   jd/plugins/hoster/Al4aCom.class
   jd/plugins/hoster/AlfafileNet.class
   jd/plugins/hoster/AllDebridCom$1.class
   jd/plugins/hoster/AllDebridCom$2.class
   jd/plugins/hoster/AllDebridCom$3.class
   jd/plugins/hoster/AllDebridCom$4.class
   jd/plugins/hoster/AllDebridCom$AlldebridComConfig$TRANSLATION.class
   jd/plugins/hoster/AllDebridCom$AlldebridComConfig.class
   jd/plugins/hoster/AllDebridCom.class
   jd/plugins/hoster/AniStreamCom.class
   jd/plugins/hoster/AnimeUltimeNet.class
   jd/plugins/hoster/AnimegalleriesNet.class
   jd/plugins/hoster/AnonFilesCom.class.removed
   jd/plugins/hoster/AnonfilesMe.class
   jd/plugins/hoster/ArchiveOrg.class
   jd/plugins/hoster/ArteTv.class
   jd/plugins/hoster/AsdfilesCom.class
   jd/plugins/hoster/AudioMa.class
   jd/plugins/hoster/AvThXyz.class
   jd/plugins/hoster/AventertainmentsCom.class
   jd/plugins/hoster/AvgleCom.class
   jd/plugins/hoster/BadoinkvrCom.class
   jd/plugins/hoster/BandCampCom.class
   jd/plugins/hoster/BangCom.class
   jd/plugins/hoster/BangbrosCom.class
   jd/plugins/hoster/BaseShareCom.class
   jd/plugins/hoster/BatoTo.class
   jd/plugins/hoster/BatshareNet.class.removed
   jd/plugins/hoster/BayFilesCom.class.removed
   jd/plugins/hoster/BdsmstreakCom.class
   jd/plugins/hoster/BeegCom.class
   jd/plugins/hoster/BigholestubeCom.class
   jd/plugins/hoster/BiguzNet.class
   jd/plugins/hoster/BippuploadCom.class
   jd/plugins/hoster/BitchuteCom.class
   jd/plugins/hoster/BitpornoCom.class
   jd/plugins/hoster/BlockfilestoreCom.class
   jd/plugins/hoster/BlowpassCom.class.removed
   jd/plugins/hoster/BollywoodHungamaCom.class.removed
   jd/plugins/hoster/BonertubeCom.class.removed
   jd/plugins/hoster/BooruOrg.class
   jd/plugins/hoster/BoxCom.class
   jd/plugins/hoster/BoxbitApp.class
   jd/plugins/hoster/BrDe.class.removed
   jd/plugins/hoster/BundestagDe.class
   jd/plugins/hoster/Bunkr.class
   jd/plugins/hoster/CamVideosOrg.class
   jd/plugins/hoster/CamvaultXyz.class
   jd/plugins/hoster/CboxeraCom.class
   jd/plugins/hoster/ChipDe.class
   jd/plugins/hoster/CivitaiCom.class
   jd/plugins/hoster/ClicknuploadOrg.class
   jd/plugins/hoster/CloudMailRu.class
   jd/plugins/hoster/CloudbateCom.class
   jd/plugins/hoster/ClypIt.class
   jd/plugins/hoster/CocoleechCom$CocoleechAccountFactory$1.class
   jd/plugins/hoster/CocoleechCom$CocoleechAccountFactory.class
   jd/plugins/hoster/CocoleechCom.class
   jd/plugins/hoster/CollectionofbestpornCom.class
   jd/plugins/hoster/CommonsWikimediaOrg.class
   jd/plugins/hoster/ContasturboCom.class
   jd/plugins/hoster/CooldebridCom.class
   jd/plugins/hoster/CopyCaseCom.class
   jd/plugins/hoster/CoubCom.class
   jd/plugins/hoster/CtDiskCom$1.class
   jd/plugins/hoster/CtDiskCom.class
   jd/plugins/hoster/CyberdropMe.class
   jd/plugins/hoster/CyphershareNet.class
   jd/plugins/hoster/DailyMotionCom.class
   jd/plugins/hoster/DailyleechCom.class
   jd/plugins/hoster/DanbooruDonmaiUs.class
   jd/plugins/hoster/DataHu.class
   jd/plugins/hoster/DctpTv.class
   jd/plugins/hoster/DdebridCom.class
   jd/plugins/hoster/DebridFileCom.class
   jd/plugins/hoster/DebridLinkFr2$1.class
   jd/plugins/hoster/DebridLinkFr2$2.class
   jd/plugins/hoster/DebridLinkFr2$3.class
   jd/plugins/hoster/DebridLinkFr2$4.class
   jd/plugins/hoster/DebridLinkFr2$5.class
   jd/plugins/hoster/DebridLinkFr2.class
   jd/plugins/hoster/DebridplanetCom.class
   jd/plugins/hoster/DeepbridCom.class
   jd/plugins/hoster/DefineBabeCom.class
   jd/plugins/hoster/DegooCom.class
   jd/plugins/hoster/DepositFiles.class
   jd/plugins/hoster/DeviantArtCom.class
   jd/plugins/hoster/DevuploadsCom.class
   jd/plugins/hoster/DfxtraCom.class.removed
   jd/plugins/hoster/DirectHTTP.class
   jd/plugins/hoster/DirectUploadNet.class
   jd/plugins/hoster/DiskYandexNet.class
   jd/plugins/hoster/DliveTv.class
   jd/plugins/hoster/DocplayerNet.class
   jd/plugins/hoster/DocworkspaceCom.class
   jd/plugins/hoster/DoodstreamCom.class
   jd/plugins/hoster/DoubleJNetAu.class
   jd/plugins/hoster/DouyinCom.class
   jd/plugins/hoster/DownloadRu.class
   jd/plugins/hoster/DropapkCom.class
   jd/plugins/hoster/DropboxCom$DropboxAccountFactory$1.class
   jd/plugins/hoster/DropboxCom$DropboxAccountFactory.class
   jd/plugins/hoster/DropboxCom.class
   jd/plugins/hoster/DropgalaxyIn.class
   jd/plugins/hoster/DropmefilesCom.class
   jd/plugins/hoster/DropmefilesComUa.class
   jd/plugins/hoster/DzenRu.class
   jd/plugins/hoster/EHentaiOrg$1.class
   jd/plugins/hoster/EHentaiOrg$LIMIT_TYPE.class
   jd/plugins/hoster/EHentaiOrg.class
   jd/plugins/hoster/EPornerCom$1.class
   jd/plugins/hoster/EPornerCom.class
   jd/plugins/hoster/EasyBytezCom.class
   jd/plugins/hoster/EasyuploadIo.class
   jd/plugins/hoster/EfuktCom.class
   jd/plugins/hoster/EightMusesCom.class
   jd/plugins/hoster/EightTracksCom.class
   jd/plugins/hoster/EmbedriseCom.class
   jd/plugins/hoster/EmpflixCom.class
   jd/plugins/hoster/EmuParadiseMe$EmuParadiseMeAccountFactory$1.class
   jd/plugins/hoster/EmuParadiseMe$EmuParadiseMeAccountFactory.class
   jd/plugins/hoster/EmuParadiseMe.class
   jd/plugins/hoster/EpubbooksCom.class
   jd/plugins/hoster/EroScriptsCom.class
   jd/plugins/hoster/EsouboryCz.class
   jd/plugins/hoster/EvilangelAdulttimeCom.class
   jd/plugins/hoster/EvilangelBlowpassCom.class
   jd/plugins/hoster/EvilangelCore$1.class
   jd/plugins/hoster/EvilangelCore$2.class
   jd/plugins/hoster/EvilangelCore.class
   jd/plugins/hoster/EvilangelDfxtraCom.class
   jd/plugins/hoster/EvilangelFilthykingsCom.class
   jd/plugins/hoster/EvilangelGangbangcreampieCom.class
   jd/plugins/hoster/EvilangelGenderxfilmsCom.class
   jd/plugins/hoster/EvilangelGirlfriendsfilmsCom.class
   jd/plugins/hoster/EvilangelGloryholesecretsCom.class
   jd/plugins/hoster/EvilangelMypervyfamilyCom.class
   jd/plugins/hoster/EvilangelTabooheatCom.class
   jd/plugins/hoster/EvilangelWickedCom.class
   jd/plugins/hoster/EvilangelXempireCom.class
   jd/plugins/hoster/EvilangelZerotolerancefilmsCom.class
   jd/plugins/hoster/ExpfileCom.class
   jd/plugins/hoster/EzvnNet.class
   jd/plugins/hoster/FShareVn.class
   jd/plugins/hoster/FaceBookComVideos.class
   jd/plugins/hoster/FacecastNet.class
   jd/plugins/hoster/FakirdebridNet.class
   jd/plugins/hoster/FastDownCom.class
   jd/plugins/hoster/FastPicRu.class
   jd/plugins/hoster/FastShareCz.class
   jd/plugins/hoster/FastclickTo.class.removed
   jd/plugins/hoster/FastfileCc.class
   jd/plugins/hoster/FatTubeCom.class.removed
   jd/plugins/hoster/FexNet.class
   jd/plugins/hoster/FikperCom$1.class
   jd/plugins/hoster/FikperCom$2.class
   jd/plugins/hoster/FikperCom$FikperAccountFactory$1.class
   jd/plugins/hoster/FikperCom$FikperAccountFactory.class
   jd/plugins/hoster/FikperCom.class
   jd/plugins/hoster/FileHorstDe.class
   jd/plugins/hoster/FileJokerNet.class
   jd/plugins/hoster/FileRioIn.class.removed
   jd/plugins/hoster/FileaxaCom.class
   jd/plugins/hoster/FileconvoyCom.class
   jd/plugins/hoster/FiledropperCom.class.removed
   jd/plugins/hoster/FilehostRo.class
   jd/plugins/hoster/FilelionsTo.class
   jd/plugins/hoster/FilemoonSx$1.class
   jd/plugins/hoster/FilemoonSx.class
   jd/plugins/hoster/FilerNet.class
   jd/plugins/hoster/FilesMonsterCom.class
   jd/plugins/hoster/FilestoreMe.class
   jd/plugins/hoster/FileupupCom.class.removed
   jd/plugins/hoster/FilexCx.class
   jd/plugins/hoster/FilozNet.class
   jd/plugins/hoster/FilthykingsCom.class.removed
   jd/plugins/hoster/FirefileCc.class
   jd/plugins/hoster/FiveSingCom.class
   jd/plugins/hoster/FiveSixSevenFileCom.class
   jd/plugins/hoster/FivehundretPxCom.class
   jd/plugins/hoster/FlickrCom.class
   jd/plugins/hoster/FlimmitCom.class
   jd/plugins/hoster/FluidPlayer.class.removed
   jd/plugins/hoster/FlyflvCom.class
   jd/plugins/hoster/FocusDe.class
   jd/plugins/hoster/FondsfinanzDe.class
   jd/plugins/hoster/FrancetelevisionsCom.class
   jd/plugins/hoster/FreeDiscPl.class
   jd/plugins/hoster/FreeViewMoviesCom.class
   jd/plugins/hoster/FreediscussionsCom.class
   jd/plugins/hoster/FreeshemaletubeCom.class.removed
   jd/plugins/hoster/FromsmashCom.class
   jd/plugins/hoster/FrprnCom.class
   jd/plugins/hoster/FuraffinityNet.class
   jd/plugins/hoster/FurkNet.class.removed
   jd/plugins/hoster/GaskrankTv.class
   jd/plugins/hoster/GelbooruCom.class
   jd/plugins/hoster/GenderxfilmsCom.class.removed
   jd/plugins/hoster/GettrCom.class
   jd/plugins/hoster/GfyCatCom.class
   jd/plugins/hoster/GigaDownCom.class
   jd/plugins/hoster/GigaPetaCom.class
   jd/plugins/hoster/GigafileNu.class
   jd/plugins/hoster/GiphyCom.class
   jd/plugins/hoster/GirlfriendsfilmsCom.class.removed
   jd/plugins/hoster/GirlfriendvideosCom.class
   jd/plugins/hoster/GlobalFilesNet.class
   jd/plugins/hoster/GofileIo.class
   jd/plugins/hoster/GoodstreamUno.class
   jd/plugins/hoster/GoogleDrive$1.class
   jd/plugins/hoster/GoogleDrive$2.class
   jd/plugins/hoster/GoogleDrive$JsonSchemeType.class
   jd/plugins/hoster/GoogleDrive.class
   jd/plugins/hoster/GotgaypornCom.class.removed
   jd/plugins/hoster/GottanutCom.class.removed
   jd/plugins/hoster/HearthisAt.class
   jd/plugins/hoster/HeavyRCom.class
   jd/plugins/hoster/HentaiFoundryCom.class
   jd/plugins/hoster/HexuploadNet.class
   jd/plugins/hoster/HidriveCom.class
   jd/plugins/hoster/HighWayCore$1.class
   jd/plugins/hoster/HighWayCore.class
   jd/plugins/hoster/HighWayMe2.class
   jd/plugins/hoster/HighpornNet.class
   jd/plugins/hoster/HogTv.class
   jd/plugins/hoster/HoodAmateursCom.class
   jd/plugins/hoster/HostUjeNet.class
   jd/plugins/hoster/HqcollectNet.class.removed
   jd/plugins/hoster/HuabanCom.class
   jd/plugins/hoster/HyperFileShareCom.class
   jd/plugins/hoster/IcedriveNet.class
   jd/plugins/hoster/IcerboxBiz.class
   jd/plugins/hoster/IcloudCom.class
   jd/plugins/hoster/ImDbCom.class
   jd/plugins/hoster/ImageFap$1.class
   jd/plugins/hoster/ImageFap$2.class
   jd/plugins/hoster/ImageFap.class
   jd/plugins/hoster/ImageNetzDe.class
   jd/plugins/hoster/ImageVenueCom.class
   jd/plugins/hoster/ImagesHackCom.class
   jd/plugins/hoster/ImgmazeCom.class
   jd/plugins/hoster/IncstflixCom.class
   jd/plugins/hoster/InstaGramCom.class
   jd/plugins/hoster/IssuuCom.class
   jd/plugins/hoster/IvooxCom.class
   jd/plugins/hoster/IwaraTv.class
   jd/plugins/hoster/JamendoCom.class
   jd/plugins/hoster/JapanWhoresCom.class
   jd/plugins/hoster/JavhdCom.class
   jd/plugins/hoster/JizzbunkerCom.class
   jd/plugins/hoster/JoinPeerTubeOrg.class
   jd/plugins/hoster/JpgChurch.class
   jd/plugins/hoster/JubaGetCom.class
   jd/plugins/hoster/JulesjordanCom$JulesjordanComConfigInterface$TRANSLATION.class
   jd/plugins/hoster/JulesjordanCom$JulesjordanComConfigInterface.class
   jd/plugins/hoster/JulesjordanCom.class
   jd/plugins/hoster/K2SApi$1.class
   jd/plugins/hoster/K2SApi$2.class.removed
   jd/plugins/hoster/K2SApi$3.class.removed
   jd/plugins/hoster/K2SApi$CAPTCHA.class
   jd/plugins/hoster/K2SApi.class
   jd/plugins/hoster/KemonoParty.class
   jd/plugins/hoster/KernelVideoSharingComV2.class
   jd/plugins/hoster/KernelVideoSharingComV2HostsDefault.class
   jd/plugins/hoster/KernelVideoSharingComV2HostsDefault3.class
   jd/plugins/hoster/KinkCom$1.class
   jd/plugins/hoster/KinkCom.class
   jd/plugins/hoster/KoofrNet.class
   jd/plugins/hoster/KvsDemoCom.class
   jd/plugins/hoster/LeechallIo.class
   jd/plugins/hoster/LetsuploadCo.class
   jd/plugins/hoster/LikeeVideo.class
   jd/plugins/hoster/LinkSnappyCom$1.class
   jd/plugins/hoster/LinkSnappyCom$LinkSnappyComConfig$TRANSLATION.class
   jd/plugins/hoster/LinkSnappyCom$LinkSnappyComConfig.class
   jd/plugins/hoster/LinkSnappyCom.class
   jd/plugins/hoster/LinkbypassOnline.class.removed
   jd/plugins/hoster/LinkifierCom.class
   jd/plugins/hoster/LiteapksCom.class
   jd/plugins/hoster/LiteroticaCom.class
   jd/plugins/hoster/LiveStreamCom.class
   jd/plugins/hoster/LololyricsCom.class
   jd/plugins/hoster/LongFilesCom.class.removed
   jd/plugins/hoster/LulustreamCom.class
   jd/plugins/hoster/MakinaManiaCom.class
   jd/plugins/hoster/ManHubCom.class
   jd/plugins/hoster/Mangafox.class
   jd/plugins/hoster/MangatownCom.class
   jd/plugins/hoster/MediafilesCc.class
   jd/plugins/hoster/MediafireCom$1.class
   jd/plugins/hoster/MediafireCom.class
   jd/plugins/hoster/MegaConz$1.class
   jd/plugins/hoster/MegaConz$2.class
   jd/plugins/hoster/MegaConz$3.class
   jd/plugins/hoster/MegaConz$MegaDownloadLinkDownloadable.class
   jd/plugins/hoster/MegaConz$MegaHashCheck$1.class
   jd/plugins/hoster/MegaConz$MegaHashCheck.class
   jd/plugins/hoster/MegaConz.class
   jd/plugins/hoster/MetArtCom.class
   jd/plugins/hoster/MilfzrCom.class
   jd/plugins/hoster/MixCloudCom.class
   jd/plugins/hoster/MixdropCo.class
   jd/plugins/hoster/MobilismOrg.class
   jd/plugins/hoster/MotherLessCom.class
   jd/plugins/hoster/MountFileNet.class
   jd/plugins/hoster/MydebridCom.class
   jd/plugins/hoster/MyviRu.class
   jd/plugins/hoster/MyzcloudMe.class.removed
   jd/plugins/hoster/MyzukaClub.class
   jd/plugins/hoster/NewsAstraWebCom.class
   jd/plugins/hoster/NexusmodsCom.class
   jd/plugins/hoster/NhentaiNet.class
   jd/plugins/hoster/NinegagCom.class
   jd/plugins/hoster/NinjastreamTo.class.removed
   jd/plugins/hoster/NippyShareCom.class
   jd/plugins/hoster/NitroFlareCom.class
   jd/plugins/hoster/NoPremiumPl.class
   jd/plugins/hoster/NonktubeCom.class
   jd/plugins/hoster/NovaFileCom$1.class
   jd/plugins/hoster/NovaFileCom.class
   jd/plugins/hoster/NtvDe.class
   jd/plugins/hoster/NubilefilmsCom.class
   jd/plugins/hoster/ORFMediathek$1.class
   jd/plugins/hoster/ORFMediathek.class
   jd/plugins/hoster/OdyseeCom.class
   jd/plugins/hoster/OffCloudCom.class
   jd/plugins/hoster/Offline.class
   jd/plugins/hoster/OkRu$1.class
   jd/plugins/hoster/OkRu.class
   jd/plugins/hoster/OneFichierCom$1.class
   jd/plugins/hoster/OneFichierCom$OnefichierAccountFactory$1.class
   jd/plugins/hoster/OneFichierCom$OnefichierAccountFactory.class
   jd/plugins/hoster/OneFichierCom.class
   jd/plugins/hoster/OpenDriveCom.class
   jd/plugins/hoster/OydiskCom.class
   jd/plugins/hoster/PCloudCom.class
   jd/plugins/hoster/PalcomixCom.class
   jd/plugins/hoster/PandafilesCom.class
   jd/plugins/hoster/PastebinCom.class
   jd/plugins/hoster/PbsOrg.class
   jd/plugins/hoster/PeekVidsCom.class
   jd/plugins/hoster/PervcityCom$1.class
   jd/plugins/hoster/PervcityCom.class
   jd/plugins/hoster/PhotobucketCom.class
   jd/plugins/hoster/PicstateCom.class
   jd/plugins/hoster/PimpandhostCom.class
   jd/plugins/hoster/PinterestCom$1.class
   jd/plugins/hoster/PinterestCom.class
   jd/plugins/hoster/PixaBayCom.class
   jd/plugins/hoster/PixeldrainCom$1.class
   jd/plugins/hoster/PixeldrainCom$PixeldrainAccountFactory$1.class
   jd/plugins/hoster/PixeldrainCom$PixeldrainAccountFactory.class
   jd/plugins/hoster/PixeldrainCom.class
   jd/plugins/hoster/PixhostTo.class
   jd/plugins/hoster/PixivNet.class
   jd/plugins/hoster/PluralsightCom.class
   jd/plugins/hoster/PoopeegirlsCom.class
   jd/plugins/hoster/PornHubCom$1.class
   jd/plugins/hoster/PornHubCom$2$1.class
   jd/plugins/hoster/PornHubCom$2.class
   jd/plugins/hoster/PornHubCom$BouncyCastleAESCounterModeDecrypt.class
   jd/plugins/hoster/PornHubCom.class
   jd/plugins/hoster/PornStarNetworkCom.class.removed
   jd/plugins/hoster/PorndoeCom$1.class
   jd/plugins/hoster/PorndoeCom.class
   jd/plugins/hoster/PornhdCom.class
   jd/plugins/hoster/PornlibCom.class
   jd/plugins/hoster/PornonodCom.class.removed
   jd/plugins/hoster/PornportalCom.class
   jd/plugins/hoster/PremiumTo$1.class
   jd/plugins/hoster/PremiumTo$2.class
   jd/plugins/hoster/PremiumTo$3.class
   jd/plugins/hoster/PremiumTo$PremiumDotToConfigInterface$Translation.class
   jd/plugins/hoster/PremiumTo$PremiumDotToConfigInterface.class
   jd/plugins/hoster/PremiumTo.class
   jd/plugins/hoster/PrzeklejOrg.class
   jd/plugins/hoster/PscpTv.class
   jd/plugins/hoster/Puls4Com.class
   jd/plugins/hoster/PutIO.class
   jd/plugins/hoster/QiwiGg.class
   jd/plugins/hoster/RTLCms.class
   jd/plugins/hoster/RapidGatorNet.class
   jd/plugins/hoster/RapidbIt.class
   jd/plugins/hoster/RapideoPl.class
   jd/plugins/hoster/RapidoxPl.class
   jd/plugins/hoster/RapidsPl.class
   jd/plugins/hoster/RapidtrafficCore$1.class
   jd/plugins/hoster/RapidtrafficCore$2.class
   jd/plugins/hoster/RapidtrafficCore.class
   jd/plugins/hoster/RarcloudsCom.class
   jd/plugins/hoster/RealDebridCom.class
   jd/plugins/hoster/RecurbateCom.class
   jd/plugins/hoster/RedTubeCom.class
   jd/plugins/hoster/RedbullTv$1.class
   jd/plugins/hoster/RedbullTv.class
   jd/plugins/hoster/RedditCom.class
   jd/plugins/hoster/RomulationOrg.class
   jd/plugins/hoster/RosefileNet.class
   jd/plugins/hoster/RtveEs.class
   jd/plugins/hoster/SankakucomplexCom.class
   jd/plugins/hoster/ScribdCom.class
   jd/plugins/hoster/SeedrCc.class
   jd/plugins/hoster/SendspaceCom.class
   jd/plugins/hoster/ServusCom.class
   jd/plugins/hoster/SeventySevenFileCom.class
   jd/plugins/hoster/SextvxCom.class
   jd/plugins/hoster/SexuCom.class
   jd/plugins/hoster/ShareVideosSe.class.removed
   jd/plugins/hoster/ShareplaceOrg.class
   jd/plugins/hoster/SigmatvCom.class
   jd/plugins/hoster/SmoozedCom.class
   jd/plugins/hoster/SoundcloudCom$1.class
   jd/plugins/hoster/SoundcloudCom$2.class
   jd/plugins/hoster/SoundcloudCom$AudioQualitySelectionMode$1.class
   jd/plugins/hoster/SoundcloudCom$AudioQualitySelectionMode$2.class
   jd/plugins/hoster/SoundcloudCom$AudioQualitySelectionMode$3.class
   jd/plugins/hoster/SoundcloudCom$AudioQualitySelectionMode.class
   jd/plugins/hoster/SoundcloudCom.class
   jd/plugins/hoster/StahomatCzSuperloadCz.class
   jd/plugins/hoster/Streama2zCom.class
   jd/plugins/hoster/StreamableCom.class
   jd/plugins/hoster/StreamdavCom.class
   jd/plugins/hoster/StreamhideCom.class
   jd/plugins/hoster/StreamhubTo.class
   jd/plugins/hoster/StreamlareCom.class.removed
   jd/plugins/hoster/StreamrubyCom.class
   jd/plugins/hoster/StreamwishCom.class
   jd/plugins/hoster/SubSceneCom.class
   jd/plugins/hoster/SvtSe.class
   jd/plugins/hoster/TabooheatCom.class.removed
   jd/plugins/hoster/TeraboxCom$1.class
   jd/plugins/hoster/TeraboxCom.class
   jd/plugins/hoster/Tf1Fr.class
   jd/plugins/hoster/TiktokCom$1.class
   jd/plugins/hoster/TiktokCom.class
   jd/plugins/hoster/TnaFlixCom.class
   jd/plugins/hoster/TrannyOne.class
   jd/plugins/hoster/TrannytubeTv.class
   jd/plugins/hoster/TransfernowNet.class
   jd/plugins/hoster/TransloadMe.class
   jd/plugins/hoster/Tube8Com.class
   jd/plugins/hoster/TubeRampantTv.class.removed
   jd/plugins/hoster/TubousCom.class
   jd/plugins/hoster/TumblrCom.class
   jd/plugins/hoster/TurboBitNet.class
   jd/plugins/hoster/TvigleRu.class
   jd/plugins/hoster/TwitterCom.class
   jd/plugins/hoster/UdemyCom$1.class
   jd/plugins/hoster/UdemyCom.class
   jd/plugins/hoster/UdropCom.class
   jd/plugins/hoster/UlozTo.class
   jd/plugins/hoster/UnknownPornScript1.class
   jd/plugins/hoster/UnknownPornScript2.class
   jd/plugins/hoster/UnknownPornScript4.class
   jd/plugins/hoster/UnknownPornScript5.class
   jd/plugins/hoster/UnknownPornScript8.class
   jd/plugins/hoster/UpToBoxCom$1.class
   jd/plugins/hoster/UpToBoxCom$UptoboxAccountFactory$1.class
   jd/plugins/hoster/UpToBoxCom$UptoboxAccountFactory.class
   jd/plugins/hoster/UpToBoxCom.class
   jd/plugins/hoster/UploadDo.class
   jd/plugins/hoster/UploaderJp.class
   jd/plugins/hoster/UqloadCom.class
   jd/plugins/hoster/UrFilesCom.class.removed
   jd/plugins/hoster/UseNetFarm.class
   jd/plugins/hoster/UsenextCom.class
   jd/plugins/hoster/UseruploadNet.class
   jd/plugins/hoster/VKontakteRuHoster$1.class
   jd/plugins/hoster/VKontakteRuHoster$Quality$1.class
   jd/plugins/hoster/VKontakteRuHoster$Quality$2.class
   jd/plugins/hoster/VKontakteRuHoster$Quality$3.class
   jd/plugins/hoster/VKontakteRuHoster$Quality$4.class
   jd/plugins/hoster/VKontakteRuHoster$Quality$5.class
   jd/plugins/hoster/VKontakteRuHoster$Quality$6.class
   jd/plugins/hoster/VKontakteRuHoster$Quality$7.class
   jd/plugins/hoster/VKontakteRuHoster$Quality$8.class
   jd/plugins/hoster/VKontakteRuHoster$Quality.class
   jd/plugins/hoster/VKontakteRuHoster$QualitySelectionMode$1.class
   jd/plugins/hoster/VKontakteRuHoster$QualitySelectionMode$2.class
   jd/plugins/hoster/VKontakteRuHoster$QualitySelectionMode$3.class
   jd/plugins/hoster/VKontakteRuHoster$QualitySelectionMode$4.class
   jd/plugins/hoster/VKontakteRuHoster$QualitySelectionMode.class
   jd/plugins/hoster/VKontakteRuHoster.class
   jd/plugins/hoster/VeohCom$BouncyCastleAESdecrypt.class
   jd/plugins/hoster/VeohCom.class
   jd/plugins/hoster/VidbleCom.class
   jd/plugins/hoster/VideoMediasetIt.class
   jd/plugins/hoster/VideopressCom.class
   jd/plugins/hoster/VidguardTo.class
   jd/plugins/hoster/VidsharTv.class
   jd/plugins/hoster/VidyardCom.class
   jd/plugins/hoster/VimeoCom.class
   jd/plugins/hoster/VimmNet.class
   jd/plugins/hoster/VineCo.class
   jd/plugins/hoster/VivaTv$1.class
   jd/plugins/hoster/VivaTv$2.class
   jd/plugins/hoster/VivaTv$3.class
   jd/plugins/hoster/VivaTv$4.class
   jd/plugins/hoster/VivaTv$5.class
   jd/plugins/hoster/VivaTv.class
   jd/plugins/hoster/VivudCom.class
   jd/plugins/hoster/VizCom.class
   jd/plugins/hoster/VoeSx.class
   jd/plugins/hoster/VtubeNetwork.class
   jd/plugins/hoster/VvvvidIt.class
   jd/plugins/hoster/WeltDeMediathek.class
   jd/plugins/hoster/WickedCom.class.removed
   jd/plugins/hoster/WickedsickTv.class
   jd/plugins/hoster/WistiaCom.class
   jd/plugins/hoster/WorldStarHipHopCom.class
   jd/plugins/hoster/WsjCom.class
   jd/plugins/hoster/XFileSharingProBasicDropgalaxyCORE.class
   jd/plugins/hoster/XHamsterCom$1.class
   jd/plugins/hoster/XHamsterCom.class
   jd/plugins/hoster/XbooruCom.class
   jd/plugins/hoster/XempireCom.class.removed
   jd/plugins/hoster/XfreehdCom.class
   jd/plugins/hoster/XingyaodiskCom.class
   jd/plugins/hoster/XnxxCom.class
   jd/plugins/hoster/XnxxGold.class
   jd/plugins/hoster/XsNewsNl$1.class
   jd/plugins/hoster/XsNewsNl.class
   jd/plugins/hoster/XunniupanCom.class
   jd/plugins/hoster/XvideosCom.class
   jd/plugins/hoster/XvideosCore$1.class
   jd/plugins/hoster/XvideosCore.class
   jd/plugins/hoster/XyouCom.class
   jd/plugins/hoster/YandeRe.class
   jd/plugins/hoster/YandexAlbum.class
   jd/plugins/hoster/YapfilesRu.class
   jd/plugins/hoster/YouWatchOrg.class
   jd/plugins/hoster/YoudboxCom.class
   jd/plugins/hoster/YounowCom.class
   jd/plugins/hoster/YoupicCom.class
   jd/plugins/hoster/YoutubeDashV2$1.class
   jd/plugins/hoster/YoutubeDashV2$10.class
   jd/plugins/hoster/YoutubeDashV2$11.class
   jd/plugins/hoster/YoutubeDashV2$12.class
   jd/plugins/hoster/YoutubeDashV2$13.class
   jd/plugins/hoster/YoutubeDashV2$14.class
   jd/plugins/hoster/YoutubeDashV2$15.class
   jd/plugins/hoster/YoutubeDashV2$16.class
   jd/plugins/hoster/YoutubeDashV2$17$1.class
   jd/plugins/hoster/YoutubeDashV2$17.class
   jd/plugins/hoster/YoutubeDashV2$18.class
   jd/plugins/hoster/YoutubeDashV2$2.class
   jd/plugins/hoster/YoutubeDashV2$3.class
   jd/plugins/hoster/YoutubeDashV2$4.class
   jd/plugins/hoster/YoutubeDashV2$5.class
   jd/plugins/hoster/YoutubeDashV2$6$1.class
   jd/plugins/hoster/YoutubeDashV2$6.class
   jd/plugins/hoster/YoutubeDashV2$7.class
   jd/plugins/hoster/YoutubeDashV2$8.class
   jd/plugins/hoster/YoutubeDashV2$9.class
   jd/plugins/hoster/YoutubeDashV2$DashDownloadPluginProgress.class
   jd/plugins/hoster/YoutubeDashV2.class
   jd/plugins/hoster/ZbigzCom.class
   jd/plugins/hoster/ZdfDeMediathek$ZdfmediathekConfigInterface$TRANSLATION.class
   jd/plugins/hoster/ZdfDeMediathek$ZdfmediathekConfigInterface.class
   jd/plugins/hoster/ZdfDeMediathek.class
   jd/plugins/hoster/ZeroshareMe.class.removed
   jd/plugins/hoster/ZerotolerancefilmsCom.class.removed
   jd/plugins/hoster/ZeveraCore$1.class
   jd/plugins/hoster/ZeveraCore$2.class
   jd/plugins/hoster/ZeveraCore$3.class
   jd/plugins/hoster/ZeveraCore.class
   jd/plugins/hoster/ZtreamhubCom.class
----------------Extensions----------------
   extensions/AntiShutdown.jar
   extensions/Extraction.jar
----------------Direct Files----------------
   build.json
   translations/org/jdownloader/gui/translate/GuiTranslation.bs.lng
   translations/org/jdownloader/gui/translate/GuiTranslation.pt_BR.lng
   translations/org/jdownloader/translate/JdownloaderTranslation.bs.lng
   translations/org/jdownloader/translate/JdownloaderTranslation.pt_BR.lng
----------------Core Files----------------
   Core.jar
   JD: Core.jar/jd/SecondLevelLaunch$1.class
   JD: Core.jar/jd/SecondLevelLaunch$10.class
   JD: Core.jar/jd/SecondLevelLaunch$11.class
   JD: Core.jar/jd/SecondLevelLaunch$12.class
   JD: Core.jar/jd/SecondLevelLaunch$13$1.class
   JD: Core.jar/jd/SecondLevelLaunch$13.class
   JD: Core.jar/jd/SecondLevelLaunch$14.class
   JD: Core.jar/jd/SecondLevelLaunch$2.class
   JD: Core.jar/jd/SecondLevelLaunch$3.class
   JD: Core.jar/jd/SecondLevelLaunch$4.class
   JD: Core.jar/jd/SecondLevelLaunch$5.class
   JD: Core.jar/jd/SecondLevelLaunch$6.class
   JD: Core.jar/jd/SecondLevelLaunch$7$1.class
   JD: Core.jar/jd/SecondLevelLaunch$7.class
   JD: Core.jar/jd/SecondLevelLaunch$8.class
   JD: Core.jar/jd/SecondLevelLaunch$9$1$1.class
   JD: Core.jar/jd/SecondLevelLaunch$9$1$2.class
   JD: Core.jar/jd/SecondLevelLaunch$9$1$3.class
   JD: Core.jar/jd/SecondLevelLaunch$9$1$4$1$1.class
   JD: Core.jar/jd/SecondLevelLaunch$9$1$4$1$2.class
   JD: Core.jar/jd/SecondLevelLaunch$9$1$4$1$3.class
   JD: Core.jar/jd/SecondLevelLaunch$9$1$4$1.class
   JD: Core.jar/jd/SecondLevelLaunch$9$1$4$2.class
   JD: Core.jar/jd/SecondLevelLaunch$9$1$4.class
   JD: Core.jar/jd/SecondLevelLaunch$9$1$5$1$1.class
   JD: Core.jar/jd/SecondLevelLaunch$9$1$5$1$2.class
   JD: Core.jar/jd/SecondLevelLaunch$9$1$5$1.class
   JD: Core.jar/jd/SecondLevelLaunch$9$1$5.class
   JD: Core.jar/jd/SecondLevelLaunch$9$1$6$1.class
   JD: Core.jar/jd/SecondLevelLaunch$9$1$6.class
   JD: Core.jar/jd/SecondLevelLaunch$9$1$7.class
   JD: Core.jar/jd/SecondLevelLaunch$9$1.class
   JD: Core.jar/jd/SecondLevelLaunch$9.class
   JD: Core.jar/jd/SecondLevelLaunch.class
   JD: Core.jar/jd/controlling/captcha/CaptchaSettings$CAPTCHA_TIMEOUT_ACTION.class
   JD: Core.jar/jd/controlling/captcha/CaptchaSettings$MODE.class
   JD: Core.jar/jd/controlling/captcha/CaptchaSettings.class
   JD: Core.jar/jd/controlling/linkcollector/LinknameCleaner$1.class
   JD: Core.jar/jd/controlling/linkcollector/LinknameCleaner$EXTENSION_SETTINGS.class
   JD: Core.jar/jd/controlling/linkcollector/LinknameCleaner.class
   JD: Core.jar/jd/controlling/linkcrawler/CrawledLink$1.class
   JD: Core.jar/jd/controlling/linkcrawler/CrawledLink$2.class
   JD: Core.jar/jd/controlling/linkcrawler/CrawledLink.class
   JD: Core.jar/jd/controlling/linkcrawler/CrawledLinkProperties.class
   JD: Core.jar/jd/controlling/linkcrawler/CrawledLinkSessionProperties.class
   JD: Core.jar/jd/controlling/linkcrawler/LinkCrawler.class
   JD: Core.jar/jd/network.removed
   JD: Core.jar/jd/network/rtmp.removed
   JD: Core.jar/jd/network/rtmp/FlvFixer$1.class.removed
   JD: Core.jar/jd/network/rtmp/FlvFixer$Tag.class.removed
   JD: Core.jar/jd/network/rtmp/FlvFixer.class.removed
   JD: Core.jar/jd/network/rtmp/FlvFixerProgress.class.removed
   JD: Core.jar/jd/parser/html/Form.class
   JD: Core.jar/jd/parser/html/InputField.class
   JD: Core.jar/jd/plugins/DownloadLink$1.class
   JD: Core.jar/jd/plugins/DownloadLink$2.class
   JD: Core.jar/jd/plugins/DownloadLink$3.class
   JD: Core.jar/jd/plugins/DownloadLink$4.class
   JD: Core.jar/jd/plugins/DownloadLink$5.class
   JD: Core.jar/jd/plugins/DownloadLink$AvailableStatus.class
   JD: Core.jar/jd/plugins/DownloadLink.class
   JD: Core.jar/jd/plugins/LinkInfo$1.class
   JD: Core.jar/jd/plugins/LinkInfo$2.class
   JD: Core.jar/jd/plugins/LinkInfo$3.class
   JD: Core.jar/jd/plugins/LinkInfo$4.class
   JD: Core.jar/jd/plugins/LinkInfo.class
   JD: Core.jar/jd/plugins/MinimalMemoryJSonParser.class
   JD: Core.jar/jd/plugins/Plugin$1.class
   JD: Core.jar/jd/plugins/Plugin$2.class
   JD: Core.jar/jd/plugins/Plugin$3.class
   JD: Core.jar/jd/plugins/Plugin$4.class
   JD: Core.jar/jd/plugins/Plugin.class
   JD: Core.jar/jd/plugins/components/MediathekHelper.class
   JD: Core.jar/jd/plugins/components/SiteType$SiteTemplate.class
   JD: Core.jar/org/jdownloader/api/RemoteAPIConfig.class
   JD: Core.jar/org/jdownloader/api/captcha/CaptchaAPISolver$1.class
   JD: Core.jar/org/jdownloader/api/captcha/CaptchaAPISolver$2.class.removed
   JD: Core.jar/org/jdownloader/api/captcha/CaptchaAPISolver$3.class.removed
   JD: Core.jar/org/jdownloader/api/captcha/CaptchaAPISolver.class
   JD: Core.jar/org/jdownloader/api/captcha/CaptchaAPISolverEvent.class.removed
   JD: Core.jar/org/jdownloader/api/captcha/CaptchaAPISolverEventSender.class.removed
   JD: Core.jar/org/jdownloader/api/captcha/CaptchaAPISolverListener.class.removed
   JD: Core.jar/org/jdownloader/api/jdanywhere/api/JDAnywhereEventPublisher$1.class
   JD: Core.jar/org/jdownloader/api/jdanywhere/api/JDAnywhereEventPublisher$2.class
   JD: Core.jar/org/jdownloader/api/jdanywhere/api/JDAnywhereEventPublisher$3.class
   JD: Core.jar/org/jdownloader/api/jdanywhere/api/JDAnywhereEventPublisher$4.class
   JD: Core.jar/org/jdownloader/api/jdanywhere/api/JDAnywhereEventPublisher$5.class
   JD: Core.jar/org/jdownloader/api/jdanywhere/api/JDAnywhereEventPublisher$6.class
   JD: Core.jar/org/jdownloader/api/jdanywhere/api/JDAnywhereEventPublisher$7.class
   JD: Core.jar/org/jdownloader/api/jdanywhere/api/JDAnywhereEventPublisher$8.class
   JD: Core.jar/org/jdownloader/api/jdanywhere/api/JDAnywhereEventPublisher$9.class
   JD: Core.jar/org/jdownloader/api/jdanywhere/api/JDAnywhereEventPublisher$EVENTID.class
   JD: Core.jar/org/jdownloader/api/jdanywhere/api/JDAnywhereEventPublisher.class
   JD: Core.jar/org/jdownloader/captcha/v2/ChallengeSolver$2.class
   JD: Core.jar/org/jdownloader/captcha/v2/ChallengeSolver.class
   JD: Core.jar/org/jdownloader/captcha/v2/challenge/recaptcha/v1/Recaptcha.class
   JD: Core.jar/org/jdownloader/controlling/ffmpeg/AbstractFFmpegBinary$1.class
   JD: Core.jar/org/jdownloader/controlling/ffmpeg/AbstractFFmpegBinary$2.class
   JD: Core.jar/org/jdownloader/controlling/ffmpeg/AbstractFFmpegBinary$3.class
   JD: Core.jar/org/jdownloader/controlling/ffmpeg/AbstractFFmpegBinary$4.class
   JD: Core.jar/org/jdownloader/controlling/ffmpeg/AbstractFFmpegBinary$8.class
   JD: Core.jar/org/jdownloader/controlling/ffmpeg/AbstractFFmpegBinary$AccessibleByteArrayOutputStream.class
   JD: Core.jar/org/jdownloader/controlling/ffmpeg/AbstractFFmpegBinary$FLAG.class
   JD: Core.jar/org/jdownloader/controlling/ffmpeg/AbstractFFmpegBinary.class
   JD: Core.jar/org/jdownloader/controlling/filter/CompiledFiletypeFilter$1.class
   JD: Core.jar/org/jdownloader/controlling/filter/CompiledFiletypeFilter$ArchiveExtensions.class
   JD: Core.jar/org/jdownloader/controlling/filter/CompiledFiletypeFilter$AudioExtensions.class
   JD: Core.jar/org/jdownloader/controlling/filter/CompiledFiletypeFilter$CompiledFiletypeExtension.class
   JD: Core.jar/org/jdownloader/controlling/filter/CompiledFiletypeFilter$DocumentExtensions.class
   JD: Core.jar/org/jdownloader/controlling/filter/CompiledFiletypeFilter$ExecutableExtensions.class
   JD: Core.jar/org/jdownloader/controlling/filter/CompiledFiletypeFilter$HashExtensions.class
   JD: Core.jar/org/jdownloader/controlling/filter/CompiledFiletypeFilter$ImageExtensions.class
   JD: Core.jar/org/jdownloader/controlling/filter/CompiledFiletypeFilter$SubtitleExtensions.class
   JD: Core.jar/org/jdownloader/controlling/filter/CompiledFiletypeFilter$VideoExtensions.class
   JD: Core.jar/org/jdownloader/controlling/filter/CompiledFiletypeFilter.class
   JD: Core.jar/org/jdownloader/dlc/DLCFactory.class
   JD: Core.jar/org/jdownloader/downloader/hls/HLSDownloader$1.class
   JD: Core.jar/org/jdownloader/downloader/hls/HLSDownloader$10.class
   JD: Core.jar/org/jdownloader/downloader/hls/HLSDownloader$2.class
   JD: Core.jar/org/jdownloader/downloader/hls/HLSDownloader$3.class
   JD: Core.jar/org/jdownloader/downloader/hls/HLSDownloader$4.class
   JD: Core.jar/org/jdownloader/downloader/hls/HLSDownloader$5.class
   JD: Core.jar/org/jdownloader/downloader/hls/HLSDownloader$6.class
   JD: Core.jar/org/jdownloader/downloader/hls/HLSDownloader$7.class
   JD: Core.jar/org/jdownloader/downloader/hls/HLSDownloader$8.class
   JD: Core.jar/org/jdownloader/downloader/hls/HLSDownloader$9.class
   JD: Core.jar/org/jdownloader/downloader/hls/HLSDownloader$CONCATSOURCE.class
   JD: Core.jar/org/jdownloader/downloader/hls/HLSDownloader$M3U8SEGMENTSTATE.class
   JD: Core.jar/org/jdownloader/downloader/hls/HLSDownloader$PartFile.class
   JD: Core.jar/org/jdownloader/downloader/hls/HLSDownloader.class
   JD: Core.jar/org/jdownloader/gui/translate/GuiTranslation.class
   JD: Core.jar/org/jdownloader/gui/views/linkgrabber/contextmenu/SetDownloadFolderInLinkgrabberAction.class
   JD: Core.jar/org/jdownloader/plugins/WaitingSkipReason$1.class
   JD: Core.jar/org/jdownloader/plugins/WaitingSkipReason$CAUSE.class
   JD: Core.jar/org/jdownloader/plugins/WaitingSkipReason.class
   JD: Core.jar/org/jdownloader/plugins/components/FlexShareCore.class
   JD: Core.jar/org/jdownloader/plugins/components/TurbobitCore$1.class
   JD: Core.jar/org/jdownloader/plugins/components/TurbobitCore$2.class
   JD: Core.jar/org/jdownloader/plugins/components/TurbobitCore$DownloadType.class
   JD: Core.jar/org/jdownloader/plugins/components/TurbobitCore.class
   JD: Core.jar/org/jdownloader/plugins/components/UnknownHostingScriptCore.class.removed
   JD: Core.jar/org/jdownloader/plugins/components/XFileSharingProBasic$1.class
   JD: Core.jar/org/jdownloader/plugins/components/XFileSharingProBasic$URL_TYPE.class
   JD: Core.jar/org/jdownloader/plugins/components/XFileSharingProBasic$XFSApiAccountFactory$1.class
   JD: Core.jar/org/jdownloader/plugins/components/XFileSharingProBasic$XFSApiAccountFactory.class
   JD: Core.jar/org/jdownloader/plugins/components/XFileSharingProBasic.class
   JD: Core.jar/org/jdownloader/plugins/components/YetiShareCore$1.class
   JD: Core.jar/org/jdownloader/plugins/components/YetiShareCore$2.class
   JD: Core.jar/org/jdownloader/plugins/components/YetiShareCore.class
   JD: Core.jar/org/jdownloader/plugins/components/archiveorg/ArchiveOrgConfig$BookCrawlMode$1.class
   JD: Core.jar/org/jdownloader/plugins/components/archiveorg/ArchiveOrgConfig$BookCrawlMode$2.class
   JD: Core.jar/org/jdownloader/plugins/components/archiveorg/ArchiveOrgConfig$BookCrawlMode$3.class
   JD: Core.jar/org/jdownloader/plugins/components/archiveorg/ArchiveOrgConfig$BookCrawlMode.class
   JD: Core.jar/org/jdownloader/plugins/components/archiveorg/ArchiveOrgConfig$PlaylistCrawlMode$1.class
   JD: Core.jar/org/jdownloader/plugins/components/archiveorg/ArchiveOrgConfig$PlaylistCrawlMode$2.class
   JD: Core.jar/org/jdownloader/plugins/components/archiveorg/ArchiveOrgConfig$PlaylistCrawlMode$3.class
   JD: Core.jar/org/jdownloader/plugins/components/archiveorg/ArchiveOrgConfig$PlaylistCrawlMode.class
   JD: Core.jar/org/jdownloader/plugins/components/archiveorg/ArchiveOrgConfig$PlaylistFilenameScheme$1.class
   JD: Core.jar/org/jdownloader/plugins/components/archiveorg/ArchiveOrgConfig$PlaylistFilenameScheme$2.class
   JD: Core.jar/org/jdownloader/plugins/components/archiveorg/ArchiveOrgConfig$PlaylistFilenameScheme.class
   JD: Core.jar/org/jdownloader/plugins/components/archiveorg/ArchiveOrgConfig$TRANSLATION.class
   JD: Core.jar/org/jdownloader/plugins/components/archiveorg/ArchiveOrgConfig.class
   JD: Core.jar/org/jdownloader/plugins/components/config/AnonFilesComConfig$TRANSLATION.class.removed
   JD: Core.jar/org/jdownloader/plugins/components/config/AnonFilesComConfig.class.removed
   JD: Core.jar/org/jdownloader/plugins/components/config/AnonFilesComConfigBayfiles.class.removed
   JD: Core.jar/org/jdownloader/plugins/components/config/ArdConfigInterface$1.class
   JD: Core.jar/org/jdownloader/plugins/components/config/ArdConfigInterface$SubtitleType$1.class
   JD: Core.jar/org/jdownloader/plugins/components/config/ArdConfigInterface$SubtitleType$2.class
   JD: Core.jar/org/jdownloader/plugins/components/config/ArdConfigInterface$SubtitleType$3.class
   JD: Core.jar/org/jdownloader/plugins/components/config/ArdConfigInterface$SubtitleType.class
   JD: Core.jar/org/jdownloader/plugins/components/config/ArdConfigInterface$TRANSLATION.class
   JD: Core.jar/org/jdownloader/plugins/components/config/ArdConfigInterface.class
   JD: Core.jar/org/jdownloader/plugins/components/config/BunkrConfig.class
   JD: Core.jar/org/jdownloader/plugins/components/config/EhentaiConfig$1.class
   JD: Core.jar/org/jdownloader/plugins/components/config/EhentaiConfig$GalleryCrawlMode$1.class
   JD: Core.jar/org/jdownloader/plugins/components/config/EhentaiConfig$GalleryCrawlMode$2.class
   JD: Core.jar/org/jdownloader/plugins/components/config/EhentaiConfig$GalleryCrawlMode$3.class
   JD: Core.jar/org/jdownloader/plugins/components/config/EhentaiConfig$GalleryCrawlMode.class
   JD: Core.jar/org/jdownloader/plugins/components/config/EhentaiConfig$TRANSLATION.class
   JD: Core.jar/org/jdownloader/plugins/components/config/EhentaiConfig.class
   JD: Core.jar/org/jdownloader/plugins/components/config/EvilangelCoreConfigMypervfamilyCom.class
   JD: Core.jar/org/jdownloader/plugins/components/config/RecurbateComConfig$TRANSLATION.class
   JD: Core.jar/org/jdownloader/plugins/components/config/RecurbateComConfig.class
   JD: Core.jar/org/jdownloader/plugins/components/config/TwitterConfigInterface$FilenameScheme$3.class
   JD: Core.jar/org/jdownloader/plugins/components/config/TwitterConfigInterface$FilenameScheme$4.class
   JD: Core.jar/org/jdownloader/plugins/components/config/TwitterConfigInterface$FilenameScheme$5.class
   JD: Core.jar/org/jdownloader/plugins/components/config/TwitterConfigInterface$FilenameScheme$6.class
   JD: Core.jar/org/jdownloader/plugins/components/config/TwitterConfigInterface$FilenameScheme.class
   JD: Core.jar/org/jdownloader/plugins/components/config/TwitterConfigInterface$SingleTweetCrawlerMode$1.class
   JD: Core.jar/org/jdownloader/plugins/components/config/TwitterConfigInterface$SingleTweetCrawlerMode$2.class
   JD: Core.jar/org/jdownloader/plugins/components/config/TwitterConfigInterface$SingleTweetCrawlerMode$3.class
   JD: Core.jar/org/jdownloader/plugins/components/config/TwitterConfigInterface$SingleTweetCrawlerMode.class
   JD: Core.jar/org/jdownloader/plugins/components/config/TwitterConfigInterface$SingleTweetCrawlerTextCrawlMode$1.class
   JD: Core.jar/org/jdownloader/plugins/components/config/TwitterConfigInterface$SingleTweetCrawlerTextCrawlMode$2.class
   JD: Core.jar/org/jdownloader/plugins/components/config/TwitterConfigInterface$SingleTweetCrawlerTextCrawlMode$3.class
   JD: Core.jar/org/jdownloader/plugins/components/config/TwitterConfigInterface$SingleTweetCrawlerTextCrawlMode$4.class
   JD: Core.jar/org/jdownloader/plugins/components/config/TwitterConfigInterface$SingleTweetCrawlerTextCrawlMode.class
   JD: Core.jar/org/jdownloader/plugins/components/config/TwitterConfigInterface$TRANSLATION.class
   JD: Core.jar/org/jdownloader/plugins/components/config/TwitterConfigInterface.class
   JD: Core.jar/org/jdownloader/plugins/components/config/UpToBoxComConfig$PreferredDomain$6.class
   JD: Core.jar/org/jdownloader/plugins/components/config/UpToBoxComConfig$PreferredDomain$7.class
   JD: Core.jar/org/jdownloader/plugins/components/config/UpToBoxComConfig$PreferredDomain$8.class
   JD: Core.jar/org/jdownloader/plugins/components/config/UpToBoxComConfig$PreferredDomain$9.class
   JD: Core.jar/org/jdownloader/plugins/components/config/UpToBoxComConfig$PreferredDomain.class
   JD: Core.jar/org/jdownloader/plugins/components/config/XFSConfig$TRANSLATION.class
   JD: Core.jar/org/jdownloader/plugins/components/config/XFSConfig.class
   JD: Core.jar/org/jdownloader/plugins/components/config/XFSConfigVideo$DownloadMode$1.class
   JD: Core.jar/org/jdownloader/plugins/components/config/XFSConfigVideo$DownloadMode$2.class
   JD: Core.jar/org/jdownloader/plugins/components/config/XFSConfigVideo$DownloadMode$3.class
   JD: Core.jar/org/jdownloader/plugins/components/config/XFSConfigVideo$DownloadMode.class
   JD: Core.jar/org/jdownloader/plugins/components/config/XFSConfigVideo$TRANSLATION.class
   JD: Core.jar/org/jdownloader/plugins/components/config/XFSConfigVideo.class
   JD: Core.jar/org/jdownloader/plugins/components/google/GoogleHelper$2.class
   JD: Core.jar/org/jdownloader/plugins/components/google/GoogleHelper$3$1.class.removed
   JD: Core.jar/org/jdownloader/plugins/components/google/GoogleHelper$3.class
   JD: Core.jar/org/jdownloader/plugins/components/google/GoogleHelper$4$1.class
   JD: Core.jar/org/jdownloader/plugins/components/google/GoogleHelper$4.class
   JD: Core.jar/org/jdownloader/plugins/components/google/GoogleHelper$5$1.class
   JD: Core.jar/org/jdownloader/plugins/components/google/GoogleHelper$5.class
   JD: Core.jar/org/jdownloader/plugins/components/google/GoogleHelper.class
   JD: Core.jar/org/jdownloader/plugins/components/youtube/YoutubeClipData.class
   JD: Core.jar/org/jdownloader/plugins/components/youtube/YoutubeConfig$ChannelCrawlerSortMode$1.class
   JD: Core.jar/org/jdownloader/plugins/components/youtube/YoutubeConfig$ChannelCrawlerSortMode$2.class
   JD: Core.jar/org/jdownloader/plugins/components/youtube/YoutubeConfig$ChannelCrawlerSortMode$3.class
   JD: Core.jar/org/jdownloader/plugins/components/youtube/YoutubeConfig$ChannelCrawlerSortMode$4.class
   JD: Core.jar/org/jdownloader/plugins/components/youtube/YoutubeConfig$ChannelCrawlerSortMode.class
   JD: Core.jar/org/jdownloader/plugins/components/youtube/YoutubeConfig$ChannelPlaylistCrawlerPackagingMode$1.class
   JD: Core.jar/org/jdownloader/plugins/components/youtube/YoutubeConfig$ChannelPlaylistCrawlerPackagingMode$2.class
   JD: Core.jar/org/jdownloader/plugins/components/youtube/YoutubeConfig$ChannelPlaylistCrawlerPackagingMode$3.class
   JD: Core.jar/org/jdownloader/plugins/components/youtube/YoutubeConfig$ChannelPlaylistCrawlerPackagingMode.class
   JD: Core.jar/org/jdownloader/plugins/components/youtube/YoutubeConfig.class
   JD: Core.jar/org/jdownloader/plugins/components/youtube/YoutubeHelper$1.class
   JD: Core.jar/org/jdownloader/plugins/components/youtube/YoutubeHelper$10.class
   JD: Core.jar/org/jdownloader/plugins/components/youtube/YoutubeHelper$11.class
   JD: Core.jar/org/jdownloader/plugins/components/youtube/YoutubeHelper$12.class
   JD: Core.jar/org/jdownloader/plugins/components/youtube/YoutubeHelper$13.class
   JD: Core.jar/org/jdownloader/plugins/components/youtube/YoutubeHelper$14.class
   JD: Core.jar/org/jdownloader/plugins/components/youtube/YoutubeHelper$15.class
   JD: Core.jar/org/jdownloader/plugins/components/youtube/YoutubeHelper$16.class
   JD: Core.jar/org/jdownloader/plugins/components/youtube/YoutubeHelper$17.class
   JD: Core.jar/org/jdownloader/plugins/components/youtube/YoutubeHelper$18.class
   JD: Core.jar/org/jdownloader/plugins/components/youtube/YoutubeHelper$19.class
   JD: Core.jar/org/jdownloader/plugins/components/youtube/YoutubeHelper$2.class
   JD: Core.jar/org/jdownloader/plugins/components/youtube/YoutubeHelper$20.class
   JD: Core.jar/org/jdownloader/plugins/components/youtube/YoutubeHelper$21.class
   JD: Core.jar/org/jdownloader/plugins/components/youtube/YoutubeHelper$22.class
   JD: Core.jar/org/jdownloader/plugins/components/youtube/YoutubeHelper$23.class
   JD: Core.jar/org/jdownloader/plugins/components/youtube/YoutubeHelper$24.class
   JD: Core.jar/org/jdownloader/plugins/components/youtube/YoutubeHelper$25.class
   JD: Core.jar/org/jdownloader/plugins/components/youtube/YoutubeHelper$26.class
   JD: Core.jar/org/jdownloader/plugins/components/youtube/YoutubeHelper$27.class
   JD: Core.jar/org/jdownloader/plugins/components/youtube/YoutubeHelper$28.class
   JD: Core.jar/org/jdownloader/plugins/components/youtube/YoutubeHelper$29.class
   JD: Core.jar/org/jdownloader/plugins/components/youtube/YoutubeHelper$3.class
   JD: Core.jar/org/jdownloader/plugins/components/youtube/YoutubeHelper$30.class
   JD: Core.jar/org/jdownloader/plugins/components/youtube/YoutubeHelper$31.class
   JD: Core.jar/org/jdownloader/plugins/components/youtube/YoutubeHelper$32.class
   JD: Core.jar/org/jdownloader/plugins/components/youtube/YoutubeHelper$33.class
   JD: Core.jar/org/jdownloader/plugins/components/youtube/YoutubeHelper$34.class
   JD: Core.jar/org/jdownloader/plugins/components/youtube/YoutubeHelper$35.class
   JD: Core.jar/org/jdownloader/plugins/components/youtube/YoutubeHelper$36.class
   JD: Core.jar/org/jdownloader/plugins/components/youtube/YoutubeHelper$37.class
   JD: Core.jar/org/jdownloader/plugins/components/youtube/YoutubeHelper$38.class
   JD: Core.jar/org/jdownloader/plugins/components/youtube/YoutubeHelper$39.class
   JD: Core.jar/org/jdownloader/plugins/components/youtube/YoutubeHelper$4.class
   JD: Core.jar/org/jdownloader/plugins/components/youtube/YoutubeHelper$40.class
   JD: Core.jar/org/jdownloader/plugins/components/youtube/YoutubeHelper$41.class
   JD: Core.jar/org/jdownloader/plugins/components/youtube/YoutubeHelper$42.class
   JD: Core.jar/org/jdownloader/plugins/components/youtube/YoutubeHelper$43.class
   JD: Core.jar/org/jdownloader/plugins/components/youtube/YoutubeHelper$44.class
   JD: Core.jar/org/jdownloader/plugins/components/youtube/YoutubeHelper$45.class
   JD: Core.jar/org/jdownloader/plugins/components/youtube/YoutubeHelper$46.class
   JD: Core.jar/org/jdownloader/plugins/components/youtube/YoutubeHelper$47.class
   JD: Core.jar/org/jdownloader/plugins/components/youtube/YoutubeHelper$48.class
   JD: Core.jar/org/jdownloader/plugins/components/youtube/YoutubeHelper$49.class
   JD: Core.jar/org/jdownloader/plugins/components/youtube/YoutubeHelper$5.class
   JD: Core.jar/org/jdownloader/plugins/components/youtube/YoutubeHelper$6.class
   JD: Core.jar/org/jdownloader/plugins/components/youtube/YoutubeHelper$7.class
   JD: Core.jar/org/jdownloader/plugins/components/youtube/YoutubeHelper$8.class
   JD: Core.jar/org/jdownloader/plugins/components/youtube/YoutubeHelper$9.class
   JD: Core.jar/org/jdownloader/plugins/components/youtube/YoutubeHelper$StreamMap.class
   JD: Core.jar/org/jdownloader/plugins/components/youtube/YoutubeHelper.class
   JD: Core.jar/org/jdownloader/plugins/components/youtube/YoutubeReplacer$DataOrigin.class
   JD: Core.jar/org/jdownloader/plugins/components/youtube/YoutubeReplacer$DataSource.class
   JD: Core.jar/org/jdownloader/plugins/components/youtube/YoutubeReplacer.class
   JD: Core.jar/org/jdownloader/plugins/components/youtube/configpanel/YoutubeDashConfigPanel$1.class
   JD: Core.jar/org/jdownloader/plugins/components/youtube/configpanel/YoutubeDashConfigPanel$10.class
   JD: Core.jar/org/jdownloader/plugins/components/youtube/configpanel/YoutubeDashConfigPanel$11.class
   JD: Core.jar/org/jdownloader/plugins/components/youtube/configpanel/YoutubeDashConfigPanel$12.class
   JD: Core.jar/org/jdownloader/plugins/components/youtube/configpanel/YoutubeDashConfigPanel$2.class
   JD: Core.jar/org/jdownloader/plugins/components/youtube/configpanel/YoutubeDashConfigPanel$3.class
   JD: Core.jar/org/jdownloader/plugins/components/youtube/configpanel/YoutubeDashConfigPanel$4.class
   JD: Core.jar/org/jdownloader/plugins/components/youtube/configpanel/YoutubeDashConfigPanel$5.class
   JD: Core.jar/org/jdownloader/plugins/components/youtube/configpanel/YoutubeDashConfigPanel$6.class
   JD: Core.jar/org/jdownloader/plugins/components/youtube/configpanel/YoutubeDashConfigPanel$7.class
   JD: Core.jar/org/jdownloader/plugins/components/youtube/configpanel/YoutubeDashConfigPanel$8.class
   JD: Core.jar/org/jdownloader/plugins/components/youtube/configpanel/YoutubeDashConfigPanel$9.class
   JD: Core.jar/org/jdownloader/plugins/components/youtube/configpanel/YoutubeDashConfigPanel$MultiVariantBox.class
   JD: Core.jar/org/jdownloader/plugins/components/youtube/configpanel/YoutubeDashConfigPanel.class
   JD: Core.jar/org/jdownloader/plugins/components/youtube/keepForCompatibility/YoutubeVariantOld$1.class
   JD: Core.jar/org/jdownloader/plugins/components/youtube/keepForCompatibility/YoutubeVariantOld$10.class
   JD: Core.jar/org/jdownloader/plugins/components/youtube/keepForCompatibility/YoutubeVariantOld$100.class
   JD: Core.jar/org/jdownloader/plugins/components/youtube/keepForCompatibility/YoutubeVariantOld$101.class
   JD: Core.jar/org/jdownloader/plugins/components/youtube/keepForCompatibility/YoutubeVariantOld$102.class
   JD: Core.jar/org/jdownloader/plugins/components/youtube/keepForCompatibility/YoutubeVariantOld$103.class
   JD: Core.jar/org/jdownloader/plugins/components/youtube/keepForCompatibility/YoutubeVariantOld$104.class
   JD: Core.jar/org/jdownloader/plugins/components/youtube/keepForCompatibility/YoutubeVariantOld$105.class
   JD: Core.jar/org/jdownloader/plugins/components/youtube/keepForCompatibility/YoutubeVariantOld$106.class
   JD: Core.jar/org/jdownloader/plugins/components/youtube/keepForCompatibility/YoutubeVariantOld$107.class
   JD: Core.jar/org/jdownloader/plugins/components/youtube/keepForCompatibility/YoutubeVariantOld$108.class
   JD: Core.jar/org/jdownloader/plugins/components/youtube/keepForCompatibility/YoutubeVariantOld$109.class
   JD: Core.jar/org/jdownloader/plugins/components/youtube/keepForCompatibility/YoutubeVariantOld$11.class
   JD: Core.jar/org/jdownloader/plugins/components/youtube/keepForCompatibility/YoutubeVariantOld$110.class
   JD: Core.jar/org/jdownloader/plugins/components/youtube/keepForCompatibility/YoutubeVariantOld$111.class
   JD: Core.jar/org/jdownloader/plugins/components/youtube/keepForCompatibility/YoutubeVariantOld$112.class
   JD: Core.jar/org/jdownloader/plugins/components/youtube/keepForCompatibility/YoutubeVariantOld$113.class
   JD: Core.jar/org/jdownloader/plugins/components/youtube/keepForCompatibility/YoutubeVariantOld$114.class
   JD: Core.jar/org/jdownloader/plugins/components/youtube/keepForCompatibility/YoutubeVariantOld$115.class
   JD: Core.jar/org/jdownloader/plugins/components/youtube/keepForCompatibility/YoutubeVariantOld$116.class
   JD: Core.jar/org/jdownloader/plugins/components/youtube/keepForCompatibility/YoutubeVariantOld$117.class
   JD: Core.jar/org/jdownloader/plugins/components/youtube/keepForCompatibility/YoutubeVariantOld$118.class
   JD: Core.jar/org/jdownloader/plugins/components/youtube/keepForCompatibility/YoutubeVariantOld$119.class
   JD: Core.jar/org/jdownloader/plugins/components/youtube/keepForCompatibility/YoutubeVariantOld$12.class
   JD: Core.jar/org/jdownloader/plugins/components/youtube/keepForCompatibility/YoutubeVariantOld$120.class
   JD: Core.jar/org/jdownloader/plugins/components/youtube/keepForCompatibility/YoutubeVariantOld$121.class
   JD: Core.jar/org/jdownloader/plugins/components/youtube/keepForCompatibility/YoutubeVariantOld$122.class
   JD: Core.jar/org/jdownloader/plugins/components/youtube/keepForCompatibility/YoutubeVariantOld$123.class
   JD: Core.jar/org/jdownloader/plugins/components/youtube/keepForCompatibility/YoutubeVariantOld$124.class
   JD: Core.jar/org/jdownloader/plugins/components/youtube/keepForCompatibility/YoutubeVariantOld$125.class
   JD: Core.jar/org/jdownloader/plugins/components/youtube/keepForCompatibility/YoutubeVariantOld$126.class
   JD: Core.jar/org/jdownloader/plugins/components/youtube/keepForCompatibility/YoutubeVariantOld$127.class
   JD: Core.jar/org/jdownloader/plugins/components/youtube/keepForCompatibility/YoutubeVariantOld$128.class
   JD: Core.jar/org/jdownloader/plugins/components/youtube/keepForCompatibility/YoutubeVariantOld$129.class
   JD: Core.jar/org/jdownloader/plugins/components/youtube/keepForCompatibility/YoutubeVariantOld$13.class
   JD: Core.jar/org/jdownloader/plugins/components/youtube/keepForCompatibility/YoutubeVariantOld$130.class
   JD: Core.jar/org/jdownloader/plugins/components/youtube/keepForCompatibility/YoutubeVariantOld$131.class
   JD: Core.jar/org/jdownloader/plugins/components/youtube/keepForCompatibility/YoutubeVariantOld$132.class
   JD: Core.jar/org/jdownloader/plugins/components/youtube/keepForCompatibility/YoutubeVariantOld$133.class
   JD: Core.jar/org/jdownloader/plugins/components/youtube/keepForCompatibility/YoutubeVariantOld$134.class
   JD: Core.jar/org/jdownloader/plugins/components/youtube/keepForCompatibility/YoutubeVariantOld$135.class
   JD: Core.jar/org/jdownloader/plugins/components/youtube/keepForCompatibility/YoutubeVariantOld$136.class
   JD: Core.jar/org/jdownloader/plugins/components/youtube/keepForCompatibility/YoutubeVariantOld$137.class
   JD: Core.jar/org/jdownloader/plugins/components/youtube/keepForCompatibility/YoutubeVariantOld$138.class
   JD: Core.jar/org/jdownloader/plugins/components/youtube/keepForCompatibility/YoutubeVariantOld$139.class
   JD: Core.jar/org/jdownloader/plugins/components/youtube/keepForCompatibility/YoutubeVariantOld$14.class
   JD: Core.jar/org/jdownloader/plugins/components/youtube/keepForCompatibility/YoutubeVariantOld$140.class
   JD: Core.jar/org/jdownloader/plugins/components/youtube/keepForCompatibility/YoutubeVariantOld$141.class
   JD: Core.jar/org/jdownloader/plugins/components/youtube/keepForCompatibility/YoutubeVariantOld$142.class
   JD: Core.jar/org/jdownloader/plugins/components/youtube/keepForCompatibility/YoutubeVariantOld$143.class
   JD: Core.jar/org/jdownloader/plugins/components/youtube/keepForCompatibility/YoutubeVariantOld$144.class
   JD: Core.jar/org/jdownloader/plugins/components/youtube/keepForCompatibility/YoutubeVariantOld$145.class
   JD: Core.jar/org/jdownloader/plugins/components/youtube/keepForCompatibility/YoutubeVariantOld$146.class
   JD: Core.jar/org/jdownloader/plugins/components/youtube/keepForCompatibility/YoutubeVariantOld$147.class
   JD: Core.jar/org/jdownloader/plugins/components/youtube/keepForCompatibility/YoutubeVariantOld$148.class
   JD: Core.jar/org/jdownloader/plugins/components/youtube/keepForCompatibility/YoutubeVariantOld$149.class
   JD: Core.jar/org/jdownloader/plugins/components/youtube/keepForCompatibility/YoutubeVariantOld$15.class
   JD: Core.jar/org/jdownloader/plugins/components/youtube/keepForCompatibility/YoutubeVariantOld$150.class
   JD: Core.jar/org/jdownloader/plugins/components/youtube/keepForCompatibility/YoutubeVariantOld$151.class
   JD: Core.jar/org/jdownloader/plugins/components/youtube/keepForCompatibility/YoutubeVariantOld$152.class
   JD: Core.jar/org/jdownloader/plugins/components/youtube/keepForCompatibility/YoutubeVariantOld$153.class
   JD: Core.jar/org/jdownloader/plugins/components/youtube/keepForCompatibility/YoutubeVariantOld$154.class
   JD: Core.jar/org/jdownloader/plugins/components/youtube/keepForCompatibility/YoutubeVariantOld$155.class
   JD: Core.jar/org/jdownloader/plugins/components/youtube/keepForCompatibility/YoutubeVariantOld$156.class
   JD: Core.jar/org/jdownloader/plugins/components/youtube/keepForCompatibility/YoutubeVariantOld$157.class
   JD: Core.jar/org/jdownloader/plugins/components/youtube/keepForCompatibility/YoutubeVariantOld$158.class
   JD: Core.jar/org/jdownloader/plugins/components/youtube/keepForCompatibility/YoutubeVariantOld$159.class
   JD: Core.jar/org/jdownloader/plugins/components/youtube/keepForCompatibility/YoutubeVariantOld$16.class
   JD: Core.jar/org/jdownloader/plugins/components/youtube/keepForCompatibility/YoutubeVariantOld$160.class
   JD: Core.jar/org/jdownloader/plugins/components/youtube/keepForCompatibility/YoutubeVariantOld$161.class
   JD: Core.jar/org/jdownloader/plugins/components/youtube/keepForCompatibility/YoutubeVariantOld$162.class
   JD: Core.jar/org/jdownloader/plugins/components/youtube/keepForCompatibility/YoutubeVariantOld$163.class
   JD: Core.jar/org/jdownloader/plugins/components/youtube/keepForCompatibility/YoutubeVariantOld$164.class
   JD: Core.jar/org/jdownloader/plugins/components/youtube/keepForCompatibility/YoutubeVariantOld$165.class
   JD: Core.jar/org/jdownloader/plugins/components/youtube/keepForCompatibility/YoutubeVariantOld$166.class
   JD: Core.jar/org/jdownloader/plugins/components/youtube/keepForCompatibility/YoutubeVariantOld$167.class
   JD: Core.jar/org/jdownloader/plugins/components/youtube/keepForCompatibility/YoutubeVariantOld$168.class
   JD: Core.jar/org/jdownloader/plugins/components/youtube/keepForCompatibility/YoutubeVariantOld$169.class
   JD: Core.jar/org/jdownloader/plugins/components/youtube/keepForCompatibility/YoutubeVariantOld$17.class
   JD: Core.jar/org/jdownloader/plugins/components/youtube/keepForCompatibility/YoutubeVariantOld$170.class
   JD: Core.jar/org/jdownloader/plugins/components/youtube/keepForCompatibility/YoutubeVariantOld$171.class
   JD: Core.jar/org/jdownloader/plugins/components/youtube/keepForCompatibility/YoutubeVariantOld$172.class
   JD: Core.jar/org/jdownloader/plugins/components/youtube/keepForCompatibility/YoutubeVariantOld$173.class
   JD: Core.jar/org/jdownloader/plugins/components/youtube/keepForCompatibility/YoutubeVariantOld$174.class
   JD: Core.jar/org/jdownloader/plugins/components/youtube/keepForCompatibility/YoutubeVariantOld$175.class
   JD: Core.jar/org/jdownloader/plugins/components/youtube/keepForCompatibility/YoutubeVariantOld$176.class
   JD: Core.jar/org/jdownloader/plugins/components/youtube/keepForCompatibility/YoutubeVariantOld$177.class
   JD: Core.jar/org/jdownloader/plugins/components/youtube/keepForCompatibility/YoutubeVariantOld$178.class
   JD: Core.jar/org/jdownloader/plugins/components/youtube/keepForCompatibility/YoutubeVariantOld$179.class
   JD: Core.jar/org/jdownloader/plugins/components/youtube/keepForCompatibility/YoutubeVariantOld$18.class
   JD: Core.jar/org/jdownloader/plugins/components/youtube/keepForCompatibility/YoutubeVariantOld$19.class
   JD: Core.jar/org/jdownloader/plugins/components/youtube/keepForCompatibility/YoutubeVariantOld$2.class
   JD: Core.jar/org/jdownloader/plugins/components/youtube/keepForCompatibility/YoutubeVariantOld$20.class
   JD: Core.jar/org/jdownloader/plugins/components/youtube/keepForCompatibility/YoutubeVariantOld$21.class
   JD: Core.jar/org/jdownloader/plugins/components/youtube/keepForCompatibility/YoutubeVariantOld$22.class
   JD: Core.jar/org/jdownloader/plugins/components/youtube/keepForCompatibility/YoutubeVariantOld$23.class
   JD: Core.jar/org/jdownloader/plugins/components/youtube/keepForCompatibility/YoutubeVariantOld$24.class
   JD: Core.jar/org/jdownloader/plugins/components/youtube/keepForCompatibility/YoutubeVariantOld$25.class
   JD: Core.jar/org/jdownloader/plugins/components/youtube/keepForCompatibility/YoutubeVariantOld$26.class
   JD: Core.jar/org/jdownloader/plugins/components/youtube/keepForCompatibility/YoutubeVariantOld$27.class
   JD: Core.jar/org/jdownloader/plugins/components/youtube/keepForCompatibility/YoutubeVariantOld$28.class
   JD: Core.jar/org/jdownloader/plugins/components/youtube/keepForCompatibility/YoutubeVariantOld$29.class
   JD: Core.jar/org/jdownloader/plugins/components/youtube/keepForCompatibility/YoutubeVariantOld$3.class
   JD: Core.jar/org/jdownloader/plugins/components/youtube/keepForCompatibility/YoutubeVariantOld$30.class
   JD: Core.jar/org/jdownloader/plugins/components/youtube/keepForCompatibility/YoutubeVariantOld$31.class
   JD: Core.jar/org/jdownloader/plugins/components/youtube/keepForCompatibility/YoutubeVariantOld$32.class
   JD: Core.jar/org/jdownloader/plugins/components/youtube/keepForCompatibility/YoutubeVariantOld$33.class
   JD: Core.jar/org/jdownloader/plugins/components/youtube/keepForCompatibility/YoutubeVariantOld$34.class
   JD: Core.jar/org/jdownloader/plugins/components/youtube/keepForCompatibility/YoutubeVariantOld$35.class
   JD: Core.jar/org/jdownloader/plugins/components/youtube/keepForCompatibility/YoutubeVariantOld$36.class
   JD: Core.jar/org/jdownloader/plugins/components/youtube/keepForCompatibility/YoutubeVariantOld$37.class
   JD: Core.jar/org/jdownloader/plugins/components/youtube/keepForCompatibility/YoutubeVariantOld$38.class
   JD: Core.jar/org/jdownloader/plugins/components/youtube/keepForCompatibility/YoutubeVariantOld$39.class
   JD: Core.jar/org/jdownloader/plugins/components/youtube/keepForCompatibility/YoutubeVariantOld$4.class
   JD: Core.jar/org/jdownloader/plugins/components/youtube/keepForCompatibility/YoutubeVariantOld$40.class
   JD: Core.jar/org/jdownloader/plugins/components/youtube/keepForCompatibility/YoutubeVariantOld$41.class
   JD: Core.jar/org/jdownloader/plugins/components/youtube/keepForCompatibility/YoutubeVariantOld$42.class
   JD: Core.jar/org/jdownloader/plugins/components/youtube/keepForCompatibility/YoutubeVariantOld$43.class
   JD: Core.jar/org/jdownloader/plugins/components/youtube/keepForCompatibility/YoutubeVariantOld$44.class
   JD: Core.jar/org/jdownloader/plugins/components/youtube/keepForCompatibility/YoutubeVariantOld$45.class
   JD: Core.jar/org/jdownloader/plugins/components/youtube/keepForCompatibility/YoutubeVariantOld$46.class
   JD: Core.jar/org/jdownloader/plugins/components/youtube/keepForCompatibility/YoutubeVariantOld$47.class
   JD: Core.jar/org/jdownloader/plugins/components/youtube/keepForCompatibility/YoutubeVariantOld$48.class
   JD: Core.jar/org/jdownloader/plugins/components/youtube/keepForCompatibility/YoutubeVariantOld$49.class
   JD: Core.jar/org/jdownloader/plugins/components/youtube/keepForCompatibility/YoutubeVariantOld$5.class
   JD: Core.jar/org/jdownloader/plugins/components/youtube/keepForCompatibility/YoutubeVariantOld$50.class
   JD: Core.jar/org/jdownloader/plugins/components/youtube/keepForCompatibility/YoutubeVariantOld$51.class
   JD: Core.jar/org/jdownloader/plugins/components/youtube/keepForCompatibility/YoutubeVariantOld$52.class
   JD: Core.jar/org/jdownloader/plugins/components/youtube/keepForCompatibility/YoutubeVariantOld$53.class
   JD: Core.jar/org/jdownloader/plugins/components/youtube/keepForCompatibility/YoutubeVariantOld$54.class
   JD: Core.jar/org/jdownloader/plugins/components/youtube/keepForCompatibility/YoutubeVariantOld$55.class
   JD: Core.jar/org/jdownloader/plugins/components/youtube/keepForCompatibility/YoutubeVariantOld$56.class
   JD: Core.jar/org/jdownloader/plugins/components/youtube/keepForCompatibility/YoutubeVariantOld$57.class
   JD: Core.jar/org/jdownloader/plugins/components/youtube/keepForCompatibility/YoutubeVariantOld$58.class
   JD: Core.jar/org/jdownloader/plugins/components/youtube/keepForCompatibility/YoutubeVariantOld$59.class
   JD: Core.jar/org/jdownloader/plugins/components/youtube/keepForCompatibility/YoutubeVariantOld$6.class
   JD: Core.jar/org/jdownloader/plugins/components/youtube/keepForCompatibility/YoutubeVariantOld$60.class
   JD: Core.jar/org/jdownloader/plugins/components/youtube/keepForCompatibility/YoutubeVariantOld$61.class
   JD: Core.jar/org/jdownloader/plugins/components/youtube/keepForCompatibility/YoutubeVariantOld$62.class
   JD: Core.jar/org/jdownloader/plugins/components/youtube/keepForCompatibility/YoutubeVariantOld$63.class
   JD: Core.jar/org/jdownloader/plugins/components/youtube/keepForCompatibility/YoutubeVariantOld$64.class
   JD: Core.jar/org/jdownloader/plugins/components/youtube/keepForCompatibility/YoutubeVariantOld$65.class
   JD: Core.jar/org/jdownloader/plugins/components/youtube/keepForCompatibility/YoutubeVariantOld$66.class
   JD: Core.jar/org/jdownloader/plugins/components/youtube/keepForCompatibility/YoutubeVariantOld$67.class
   JD: Core.jar/org/jdownloader/plugins/components/youtube/keepForCompatibility/YoutubeVariantOld$68.class
   JD: Core.jar/org/jdownloader/plugins/components/youtube/keepForCompatibility/YoutubeVariantOld$69.class
   JD: Core.jar/org/jdownloader/plugins/components/youtube/keepForCompatibility/YoutubeVariantOld$7.class
   JD: Core.jar/org/jdownloader/plugins/components/youtube/keepForCompatibility/YoutubeVariantOld$70.class
   JD: Core.jar/org/jdownloader/plugins/components/youtube/keepForCompatibility/YoutubeVariantOld$71.class
   JD: Core.jar/org/jdownloader/plugins/components/youtube/keepForCompatibility/YoutubeVariantOld$72.class
   JD: Core.jar/org/jdownloader/plugins/components/youtube/keepForCompatibility/YoutubeVariantOld$73.class
   JD: Core.jar/org/jdownloader/plugins/components/youtube/keepForCompatibility/YoutubeVariantOld$74.class
   JD: Core.jar/org/jdownloader/plugins/components/youtube/keepForCompatibility/YoutubeVariantOld$75.class
   JD: Core.jar/org/jdownloader/plugins/components/youtube/keepForCompatibility/YoutubeVariantOld$76.class
   JD: Core.jar/org/jdownloader/plugins/components/youtube/keepForCompatibility/YoutubeVariantOld$77.class
   JD: Core.jar/org/jdownloader/plugins/components/youtube/keepForCompatibility/YoutubeVariantOld$78.class
   JD: Core.jar/org/jdownloader/plugins/components/youtube/keepForCompatibility/YoutubeVariantOld$79.class
   JD: Core.jar/org/jdownloader/plugins/components/youtube/keepForCompatibility/YoutubeVariantOld$8.class
   JD: Core.jar/org/jdownloader/plugins/components/youtube/keepForCompatibility/YoutubeVariantOld$80.class
   JD: Core.jar/org/jdownloader/plugins/components/youtube/keepForCompatibility/YoutubeVariantOld$81.class
   JD: Core.jar/org/jdownloader/plugins/components/youtube/keepForCompatibility/YoutubeVariantOld$82.class
   JD: Core.jar/org/jdownloader/plugins/components/youtube/keepForCompatibility/YoutubeVariantOld$83.class
   JD: Core.jar/org/jdownloader/plugins/components/youtube/keepForCompatibility/YoutubeVariantOld$84.class
   JD: Core.jar/org/jdownloader/plugins/components/youtube/keepForCompatibility/YoutubeVariantOld$85.class
   JD: Core.jar/org/jdownloader/plugins/components/youtube/keepForCompatibility/YoutubeVariantOld$86.class
   JD: Core.jar/org/jdownloader/plugins/components/youtube/keepForCompatibility/YoutubeVariantOld$87.class
   JD: Core.jar/org/jdownloader/plugins/components/youtube/keepForCompatibility/YoutubeVariantOld$88.class
   JD: Core.jar/org/jdownloader/plugins/components/youtube/keepForCompatibility/YoutubeVariantOld$89.class
   JD: Core.jar/org/jdownloader/plugins/components/youtube/keepForCompatibility/YoutubeVariantOld$9.class
   JD: Core.jar/org/jdownloader/plugins/components/youtube/keepForCompatibility/YoutubeVariantOld$90.class
   JD: Core.jar/org/jdownloader/plugins/components/youtube/keepForCompatibility/YoutubeVariantOld$91.class
   JD: Core.jar/org/jdownloader/plugins/components/youtube/keepForCompatibility/YoutubeVariantOld$92.class
   JD: Core.jar/org/jdownloader/plugins/components/youtube/keepForCompatibility/YoutubeVariantOld$93.class
   JD: Core.jar/org/jdownloader/plugins/components/youtube/keepForCompatibility/YoutubeVariantOld$94.class
   JD: Core.jar/org/jdownloader/plugins/components/youtube/keepForCompatibility/YoutubeVariantOld$95.class
   JD: Core.jar/org/jdownloader/plugins/components/youtube/keepForCompatibility/YoutubeVariantOld$96.class
   JD: Core.jar/org/jdownloader/plugins/components/youtube/keepForCompatibility/YoutubeVariantOld$97.class
   JD: Core.jar/org/jdownloader/plugins/components/youtube/keepForCompatibility/YoutubeVariantOld$98.class
   JD: Core.jar/org/jdownloader/plugins/components/youtube/keepForCompatibility/YoutubeVariantOld$99.class
   JD: Core.jar/org/jdownloader/plugins/components/youtube/keepForCompatibility/YoutubeVariantOld.class
   JD: Core.jar/org/jdownloader/plugins/controller/LazyPlugin$1.class
   JD: Core.jar/org/jdownloader/plugins/controller/LazyPlugin$2.class
   JD: Core.jar/org/jdownloader/plugins/controller/LazyPlugin$FEATURE$13.class
   JD: Core.jar/org/jdownloader/plugins/controller/LazyPlugin$FEATURE$14.class
   JD: Core.jar/org/jdownloader/plugins/controller/LazyPlugin$FEATURE.class
   JD: Core.jar/org/jdownloader/plugins/controller/LazyPlugin.class
   JD: Core.jar/org/jdownloader/plugins/js.removed
   JD: Core.jar/org/jdownloader/plugins/js/BrowserWrapperInterface.class.removed
   JD: Core.jar/org/jdownloader/plugins/js/EnvJsBrowserWrapper$1.class.removed
   JD: Core.jar/org/jdownloader/plugins/js/EnvJsBrowserWrapper.class.removed
   JD: Core.jar/org/jdownloader/plugins/js/JSExceptionWrapper.class.removed
   JD: Core.jar/org/jdownloader/plugins/js/JavaScriptCrawlerPlugin.class.removed
   JD: Core.jar/org/jdownloader/plugins/js/PluginJsInterface$1.class.removed
   JD: Core.jar/org/jdownloader/plugins/js/PluginJsInterface.class.removed
   JD: Core.jar/org/jdownloader/plugins/js/RegexWrapper.class.removed
   JD: Core.jar/org/jdownloader/scripting/JavaScriptEngineFactory$1.class.removed
   JD: Core.jar/org/jdownloader/scripting/JavaScriptEngineFactory.class
   JD: Core.jar/org/jdownloader/settings/GeneralSettings$CreateFolderTrigger$1.class
   JD: Core.jar/org/jdownloader/settings/GeneralSettings$CreateFolderTrigger$2.class
   JD: Core.jar/org/jdownloader/settings/GeneralSettings$CreateFolderTrigger.class
   JD: Core.jar/org/jdownloader/settings/GeneralSettings$CustomDownloadFolderGetter.class
   JD: Core.jar/org/jdownloader/settings/GeneralSettings$DefaultDownloadFolder.class
   JD: Core.jar/org/jdownloader/settings/GeneralSettings$DeleteContainerAction.class
   JD: Core.jar/org/jdownloader/settings/GeneralSettings$OnSkipDueToAlreadyExistsAction$1.class
   JD: Core.jar/org/jdownloader/settings/GeneralSettings$OnSkipDueToAlreadyExistsAction$2.class
   JD: Core.jar/org/jdownloader/settings/GeneralSettings$OnSkipDueToAlreadyExistsAction$3.class
   JD: Core.jar/org/jdownloader/settings/GeneralSettings$OnSkipDueToAlreadyExistsAction.class
   JD: Core.jar/org/jdownloader/settings/GeneralSettings.class
   JD: Core.jar/org/jdownloader/settings/RtmpdumpSettings.class.removed
   JD: Core.jar/org/jdownloader/settings/advanced/AdvancedConfigManager.class
   JD: Core.jar/org/jdownloader/settings/staticreferences/CFG_GENERAL.class
   JD: Core.jar/org/jdownloader/settings/staticreferences/CFG_YOUTUBE.class
   JD: Core.jar/org/jdownloader/tests/PluginConfigValidator$1.class.removed
   JD: Core.jar/org/jdownloader/tests/PluginConfigValidator.class.removed
   JD: Core.jar/org/jdownloader/tools.removed
   JD: Core.jar/org/jdownloader/tools/ide.removed
   JD: Core.jar/org/jdownloader/tools/ide/icons.removed
   JD: Core.jar/org/jdownloader/tools/ide/icons/LaunchIconTool.class.removed
   JD: Core.jar/org/jdownloader/translate/JdownloaderTranslation.class
   JD: extensions/AntiShutdown.jar/org/jdownloader/extensions/antistandby/MacAntiStandBy.class
   JD: extensions/Extraction.jar/org/jdownloader/extensions/extraction/ArchiveFile$ArchiveID.class
   JD: extensions/Extraction.jar/org/jdownloader/extensions/extraction/ArchiveFile.class
   JD: extensions/Extraction.jar/org/jdownloader/extensions/extraction/ExtractionController$1.class
   JD: extensions/Extraction.jar/org/jdownloader/extensions/extraction/ExtractionController$2.class
   JD: extensions/Extraction.jar/org/jdownloader/extensions/extraction/ExtractionController$3.class
   JD: extensions/Extraction.jar/org/jdownloader/extensions/extraction/ExtractionController.class
   JD: extensions/Extraction.jar/org/jdownloader/extensions/extraction/ExtractionExtension$1$1.class
   JD: extensions/Extraction.jar/org/jdownloader/extensions/extraction/ExtractionExtension$1.class
   JD: extensions/Extraction.jar/org/jdownloader/extensions/extraction/ExtractionExtension$2$1.class
   JD: extensions/Extraction.jar/org/jdownloader/extensions/extraction/ExtractionExtension$2.class
   JD: extensions/Extraction.jar/org/jdownloader/extensions/extraction/ExtractionExtension$3.class
   JD: extensions/Extraction.jar/org/jdownloader/extensions/extraction/ExtractionExtension$4.class
   JD: extensions/Extraction.jar/org/jdownloader/extensions/extraction/ExtractionExtension$5.class
   JD: extensions/Extraction.jar/org/jdownloader/extensions/extraction/ExtractionExtension.class
   JD: extensions/Extraction.jar/org/jdownloader/extensions/extraction/MissingArchiveFile.class
   JD: extensions/Extraction.jar/org/jdownloader/extensions/extraction/bindings/crawledlink/CrawledLinkArchiveFile$1.class
   JD: extensions/Extraction.jar/org/jdownloader/extensions/extraction/bindings/crawledlink/CrawledLinkArchiveFile.class
   JD: extensions/Extraction.jar/org/jdownloader/extensions/extraction/bindings/downloadlink/DownloadLinkArchiveFile$1.class
   JD: extensions/Extraction.jar/org/jdownloader/extensions/extraction/bindings/downloadlink/DownloadLinkArchiveFile$2.class
   JD: extensions/Extraction.jar/org/jdownloader/extensions/extraction/bindings/downloadlink/DownloadLinkArchiveFile$3.class
   JD: extensions/Extraction.jar/org/jdownloader/extensions/extraction/bindings/downloadlink/DownloadLinkArchiveFile.class
   JD: extensions/Extraction.jar/org/jdownloader/extensions/extraction/bindings/file/FileArchiveFile.class
   JD: extensions/Extraction.jar/org/jdownloader/extensions/extraction/mime.type
   JD: extensions/Extraction.jar/org/jdownloader/extensions/extraction/multi/ArchiveType$1.class
   JD: extensions/Extraction.jar/org/jdownloader/extensions/extraction/multi/ArchiveType$10.class
   JD: extensions/Extraction.jar/org/jdownloader/extensions/extraction/multi/ArchiveType$11.class
   JD: extensions/Extraction.jar/org/jdownloader/extensions/extraction/multi/ArchiveType$12.class
   JD: extensions/Extraction.jar/org/jdownloader/extensions/extraction/multi/ArchiveType$13.class
   JD: extensions/Extraction.jar/org/jdownloader/extensions/extraction/multi/ArchiveType$14.class
   JD: extensions/Extraction.jar/org/jdownloader/extensions/extraction/multi/ArchiveType$15.class
   JD: extensions/Extraction.jar/org/jdownloader/extensions/extraction/multi/ArchiveType$16.class
   JD: extensions/Extraction.jar/org/jdownloader/extensions/extraction/multi/ArchiveType$17.class
   JD: extensions/Extraction.jar/org/jdownloader/extensions/extraction/multi/ArchiveType$2.class
   JD: extensions/Extraction.jar/org/jdownloader/extensions/extraction/multi/ArchiveType$3.class
   JD: extensions/Extraction.jar/org/jdownloader/extensions/extraction/multi/ArchiveType$4.class
   JD: extensions/Extraction.jar/org/jdownloader/extensions/extraction/multi/ArchiveType$5.class
   JD: extensions/Extraction.jar/org/jdownloader/extensions/extraction/multi/ArchiveType$6.class
   JD: extensions/Extraction.jar/org/jdownloader/extensions/extraction/multi/ArchiveType$7.class
   JD: extensions/Extraction.jar/org/jdownloader/extensions/extraction/multi/ArchiveType$8.class
   JD: extensions/Extraction.jar/org/jdownloader/extensions/extraction/multi/ArchiveType$9.class
   JD: extensions/Extraction.jar/org/jdownloader/extensions/extraction/multi/ArchiveType.class
   JD: extensions/Extraction.jar/org/jdownloader/extensions/extraction/split/SplitType$1.class
   JD: extensions/Extraction.jar/org/jdownloader/extensions/extraction/split/SplitType$2.class
   JD: extensions/Extraction.jar/org/jdownloader/extensions/extraction/split/SplitType$3.class
   JD: extensions/Extraction.jar/org/jdownloader/extensions/extraction/split/SplitType$4.class
   JD: extensions/Extraction.jar/org/jdownloader/extensions/extraction/split/SplitType.class
   JD: libs/Filters.jar/META-INF/MANIFEST.MF
   JD: libs/Filters.jar/META-INF/maven/
   JD: libs/Filters.jar/META-INF/maven/com.jhlabs/
   JD: libs/Filters.jar/META-INF/maven/com.jhlabs/filters/
   JD: libs/Filters.jar/META-INF/maven/com.jhlabs/filters/pom.properties
   JD: libs/Filters.jar/META-INF/maven/com.jhlabs/filters/pom.xml
   JD: libs/Filters.jar/com/jhlabs/composite/AddComposite$Context.class
   JD: libs/Filters.jar/com/jhlabs/composite/AddComposite.class
   JD: libs/Filters.jar/com/jhlabs/composite/AverageComposite$Context.class
   JD: libs/Filters.jar/com/jhlabs/composite/AverageComposite.class
   JD: libs/Filters.jar/com/jhlabs/composite/BurnComposite$Context.class
   JD: libs/Filters.jar/com/jhlabs/composite/BurnComposite.class
   JD: libs/Filters.jar/com/jhlabs/composite/ColorBurnComposite$Context.class
   JD: libs/Filters.jar/com/jhlabs/composite/ColorBurnComposite.class
   JD: libs/Filters.jar/com/jhlabs/composite/ColorComposite$Context.class
   JD: libs/Filters.jar/com/jhlabs/composite/ColorComposite.class
   JD: libs/Filters.jar/com/jhlabs/composite/ColorDodgeComposite$Context.class
   JD: libs/Filters.jar/com/jhlabs/composite/ColorDodgeComposite.class
   JD: libs/Filters.jar/com/jhlabs/composite/ContourComposite.class
   JD: libs/Filters.jar/com/jhlabs/composite/ContourCompositeContext.class
   JD: libs/Filters.jar/com/jhlabs/composite/DarkenComposite$Context.class
   JD: libs/Filters.jar/com/jhlabs/composite/DarkenComposite.class
   JD: libs/Filters.jar/com/jhlabs/composite/DifferenceComposite$Context.class
   JD: libs/Filters.jar/com/jhlabs/composite/DifferenceComposite.class
   JD: libs/Filters.jar/com/jhlabs/composite/DodgeComposite$Context.class
   JD: libs/Filters.jar/com/jhlabs/composite/DodgeComposite.class
   JD: libs/Filters.jar/com/jhlabs/composite/ExclusionComposite$Context.class
   JD: libs/Filters.jar/com/jhlabs/composite/ExclusionComposite.class
   JD: libs/Filters.jar/com/jhlabs/composite/HardLightComposite$Context.class
   JD: libs/Filters.jar/com/jhlabs/composite/HardLightComposite.class
   JD: libs/Filters.jar/com/jhlabs/composite/HueComposite$Context.class
   JD: libs/Filters.jar/com/jhlabs/composite/HueComposite.class
   JD: libs/Filters.jar/com/jhlabs/composite/LightenComposite$Context.class
   JD: libs/Filters.jar/com/jhlabs/composite/LightenComposite.class
   JD: libs/Filters.jar/com/jhlabs/composite/MiscComposite.class
   JD: libs/Filters.jar/com/jhlabs/composite/MiscCompositeContext.class
   JD: libs/Filters.jar/com/jhlabs/composite/MultiplyComposite$Context.class
   JD: libs/Filters.jar/com/jhlabs/composite/MultiplyComposite.class
   JD: libs/Filters.jar/com/jhlabs/composite/NegationComposite$Context.class
   JD: libs/Filters.jar/com/jhlabs/composite/NegationComposite.class
   JD: libs/Filters.jar/com/jhlabs/composite/OverlayComposite$Context.class
   JD: libs/Filters.jar/com/jhlabs/composite/OverlayComposite.class
   JD: libs/Filters.jar/com/jhlabs/composite/PinLightComposite$Context.class
   JD: libs/Filters.jar/com/jhlabs/composite/PinLightComposite.class
   JD: libs/Filters.jar/com/jhlabs/composite/RGBComposite$RGBCompositeContext.class
   JD: libs/Filters.jar/com/jhlabs/composite/RGBComposite.class
   JD: libs/Filters.jar/com/jhlabs/composite/SaturationComposite$Context.class
   JD: libs/Filters.jar/com/jhlabs/composite/SaturationComposite.class
   JD: libs/Filters.jar/com/jhlabs/composite/ScreenComposite$Context.class
   JD: libs/Filters.jar/com/jhlabs/composite/ScreenComposite.class
   JD: libs/Filters.jar/com/jhlabs/composite/SoftLightComposite$Context.class
   JD: libs/Filters.jar/com/jhlabs/composite/SoftLightComposite.class
   JD: libs/Filters.jar/com/jhlabs/composite/SubtractComposite$Context.class
   JD: libs/Filters.jar/com/jhlabs/composite/SubtractComposite.class
   JD: libs/Filters.jar/com/jhlabs/composite/ValueComposite$Context.class
   JD: libs/Filters.jar/com/jhlabs/composite/ValueComposite.class
   JD: libs/Filters.jar/com/jhlabs/image/AbstractBufferedImageOp.class
   JD: libs/Filters.jar/com/jhlabs/image/ApplyMaskFilter.class
   JD: libs/Filters.jar/com/jhlabs/image/ArrayColormap.class
   JD: libs/Filters.jar/com/jhlabs/image/AverageFilter.class
   JD: libs/Filters.jar/com/jhlabs/image/BicubicScaleFilter.class
   JD: libs/Filters.jar/com/jhlabs/image/BinaryFilter.class
   JD: libs/Filters.jar/com/jhlabs/image/BlockFilter.class
   JD: libs/Filters.jar/com/jhlabs/image/BlurFilter.class
   JD: libs/Filters.jar/com/jhlabs/image/BorderFilter.class
   JD: libs/Filters.jar/com/jhlabs/image/BoxBlurFilter.class
   JD: libs/Filters.jar/com/jhlabs/image/BrushedMetalFilter.class
   JD: libs/Filters.jar/com/jhlabs/image/BumpFilter.class
   JD: libs/Filters.jar/com/jhlabs/image/CausticsFilter.class
   JD: libs/Filters.jar/com/jhlabs/image/CellularFilter$Point.class
   JD: libs/Filters.jar/com/jhlabs/image/CellularFilter.class
   JD: libs/Filters.jar/com/jhlabs/image/ChannelMixFilter.class
   JD: libs/Filters.jar/com/jhlabs/image/CheckFilter.class
   JD: libs/Filters.jar/com/jhlabs/image/ChromaKeyFilter.class
   JD: libs/Filters.jar/com/jhlabs/image/ChromeFilter$1.class
   JD: libs/Filters.jar/com/jhlabs/image/ChromeFilter.class
   JD: libs/Filters.jar/com/jhlabs/image/CircleFilter.class
   JD: libs/Filters.jar/com/jhlabs/image/ColorHalftoneFilter.class
   JD: libs/Filters.jar/com/jhlabs/image/Colormap.class
   JD: libs/Filters.jar/com/jhlabs/image/CompositeFilter.class
   JD: libs/Filters.jar/com/jhlabs/image/CompoundFilter.class
   JD: libs/Filters.jar/com/jhlabs/image/ContourFilter.class
   JD: libs/Filters.jar/com/jhlabs/image/ContrastFilter.class
   JD: libs/Filters.jar/com/jhlabs/image/ConvolveFilter.class
   JD: libs/Filters.jar/com/jhlabs/image/CropFilter.class
   JD: libs/Filters.jar/com/jhlabs/image/CrystallizeFilter.class
   JD: libs/Filters.jar/com/jhlabs/image/CurlFilter$Sampler.class
   JD: libs/Filters.jar/com/jhlabs/image/CurlFilter.class
   JD: libs/Filters.jar/com/jhlabs/image/Curve.class
   JD: libs/Filters.jar/com/jhlabs/image/CurvesFilter.class
   JD: libs/Filters.jar/com/jhlabs/image/DeinterlaceFilter.class
   JD: libs/Filters.jar/com/jhlabs/image/DespeckleFilter.class
   JD: libs/Filters.jar/com/jhlabs/image/DiffuseFilter.class
   JD: libs/Filters.jar/com/jhlabs/image/DiffusionFilter.class
   JD: libs/Filters.jar/com/jhlabs/image/DilateFilter.class
   JD: libs/Filters.jar/com/jhlabs/image/DisplaceFilter.class
   JD: libs/Filters.jar/com/jhlabs/image/DissolveFilter.class
   JD: libs/Filters.jar/com/jhlabs/image/DitherFilter.class
   JD: libs/Filters.jar/com/jhlabs/image/DoGFilter.class
   JD: libs/Filters.jar/com/jhlabs/image/EdgeFilter.class
   JD: libs/Filters.jar/com/jhlabs/image/EmbossFilter.class
   JD: libs/Filters.jar/com/jhlabs/image/EqualizeFilter.class
   JD: libs/Filters.jar/com/jhlabs/image/ErodeAlphaFilter.class
   JD: libs/Filters.jar/com/jhlabs/image/ErodeFilter.class
   JD: libs/Filters.jar/com/jhlabs/image/ExposureFilter.class
   JD: libs/Filters.jar/com/jhlabs/image/FBMFilter.class
   JD: libs/Filters.jar/com/jhlabs/image/FadeFilter.class
   JD: libs/Filters.jar/com/jhlabs/image/FeedbackFilter.class
   JD: libs/Filters.jar/com/jhlabs/image/FieldWarpFilter$Line.class
   JD: libs/Filters.jar/com/jhlabs/image/FieldWarpFilter.class
   JD: libs/Filters.jar/com/jhlabs/image/FillFilter.class
   JD: libs/Filters.jar/com/jhlabs/image/FlareFilter.class
   JD: libs/Filters.jar/com/jhlabs/image/FlipFilter.class
   JD: libs/Filters.jar/com/jhlabs/image/Flush3DFilter.class
   JD: libs/Filters.jar/com/jhlabs/image/FourColorFilter.class
   JD: libs/Filters.jar/com/jhlabs/image/GainFilter.class
   JD: libs/Filters.jar/com/jhlabs/image/GammaFilter.class
   JD: libs/Filters.jar/com/jhlabs/image/GaussianFilter.class
   JD: libs/Filters.jar/com/jhlabs/image/GlintFilter.class
   JD: libs/Filters.jar/com/jhlabs/image/GlowFilter.class
   JD: libs/Filters.jar/com/jhlabs/image/Gradient.class
   JD: libs/Filters.jar/com/jhlabs/image/GradientFilter.class
   JD: libs/Filters.jar/com/jhlabs/image/GradientWipeFilter.class
   JD: libs/Filters.jar/com/jhlabs/image/GrayFilter.class
   JD: libs/Filters.jar/com/jhlabs/image/GrayscaleColormap.class
   JD: libs/Filters.jar/com/jhlabs/image/GrayscaleFilter.class
   JD: libs/Filters.jar/com/jhlabs/image/HSBAdjustFilter.class
   JD: libs/Filters.jar/com/jhlabs/image/HalftoneFilter.class
   JD: libs/Filters.jar/com/jhlabs/image/HighPassFilter.class
   JD: libs/Filters.jar/com/jhlabs/image/Histogram.class
   JD: libs/Filters.jar/com/jhlabs/image/ImageCombiningFilter.class
   JD: libs/Filters.jar/com/jhlabs/image/ImageMath.class
   JD: libs/Filters.jar/com/jhlabs/image/ImageUtils.class
   JD: libs/Filters.jar/com/jhlabs/image/InterpolateFilter.class
   JD: libs/Filters.jar/com/jhlabs/image/InvertAlphaFilter.class
   JD: libs/Filters.jar/com/jhlabs/image/InvertFilter.class
   JD: libs/Filters.jar/com/jhlabs/image/IteratedFilter.class
   JD: libs/Filters.jar/com/jhlabs/image/JavaLnFFilter.class
   JD: libs/Filters.jar/com/jhlabs/image/KaleidoscopeFilter.class
   JD: libs/Filters.jar/com/jhlabs/image/KeyFilter.class
   JD: libs/Filters.jar/com/jhlabs/image/LaplaceFilter.class
   JD: libs/Filters.jar/com/jhlabs/image/LensBlurFilter.class
   JD: libs/Filters.jar/com/jhlabs/image/LevelsFilter.class
   JD: libs/Filters.jar/com/jhlabs/image/LifeFilter.class
   JD: libs/Filters.jar/com/jhlabs/image/LightFilter$1.class
   JD: libs/Filters.jar/com/jhlabs/image/LightFilter$AmbientLight.class
   JD: libs/Filters.jar/com/jhlabs/image/LightFilter$DistantLight.class
   JD: libs/Filters.jar/com/jhlabs/image/LightFilter$Light.class
   JD: libs/Filters.jar/com/jhlabs/image/LightFilter$Material.class
   JD: libs/Filters.jar/com/jhlabs/image/LightFilter$PointLight.class
   JD: libs/Filters.jar/com/jhlabs/image/LightFilter$SpotLight.class
   JD: libs/Filters.jar/com/jhlabs/image/LightFilter.class
   JD: libs/Filters.jar/com/jhlabs/image/LinearColormap.class
   JD: libs/Filters.jar/com/jhlabs/image/LookupFilter.class
   JD: libs/Filters.jar/com/jhlabs/image/MapColorsFilter.class
   JD: libs/Filters.jar/com/jhlabs/image/MapFilter.class
   JD: libs/Filters.jar/com/jhlabs/image/MarbleFilter.class
   JD: libs/Filters.jar/com/jhlabs/image/MarbleTexFilter.class
   JD: libs/Filters.jar/com/jhlabs/image/MaskFilter.class
   JD: libs/Filters.jar/com/jhlabs/image/MaximumFilter.class
   JD: libs/Filters.jar/com/jhlabs/image/MedianFilter.class
   JD: libs/Filters.jar/com/jhlabs/image/MinimumFilter.class
   JD: libs/Filters.jar/com/jhlabs/image/MirrorFilter.class
   JD: libs/Filters.jar/com/jhlabs/image/MotionBlurFilter.class
   JD: libs/Filters.jar/com/jhlabs/image/MotionBlurOp.class
   JD: libs/Filters.jar/com/jhlabs/image/MutatableFilter.class
   JD: libs/Filters.jar/com/jhlabs/image/NoiseFilter.class
   JD: libs/Filters.jar/com/jhlabs/image/OctTreeQuantizer$OctTreeNode.class
   JD: libs/Filters.jar/com/jhlabs/image/OctTreeQuantizer.class
   JD: libs/Filters.jar/com/jhlabs/image/OffsetFilter.class
   JD: libs/Filters.jar/com/jhlabs/image/OilFilter.class
   JD: libs/Filters.jar/com/jhlabs/image/OpacityFilter.class
   JD: libs/Filters.jar/com/jhlabs/image/OutlineFilter.class
   JD: libs/Filters.jar/com/jhlabs/image/PerspectiveFilter.class
   JD: libs/Filters.jar/com/jhlabs/image/PinchFilter.class
   JD: libs/Filters.jar/com/jhlabs/image/PixelUtils.class
   JD: libs/Filters.jar/com/jhlabs/image/PlasmaFilter.class
   JD: libs/Filters.jar/com/jhlabs/image/PointFilter.class
   JD: libs/Filters.jar/com/jhlabs/image/PointillizeFilter.class
   JD: libs/Filters.jar/com/jhlabs/image/PolarFilter.class
   JD: libs/Filters.jar/com/jhlabs/image/PosterizeFilter.class
   JD: libs/Filters.jar/com/jhlabs/image/PremultiplyFilter.class
   JD: libs/Filters.jar/com/jhlabs/image/QuantizeFilter.class
   JD: libs/Filters.jar/com/jhlabs/image/Quantizer.class
   JD: libs/Filters.jar/com/jhlabs/image/QuiltFilter.class
   JD: libs/Filters.jar/com/jhlabs/image/RGBAdjustFilter.class
   JD: libs/Filters.jar/com/jhlabs/image/RaysFilter.class
   JD: libs/Filters.jar/com/jhlabs/image/ReduceNoiseFilter.class
   JD: libs/Filters.jar/com/jhlabs/image/RenderTextFilter.class
   JD: libs/Filters.jar/com/jhlabs/image/RescaleFilter.class
   JD: libs/Filters.jar/com/jhlabs/image/RippleFilter.class
   JD: libs/Filters.jar/com/jhlabs/image/RotateFilter.class
   JD: libs/Filters.jar/com/jhlabs/image/SaturationFilter.class
   JD: libs/Filters.jar/com/jhlabs/image/ScaleFilter.class
   JD: libs/Filters.jar/com/jhlabs/image/ScratchFilter.class
   JD: libs/Filters.jar/com/jhlabs/image/ShadeFilter.class
   JD: libs/Filters.jar/com/jhlabs/image/ShadowFilter.class
   JD: libs/Filters.jar/com/jhlabs/image/ShapeFilter.class
   JD: libs/Filters.jar/com/jhlabs/image/SharpenFilter.class
   JD: libs/Filters.jar/com/jhlabs/image/ShatterFilter$Tile.class
   JD: libs/Filters.jar/com/jhlabs/image/ShatterFilter.class
   JD: libs/Filters.jar/com/jhlabs/image/ShearFilter.class
   JD: libs/Filters.jar/com/jhlabs/image/ShineFilter.class
   JD: libs/Filters.jar/com/jhlabs/image/SkeletonFilter.class
   JD: libs/Filters.jar/com/jhlabs/image/SkyColors.png
   JD: libs/Filters.jar/com/jhlabs/image/SkyFilter.class
   JD: libs/Filters.jar/com/jhlabs/image/SmartBlurFilter.class
   JD: libs/Filters.jar/com/jhlabs/image/SmearFilter.class
   JD: libs/Filters.jar/com/jhlabs/image/SolarizeFilter.class
   JD: libs/Filters.jar/com/jhlabs/image/SparkleFilter.class
   JD: libs/Filters.jar/com/jhlabs/image/Spectrum.class
   JD: libs/Filters.jar/com/jhlabs/image/SpectrumColormap.class
   JD: libs/Filters.jar/com/jhlabs/image/SphereFilter.class
   JD: libs/Filters.jar/com/jhlabs/image/SplineColormap.class
   JD: libs/Filters.jar/com/jhlabs/image/StampFilter.class
   JD: libs/Filters.jar/com/jhlabs/image/SwimFilter.class
   JD: libs/Filters.jar/com/jhlabs/image/SwizzleFilter.class
   JD: libs/Filters.jar/com/jhlabs/image/TextureFilter.class
   JD: libs/Filters.jar/com/jhlabs/image/ThresholdFilter.class
   JD: libs/Filters.jar/com/jhlabs/image/TileImageFilter.class
   JD: libs/Filters.jar/com/jhlabs/image/TransferFilter.class
   JD: libs/Filters.jar/com/jhlabs/image/TransformFilter.class
   JD: libs/Filters.jar/com/jhlabs/image/TransitionFilter.class
   JD: libs/Filters.jar/com/jhlabs/image/TritoneFilter.class
   JD: libs/Filters.jar/com/jhlabs/image/TwirlFilter.class
   JD: libs/Filters.jar/com/jhlabs/image/UnpremultiplyFilter.class
   JD: libs/Filters.jar/com/jhlabs/image/UnsharpFilter.class
   JD: libs/Filters.jar/com/jhlabs/image/VariableBlurFilter.class
   JD: libs/Filters.jar/com/jhlabs/image/WarpFilter.class
   JD: libs/Filters.jar/com/jhlabs/image/WarpGrid.class
   JD: libs/Filters.jar/com/jhlabs/image/WaterFilter.class
   JD: libs/Filters.jar/com/jhlabs/image/WeaveFilter.class
   JD: libs/Filters.jar/com/jhlabs/image/WholeImageFilter.class
   JD: libs/Filters.jar/com/jhlabs/image/WoodFilter.class
   JD: libs/Filters.jar/com/jhlabs/math/BinaryFunction.class
   JD: libs/Filters.jar/com/jhlabs/math/BlackFunction.class
   JD: libs/Filters.jar/com/jhlabs/math/CellularFunction2D$Point.class
   JD: libs/Filters.jar/com/jhlabs/math/CellularFunction2D.class
   JD: libs/Filters.jar/com/jhlabs/math/CompositeFunction1D.class
   JD: libs/Filters.jar/com/jhlabs/math/CompoundFunction2D.class
   JD: libs/Filters.jar/com/jhlabs/math/FBM.class
   JD: libs/Filters.jar/com/jhlabs/math/FFT.class
   JD: libs/Filters.jar/com/jhlabs/math/FractalSumFunction.class
   JD: libs/Filters.jar/com/jhlabs/math/Function1D.class
   JD: libs/Filters.jar/com/jhlabs/math/Function2D.class
   JD: libs/Filters.jar/com/jhlabs/math/Function3D.class
   JD: libs/Filters.jar/com/jhlabs/math/ImageFunction2D.class
   JD: libs/Filters.jar/com/jhlabs/math/MarbleFunction.class
   JD: libs/Filters.jar/com/jhlabs/math/MathFunction1D.class
   JD: libs/Filters.jar/com/jhlabs/math/Noise.class
   JD: libs/Filters.jar/com/jhlabs/math/RidgedFBM.class
   JD: libs/Filters.jar/com/jhlabs/math/SCNoise.class
   JD: libs/Filters.jar/com/jhlabs/math/TurbulenceFunction.class
   JD: libs/Filters.jar/com/jhlabs/math/VLNoise.class
   JD: libs/Filters.jar/com/jhlabs/vecmath/AxisAngle4f.class
   JD: libs/Filters.jar/com/jhlabs/vecmath/Color4f.class
   JD: libs/Filters.jar/com/jhlabs/vecmath/Matrix4f.class
   JD: libs/Filters.jar/com/jhlabs/vecmath/Point3f.class
   JD: libs/Filters.jar/com/jhlabs/vecmath/Point4f.class
   JD: libs/Filters.jar/com/jhlabs/vecmath/Quat4f.class
   JD: libs/Filters.jar/com/jhlabs/vecmath/Tuple3f.class
   JD: libs/Filters.jar/com/jhlabs/vecmath/Tuple4f.class
   JD: libs/Filters.jar/com/jhlabs/vecmath/Vector3f.class
   JD: libs/Filters.jar/com/jhlabs/vecmath/Vector4f.class
   JD: libs/JAntiCaptcha.jar/jd/captcha/pixelgrid/Captcha.class
   JD: libs/JDGUI.jar/jd/gui/swing/dialog/AboutDialog$1$1.class
   JD: libs/JDGUI.jar/jd/gui/swing/dialog/AboutDialog$1.class
   JD: libs/JDGUI.jar/jd/gui/swing/dialog/AboutDialog$2$1.class
   JD: libs/JDGUI.jar/jd/gui/swing/dialog/AboutDialog$2.class
   JD: libs/JDGUI.jar/jd/gui/swing/dialog/AboutDialog$3.class
   JD: libs/JDGUI.jar/jd/gui/swing/dialog/AboutDialog$4.class
   JD: libs/JDGUI.jar/jd/gui/swing/dialog/AboutDialog$5.class
   JD: libs/JDGUI.jar/jd/gui/swing/dialog/AboutDialog$6$1.class
   JD: libs/JDGUI.jar/jd/gui/swing/dialog/AboutDialog$6.class
   JD: libs/JDGUI.jar/jd/gui/swing/dialog/AboutDialog.class
   JD: libs/JDGUI.jar/jd/gui/swing/dialog/HosterChooserTableModel$1.class
   JD: libs/JDGUI.jar/jd/gui/swing/dialog/HosterChooserTableModel$2.class
   JD: libs/JDGUI.jar/jd/gui/swing/dialog/HosterChooserTableModel$3$1.class
   JD: libs/JDGUI.jar/jd/gui/swing/dialog/HosterChooserTableModel$3.class
   JD: libs/JDGUI.jar/jd/gui/swing/dialog/HosterChooserTableModel$4.class
   JD: libs/JDGUI.jar/jd/gui/swing/dialog/HosterChooserTableModel$5.class
   JD: libs/JDGUI.jar/jd/gui/swing/dialog/HosterChooserTableModel.class
   JD: libs/JDHttp.jar/jd/http/WrappedBrotliInputStream.class
   JD: libs/bcpkix-jdk15on.jar/META-INF/BC1024KE.DSA
   JD: libs/bcpkix-jdk15on.jar/META-INF/BC1024KE.SF
   JD: libs/bcpkix-jdk15on.jar/META-INF/BC2048KE.DSA
   JD: libs/bcpkix-jdk15on.jar/META-INF/BC2048KE.SF
   JD: libs/bcpkix-jdk15on.jar/META-INF/MANIFEST.MF
   JD: libs/bcpkix-jdk15on.jar/org/bouncycastle/cert/cmp/GeneralPKIMessage.class
   JD: libs/bcpkix-jdk15on.jar/org/bouncycastle/cert/cmp/ProtectedPKIMessageBuilder.class
   JD: libs/bcpkix-jdk15on.jar/org/bouncycastle/cert/crmf/CertificateRepMessage.class
   JD: libs/bcpkix-jdk15on.jar/org/bouncycastle/cert/crmf/CertificateReqMessagesBuilder.class
   JD: libs/bcpkix-jdk15on.jar/org/bouncycastle/cert/crmf/CertificateRequestMessage.class
   JD: libs/bcpkix-jdk15on.jar/org/bouncycastle/cert/crmf/CertificateRequestMessageBuilder.class
   JD: libs/bcpkix-jdk15on.jar/org/bouncycastle/cert/crmf/CertificateResponseBuilder.class
   JD: libs/bcpkix-jdk15on.jar/org/bouncycastle/cert/crmf/EncryptedValueParser.class
   JD: libs/bcpkix-jdk15on.jar/org/bouncycastle/cert/crmf/PKMACBuilder.class
   JD: libs/bcpkix-jdk15on.jar/org/bouncycastle/cert/crmf/PKMACValueGenerator.class
   JD: libs/bcpkix-jdk15on.jar/org/bouncycastle/cert/crmf/ProofOfPossessionSigningKeyBuilder.class
   JD: libs/bcpkix-jdk15on.jar/org/bouncycastle/cms/CMSEnvelopedGenerator.class
   JD: libs/bcpkix-jdk15on.jar/org/bouncycastle/cms/CMSSignedData.class
   JD: libs/bcpkix-jdk15on.jar/org/bouncycastle/cms/CMSSignedDataParser.class
   JD: libs/bcpkix-jdk15on.jar/org/bouncycastle/cms/KeyAgreeRecipientInformation.class
   JD: libs/bcpkix-jdk15on.jar/org/bouncycastle/cms/jcajce/EnvelopedDataHelper$1.class
   JD: libs/bcpkix-jdk15on.jar/org/bouncycastle/cms/jcajce/JceKeyAgreeRecipient.class
   JD: libs/bcpkix-jdk15on.jar/org/bouncycastle/operator/DefaultAlgorithmNameFinder.class
   JD: libs/bcpkix-jdk15on.jar/org/bouncycastle/operator/DefaultDigestAlgorithmIdentifierFinder.class
   JD: libs/bcpkix-jdk15on.jar/org/bouncycastle/operator/DefaultSignatureAlgorithmIdentifierFinder.class
   JD: libs/bcpkix-jdk15on.jar/org/bouncycastle/pkcs/jcajce/JcaPKCS10CertificationRequest.class
   JD: libs/bcpkix-jdk15on.jar/org/bouncycastle/tsp/TSPAlgorithms.class
   JD: libs/bcpkix-jdk15on.jar/org/bouncycastle/tsp/TSPUtil.class
   JD: libs/bcprov-jdk15on.jar/META-INF/BC1024KE.DSA
   JD: libs/bcprov-jdk15on.jar/META-INF/BC1024KE.SF
   JD: libs/bcprov-jdk15on.jar/META-INF/BC2048KE.DSA
   JD: libs/bcprov-jdk15on.jar/META-INF/BC2048KE.SF
   JD: libs/bcprov-jdk15on.jar/META-INF/MANIFEST.MF
   JD: libs/bcprov-jdk15on.jar/org/bouncycastle/asn1/ASN1OctetString.class
   JD: libs/bcprov-jdk15on.jar/org/bouncycastle/asn1/ASN1TaggedObject.class
   JD: libs/bcprov-jdk15on.jar/org/bouncycastle/asn1/ASN1TaggedObjectParser.class
   JD: libs/bcprov-jdk15on.jar/org/bouncycastle/asn1/BERBitStringParser.class
   JD: libs/bcprov-jdk15on.jar/org/bouncycastle/asn1/BEROctetStringParser.class
   JD: libs/bcprov-jdk15on.jar/org/bouncycastle/asn1/BERSequenceParser.class
   JD: libs/bcprov-jdk15on.jar/org/bouncycastle/asn1/BERSetParser.class
   JD: libs/bcprov-jdk15on.jar/org/bouncycastle/asn1/BERTaggedObject.class
   JD: libs/bcprov-jdk15on.jar/org/bouncycastle/asn1/BERTaggedObjectParser.class
   JD: libs/bcprov-jdk15on.jar/org/bouncycastle/asn1/DEROctetStringParser.class
   JD: libs/bcprov-jdk15on.jar/org/bouncycastle/asn1/DERTaggedObject.class
   JD: libs/bcprov-jdk15on.jar/org/bouncycastle/asn1/DLBitStringParser.class
   JD: libs/bcprov-jdk15on.jar/org/bouncycastle/asn1/DLSequenceParser.class
   JD: libs/bcprov-jdk15on.jar/org/bouncycastle/asn1/DLSetParser.class
   JD: libs/bcprov-jdk15on.jar/org/bouncycastle/asn1/DLTaggedObject.class
   JD: libs/bcprov-jdk15on.jar/org/bouncycastle/asn1/bc/BCObjectIdentifiers.class
   JD: libs/bcprov-jdk15on.jar/org/bouncycastle/asn1/pkcs/PrivateKeyInfo.class
   JD: libs/bcprov-jdk15on.jar/org/bouncycastle/asn1/x509/Extensions.class
   JD: libs/bcprov-jdk15on.jar/org/bouncycastle/asn1/x509/SubjectPublicKeyInfo.class
   JD: libs/bcprov-jdk15on.jar/org/bouncycastle/asn1/x9/OtherInfo.class
   JD: libs/bcprov-jdk15on.jar/org/bouncycastle/crypto/BufferedBlockCipher.class
   JD: libs/bcprov-jdk15on.jar/org/bouncycastle/crypto/DefaultBufferedBlockCipher.class
   JD: libs/bcprov-jdk15on.jar/org/bouncycastle/crypto/engines/AESEngine.class
   JD: libs/bcprov-jdk15on.jar/org/bouncycastle/crypto/engines/RFC3394WrapEngine.class
   JD: libs/bcprov-jdk15on.jar/org/bouncycastle/crypto/engines/RFC5649WrapEngine.class
   JD: libs/bcprov-jdk15on.jar/org/bouncycastle/crypto/modes/CBCBlockCipher.class
   JD: libs/bcprov-jdk15on.jar/org/bouncycastle/crypto/modes/CCMBlockCipher.class
   JD: libs/bcprov-jdk15on.jar/org/bouncycastle/crypto/modes/CFBBlockCipher.class
   JD: libs/bcprov-jdk15on.jar/org/bouncycastle/crypto/modes/CTRModeCipher.class
   JD: libs/bcprov-jdk15on.jar/org/bouncycastle/crypto/modes/CTSBlockCipher.class
   JD: libs/bcprov-jdk15on.jar/org/bouncycastle/crypto/modes/EAXBlockCipher.class
   JD: libs/bcprov-jdk15on.jar/org/bouncycastle/crypto/modes/GCMBlockCipher.class
   JD: libs/bcprov-jdk15on.jar/org/bouncycastle/crypto/modes/KXTSBlockCipher.class
   JD: libs/bcprov-jdk15on.jar/org/bouncycastle/crypto/modes/NISTCTSBlockCipher.class
   JD: libs/bcprov-jdk15on.jar/org/bouncycastle/crypto/modes/OldCTSBlockCipher.class
   JD: libs/bcprov-jdk15on.jar/org/bouncycastle/crypto/modes/PaddedBlockCipher.class
   JD: libs/bcprov-jdk15on.jar/org/bouncycastle/crypto/modes/SICBlockCipher.class
   JD: libs/bcprov-jdk15on.jar/org/bouncycastle/crypto/paddings/PaddedBufferedBlockCipher.class
   JD: libs/bcprov-jdk15on.jar/org/bouncycastle/crypto/util/PrivateKeyFactory.class
   JD: libs/bcprov-jdk15on.jar/org/bouncycastle/jcajce/provider/asymmetric/COMPOSITE$CompositeKeyInfoConverter.class
   JD: libs/bcprov-jdk15on.jar/org/bouncycastle/jcajce/provider/asymmetric/SPHINCSPlus$Mappings.class
   JD: libs/bcprov-jdk15on.jar/org/bouncycastle/jcajce/provider/asymmetric/edec/BCXDHPrivateKey.class
   JD: libs/bcprov-jdk15on.jar/org/bouncycastle/jcajce/provider/drbg/DRBG$5.class
   JD: libs/bcprov-jdk15on.jar/org/bouncycastle/jcajce/provider/drbg/DRBG$6.class
   JD: libs/bcprov-jdk15on.jar/org/bouncycastle/jcajce/provider/drbg/DRBG.class
   JD: libs/bcprov-jdk15on.jar/org/bouncycastle/jcajce/provider/symmetric/AES$CFB.class
   JD: libs/bcprov-jdk15on.jar/org/bouncycastle/jcajce/provider/symmetric/AES$OFB.class
   JD: libs/bcprov-jdk15on.jar/org/bouncycastle/jcajce/provider/symmetric/util/BaseBlockCipher.class
   JD: libs/bcprov-jdk15on.jar/org/bouncycastle/jce/provider/BouncyCastleProvider$2.class
   JD: libs/bcprov-jdk15on.jar/org/bouncycastle/jce/provider/BouncyCastleProvider.class
   JD: libs/bcprov-jdk15on.jar/org/bouncycastle/pqc/crypto/crystals/dilithium/Symmetric$AesSymmetric.class
   JD: libs/bcprov-jdk15on.jar/org/bouncycastle/pqc/crypto/crystals/kyber/Symmetric$AesSymmetric.class
   JD: libs/bcprov-jdk15on.jar/org/bouncycastle/pqc/crypto/hqc/HQCKEMExtractor.class
   JD: libs/bcprov-jdk15on.jar/org/bouncycastle/pqc/crypto/ntruprime/Utils.class
   JD: libs/bcprov-jdk15on.jar/org/bouncycastle/pqc/crypto/saber/Symmetric$AesSymmetric.class
   JD: libs/bcprov-jdk15on.jar/org/bouncycastle/pqc/crypto/util/PublicKeyFactory$BIKEConverter.class
   JD: libs/bcprov-jdk15on.jar/org/bouncycastle/pqc/crypto/util/PublicKeyFactory$CMCEConverter.class
   JD: libs/bcprov-jdk15on.jar/org/bouncycastle/pqc/crypto/util/PublicKeyFactory$HQCConverter.class
   JD: libs/bcprov-jdk15on.jar/org/bouncycastle/pqc/crypto/util/PublicKeyFactory.class
   JD: libs/bcprov-jdk15on.jar/org/bouncycastle/pqc/crypto/util/SubjectPublicKeyInfoFactory.class
   JD: libs/bcprov-jdk15on.jar/org/bouncycastle/pqc/crypto/util/Utils.class
   JD: libs/bcprov-jdk15on.jar/org/bouncycastle/pqc/jcajce/provider/BIKE$Mappings.class
   JD: libs/bcprov-jdk15on.jar/org/bouncycastle/pqc/jcajce/provider/BouncyCastlePQCProvider.class
   JD: libs/bcprov-jdk15on.jar/org/bouncycastle/pqc/jcajce/provider/CMCE$Mappings.class
   JD: libs/bcprov-jdk15on.jar/org/bouncycastle/pqc/jcajce/provider/HQC$Mappings.class
   JD: libs/bcprov-jdk15on.jar/org/bouncycastle/pqc/jcajce/provider/SPHINCSPlus$Mappings.class
   JD: libs/bcprov-jdk15on.jar/org/bouncycastle/pqc/jcajce/provider/bike/BCBIKEPrivateKey.class
   JD: libs/bcprov-jdk15on.jar/org/bouncycastle/pqc/jcajce/provider/bike/BCBIKEPublicKey.class
   JD: libs/bcprov-jdk15on.jar/org/bouncycastle/pqc/jcajce/provider/bike/BIKECipherSpi$BIKE128.class
   JD: libs/bcprov-jdk15on.jar/org/bouncycastle/pqc/jcajce/provider/bike/BIKECipherSpi$BIKE192.class
   JD: libs/bcprov-jdk15on.jar/org/bouncycastle/pqc/jcajce/provider/bike/BIKECipherSpi$BIKE256.class
   JD: libs/bcprov-jdk15on.jar/org/bouncycastle/pqc/jcajce/provider/bike/BIKECipherSpi.class
   JD: libs/bcprov-jdk15on.jar/org/bouncycastle/pqc/jcajce/provider/cmce/BCCMCEPrivateKey.class
   JD: libs/bcprov-jdk15on.jar/org/bouncycastle/pqc/jcajce/provider/cmce/BCCMCEPublicKey.class
   JD: libs/bcprov-jdk15on.jar/org/bouncycastle/pqc/jcajce/provider/cmce/CMCECipherSpi$MCE348864.class
   JD: libs/bcprov-jdk15on.jar/org/bouncycastle/pqc/jcajce/provider/cmce/CMCECipherSpi$MCE460896.class
   JD: libs/bcprov-jdk15on.jar/org/bouncycastle/pqc/jcajce/provider/cmce/CMCECipherSpi$MCE6688128.class
   JD: libs/bcprov-jdk15on.jar/org/bouncycastle/pqc/jcajce/provider/cmce/CMCECipherSpi$MCE6960119.class
   JD: libs/bcprov-jdk15on.jar/org/bouncycastle/pqc/jcajce/provider/cmce/CMCECipherSpi$MCE8192128.class
   JD: libs/bcprov-jdk15on.jar/org/bouncycastle/pqc/jcajce/provider/cmce/CMCECipherSpi.class
   JD: libs/bcprov-jdk15on.jar/org/bouncycastle/pqc/jcajce/provider/hqc/BCHQCPrivateKey.class
   JD: libs/bcprov-jdk15on.jar/org/bouncycastle/pqc/jcajce/provider/hqc/BCHQCPublicKey.class
   JD: libs/bcprov-jdk15on.jar/org/bouncycastle/pqc/jcajce/provider/hqc/HQCCipherSpi$HQC128.class
   JD: libs/bcprov-jdk15on.jar/org/bouncycastle/pqc/jcajce/provider/hqc/HQCCipherSpi$HQC192.class
   JD: libs/bcprov-jdk15on.jar/org/bouncycastle/pqc/jcajce/provider/hqc/HQCCipherSpi$HQC256.class
   JD: libs/bcprov-jdk15on.jar/org/bouncycastle/pqc/jcajce/provider/hqc/HQCCipherSpi.class
   JD: libs/bctls-jdk15on.jar/META-INF/BC1024KE.DSA
   JD: libs/bctls-jdk15on.jar/META-INF/BC1024KE.SF
   JD: libs/bctls-jdk15on.jar/META-INF/BC2048KE.DSA
   JD: libs/bctls-jdk15on.jar/META-INF/BC2048KE.SF
   JD: libs/bctls-jdk15on.jar/META-INF/MANIFEST.MF
   JD: libs/bctls-jdk15on.jar/org/bouncycastle/jsse/provider/JsseUtils.class
   JD: libs/bctls-jdk15on.jar/org/bouncycastle/jsse/provider/ProvAlgorithmConstraints.class
   JD: libs/bctls-jdk15on.jar/org/bouncycastle/jsse/provider/ProvSSLSocketDirect.class
   JD: libs/bctls-jdk15on.jar/org/bouncycastle/jsse/provider/ProvSSLSocketWrap.class
   JD: libs/bctls-jdk15on.jar/org/bouncycastle/jsse/provider/ProvTlsClient.class
   JD: libs/bctls-jdk15on.jar/org/bouncycastle/jsse/provider/ProvTlsServer.class
   JD: libs/bctls-jdk15on.jar/org/bouncycastle/jsse/provider/SignatureSchemeInfo.class
   JD: libs/bctls-jdk15on.jar/org/bouncycastle/tls/AbstractTlsClient.class
   JD: libs/bctls-jdk15on.jar/org/bouncycastle/tls/AbstractTlsServer.class
   JD: libs/bctls-jdk15on.jar/org/bouncycastle/tls/CertificateType.class
   JD: libs/bctls-jdk15on.jar/org/bouncycastle/tls/DTLSClientProtocol$ClientHandshakeState.class
   JD: libs/bctls-jdk15on.jar/org/bouncycastle/tls/DTLSClientProtocol.class
   JD: libs/bctls-jdk15on.jar/org/bouncycastle/tls/DTLSProtocol.class
   JD: libs/bctls-jdk15on.jar/org/bouncycastle/tls/DTLSServerProtocol$ServerHandshakeState.class
   JD: libs/bctls-jdk15on.jar/org/bouncycastle/tls/DTLSServerProtocol.class
   JD: libs/bctls-jdk15on.jar/org/bouncycastle/tls/SecurityParameters.class
   JD: libs/bctls-jdk15on.jar/org/bouncycastle/tls/SessionParameters$Builder.class
   JD: libs/bctls-jdk15on.jar/org/bouncycastle/tls/SessionParameters.class
   JD: libs/bctls-jdk15on.jar/org/bouncycastle/tls/TlsClient.class
   JD: libs/bctls-jdk15on.jar/org/bouncycastle/tls/TlsClientProtocol.class
   JD: libs/bctls-jdk15on.jar/org/bouncycastle/tls/TlsExtensionsUtils.class
   JD: libs/bctls-jdk15on.jar/org/bouncycastle/tls/TlsProtocol.class
   JD: libs/bctls-jdk15on.jar/org/bouncycastle/tls/TlsServerProtocol.class
   JD: libs/bctls-jdk15on.jar/org/bouncycastle/tls/TlsUtils.class
   JD: libs/bctls-jdk15on.jar/org/bouncycastle/tls/crypto/impl/jcajce/JcaTlsCrypto.class
   JD: libs/bctls-jdk15on.jar/org/bouncycastle/tls/crypto/impl/jcajce/JceAEADCipherImpl.class
   JD: libs/bctls-jdk15on.jar/org/bouncycastle/tls/crypto/impl/jcajce/JceBlockCipherImpl.class
   JD: libs/bctls-jdk15on.jar/org/bouncycastle/tls/crypto/impl/jcajce/JceBlockCipherWithCBCImplicitIVImpl.class
   JD: libs/bctls-jdk15on.jar/org/bouncycastle/tls/crypto/impl/jcajce/JceChaCha20Poly1305.class
   JD: libs/bcutil-jdk15on.jar/META-INF/BC1024KE.DSA
   JD: libs/bcutil-jdk15on.jar/META-INF/BC1024KE.SF
   JD: libs/bcutil-jdk15on.jar/META-INF/BC2048KE.DSA
   JD: libs/bcutil-jdk15on.jar/META-INF/BC2048KE.SF
   JD: libs/bcutil-jdk15on.jar/META-INF/MANIFEST.MF
   JD: libs/bcutil-jdk15on.jar/org/bouncycastle/asn1/cmc/CMCStatusInfoV2.class
   JD: libs/bcutil-jdk15on.jar/org/bouncycastle/asn1/cmp/CRLSource.class
   JD: libs/bcutil-jdk15on.jar/org/bouncycastle/asn1/cmp/CertOrEncCert.class
   JD: libs/bcutil-jdk15on.jar/org/bouncycastle/asn1/cmp/CertRepMessage.class
   JD: libs/bcutil-jdk15on.jar/org/bouncycastle/asn1/cmp/CertResponse.class
   JD: libs/bcutil-jdk15on.jar/org/bouncycastle/asn1/cmp/CertStatus.class
   JD: libs/bcutil-jdk15on.jar/org/bouncycastle/asn1/cmp/Challenge.class
   JD: libs/bcutil-jdk15on.jar/org/bouncycastle/asn1/cmp/OOBCertHash.class
   JD: libs/bcutil-jdk15on.jar/org/bouncycastle/asn1/cmp/PKIHeader.class
   JD: libs/bcutil-jdk15on.jar/org/bouncycastle/asn1/cmp/PKIMessage.class
   JD: libs/bcutil-jdk15on.jar/org/bouncycastle/asn1/cmp/RevRepContent.class
   JD: libs/bcutil-jdk15on.jar/org/bouncycastle/asn1/cmp/RootCaKeyUpdateContent.class
   JD: libs/bcutil-jdk15on.jar/org/bouncycastle/asn1/cms/OriginatorIdentifierOrKey.class
   JD: libs/bcutil-jdk15on.jar/org/bouncycastle/asn1/cms/OriginatorPublicKey.class
   JD: libs/bcutil-jdk15on.jar/org/bouncycastle/asn1/crmf/CertReqMsg.class
   JD: libs/bcutil-jdk15on.jar/org/bouncycastle/asn1/crmf/POPOSigningKey.class
   JD: libs/bcutil-jdk15on.jar/org/bouncycastle/asn1/crmf/POPOSigningKeyInput.class
   JD: libs/bcutil-jdk15on.jar/org/bouncycastle/asn1/tsp/ArchiveTimeStampChain.class
   JD: libs/bcutil-jdk15on.jar/org/bouncycastle/asn1/tsp/ArchiveTimeStampSequence.class
   JD: libs/bcutil-jdk15on.jar/org/bouncycastle/asn1/tsp/EncryptionInfo.class
   JD: libs/bcutil-jdk15on.jar/org/bouncycastle/asn1/tsp/PartialHashtree.class
   JD: libs/htmlunit-core-js.jar/META-INF/MANIFEST.MF
   JD: libs/htmlunit-core-js.jar/net/sourceforge/htmlunit/corejs/classfile/ClassFileField.class
   JD: libs/htmlunit-core-js.jar/net/sourceforge/htmlunit/corejs/classfile/ClassFileMethod.class
   JD: libs/htmlunit-core-js.jar/net/sourceforge/htmlunit/corejs/classfile/ClassFileWriter.class
   JD: libs/htmlunit-core-js.jar/net/sourceforge/htmlunit/corejs/classfile/ConstantPool.class
   JD: libs/htmlunit-core-js.jar/net/sourceforge/htmlunit/corejs/classfile/ExceptionTableEntry.class
   JD: libs/htmlunit-core-js.jar/net/sourceforge/htmlunit/corejs/classfile/FieldOrMethodRef.class
   JD: libs/htmlunit-core-js.jar/net/sourceforge/htmlunit/corejs/classfile/SuperBlock.class
   JD: libs/htmlunit-core-js.jar/net/sourceforge/htmlunit/corejs/classfile/TypeInfo.class
   JD: libs/htmlunit-core-js.jar/net/sourceforge/htmlunit/corejs/javascript/Arguments.class
   JD: libs/htmlunit-core-js.jar/net/sourceforge/htmlunit/corejs/javascript/BaseFunction.class
   JD: libs/htmlunit-core-js.jar/net/sourceforge/htmlunit/corejs/javascript/BoundFunction.class
   JD: libs/htmlunit-core-js.jar/net/sourceforge/htmlunit/corejs/javascript/ClassCache.class
   JD: libs/htmlunit-core-js.jar/net/sourceforge/htmlunit/corejs/javascript/ConsString.class
   JD: libs/htmlunit-core-js.jar/net/sourceforge/htmlunit/corejs/javascript/Context$1.class
   JD: libs/htmlunit-core-js.jar/net/sourceforge/htmlunit/corejs/javascript/Context$2.class
   JD: libs/htmlunit-core-js.jar/net/sourceforge/htmlunit/corejs/javascript/Context.class
   JD: libs/htmlunit-core-js.jar/net/sourceforge/htmlunit/corejs/javascript/ContextFactory.class
   JD: libs/htmlunit-core-js.jar/net/sourceforge/htmlunit/corejs/javascript/ContextListener.class
   JD: libs/htmlunit-core-js.jar/net/sourceforge/htmlunit/corejs/javascript/Decompiler.class
   JD: libs/htmlunit-core-js.jar/net/sourceforge/htmlunit/corejs/javascript/EcmaError.class
   JD: libs/htmlunit-core-js.jar/net/sourceforge/htmlunit/corejs/javascript/EvaluatorException.class
   JD: libs/htmlunit-core-js.jar/net/sourceforge/htmlunit/corejs/javascript/ExternalArrayData.class
   JD: libs/htmlunit-core-js.jar/net/sourceforge/htmlunit/corejs/javascript/FunctionObject.class
   JD: libs/htmlunit-core-js.jar/net/sourceforge/htmlunit/corejs/javascript/IRFactory.class
   JD: libs/htmlunit-core-js.jar/net/sourceforge/htmlunit/corejs/javascript/IdFunctionObject.class
   JD: libs/htmlunit-core-js.jar/net/sourceforge/htmlunit/corejs/javascript/IdScriptableObject.class
   JD: libs/htmlunit-core-js.jar/net/sourceforge/htmlunit/corejs/javascript/ImporterTopLevel.class
   JD: libs/htmlunit-core-js.jar/net/sourceforge/htmlunit/corejs/javascript/InterpretedFunction.class
   JD: libs/htmlunit-core-js.jar/net/sourceforge/htmlunit/corejs/javascript/Interpreter.class
   JD: libs/htmlunit-core-js.jar/net/sourceforge/htmlunit/corejs/javascript/JavaAdapter.class
   JD: libs/htmlunit-core-js.jar/net/sourceforge/htmlunit/corejs/javascript/JavaScriptException.class
   JD: libs/htmlunit-core-js.jar/net/sourceforge/htmlunit/corejs/javascript/MemberBox$1.class
   JD: libs/htmlunit-core-js.jar/net/sourceforge/htmlunit/corejs/javascript/MemberBox.class
   JD: libs/htmlunit-core-js.jar/net/sourceforge/htmlunit/corejs/javascript/NativeArray$1.class
   JD: libs/htmlunit-core-js.jar/net/sourceforge/htmlunit/corejs/javascript/NativeArray$2.class
   JD: libs/htmlunit-core-js.jar/net/sourceforge/htmlunit/corejs/javascript/NativeArray$3.class
   JD: libs/htmlunit-core-js.jar/net/sourceforge/htmlunit/corejs/javascript/NativeArray.class
   JD: libs/htmlunit-core-js.jar/net/sourceforge/htmlunit/corejs/javascript/NativeBoolean.class
   JD: libs/htmlunit-core-js.jar/net/sourceforge/htmlunit/corejs/javascript/NativeCallSite.class
   JD: libs/htmlunit-core-js.jar/net/sourceforge/htmlunit/corejs/javascript/NativeDate.class
   JD: libs/htmlunit-core-js.jar/net/sourceforge/htmlunit/corejs/javascript/NativeError$1.class
   JD: libs/htmlunit-core-js.jar/net/sourceforge/htmlunit/corejs/javascript/NativeError$ProtoProps.class
   JD: libs/htmlunit-core-js.jar/net/sourceforge/htmlunit/corejs/javascript/NativeError.class
   JD: libs/htmlunit-core-js.jar/net/sourceforge/htmlunit/corejs/javascript/NativeFunction.class
   JD: libs/htmlunit-core-js.jar/net/sourceforge/htmlunit/corejs/javascript/NativeGlobal.class
   JD: libs/htmlunit-core-js.jar/net/sourceforge/htmlunit/corejs/javascript/NativeIterator.class
   JD: libs/htmlunit-core-js.jar/net/sourceforge/htmlunit/corejs/javascript/NativeJSON.class
   JD: libs/htmlunit-core-js.jar/net/sourceforge/htmlunit/corejs/javascript/NativeJavaMethod.class
   JD: libs/htmlunit-core-js.jar/net/sourceforge/htmlunit/corejs/javascript/NativeJavaObject.class
   JD: libs/htmlunit-core-js.jar/net/sourceforge/htmlunit/corejs/javascript/NativeJavaPackage.class
   JD: libs/htmlunit-core-js.jar/net/sourceforge/htmlunit/corejs/javascript/NativeNumber.class
   JD: libs/htmlunit-core-js.jar/net/sourceforge/htmlunit/corejs/javascript/NativeObject$EntrySet$1$1.class
   JD: libs/htmlunit-core-js.jar/net/sourceforge/htmlunit/corejs/javascript/NativeObject$EntrySet$1.class
   JD: libs/htmlunit-core-js.jar/net/sourceforge/htmlunit/corejs/javascript/NativeObject$EntrySet.class
   JD: libs/htmlunit-core-js.jar/net/sourceforge/htmlunit/corejs/javascript/NativeObject$KeySet$1.class
   JD: libs/htmlunit-core-js.jar/net/sourceforge/htmlunit/corejs/javascript/NativeObject$KeySet.class
   JD: libs/htmlunit-core-js.jar/net/sourceforge/htmlunit/corejs/javascript/NativeObject$ValueCollection$1.class
   JD: libs/htmlunit-core-js.jar/net/sourceforge/htmlunit/corejs/javascript/NativeObject$ValueCollection.class
   JD: libs/htmlunit-core-js.jar/net/sourceforge/htmlunit/corejs/javascript/NativeObject.class
   JD: libs/htmlunit-core-js.jar/net/sourceforge/htmlunit/corejs/javascript/NativeString.class
   JD: libs/htmlunit-core-js.jar/net/sourceforge/htmlunit/corejs/javascript/Node.class
   JD: libs/htmlunit-core-js.jar/net/sourceforge/htmlunit/corejs/javascript/NodeTransformer.class
   JD: libs/htmlunit-core-js.jar/net/sourceforge/htmlunit/corejs/javascript/Parser$ConditionData.class
   JD: libs/htmlunit-core-js.jar/net/sourceforge/htmlunit/corejs/javascript/Parser$PerFunctionVariables.class
   JD: libs/htmlunit-core-js.jar/net/sourceforge/htmlunit/corejs/javascript/Parser.class
   JD: libs/htmlunit-core-js.jar/net/sourceforge/htmlunit/corejs/javascript/Ref.class
   JD: libs/htmlunit-core-js.jar/net/sourceforge/htmlunit/corejs/javascript/RhinoException$1.class
   JD: libs/htmlunit-core-js.jar/net/sourceforge/htmlunit/corejs/javascript/RhinoException.class
   JD: libs/htmlunit-core-js.jar/net/sourceforge/htmlunit/corejs/javascript/RhinoSecurityManager.class
   JD: libs/htmlunit-core-js.jar/net/sourceforge/htmlunit/corejs/javascript/ScriptRuntime$1.class
   JD: libs/htmlunit-core-js.jar/net/sourceforge/htmlunit/corejs/javascript/ScriptRuntime$DefaultMessageProvider.class
   JD: libs/htmlunit-core-js.jar/net/sourceforge/htmlunit/corejs/javascript/ScriptRuntime$IdEnumeration.class
   JD: libs/htmlunit-core-js.jar/net/sourceforge/htmlunit/corejs/javascript/ScriptRuntime$NoSuchMethodShim.class
   JD: libs/htmlunit-core-js.jar/net/sourceforge/htmlunit/corejs/javascript/ScriptRuntime.class
   JD: libs/htmlunit-core-js.jar/net/sourceforge/htmlunit/corejs/javascript/ScriptStackElement.class
   JD: libs/htmlunit-core-js.jar/net/sourceforge/htmlunit/corejs/javascript/ScriptableObject$GetterSlot.class
   JD: libs/htmlunit-core-js.jar/net/sourceforge/htmlunit/corejs/javascript/ScriptableObject$RelinkedSlot.class
   JD: libs/htmlunit-core-js.jar/net/sourceforge/htmlunit/corejs/javascript/ScriptableObject$Slot.class
   JD: libs/htmlunit-core-js.jar/net/sourceforge/htmlunit/corejs/javascript/ScriptableObject.class
   JD: libs/htmlunit-core-js.jar/net/sourceforge/htmlunit/corejs/javascript/SecurityController.class
   JD: libs/htmlunit-core-js.jar/net/sourceforge/htmlunit/corejs/javascript/SecurityUtilities$3.class
   JD: libs/htmlunit-core-js.jar/net/sourceforge/htmlunit/corejs/javascript/SpecialRef.class
   JD: libs/htmlunit-core-js.jar/net/sourceforge/htmlunit/corejs/javascript/StackStyle.class
   JD: libs/htmlunit-core-js.jar/net/sourceforge/htmlunit/corejs/javascript/TokenStream.class
   JD: libs/htmlunit-core-js.jar/net/sourceforge/htmlunit/corejs/javascript/TopLevel$NativeErrors.class
   JD: libs/htmlunit-core-js.jar/net/sourceforge/htmlunit/corejs/javascript/TopLevel.class
   JD: libs/htmlunit-core-js.jar/net/sourceforge/htmlunit/corejs/javascript/WrapFactory.class
   JD: libs/htmlunit-core-js.jar/net/sourceforge/htmlunit/corejs/javascript/WrappedException.class
   JD: libs/htmlunit-core-js.jar/net/sourceforge/htmlunit/corejs/javascript/ast/ArrayComprehensionLoop.class
   JD: libs/htmlunit-core-js.jar/net/sourceforge/htmlunit/corejs/javascript/ast/AstNode$DebugPrintVisitor.class
   JD: libs/htmlunit-core-js.jar/net/sourceforge/htmlunit/corejs/javascript/ast/AstNode.class
   JD: libs/htmlunit-core-js.jar/net/sourceforge/htmlunit/corejs/javascript/ast/FunctionNode.class
   JD: libs/htmlunit-core-js.jar/net/sourceforge/htmlunit/corejs/javascript/ast/Name.class
   JD: libs/htmlunit-core-js.jar/net/sourceforge/htmlunit/corejs/javascript/ast/ObjectProperty.class
   JD: libs/htmlunit-core-js.jar/net/sourceforge/htmlunit/corejs/javascript/ast/SwitchStatement.class
   JD: libs/htmlunit-core-js.jar/net/sourceforge/htmlunit/corejs/javascript/commonjs/module/Require.class
   JD: libs/htmlunit-core-js.jar/net/sourceforge/htmlunit/corejs/javascript/optimizer/Block.class
   JD: libs/htmlunit-core-js.jar/net/sourceforge/htmlunit/corejs/javascript/optimizer/BodyCodegen$ExceptionManager$ExceptionInfo.class
   JD: libs/htmlunit-core-js.jar/net/sourceforge/htmlunit/corejs/javascript/optimizer/BodyCodegen$ExceptionManager.class
   JD: libs/htmlunit-core-js.jar/net/sourceforge/htmlunit/corejs/javascript/optimizer/BodyCodegen$FinallyReturnPoint.class
   JD: libs/htmlunit-core-js.jar/net/sourceforge/htmlunit/corejs/javascript/optimizer/BodyCodegen.class
   JD: libs/htmlunit-core-js.jar/net/sourceforge/htmlunit/corejs/javascript/optimizer/Codegen.class
   JD: libs/htmlunit-core-js.jar/net/sourceforge/htmlunit/corejs/javascript/optimizer/OptRuntime$1.class
   JD: libs/htmlunit-core-js.jar/net/sourceforge/htmlunit/corejs/javascript/optimizer/OptRuntime$GeneratorState.class
   JD: libs/htmlunit-core-js.jar/net/sourceforge/htmlunit/corejs/javascript/optimizer/OptRuntime.class
   JD: libs/htmlunit-core-js.jar/net/sourceforge/htmlunit/corejs/javascript/optimizer/Optimizer.class
   JD: libs/htmlunit-core-js.jar/net/sourceforge/htmlunit/corejs/javascript/regexp/CompilerState.class
   JD: libs/htmlunit-core-js.jar/net/sourceforge/htmlunit/corejs/javascript/regexp/GlobData.class
   JD: libs/htmlunit-core-js.jar/net/sourceforge/htmlunit/corejs/javascript/regexp/NativeRegExp.class
   JD: libs/htmlunit-core-js.jar/net/sourceforge/htmlunit/corejs/javascript/regexp/NativeRegExpCtor.class
   JD: libs/htmlunit-core-js.jar/net/sourceforge/htmlunit/corejs/javascript/regexp/REBackTrackData.class
   JD: libs/htmlunit-core-js.jar/net/sourceforge/htmlunit/corejs/javascript/regexp/RECharSet.class
   JD: libs/htmlunit-core-js.jar/net/sourceforge/htmlunit/corejs/javascript/regexp/RECompiled.class
   JD: libs/htmlunit-core-js.jar/net/sourceforge/htmlunit/corejs/javascript/regexp/REGlobalData.class
   JD: libs/htmlunit-core-js.jar/net/sourceforge/htmlunit/corejs/javascript/regexp/RENode.class
   JD: libs/htmlunit-core-js.jar/net/sourceforge/htmlunit/corejs/javascript/regexp/REProgState.class
   JD: libs/htmlunit-core-js.jar/net/sourceforge/htmlunit/corejs/javascript/regexp/RegExpImpl.class
   JD: libs/htmlunit-core-js.jar/net/sourceforge/htmlunit/corejs/javascript/resources/Messages.properties
   JD: libs/htmlunit-core-js.jar/net/sourceforge/htmlunit/corejs/javascript/tools/ToolErrorReporter.class
   JD: libs/htmlunit-core-js.jar/net/sourceforge/htmlunit/corejs/javascript/tools/debugger/ContextWindow$1$1.class
   JD: libs/htmlunit-core-js.jar/net/sourceforge/htmlunit/corejs/javascript/tools/debugger/ContextWindow$1.class
   JD: libs/htmlunit-core-js.jar/net/sourceforge/htmlunit/corejs/javascript/tools/debugger/ContextWindow$2.class
   JD: libs/htmlunit-core-js.jar/net/sourceforge/htmlunit/corejs/javascript/tools/debugger/ContextWindow.class
   JD: libs/htmlunit-core-js.jar/net/sourceforge/htmlunit/corejs/javascript/tools/debugger/Dim.class
   JD: libs/htmlunit-core-js.jar/net/sourceforge/htmlunit/corejs/javascript/tools/debugger/EvalTextArea.class
   JD: libs/htmlunit-core-js.jar/net/sourceforge/htmlunit/corejs/javascript/tools/debugger/EvalWindow.class
   JD: libs/htmlunit-core-js.jar/net/sourceforge/htmlunit/corejs/javascript/tools/debugger/Evaluator.class
   JD: libs/htmlunit-core-js.jar/net/sourceforge/htmlunit/corejs/javascript/tools/debugger/FileHeader.class
   JD: libs/htmlunit-core-js.jar/net/sourceforge/htmlunit/corejs/javascript/tools/debugger/FilePopupMenu.class
   JD: libs/htmlunit-core-js.jar/net/sourceforge/htmlunit/corejs/javascript/tools/debugger/FileTextArea.class
   JD: libs/htmlunit-core-js.jar/net/sourceforge/htmlunit/corejs/javascript/tools/debugger/FileWindow.class
   JD: libs/htmlunit-core-js.jar/net/sourceforge/htmlunit/corejs/javascript/tools/debugger/FindFunction$1.class
   JD: libs/htmlunit-core-js.jar/net/sourceforge/htmlunit/corejs/javascript/tools/debugger/FindFunction$MouseHandler.class
   JD: libs/htmlunit-core-js.jar/net/sourceforge/htmlunit/corejs/javascript/tools/debugger/FindFunction.class
   JD: libs/htmlunit-core-js.jar/net/sourceforge/htmlunit/corejs/javascript/tools/debugger/JSInternalConsole$1.class
   JD: libs/htmlunit-core-js.jar/net/sourceforge/htmlunit/corejs/javascript/tools/debugger/JSInternalConsole.class
   JD: libs/htmlunit-core-js.jar/net/sourceforge/htmlunit/corejs/javascript/tools/debugger/Main$IProxy.class
   JD: libs/htmlunit-core-js.jar/net/sourceforge/htmlunit/corejs/javascript/tools/debugger/Main.class
   JD: libs/htmlunit-core-js.jar/net/sourceforge/htmlunit/corejs/javascript/tools/debugger/Menubar.class
   JD: libs/htmlunit-core-js.jar/net/sourceforge/htmlunit/corejs/javascript/tools/debugger/MessageDialogWrapper.class
   JD: libs/htmlunit-core-js.jar/net/sourceforge/htmlunit/corejs/javascript/tools/debugger/MoreWindows$1.class
   JD: libs/htmlunit-core-js.jar/net/sourceforge/htmlunit/corejs/javascript/tools/debugger/MoreWindows$MouseHandler.class
   JD: libs/htmlunit-core-js.jar/net/sourceforge/htmlunit/corejs/javascript/tools/debugger/MoreWindows.class
   JD: libs/htmlunit-core-js.jar/net/sourceforge/htmlunit/corejs/javascript/tools/debugger/MyTableModel.class
   JD: libs/htmlunit-core-js.jar/net/sourceforge/htmlunit/corejs/javascript/tools/debugger/MyTreeTable.class
   JD: libs/htmlunit-core-js.jar/net/sourceforge/htmlunit/corejs/javascript/tools/debugger/RunProxy.class
   JD: libs/htmlunit-core-js.jar/net/sourceforge/htmlunit/corejs/javascript/tools/debugger/SwingGui$1.class
   JD: libs/htmlunit-core-js.jar/net/sourceforge/htmlunit/corejs/javascript/tools/debugger/SwingGui$2.class
   JD: libs/htmlunit-core-js.jar/net/sourceforge/htmlunit/corejs/javascript/tools/debugger/SwingGui.class
   JD: libs/htmlunit-core-js.jar/net/sourceforge/htmlunit/corejs/javascript/tools/debugger/VariableModel$1.class
   JD: libs/htmlunit-core-js.jar/net/sourceforge/htmlunit/corejs/javascript/tools/debugger/VariableModel$VariableNode.class
   JD: libs/htmlunit-core-js.jar/net/sourceforge/htmlunit/corejs/javascript/tools/debugger/VariableModel.class
   JD: libs/htmlunit-core-js.jar/net/sourceforge/htmlunit/corejs/javascript/tools/shell/Global.class
   JD: libs/htmlunit-core-js.jar/net/sourceforge/htmlunit/corejs/javascript/tools/shell/JavaPolicySecurity$ContextPermissions.class
   JD: libs/htmlunit-core-js.jar/net/sourceforge/htmlunit/corejs/javascript/tools/shell/Main$ScriptCache.class
   JD: libs/htmlunit-core-js.jar/net/sourceforge/htmlunit/corejs/javascript/tools/shell/Main$ScriptReference.class
   JD: libs/htmlunit-core-js.jar/net/sourceforge/htmlunit/corejs/javascript/tools/shell/Main.class
   JD: libs/htmlunit-core-js.jar/net/sourceforge/htmlunit/corejs/javascript/tools/shell/PipeThread.class
   JD: libs/htmlunit-core-js.jar/net/sourceforge/htmlunit/corejs/javascript/tools/shell/Runner.class
   JD: libs/htmlunit-core-js.jar/net/sourceforge/htmlunit/corejs/javascript/tools/shell/ShellContextFactory.class
   JD: libs/htmlunit-core-js.jar/net/sourceforge/htmlunit/corejs/javascript/typedarrays/
   JD: libs/htmlunit-core-js.jar/net/sourceforge/htmlunit/corejs/javascript/typedarrays/ByteIo.class
   JD: libs/htmlunit-core-js.jar/net/sourceforge/htmlunit/corejs/javascript/typedarrays/Conversions.class
   JD: libs/htmlunit-core-js.jar/net/sourceforge/htmlunit/corejs/javascript/typedarrays/NativeArrayBuffer.class
   JD: libs/htmlunit-core-js.jar/net/sourceforge/htmlunit/corejs/javascript/typedarrays/NativeArrayBufferView.class
   JD: libs/htmlunit-core-js.jar/net/sourceforge/htmlunit/corejs/javascript/typedarrays/NativeDataView.class
   JD: libs/htmlunit-core-js.jar/net/sourceforge/htmlunit/corejs/javascript/typedarrays/NativeFloat32Array.class
   JD: libs/htmlunit-core-js.jar/net/sourceforge/htmlunit/corejs/javascript/typedarrays/NativeFloat64Array.class
   JD: libs/htmlunit-core-js.jar/net/sourceforge/htmlunit/corejs/javascript/typedarrays/NativeInt16Array.class
   JD: libs/htmlunit-core-js.jar/net/sourceforge/htmlunit/corejs/javascript/typedarrays/NativeInt32Array.class
   JD: libs/htmlunit-core-js.jar/net/sourceforge/htmlunit/corejs/javascript/typedarrays/NativeInt8Array.class
   JD: libs/htmlunit-core-js.jar/net/sourceforge/htmlunit/corejs/javascript/typedarrays/NativeTypedArrayIterator.class
   JD: libs/htmlunit-core-js.jar/net/sourceforge/htmlunit/corejs/javascript/typedarrays/NativeTypedArrayView.class
   JD: libs/htmlunit-core-js.jar/net/sourceforge/htmlunit/corejs/javascript/typedarrays/NativeUint16Array.class
   JD: libs/htmlunit-core-js.jar/net/sourceforge/htmlunit/corejs/javascript/typedarrays/NativeUint32Array.class
   JD: libs/htmlunit-core-js.jar/net/sourceforge/htmlunit/corejs/javascript/typedarrays/NativeUint8Array.class
   JD: libs/htmlunit-core-js.jar/net/sourceforge/htmlunit/corejs/javascript/typedarrays/NativeUint8ClampedArray.class
   JD: libs/htmlunit-core-js.jar/net/sourceforge/htmlunit/corejs/javascript/v8dtoa/DoubleConversion.class
   JD: libs/htmlunit-core-js.jar/rhinoDiff.txt
   libs/Filters.jar
   libs/JAntiCaptcha.jar
   libs/JDGUI.jar
   libs/JDHttp.jar
   libs/antlr-runtime.dep.json
   libs/bcpkix-jdk15on.jar
   libs/bcpkix-jdk15to18.dep.json
   libs/bcprov-jdk15on.jar
   libs/bcprov-jdk15to18.dep.json
   libs/bctls-jdk15on.jar
   libs/bctls-jdk15to18.dep.json
   libs/bcutil-jdk15on.jar
   libs/bcutil-jdk15to18.dep.json
   libs/filters.dep.json
   libs/htmlunit-core-js.dep.json
   libs/htmlunit-core-js.jar
   libs/image4j.dep.json
   libs/jna-platform.dep.json
   libs/jna.dep.json
   libs/jsvg.jar
   libs/laf/flatlaf.dep.json
   libs/laf/flatlaf.license
   libs/laf/synthetica-themes.dep.json
   libs/laf/synthetica.dep.json
   libs/proxyVole.jar.removed
   libs/proxyvole.dep.json
   libs/rhino.dep.json
   libs/sequence-library.dep.json
   libs/sqljet.dep.json
   libs/svnkit.dep.json
   libs/zip4j.dep.json
   licenses/Filters.jar.info.removed
   licenses/antlr-runtime.jar.info.removed
   licenses/bcpkix-jdk15on.jar.info.removed
   licenses/bcprov-jdk15on.jar.info.removed
   licenses/bctls-jdk15on.jar.info.removed
   licenses/bcutil-jdk15on.jar.info.removed
   licenses/htmlunit-core-js.jar.info.removed
   licenses/image4j.jar.info.removed
   licenses/jsvg.jar.license
   licenses/proxyVole.info.removed
   licenses/proxyVole.jar.info.removed
   licenses/sequence-library.jar.info.removed
   licenses/sqljet.jar.info
   licenses/svgSalamander.jar.info
   licenses/svnkit.jar.info
   themes/standard/org/jdownloader/images/checkbox_false.png
   themes/standard/org/jdownloader/images/checkbox_true.png
   themes/standard/org/jdownloader/images/close.png.license
   themes/standard/org/jdownloader/images/computer.png
   themes/standard/org/jdownloader/images/dev.png
   themes/standard/org/jdownloader/images/drive-harddisk.png
   themes/standard/org/jdownloader/images/exttable/findmenu.png.license
   themes/standard/org/jdownloader/images/exttable/lockColumn.png.license
   themes/standard/org/jdownloader/images/filesystem_root.png
   themes/standard/org/jdownloader/images/floppy.png
   themes/standard/org/jdownloader/images/go-home.png
   themes/standard/org/jdownloader/images/network.png
   themes/standard/org/jdownloader/images/nonpinned.png
   themes/standard/org/jdownloader/images/pinned.png
   themes/standard/org/jdownloader/images/pinned.svg
   themes/standard/org/jdownloader/images/trayicon.png
   themes/standard/org/jdownloader/images/view_details.png
   themes/standard/org/jdownloader/images/view_list.png
