Mon Dec 30 18:44:19 CST 2019
Package: updatePackage.awf
   JD: JDownloader.jar/META-INF/MANIFEST.MF
   JD: JDownloader.jar/META-INF/MANIFEST.MF
   JD: JDownloader.jar/org/appwork/app/gui/BasicGui$1$1$1$1.class
   JD: JDownloader.jar/org/appwork/app/gui/BasicGui$1$1$1.class
   JD: JDownloader.jar/org/appwork/app/gui/BasicGui$1$1$2.class
   JD: JDownloader.jar/org/appwork/app/gui/BasicGui$1$1.class
   JD: JDownloader.jar/org/appwork/app/gui/BasicGui$1.class
   JD: JDownloader.jar/org/appwork/app/gui/BasicGui$2.class
   JD: JDownloader.jar/org/appwork/app/gui/BasicGui$3$1.class
   JD: JDownloader.jar/org/appwork/app/gui/BasicGui$3.class
   JD: JDownloader.jar/org/appwork/app/gui/BasicGui.class
   JD: JDownloader.jar/org/appwork/app/gui/copycutpaste/CopyAction.class
   JD: JDownloader.jar/org/appwork/app/gui/copycutpaste/CutAction.class
   JD: JDownloader.jar/org/appwork/app/gui/copycutpaste/CutCopyPasteIcon.class
   JD: JDownloader.jar/org/appwork/app/gui/copycutpaste/DeleteAction.class
   JD: JDownloader.jar/org/appwork/app/gui/copycutpaste/PasteAction.class
   JD: JDownloader.jar/org/appwork/app/gui/copycutpaste/SelectAction.class
   JD: JDownloader.jar/org/appwork/app/launcher/parameterparser/CommandLineApp.class
   JD: JDownloader.jar/org/appwork/app/launcher/parameterparser/CommandSwitch.class
   JD: JDownloader.jar/org/appwork/app/launcher/parameterparser/ParameterParser.class
   JD: JDownloader.jar/org/appwork/console/ConsoleDialog.class
   JD: JDownloader.jar/org/appwork/console/IDEConsole$1.class
   JD: JDownloader.jar/org/appwork/console/IDEConsole$LineReader.class
   JD: JDownloader.jar/org/appwork/console/IDEConsole.class
   JD: JDownloader.jar/org/appwork/console/table/Table$1.class
   JD: JDownloader.jar/org/appwork/console/table/Table.class
   JD: JDownloader.jar/org/appwork/console/table/ToStringRenderer.class
   JD: JDownloader.jar/org/appwork/controlling/SingleReachableState.class
   JD: JDownloader.jar/org/appwork/controlling/State.class
   JD: JDownloader.jar/org/appwork/controlling/StateEvent$Types.class
   JD: JDownloader.jar/org/appwork/controlling/StateEventsender$1.class
   JD: JDownloader.jar/org/appwork/controlling/StateEventsender.class
   JD: JDownloader.jar/org/appwork/controlling/StateLocker.class
   JD: JDownloader.jar/org/appwork/controlling/StateMachine$1.class
   JD: JDownloader.jar/org/appwork/controlling/StateMachine.class
   JD: JDownloader.jar/org/appwork/dev/debug/DebugCode.class
   JD: JDownloader.jar/org/appwork/loggingv3/AbstractLogger.class
   JD: JDownloader.jar/org/appwork/loggingv3/LogV3$1.class
   JD: JDownloader.jar/org/appwork/loggingv3/LogV3.class
   JD: JDownloader.jar/org/appwork/loggingv3/simple/LogV3Level.class
   JD: JDownloader.jar/org/appwork/loggingv3/simple/SimpleLoggerFactory.class
   JD: JDownloader.jar/org/appwork/loggingv3/simple/sink/AbstractSink.class
   JD: JDownloader.jar/org/appwork/loggingv3/simple/sink/LogToFileSink$1.class
   JD: JDownloader.jar/org/appwork/loggingv3/simple/sink/LogToFileSink$2.class
   JD: JDownloader.jar/org/appwork/loggingv3/simple/sink/LogToFileSink$3.class
   JD: JDownloader.jar/org/appwork/loggingv3/simple/sink/LogToFileSink$4.class
   JD: JDownloader.jar/org/appwork/loggingv3/simple/sink/LogToFileSink$5.class
   JD: JDownloader.jar/org/appwork/loggingv3/simple/sink/LogToFileSink$6.class
   JD: JDownloader.jar/org/appwork/loggingv3/simple/sink/LogToFileSink$CountingOutputStream.class
   JD: JDownloader.jar/org/appwork/loggingv3/simple/sink/LogToFileSink.class
   JD: JDownloader.jar/org/appwork/loggingv3/simple/sink/LogToStdOutSink$1.class
   JD: JDownloader.jar/org/appwork/loggingv3/simple/sink/LogToStdOutSink.class
   JD: JDownloader.jar/org/appwork/loggingv3/simple/sink/LogToStringSink$1.class
   JD: JDownloader.jar/org/appwork/loggingv3/simple/sink/LogToStringSink.class
   JD: JDownloader.jar/org/appwork/loggingv3/simple/sink/SimpleFormatter$IntByReference.class
   JD: JDownloader.jar/org/appwork/loggingv3/simple/sink/SimpleFormatter.class
   JD: JDownloader.jar/org/appwork/loggingv3/tests/Main$1.class
   JD: JDownloader.jar/org/appwork/loggingv3/tests/Main.class
   JD: JDownloader.jar/org/appwork/moment/Moment$1.class
   JD: JDownloader.jar/org/appwork/moment/Moment.class
   JD: JDownloader.jar/org/appwork/moment/UnitsTime.class
   JD: JDownloader.jar/org/appwork/moncompare/
   JD: JDownloader.jar/org/appwork/moncompare/CannotGetValueException.class
   JD: JDownloader.jar/org/appwork/moncompare/CompareException.class
   JD: JDownloader.jar/org/appwork/moncompare/Condition$1.class
   JD: JDownloader.jar/org/appwork/moncompare/Condition$2.class
   JD: JDownloader.jar/org/appwork/moncompare/Condition$3.class
   JD: JDownloader.jar/org/appwork/moncompare/Condition$AccessByField.class
   JD: JDownloader.jar/org/appwork/moncompare/Condition$AccessByMethod.class
   JD: JDownloader.jar/org/appwork/moncompare/Condition$AccessListElement.class
   JD: JDownloader.jar/org/appwork/moncompare/Condition$AccessMapElement.class
   JD: JDownloader.jar/org/appwork/moncompare/Condition$AccessMethod.class
   JD: JDownloader.jar/org/appwork/moncompare/Condition$AccessNotFound.class
   JD: JDownloader.jar/org/appwork/moncompare/Condition$AndOp.class
   JD: JDownloader.jar/org/appwork/moncompare/Condition$EqOp.class
   JD: JDownloader.jar/org/appwork/moncompare/Condition$ExistsOp.class
   JD: JDownloader.jar/org/appwork/moncompare/Condition$GtOp.class
   JD: JDownloader.jar/org/appwork/moncompare/Condition$GteOp.class
   JD: JDownloader.jar/org/appwork/moncompare/Condition$InOp.class
   JD: JDownloader.jar/org/appwork/moncompare/Condition$KeyOnClass.class
   JD: JDownloader.jar/org/appwork/moncompare/Condition$LtOp.class
   JD: JDownloader.jar/org/appwork/moncompare/Condition$LteOp.class
   JD: JDownloader.jar/org/appwork/moncompare/Condition$NinOp.class
   JD: JDownloader.jar/org/appwork/moncompare/Condition$NotEqualsOp.class
   JD: JDownloader.jar/org/appwork/moncompare/Condition$NotOp.class
   JD: JDownloader.jar/org/appwork/moncompare/Condition$OrOp.class
   JD: JDownloader.jar/org/appwork/moncompare/Condition$RegexOp.class
   JD: JDownloader.jar/org/appwork/moncompare/Condition$TypeOp.class
   JD: JDownloader.jar/org/appwork/moncompare/Condition.class
   JD: JDownloader.jar/org/appwork/moncompare/ConditionObjectValueView.class
   JD: JDownloader.jar/org/appwork/moncompare/Operator.class
   JD: JDownloader.jar/org/appwork/net/protocol/http/HTTPConstants$ResponseCode.class
   JD: JDownloader.jar/org/appwork/net/protocol/http/HTTPConstants.class
   JD: JDownloader.jar/org/appwork/remoteapi/APIQuery.class
   JD: JDownloader.jar/org/appwork/remoteapi/ContentSecurityHeader.class
   JD: JDownloader.jar/org/appwork/remoteapi/DefaultDocsPageFactory$1.class
   JD: JDownloader.jar/org/appwork/remoteapi/DefaultDocsPageFactory$2.class
   JD: JDownloader.jar/org/appwork/remoteapi/DefaultDocsPageFactory$3.class
   JD: JDownloader.jar/org/appwork/remoteapi/DefaultDocsPageFactory$HTMLStringBuilder.class
   JD: JDownloader.jar/org/appwork/remoteapi/DefaultDocsPageFactory.class
   JD: JDownloader.jar/org/appwork/remoteapi/InterfaceHandler.class
   JD: JDownloader.jar/org/appwork/remoteapi/RemoteAPI$1.class
   JD: JDownloader.jar/org/appwork/remoteapi/RemoteAPI$2.class
   JD: JDownloader.jar/org/appwork/remoteapi/RemoteAPI.class
   JD: JDownloader.jar/org/appwork/remoteapi/RemoteAPIRequest$REQUESTTYPE.class
   JD: JDownloader.jar/org/appwork/remoteapi/RemoteAPIRequest.class
   JD: JDownloader.jar/org/appwork/remoteapi/RemoteAPIResponse.class
   JD: JDownloader.jar/org/appwork/remoteapi/Template.class
   JD: JDownloader.jar/org/appwork/remoteapi/events/EventsAPI$1.class
   JD: JDownloader.jar/org/appwork/remoteapi/events/EventsAPI.class
   JD: JDownloader.jar/org/appwork/remoteapi/events/Subscriber.class
   JD: JDownloader.jar/org/appwork/remoteapi/events/local/LocalEventsAPIEvent$Type.class
   JD: JDownloader.jar/org/appwork/remoteapi/events/local/LocalEventsAPIEventSender$1.class
   JD: JDownloader.jar/org/appwork/remoteapi/events/local/LocalEventsAPIEventSender.class
   JD: JDownloader.jar/org/appwork/remoteapi/exceptions/BasicRemoteAPIException.class
   JD: JDownloader.jar/org/appwork/remoteapi/exceptions/CaptchaException$1.class
   JD: JDownloader.jar/org/appwork/remoteapi/exceptions/CaptchaException.class
   JD: JDownloader.jar/org/appwork/remoteapi/exceptions/RemoteAPIError.class
   JD: JDownloader.jar/org/appwork/remoteapi/upload/RemoteAPIUpload$1.class
   JD: JDownloader.jar/org/appwork/remoteapi/upload/RemoteAPIUpload$STEP.class
   JD: JDownloader.jar/org/appwork/remoteapi/upload/RemoteAPIUpload.class
   JD: JDownloader.jar/org/appwork/remoteapi/upload/Upload$1.class
   JD: JDownloader.jar/org/appwork/remoteapi/upload/Upload$EtagNotAvailableAtTheServer.class
   JD: JDownloader.jar/org/appwork/remoteapi/upload/Upload.class
   JD: JDownloader.jar/org/appwork/remoteapi/upload/UploadError.class
   JD: JDownloader.jar/org/appwork/remotecall/Utils.class
   JD: JDownloader.jar/org/appwork/remotecall/client/InvocationHandlerImpl$1.class
   JD: JDownloader.jar/org/appwork/remotecall/client/InvocationHandlerImpl.class
   JD: JDownloader.jar/org/appwork/remotecall/client/MethodHandler$1.class
   JD: JDownloader.jar/org/appwork/remotecall/client/MethodHandler.class
   JD: JDownloader.jar/org/appwork/remotecall/server/ExceptionWrapper.class
   JD: JDownloader.jar/org/appwork/remotecall/server/RemoteCallServer.class
   JD: JDownloader.jar/org/appwork/remotecall/server/ServerInvokationException.class
   JD: JDownloader.jar/org/appwork/resources/AWIcon.class
   JD: JDownloader.jar/org/appwork/resources/Theme.class
   JD: JDownloader.jar/org/appwork/resources/ide/AWIconCleanUP$1.class
   JD: JDownloader.jar/org/appwork/resources/ide/AWIconCleanUP$2.class
   JD: JDownloader.jar/org/appwork/resources/ide/AWIconCleanUP.class
   JD: JDownloader.jar/org/appwork/scheduler/DelayedRunnable$1.class
   JD: JDownloader.jar/org/appwork/scheduler/DelayedRunnable$2.class
   JD: JDownloader.jar/org/appwork/scheduler/DelayedRunnable.class
   JD: JDownloader.jar/org/appwork/screenshot/ScreenShooter$1.class
   JD: JDownloader.jar/org/appwork/screenshot/ScreenShooter$2.class
   JD: JDownloader.jar/org/appwork/screenshot/ScreenShooter$3.class
   JD: JDownloader.jar/org/appwork/screenshot/ScreenShooter$4.class
   JD: JDownloader.jar/org/appwork/screenshot/ScreenShooter$5$1.class
   JD: JDownloader.jar/org/appwork/screenshot/ScreenShooter$5.class
   JD: JDownloader.jar/org/appwork/screenshot/ScreenShooter.class
   JD: JDownloader.jar/org/appwork/screenshot/ScreensShotHelper.class
   JD: JDownloader.jar/org/appwork/shutdown/ShutdownController$1.class
   JD: JDownloader.jar/org/appwork/shutdown/ShutdownController$2.class
   JD: JDownloader.jar/org/appwork/shutdown/ShutdownController$3.class
   JD: JDownloader.jar/org/appwork/shutdown/ShutdownController$4.class
   JD: JDownloader.jar/org/appwork/shutdown/ShutdownController$ShutdownEventWrapper.class
   JD: JDownloader.jar/org/appwork/shutdown/ShutdownController.class
   JD: JDownloader.jar/org/appwork/storage/CleanedJSonObject$CompareInstanceProvider.class
   JD: JDownloader.jar/org/appwork/storage/CleanedJSonObject.class
   JD: JDownloader.jar/org/appwork/storage/CleaningRuntimeException.class
   JD: JDownloader.jar/org/appwork/storage/JSonStorage$1.class
   JD: JDownloader.jar/org/appwork/storage/JSonStorage$2.class
   JD: JDownloader.jar/org/appwork/storage/JSonStorage$3.class
   JD: JDownloader.jar/org/appwork/storage/JSonStorage.class
   JD: JDownloader.jar/org/appwork/storage/JsonKeyValueStorage$1.class
   JD: JDownloader.jar/org/appwork/storage/JsonKeyValueStorage.class
   JD: JDownloader.jar/org/appwork/storage/NonDefaultsOnlySerializer.class
   JD: JDownloader.jar/org/appwork/storage/SimpleMapper$1$1.class
   JD: JDownloader.jar/org/appwork/storage/SimpleMapper$1.class
   JD: JDownloader.jar/org/appwork/storage/SimpleMapper$JsonDeSerializerEntry.class
   JD: JDownloader.jar/org/appwork/storage/SimpleMapper$JsonSerializerEntry.class
   JD: JDownloader.jar/org/appwork/storage/SimpleMapper.class
   JD: JDownloader.jar/org/appwork/storage/Storage.class
   JD: JDownloader.jar/org/appwork/storage/TypeRef$1.class
   JD: JDownloader.jar/org/appwork/storage/TypeRef$10.class
   JD: JDownloader.jar/org/appwork/storage/TypeRef$11.class
   JD: JDownloader.jar/org/appwork/storage/TypeRef$12.class
   JD: JDownloader.jar/org/appwork/storage/TypeRef$13.class
   JD: JDownloader.jar/org/appwork/storage/TypeRef$14.class
   JD: JDownloader.jar/org/appwork/storage/TypeRef$15.class
   JD: JDownloader.jar/org/appwork/storage/TypeRef$2.class
   JD: JDownloader.jar/org/appwork/storage/TypeRef$3.class
   JD: JDownloader.jar/org/appwork/storage/TypeRef$4.class
   JD: JDownloader.jar/org/appwork/storage/TypeRef$5.class
   JD: JDownloader.jar/org/appwork/storage/TypeRef$6.class
   JD: JDownloader.jar/org/appwork/storage/TypeRef$7.class
   JD: JDownloader.jar/org/appwork/storage/TypeRef$8.class
   JD: JDownloader.jar/org/appwork/storage/TypeRef$9.class
   JD: JDownloader.jar/org/appwork/storage/TypeRef.class
   JD: JDownloader.jar/org/appwork/storage/Xml2Json$1.class
   JD: JDownloader.jar/org/appwork/storage/Xml2Json$2.class
   JD: JDownloader.jar/org/appwork/storage/Xml2Json.class
   JD: JDownloader.jar/org/appwork/storage/config/ConfigUtils.class
   JD: JDownloader.jar/org/appwork/storage/config/JsonConfig$1.class
   JD: JDownloader.jar/org/appwork/storage/config/JsonConfig$LockObject.class
   JD: JDownloader.jar/org/appwork/storage/config/JsonConfig.class
   JD: JDownloader.jar/org/appwork/storage/config/MinTimeWeakReference$1.class
   JD: JDownloader.jar/org/appwork/storage/config/MinTimeWeakReference$2.class
   JD: JDownloader.jar/org/appwork/storage/config/MinTimeWeakReference$3.class
   JD: JDownloader.jar/org/appwork/storage/config/MinTimeWeakReference.class
   JD: JDownloader.jar/org/appwork/storage/config/WeakHashSet$1.class
   JD: JDownloader.jar/org/appwork/storage/config/WeakHashSet.class
   JD: JDownloader.jar/org/appwork/storage/config/annotations/DefaultStorageSyncMode.class
   JD: JDownloader.jar/org/appwork/storage/config/annotations/IntegerInterface$1.class
   JD: JDownloader.jar/org/appwork/storage/config/annotations/IntegerInterface$2.class
   JD: JDownloader.jar/org/appwork/storage/config/annotations/IntegerInterface.class
   JD: JDownloader.jar/org/appwork/storage/config/annotations/LabelInterface$1.class
   JD: JDownloader.jar/org/appwork/storage/config/annotations/LabelInterface$2.class
   JD: JDownloader.jar/org/appwork/storage/config/annotations/LabelInterface.class
   JD: JDownloader.jar/org/appwork/storage/config/events/ConfigEvent$Types.class
   JD: JDownloader.jar/org/appwork/storage/config/events/ConfigEventSender$1.class
   JD: JDownloader.jar/org/appwork/storage/config/events/ConfigEventSender.class
   JD: JDownloader.jar/org/appwork/storage/config/handler/BooleanKeyHandler.class
   JD: JDownloader.jar/org/appwork/storage/config/handler/ByteKeyHandler.class
   JD: JDownloader.jar/org/appwork/storage/config/handler/DoubleKeyHandler.class
   JD: JDownloader.jar/org/appwork/storage/config/handler/EnumKeyHandler$1.class
   JD: JDownloader.jar/org/appwork/storage/config/handler/EnumKeyHandler.class
   JD: JDownloader.jar/org/appwork/storage/config/handler/EnumListHandler.class
   JD: JDownloader.jar/org/appwork/storage/config/handler/FloatKeyHandler.class
   JD: JDownloader.jar/org/appwork/storage/config/handler/IntegerKeyHandler.class
   JD: JDownloader.jar/org/appwork/storage/config/handler/KeyHandler$1.class
   JD: JDownloader.jar/org/appwork/storage/config/handler/KeyHandler$2.class
   JD: JDownloader.jar/org/appwork/storage/config/handler/KeyHandler$AbstractTypeDefinition.class
   JD: JDownloader.jar/org/appwork/storage/config/handler/KeyHandler.class
   JD: JDownloader.jar/org/appwork/storage/config/handler/ListHandler$1.class
   JD: JDownloader.jar/org/appwork/storage/config/handler/ListHandler$2.class
   JD: JDownloader.jar/org/appwork/storage/config/handler/ListHandler$3.class
   JD: JDownloader.jar/org/appwork/storage/config/handler/ListHandler.class
   JD: JDownloader.jar/org/appwork/storage/config/handler/LongKeyHandler.class
   JD: JDownloader.jar/org/appwork/storage/config/handler/StorageHandler$1.class
   JD: JDownloader.jar/org/appwork/storage/config/handler/StorageHandler$10.class
   JD: JDownloader.jar/org/appwork/storage/config/handler/StorageHandler$11.class
   JD: JDownloader.jar/org/appwork/storage/config/handler/StorageHandler$12.class
   JD: JDownloader.jar/org/appwork/storage/config/handler/StorageHandler$13.class
   JD: JDownloader.jar/org/appwork/storage/config/handler/StorageHandler$14.class
   JD: JDownloader.jar/org/appwork/storage/config/handler/StorageHandler$15.class
   JD: JDownloader.jar/org/appwork/storage/config/handler/StorageHandler$16.class
   JD: JDownloader.jar/org/appwork/storage/config/handler/StorageHandler$2.class
   JD: JDownloader.jar/org/appwork/storage/config/handler/StorageHandler$3.class
   JD: JDownloader.jar/org/appwork/storage/config/handler/StorageHandler$4.class
   JD: JDownloader.jar/org/appwork/storage/config/handler/StorageHandler$5.class
   JD: JDownloader.jar/org/appwork/storage/config/handler/StorageHandler$6.class
   JD: JDownloader.jar/org/appwork/storage/config/handler/StorageHandler$7.class
   JD: JDownloader.jar/org/appwork/storage/config/handler/StorageHandler$8.class
   JD: JDownloader.jar/org/appwork/storage/config/handler/StorageHandler$9.class
   JD: JDownloader.jar/org/appwork/storage/config/handler/StorageHandler.class
   JD: JDownloader.jar/org/appwork/storage/config/handler/StringKeyHandler.class
   JD: JDownloader.jar/org/appwork/storage/config/handler/StringListHandler.class
   JD: JDownloader.jar/org/appwork/storage/config/swing/models/ConfigByteSpinnerModel$1.class
   JD: JDownloader.jar/org/appwork/storage/config/swing/models/ConfigByteSpinnerModel$2.class
   JD: JDownloader.jar/org/appwork/storage/config/swing/models/ConfigByteSpinnerModel.class
   JD: JDownloader.jar/org/appwork/storage/config/swing/models/ConfigIntSpinnerModel$1.class
   JD: JDownloader.jar/org/appwork/storage/config/swing/models/ConfigIntSpinnerModel$2.class
   JD: JDownloader.jar/org/appwork/storage/config/swing/models/ConfigIntSpinnerModel.class
   JD: JDownloader.jar/org/appwork/storage/config/swing/models/ConfigLongSpinnerModel$1.class
   JD: JDownloader.jar/org/appwork/storage/config/swing/models/ConfigLongSpinnerModel$2.class
   JD: JDownloader.jar/org/appwork/storage/config/swing/models/ConfigLongSpinnerModel.class
   JD: JDownloader.jar/org/appwork/storage/config/swing/models/ConfigToggleButtonModel$1.class
   JD: JDownloader.jar/org/appwork/storage/config/swing/models/ConfigToggleButtonModel$2.class
   JD: JDownloader.jar/org/appwork/storage/config/swing/models/ConfigToggleButtonModel$3.class
   JD: JDownloader.jar/org/appwork/storage/config/swing/models/ConfigToggleButtonModel.class
   JD: JDownloader.jar/org/appwork/storage/jackson/JacksonMapper$1.class
   JD: JDownloader.jar/org/appwork/storage/jackson/JacksonMapper$2.class
   JD: JDownloader.jar/org/appwork/storage/jackson/JacksonMapper$3.class
   JD: JDownloader.jar/org/appwork/storage/jackson/JacksonMapper$4.class
   JD: JDownloader.jar/org/appwork/storage/jackson/JacksonMapper$5.class
   JD: JDownloader.jar/org/appwork/storage/jackson/JacksonMapper$6.class
   JD: JDownloader.jar/org/appwork/storage/jackson/JacksonMapper.class
   JD: JDownloader.jar/org/appwork/storage/simplejson/JSonArray.class
   JD: JDownloader.jar/org/appwork/storage/simplejson/JSonFactory.class
   JD: JDownloader.jar/org/appwork/storage/simplejson/JSonObject.class
   JD: JDownloader.jar/org/appwork/storage/simplejson/JSonUtils.class
   JD: JDownloader.jar/org/appwork/storage/simplejson/JSonValue$1.class
   JD: JDownloader.jar/org/appwork/storage/simplejson/JSonValue.class
   JD: JDownloader.jar/org/appwork/storage/simplejson/Type.class
   JD: JDownloader.jar/org/appwork/storage/simplejson/mapper/ClassCache$Rules.class
   JD: JDownloader.jar/org/appwork/storage/simplejson/mapper/ClassCache.class
   JD: JDownloader.jar/org/appwork/storage/simplejson/mapper/ClassMapper.class
   JD: JDownloader.jar/org/appwork/storage/simplejson/mapper/ColorMapper.class
   JD: JDownloader.jar/org/appwork/storage/simplejson/mapper/DateMapper.class
   JD: JDownloader.jar/org/appwork/storage/simplejson/mapper/FileMapper.class
   JD: JDownloader.jar/org/appwork/storage/simplejson/mapper/Getter.class
   JD: JDownloader.jar/org/appwork/storage/simplejson/mapper/JSonMapper$1.class
   JD: JDownloader.jar/org/appwork/storage/simplejson/mapper/JSonMapper.class
   JD: JDownloader.jar/org/appwork/storage/simplejson/mapper/Setter.class
   JD: JDownloader.jar/org/appwork/storage/simplejson/mapper/URLMapper.class
   JD: JDownloader.jar/org/appwork/sunwrapper/sun/awt/image/ToolkitImageWrapper.class
   JD: JDownloader.jar/org/appwork/sunwrapper/sun/awt/shell/ShellFolderWrapper.class
   JD: JDownloader.jar/org/appwork/sunwrapper/sun/net/www/protocol/http/AuthCacheValueWrapper.class
   JD: JDownloader.jar/org/appwork/sunwrapper/sun/swing/DefaultLookupWrapper.class
   JD: JDownloader.jar/org/appwork/sunwrapper/sun/swing/SwingUtilities2Wrapper.class
   JD: JDownloader.jar/org/appwork/swing/AutoScroller$1.class
   JD: JDownloader.jar/org/appwork/swing/AutoScroller.class
   JD: JDownloader.jar/org/appwork/swing/ExtJFrame$1.class
   JD: JDownloader.jar/org/appwork/swing/ExtJFrame.class
   JD: JDownloader.jar/org/appwork/swing/SwingAnimator$AnimatorListener.class
   JD: JDownloader.jar/org/appwork/swing/ToFrontWorkaround$1.class
   JD: JDownloader.jar/org/appwork/swing/ToFrontWorkaround.class
   JD: JDownloader.jar/org/appwork/swing/action/BasicAction.class
   JD: JDownloader.jar/org/appwork/swing/components/CheckBoxIcon$1.class
   JD: JDownloader.jar/org/appwork/swing/components/CheckBoxIcon.class
   JD: JDownloader.jar/org/appwork/swing/components/ExtButton$1.class
   JD: JDownloader.jar/org/appwork/swing/components/ExtButton$2.class
   JD: JDownloader.jar/org/appwork/swing/components/ExtButton.class
   JD: JDownloader.jar/org/appwork/swing/components/ExtCheckBox$1$1.class
   JD: JDownloader.jar/org/appwork/swing/components/ExtCheckBox$1.class
   JD: JDownloader.jar/org/appwork/swing/components/ExtCheckBox.class
   JD: JDownloader.jar/org/appwork/swing/components/ExtMergedIcon$1.class
   JD: JDownloader.jar/org/appwork/swing/components/ExtMergedIcon$Entry.class
   JD: JDownloader.jar/org/appwork/swing/components/ExtMergedIcon.class
   JD: JDownloader.jar/org/appwork/swing/components/ExtPasswordField$1$1.class
   JD: JDownloader.jar/org/appwork/swing/components/ExtPasswordField$1.class
   JD: JDownloader.jar/org/appwork/swing/components/ExtPasswordField$CustomPasswordField.class
   JD: JDownloader.jar/org/appwork/swing/components/ExtPasswordField$CustomTextField.class
   JD: JDownloader.jar/org/appwork/swing/components/ExtPasswordField.class
   JD: JDownloader.jar/org/appwork/swing/components/ExtSpinner$1.class
   JD: JDownloader.jar/org/appwork/swing/components/ExtSpinner.class
   JD: JDownloader.jar/org/appwork/swing/components/ExtTextArea.class
   JD: JDownloader.jar/org/appwork/swing/components/ExtTextField.class
   JD: JDownloader.jar/org/appwork/swing/components/ExtTextPane.class
   JD: JDownloader.jar/org/appwork/swing/components/HeadlessCheckboxIconRef.class
   JD: JDownloader.jar/org/appwork/swing/components/JScrollMenu.class
   JD: JDownloader.jar/org/appwork/swing/components/JScrollPopupMenu$1$1.class
   JD: JDownloader.jar/org/appwork/swing/components/JScrollPopupMenu$1.class
   JD: JDownloader.jar/org/appwork/swing/components/JScrollPopupMenu$2.class
   JD: JDownloader.jar/org/appwork/swing/components/JScrollPopupMenu$3.class
   JD: JDownloader.jar/org/appwork/swing/components/JScrollPopupMenu$ScrollPopupMenuLayout.class
   JD: JDownloader.jar/org/appwork/swing/components/JScrollPopupMenu.class
   JD: JDownloader.jar/org/appwork/swing/components/RadioBoxIcon$1.class
   JD: JDownloader.jar/org/appwork/swing/components/RadioBoxIcon.class
   JD: JDownloader.jar/org/appwork/swing/components/SizeSpinner$1.class
   JD: JDownloader.jar/org/appwork/swing/components/SizeSpinner$2.class
   JD: JDownloader.jar/org/appwork/swing/components/SizeSpinner.class
   JD: JDownloader.jar/org/appwork/swing/components/circlebar/BasicCircleProgressBarUI$AnimationListener.class
   JD: JDownloader.jar/org/appwork/swing/components/circlebar/BasicCircleProgressBarUI$Handler.class
   JD: JDownloader.jar/org/appwork/swing/components/circlebar/BasicCircleProgressBarUI.class
   JD: JDownloader.jar/org/appwork/swing/components/circlebar/CircledProgressBar$1.class
   JD: JDownloader.jar/org/appwork/swing/components/circlebar/CircledProgressBar$2.class
   JD: JDownloader.jar/org/appwork/swing/components/circlebar/CircledProgressBar.class
   JD: JDownloader.jar/org/appwork/swing/components/circlebar/ImagePainter.class
   JD: JDownloader.jar/org/appwork/swing/components/circlebar/TEst$1$1$1$1$1.class
   JD: JDownloader.jar/org/appwork/swing/components/circlebar/TEst$1$1$1$1.class
   JD: JDownloader.jar/org/appwork/swing/components/circlebar/TEst$1$1$1.class
   JD: JDownloader.jar/org/appwork/swing/components/circlebar/TEst$1$1$2.class
   JD: JDownloader.jar/org/appwork/swing/components/circlebar/TEst$1$1$3.class
   JD: JDownloader.jar/org/appwork/swing/components/circlebar/TEst$1$1$4$1.class
   JD: JDownloader.jar/org/appwork/swing/components/circlebar/TEst$1$1$4.class
   JD: JDownloader.jar/org/appwork/swing/components/circlebar/TEst$1$1.class
   JD: JDownloader.jar/org/appwork/swing/components/circlebar/TEst$1.class
   JD: JDownloader.jar/org/appwork/swing/components/circlebar/TEst.class
   JD: JDownloader.jar/org/appwork/swing/components/multiprogressbar/BasicMultiProgressModelUI.class
   JD: JDownloader.jar/org/appwork/swing/components/multiprogressbar/MultiProgressBar$1.class
   JD: JDownloader.jar/org/appwork/swing/components/multiprogressbar/MultiProgressBar.class
   JD: JDownloader.jar/org/appwork/swing/components/multiprogressbar/MultiProgressEventSender.class
   JD: JDownloader.jar/org/appwork/swing/components/multiprogressbar/MultiProgressModelEvent$Type.class
   JD: JDownloader.jar/org/appwork/swing/components/multiprogressbar/MultiProgressModelEventSender.class
   JD: JDownloader.jar/org/appwork/swing/components/pathchooser/PathChooser$1.class
   JD: JDownloader.jar/org/appwork/swing/components/pathchooser/PathChooser$2$1.class
   JD: JDownloader.jar/org/appwork/swing/components/pathchooser/PathChooser$2.class
   JD: JDownloader.jar/org/appwork/swing/components/pathchooser/PathChooser$3.class
   JD: JDownloader.jar/org/appwork/swing/components/pathchooser/PathChooser$BrowseAction.class
   JD: JDownloader.jar/org/appwork/swing/components/pathchooser/PathChooser.class
   JD: JDownloader.jar/org/appwork/swing/components/searchcombo/SearchComboBox$1$1.class
   JD: JDownloader.jar/org/appwork/swing/components/searchcombo/SearchComboBox$1$2.class
   JD: JDownloader.jar/org/appwork/swing/components/searchcombo/SearchComboBox$1$3.class
   JD: JDownloader.jar/org/appwork/swing/components/searchcombo/SearchComboBox$1$4.class
   JD: JDownloader.jar/org/appwork/swing/components/searchcombo/SearchComboBox$1.class
   JD: JDownloader.jar/org/appwork/swing/components/searchcombo/SearchComboBox$2.class
   JD: JDownloader.jar/org/appwork/swing/components/searchcombo/SearchComboBox$3.class
   JD: JDownloader.jar/org/appwork/swing/components/searchcombo/SearchComboBox$4.class
   JD: JDownloader.jar/org/appwork/swing/components/searchcombo/SearchComboBox$5.class
   JD: JDownloader.jar/org/appwork/swing/components/searchcombo/SearchComboBox$Editor$1.class
   JD: JDownloader.jar/org/appwork/swing/components/searchcombo/SearchComboBox$Editor$2.class
   JD: JDownloader.jar/org/appwork/swing/components/searchcombo/SearchComboBox$Editor$3.class
   JD: JDownloader.jar/org/appwork/swing/components/searchcombo/SearchComboBox$Editor$4$1.class
   JD: JDownloader.jar/org/appwork/swing/components/searchcombo/SearchComboBox$Editor$4.class
   JD: JDownloader.jar/org/appwork/swing/components/searchcombo/SearchComboBox$Editor.class
   JD: JDownloader.jar/org/appwork/swing/components/searchcombo/SearchComboBox.class
   JD: JDownloader.jar/org/appwork/swing/components/tooltips/BasicExtTooltip.class
   JD: JDownloader.jar/org/appwork/swing/components/tooltips/BasicTooltipFactory.class
   JD: JDownloader.jar/org/appwork/swing/components/tooltips/ExtTooltip.class
   JD: JDownloader.jar/org/appwork/swing/components/tooltips/MultiLineLabelTooltip$LabelInfo.class
   JD: JDownloader.jar/org/appwork/swing/components/tooltips/MultiLineLabelTooltip.class
   JD: JDownloader.jar/org/appwork/swing/components/tooltips/ToolTipController$1.class
   JD: JDownloader.jar/org/appwork/swing/components/tooltips/ToolTipController.class
   JD: JDownloader.jar/org/appwork/swing/components/tooltips/ToolTipDelayer$1.class
   JD: JDownloader.jar/org/appwork/swing/components/tooltips/ToolTipDelayer.class
   JD: JDownloader.jar/org/appwork/swing/event/PropertySetEvent$Type.class
   JD: JDownloader.jar/org/appwork/swing/event/PropertySetEventSender$1.class
   JD: JDownloader.jar/org/appwork/swing/event/PropertySetEventSender.class
   JD: JDownloader.jar/org/appwork/swing/exttable/CustomOriginalTableColumn.class
   JD: JDownloader.jar/org/appwork/swing/exttable/ExtCheckBoxMenuItem.class
   JD: JDownloader.jar/org/appwork/swing/exttable/ExtColumn$1$1.class
   JD: JDownloader.jar/org/appwork/swing/exttable/ExtColumn$1$2.class
   JD: JDownloader.jar/org/appwork/swing/exttable/ExtColumn$1$3.class
   JD: JDownloader.jar/org/appwork/swing/exttable/ExtColumn$1.class
   JD: JDownloader.jar/org/appwork/swing/exttable/ExtColumn$2.class
   JD: JDownloader.jar/org/appwork/swing/exttable/ExtColumn$3.class
   JD: JDownloader.jar/org/appwork/swing/exttable/ExtColumn$4.class
   JD: JDownloader.jar/org/appwork/swing/exttable/ExtColumn.class
   JD: JDownloader.jar/org/appwork/swing/exttable/ExtColumnModel.class
   JD: JDownloader.jar/org/appwork/swing/exttable/ExtDefaultRowSorter.class
   JD: JDownloader.jar/org/appwork/swing/exttable/ExtMenuItem.class
   JD: JDownloader.jar/org/appwork/swing/exttable/ExtTable$1.class
   JD: JDownloader.jar/org/appwork/swing/exttable/ExtTable$10.class
   JD: JDownloader.jar/org/appwork/swing/exttable/ExtTable$11.class
   JD: JDownloader.jar/org/appwork/swing/exttable/ExtTable$12.class
   JD: JDownloader.jar/org/appwork/swing/exttable/ExtTable$13.class
   JD: JDownloader.jar/org/appwork/swing/exttable/ExtTable$14.class
   JD: JDownloader.jar/org/appwork/swing/exttable/ExtTable$2.class
   JD: JDownloader.jar/org/appwork/swing/exttable/ExtTable$3.class
   JD: JDownloader.jar/org/appwork/swing/exttable/ExtTable$4.class
   JD: JDownloader.jar/org/appwork/swing/exttable/ExtTable$5.class
   JD: JDownloader.jar/org/appwork/swing/exttable/ExtTable$6.class
   JD: JDownloader.jar/org/appwork/swing/exttable/ExtTable$7.class
   JD: JDownloader.jar/org/appwork/swing/exttable/ExtTable$8.class
   JD: JDownloader.jar/org/appwork/swing/exttable/ExtTable$9$1.class
   JD: JDownloader.jar/org/appwork/swing/exttable/ExtTable$9.class
   JD: JDownloader.jar/org/appwork/swing/exttable/ExtTable.class
   JD: JDownloader.jar/org/appwork/swing/exttable/ExtTableContextMenuController.class
   JD: JDownloader.jar/org/appwork/swing/exttable/ExtTableEvent$Types.class
   JD: JDownloader.jar/org/appwork/swing/exttable/ExtTableEventSender.class
   JD: JDownloader.jar/org/appwork/swing/exttable/ExtTableHeaderRenderer.class
   JD: JDownloader.jar/org/appwork/swing/exttable/ExtTableIcon.class
   JD: JDownloader.jar/org/appwork/swing/exttable/ExtTableModel$1.class
   JD: JDownloader.jar/org/appwork/swing/exttable/ExtTableModel$2.class
   JD: JDownloader.jar/org/appwork/swing/exttable/ExtTableModel$3.class
   JD: JDownloader.jar/org/appwork/swing/exttable/ExtTableModel$4.class
   JD: JDownloader.jar/org/appwork/swing/exttable/ExtTableModel$5.class
   JD: JDownloader.jar/org/appwork/swing/exttable/ExtTableModel$6.class
   JD: JDownloader.jar/org/appwork/swing/exttable/ExtTableModel.class
   JD: JDownloader.jar/org/appwork/swing/exttable/ExtTableModelEvent$Type.class
   JD: JDownloader.jar/org/appwork/swing/exttable/ExtTableModelEventSender.class
   JD: JDownloader.jar/org/appwork/swing/exttable/ExtTransferHandler.class
   JD: JDownloader.jar/org/appwork/swing/exttable/SearchDialog$1.class
   JD: JDownloader.jar/org/appwork/swing/exttable/SearchDialog$2.class
   JD: JDownloader.jar/org/appwork/swing/exttable/SearchDialog$3.class
   JD: JDownloader.jar/org/appwork/swing/exttable/SearchDialog.class
   JD: JDownloader.jar/org/appwork/swing/exttable/columnmenu/LockColumnWidthAction.class
   JD: JDownloader.jar/org/appwork/swing/exttable/columnmenu/ResetColumns.class
   JD: JDownloader.jar/org/appwork/swing/exttable/columnmenu/SearchContextAction.class
   JD: JDownloader.jar/org/appwork/swing/exttable/columns/ExtCheckColumn$1.class
   JD: JDownloader.jar/org/appwork/swing/exttable/columns/ExtCheckColumn$2.class
   JD: JDownloader.jar/org/appwork/swing/exttable/columns/ExtCheckColumn$3.class
   JD: JDownloader.jar/org/appwork/swing/exttable/columns/ExtCheckColumn$4.class
   JD: JDownloader.jar/org/appwork/swing/exttable/columns/ExtCheckColumn.class
   JD: JDownloader.jar/org/appwork/swing/exttable/columns/ExtCircleProgressColumn$1.class
   JD: JDownloader.jar/org/appwork/swing/exttable/columns/ExtCircleProgressColumn$2.class
   JD: JDownloader.jar/org/appwork/swing/exttable/columns/ExtCircleProgressColumn$IndeterminatedCircledProgressBar.class
   JD: JDownloader.jar/org/appwork/swing/exttable/columns/ExtCircleProgressColumn.class
   JD: JDownloader.jar/org/appwork/swing/exttable/columns/ExtComboColumn$1.class
   JD: JDownloader.jar/org/appwork/swing/exttable/columns/ExtComboColumn$2.class
   JD: JDownloader.jar/org/appwork/swing/exttable/columns/ExtComboColumn$3.class
   JD: JDownloader.jar/org/appwork/swing/exttable/columns/ExtComboColumn$4.class
   JD: JDownloader.jar/org/appwork/swing/exttable/columns/ExtComboColumn$5.class
   JD: JDownloader.jar/org/appwork/swing/exttable/columns/ExtComboColumn.class
   JD: JDownloader.jar/org/appwork/swing/exttable/columns/ExtComponentColumn$1$1.class
   JD: JDownloader.jar/org/appwork/swing/exttable/columns/ExtComponentColumn$1.class
   JD: JDownloader.jar/org/appwork/swing/exttable/columns/ExtComponentColumn.class
   JD: JDownloader.jar/org/appwork/swing/exttable/columns/ExtCompoundColumn$1.class
   JD: JDownloader.jar/org/appwork/swing/exttable/columns/ExtCompoundColumn.class
   JD: JDownloader.jar/org/appwork/swing/exttable/columns/ExtDateColumn$1.class
   JD: JDownloader.jar/org/appwork/swing/exttable/columns/ExtDateColumn$2.class
   JD: JDownloader.jar/org/appwork/swing/exttable/columns/ExtDateColumn$3.class
   JD: JDownloader.jar/org/appwork/swing/exttable/columns/ExtDateColumn.class
   JD: JDownloader.jar/org/appwork/swing/exttable/columns/ExtEuroColumn$1.class
   JD: JDownloader.jar/org/appwork/swing/exttable/columns/ExtEuroColumn.class
   JD: JDownloader.jar/org/appwork/swing/exttable/columns/ExtFileBrowser$1.class
   JD: JDownloader.jar/org/appwork/swing/exttable/columns/ExtFileBrowser$2.class
   JD: JDownloader.jar/org/appwork/swing/exttable/columns/ExtFileBrowser$3.class
   JD: JDownloader.jar/org/appwork/swing/exttable/columns/ExtFileBrowser.class
   JD: JDownloader.jar/org/appwork/swing/exttable/columns/ExtFileSizeColumn$1.class
   JD: JDownloader.jar/org/appwork/swing/exttable/columns/ExtFileSizeColumn$2.class
   JD: JDownloader.jar/org/appwork/swing/exttable/columns/ExtFileSizeColumn$3.class
   JD: JDownloader.jar/org/appwork/swing/exttable/columns/ExtFileSizeColumn.class
   JD: JDownloader.jar/org/appwork/swing/exttable/columns/ExtIconColumn$1.class
   JD: JDownloader.jar/org/appwork/swing/exttable/columns/ExtIconColumn$2.class
   JD: JDownloader.jar/org/appwork/swing/exttable/columns/ExtIconColumn.class
   JD: JDownloader.jar/org/appwork/swing/exttable/columns/ExtLongColumn$1.class
   JD: JDownloader.jar/org/appwork/swing/exttable/columns/ExtLongColumn.class
   JD: JDownloader.jar/org/appwork/swing/exttable/columns/ExtPasswordEditorColumn$1.class
   JD: JDownloader.jar/org/appwork/swing/exttable/columns/ExtPasswordEditorColumn.class
   JD: JDownloader.jar/org/appwork/swing/exttable/columns/ExtProgressColumn$1.class
   JD: JDownloader.jar/org/appwork/swing/exttable/columns/ExtProgressColumn.class
   JD: JDownloader.jar/org/appwork/swing/exttable/columns/ExtRadioColumn$1.class
   JD: JDownloader.jar/org/appwork/swing/exttable/columns/ExtRadioColumn.class
   JD: JDownloader.jar/org/appwork/swing/exttable/columns/ExtSpinnerColumn$1.class
   JD: JDownloader.jar/org/appwork/swing/exttable/columns/ExtSpinnerColumn$2.class
   JD: JDownloader.jar/org/appwork/swing/exttable/columns/ExtSpinnerColumn.class
   JD: JDownloader.jar/org/appwork/swing/exttable/columns/ExtTextAreaColumn$1.class
   JD: JDownloader.jar/org/appwork/swing/exttable/columns/ExtTextAreaColumn$2.class
   JD: JDownloader.jar/org/appwork/swing/exttable/columns/ExtTextAreaColumn$3.class
   JD: JDownloader.jar/org/appwork/swing/exttable/columns/ExtTextAreaColumn.class
   JD: JDownloader.jar/org/appwork/swing/exttable/columns/ExtTextColumn$1.class
   JD: JDownloader.jar/org/appwork/swing/exttable/columns/ExtTextColumn$2.class
   JD: JDownloader.jar/org/appwork/swing/exttable/columns/ExtTextColumn$3.class
   JD: JDownloader.jar/org/appwork/swing/exttable/columns/ExtTextColumn$4.class
   JD: JDownloader.jar/org/appwork/swing/exttable/columns/ExtTextColumn$5.class
   JD: JDownloader.jar/org/appwork/swing/exttable/columns/ExtTextColumn$6.class
   JD: JDownloader.jar/org/appwork/swing/exttable/columns/ExtTextColumn.class
   JD: JDownloader.jar/org/appwork/swing/exttable/tree/ExtTreeTableModel.class
   JD: JDownloader.jar/org/appwork/swing/synthetica/SyntheticaHelper.class
   JD: JDownloader.jar/org/appwork/swing/trayicon/AbstractTray$1.class
   JD: JDownloader.jar/org/appwork/swing/trayicon/AbstractTray$2$1.class
   JD: JDownloader.jar/org/appwork/swing/trayicon/AbstractTray$2.class
   JD: JDownloader.jar/org/appwork/swing/trayicon/AbstractTray$3$1.class
   JD: JDownloader.jar/org/appwork/swing/trayicon/AbstractTray$3.class
   JD: JDownloader.jar/org/appwork/swing/trayicon/AbstractTray.class
   JD: JDownloader.jar/org/appwork/swing/trayicon/MenuHeader.class
   JD: JDownloader.jar/org/appwork/swing/trayicon/TrayIconPopup$1$1.class
   JD: JDownloader.jar/org/appwork/swing/trayicon/TrayIconPopup$1.class
   JD: JDownloader.jar/org/appwork/swing/trayicon/TrayIconPopup$2$1.class
   JD: JDownloader.jar/org/appwork/swing/trayicon/TrayIconPopup$2.class
   JD: JDownloader.jar/org/appwork/swing/trayicon/TrayIconPopup.class
   JD: JDownloader.jar/org/appwork/swing/trayicon/TrayIconRef.class
   JD: JDownloader.jar/org/appwork/swing/trayicon/TrayMouseAdapter$1.class
   JD: JDownloader.jar/org/appwork/swing/trayicon/TrayMouseAdapter$2$1.class
   JD: JDownloader.jar/org/appwork/swing/trayicon/TrayMouseAdapter$2.class
   JD: JDownloader.jar/org/appwork/swing/trayicon/TrayMouseAdapter.class
   JD: JDownloader.jar/org/appwork/timetracker/TimeTracker.class
   JD: JDownloader.jar/org/appwork/tools/ide/iconsetmaker/IconResource.class
   JD: JDownloader.jar/org/appwork/tools/ide/iconsetmaker/IconSetMaker$1.class
   JD: JDownloader.jar/org/appwork/tools/ide/iconsetmaker/IconSetMaker$2.class
   JD: JDownloader.jar/org/appwork/tools/ide/iconsetmaker/IconSetMaker$3.class
   JD: JDownloader.jar/org/appwork/tools/ide/iconsetmaker/IconSetMaker$4.class
   JD: JDownloader.jar/org/appwork/tools/ide/iconsetmaker/IconSetMaker.class
   JD: JDownloader.jar/org/appwork/tools/ide/iconsetmaker/IconSetMakerAdapter.class
   JD: JDownloader.jar/org/appwork/tools/ide/iconsetmaker/ResourceSet.class
   JD: JDownloader.jar/org/appwork/tools/ide/iconsetmaker/gui/Icon8Chooser$1.class
   JD: JDownloader.jar/org/appwork/tools/ide/iconsetmaker/gui/Icon8Chooser.class
   JD: JDownloader.jar/org/appwork/tools/ide/iconsetmaker/gui/Icon8Resource$1.class
   JD: JDownloader.jar/org/appwork/tools/ide/iconsetmaker/gui/Icon8Resource$2.class
   JD: JDownloader.jar/org/appwork/tools/ide/iconsetmaker/gui/Icon8Resource.class
   JD: JDownloader.jar/org/appwork/tools/ide/iconsetmaker/gui/IconSetterGui$1$1.class
   JD: JDownloader.jar/org/appwork/tools/ide/iconsetmaker/gui/IconSetterGui$1$2.class
   JD: JDownloader.jar/org/appwork/tools/ide/iconsetmaker/gui/IconSetterGui$1.class
   JD: JDownloader.jar/org/appwork/tools/ide/iconsetmaker/gui/IconSetterGui$2$1.class
   JD: JDownloader.jar/org/appwork/tools/ide/iconsetmaker/gui/IconSetterGui$2$2.class
   JD: JDownloader.jar/org/appwork/tools/ide/iconsetmaker/gui/IconSetterGui$2.class
   JD: JDownloader.jar/org/appwork/tools/ide/iconsetmaker/gui/IconSetterGui.class
   JD: JDownloader.jar/org/appwork/tools/ide/iconsetmaker/gui/PseudoCombo$1.class
   JD: JDownloader.jar/org/appwork/tools/ide/iconsetmaker/gui/PseudoCombo$2.class
   JD: JDownloader.jar/org/appwork/tools/ide/iconsetmaker/gui/PseudoCombo$3.class
   JD: JDownloader.jar/org/appwork/tools/ide/iconsetmaker/gui/PseudoCombo.class
   JD: JDownloader.jar/org/appwork/tools/ide/iconsetmaker/gui/SetTable$1.class
   JD: JDownloader.jar/org/appwork/tools/ide/iconsetmaker/gui/SetTable$2.class
   JD: JDownloader.jar/org/appwork/tools/ide/iconsetmaker/gui/SetTable$3.class
   JD: JDownloader.jar/org/appwork/tools/ide/iconsetmaker/gui/SetTable$4.class
   JD: JDownloader.jar/org/appwork/tools/ide/iconsetmaker/gui/SetTable$5.class
   JD: JDownloader.jar/org/appwork/tools/ide/iconsetmaker/gui/SetTable.class
   JD: JDownloader.jar/org/appwork/tools/ide/iconsetmaker/gui/SetTableModel$1.class
   JD: JDownloader.jar/org/appwork/tools/ide/iconsetmaker/gui/SetTableModel$2.class
   JD: JDownloader.jar/org/appwork/tools/ide/iconsetmaker/gui/SetTableModel$3.class
   JD: JDownloader.jar/org/appwork/tools/ide/iconsetmaker/gui/SetTableModel$4.class
   JD: JDownloader.jar/org/appwork/tools/ide/iconsetmaker/gui/SetTableModel$5.class
   JD: JDownloader.jar/org/appwork/tools/ide/iconsetmaker/gui/SetTableModel$6.class
   JD: JDownloader.jar/org/appwork/tools/ide/iconsetmaker/gui/SetTableModel$7.class
   JD: JDownloader.jar/org/appwork/tools/ide/iconsetmaker/gui/SetTableModel.class
   JD: JDownloader.jar/org/appwork/tools/ide/iconsetmaker/gui/icon8/Icon8Dialog$1$1.class
   JD: JDownloader.jar/org/appwork/tools/ide/iconsetmaker/gui/icon8/Icon8Dialog$1$2.class
   JD: JDownloader.jar/org/appwork/tools/ide/iconsetmaker/gui/icon8/Icon8Dialog$1.class
   JD: JDownloader.jar/org/appwork/tools/ide/iconsetmaker/gui/icon8/Icon8Dialog$10$1.class
   JD: JDownloader.jar/org/appwork/tools/ide/iconsetmaker/gui/icon8/Icon8Dialog$10$2.class
   JD: JDownloader.jar/org/appwork/tools/ide/iconsetmaker/gui/icon8/Icon8Dialog$10.class
   JD: JDownloader.jar/org/appwork/tools/ide/iconsetmaker/gui/icon8/Icon8Dialog$2.class
   JD: JDownloader.jar/org/appwork/tools/ide/iconsetmaker/gui/icon8/Icon8Dialog$3.class
   JD: JDownloader.jar/org/appwork/tools/ide/iconsetmaker/gui/icon8/Icon8Dialog$4.class
   JD: JDownloader.jar/org/appwork/tools/ide/iconsetmaker/gui/icon8/Icon8Dialog$5$1.class
   JD: JDownloader.jar/org/appwork/tools/ide/iconsetmaker/gui/icon8/Icon8Dialog$5$2.class
   JD: JDownloader.jar/org/appwork/tools/ide/iconsetmaker/gui/icon8/Icon8Dialog$5.class
   JD: JDownloader.jar/org/appwork/tools/ide/iconsetmaker/gui/icon8/Icon8Dialog$6.class
   JD: JDownloader.jar/org/appwork/tools/ide/iconsetmaker/gui/icon8/Icon8Dialog$7$1.class
   JD: JDownloader.jar/org/appwork/tools/ide/iconsetmaker/gui/icon8/Icon8Dialog$7$2$1.class
   JD: JDownloader.jar/org/appwork/tools/ide/iconsetmaker/gui/icon8/Icon8Dialog$7$2.class
   JD: JDownloader.jar/org/appwork/tools/ide/iconsetmaker/gui/icon8/Icon8Dialog$7.class
   JD: JDownloader.jar/org/appwork/tools/ide/iconsetmaker/gui/icon8/Icon8Dialog$8.class
   JD: JDownloader.jar/org/appwork/tools/ide/iconsetmaker/gui/icon8/Icon8Dialog$9.class
   JD: JDownloader.jar/org/appwork/tools/ide/iconsetmaker/gui/icon8/Icon8Dialog.class
   JD: JDownloader.jar/org/appwork/tools/ide/iconsetmaker/gui/icon8/Icon8TableModel$1.class
   JD: JDownloader.jar/org/appwork/tools/ide/iconsetmaker/gui/icon8/Icon8TableModel$2.class
   JD: JDownloader.jar/org/appwork/tools/ide/iconsetmaker/gui/icon8/Icon8TableModel$3.class
   JD: JDownloader.jar/org/appwork/tools/ide/iconsetmaker/gui/icon8/Icon8TableModel$4.class
   JD: JDownloader.jar/org/appwork/tools/ide/iconsetmaker/gui/icon8/Icon8TableModel.class
   JD: JDownloader.jar/org/appwork/tools/ide/iconsetmaker/gui/icon8/Style.class
   JD: JDownloader.jar/org/appwork/txtresource/CustomTranslationInterface.class
   JD: JDownloader.jar/org/appwork/txtresource/GetDefaultLocales.class
   JD: JDownloader.jar/org/appwork/txtresource/GetMethodNamesOnlyLocales.class
   JD: JDownloader.jar/org/appwork/txtresource/LocaleMap.class
   JD: JDownloader.jar/org/appwork/txtresource/TranslateResource$1.class
   JD: JDownloader.jar/org/appwork/txtresource/TranslateResource.class
   JD: JDownloader.jar/org/appwork/txtresource/TranslationFactory$1.class
   JD: JDownloader.jar/org/appwork/txtresource/TranslationFactory.class
   JD: JDownloader.jar/org/appwork/txtresource/TranslationHandler$1.class
   JD: JDownloader.jar/org/appwork/txtresource/TranslationHandler.class
   JD: JDownloader.jar/org/appwork/txtresource/TranslationSource.class
   JD: JDownloader.jar/org/appwork/txtresource/TranslationUtils.class
   JD: JDownloader.jar/org/appwork/uio/BasicDialogHandler.class
   JD: JDownloader.jar/org/appwork/uio/CloseReason.class
   JD: JDownloader.jar/org/appwork/uio/HeadlessDialogHandler$1.class
   JD: JDownloader.jar/org/appwork/uio/HeadlessDialogHandler$2.class
   JD: JDownloader.jar/org/appwork/uio/HeadlessDialogHandler.class
   JD: JDownloader.jar/org/appwork/uio/UIOManager.class
   JD: JDownloader.jar/org/appwork/updatesys/client/AbsoluteFile.class
   JD: JDownloader.jar/org/appwork/updatesys/client/Batch.class
   JD: JDownloader.jar/org/appwork/updatesys/client/ClientOptionExecutionState.class
   JD: JDownloader.jar/org/appwork/updatesys/client/DefaultFileAccessHandler$1.class
   JD: JDownloader.jar/org/appwork/updatesys/client/DefaultFileAccessHandler$2.class
   JD: JDownloader.jar/org/appwork/updatesys/client/DefaultFileAccessHandler$3.class
   JD: JDownloader.jar/org/appwork/updatesys/client/DefaultFileAccessHandler$4.class
   JD: JDownloader.jar/org/appwork/updatesys/client/DefaultFileAccessHandler.class
   JD: JDownloader.jar/org/appwork/updatesys/client/DefaultFileAccessNIOHandler.class
   JD: JDownloader.jar/org/appwork/updatesys/client/DefaultPathBuilder$1.class
   JD: JDownloader.jar/org/appwork/updatesys/client/DefaultPathBuilder$2.class
   JD: JDownloader.jar/org/appwork/updatesys/client/DefaultPathBuilder.class
   JD: JDownloader.jar/org/appwork/updatesys/client/DownloadPackageInfo$1.class
   JD: JDownloader.jar/org/appwork/updatesys/client/DownloadPackageInfo.class
   JD: JDownloader.jar/org/appwork/updatesys/client/FileAccessHandler.class
   JD: JDownloader.jar/org/appwork/updatesys/client/FileAccessType.class
   JD: JDownloader.jar/org/appwork/updatesys/client/FileList$1.class
   JD: JDownloader.jar/org/appwork/updatesys/client/FileList$2.class
   JD: JDownloader.jar/org/appwork/updatesys/client/FileList$3.class
   JD: JDownloader.jar/org/appwork/updatesys/client/FileList$4.class
   JD: JDownloader.jar/org/appwork/updatesys/client/FileList$5.class
   JD: JDownloader.jar/org/appwork/updatesys/client/FileList.class
   JD: JDownloader.jar/org/appwork/updatesys/client/HTTPClientProvider.class
   JD: JDownloader.jar/org/appwork/updatesys/client/LastChanceException.class
   JD: JDownloader.jar/org/appwork/updatesys/client/LocalIOException.class
   JD: JDownloader.jar/org/appwork/updatesys/client/ModuleProgress.class
   JD: JDownloader.jar/org/appwork/updatesys/client/PackageCreateException.class
   JD: JDownloader.jar/org/appwork/updatesys/client/ServerLockedException.class
   JD: JDownloader.jar/org/appwork/updatesys/client/UpdateClient$1.class
   JD: JDownloader.jar/org/appwork/updatesys/client/UpdateClient$10.class
   JD: JDownloader.jar/org/appwork/updatesys/client/UpdateClient$11$1.class.removed
   JD: JDownloader.jar/org/appwork/updatesys/client/UpdateClient$11.class
   JD: JDownloader.jar/org/appwork/updatesys/client/UpdateClient$12.class
   JD: JDownloader.jar/org/appwork/updatesys/client/UpdateClient$13.class
   JD: JDownloader.jar/org/appwork/updatesys/client/UpdateClient$14.class
   JD: JDownloader.jar/org/appwork/updatesys/client/UpdateClient$15.class
   JD: JDownloader.jar/org/appwork/updatesys/client/UpdateClient$16$1.class
   JD: JDownloader.jar/org/appwork/updatesys/client/UpdateClient$16.class
   JD: JDownloader.jar/org/appwork/updatesys/client/UpdateClient$17.class
   JD: JDownloader.jar/org/appwork/updatesys/client/UpdateClient$18.class
   JD: JDownloader.jar/org/appwork/updatesys/client/UpdateClient$19.class
   JD: JDownloader.jar/org/appwork/updatesys/client/UpdateClient$2.class
   JD: JDownloader.jar/org/appwork/updatesys/client/UpdateClient$20.class
   JD: JDownloader.jar/org/appwork/updatesys/client/UpdateClient$21.class
   JD: JDownloader.jar/org/appwork/updatesys/client/UpdateClient$22.class
   JD: JDownloader.jar/org/appwork/updatesys/client/UpdateClient$23.class
   JD: JDownloader.jar/org/appwork/updatesys/client/UpdateClient$24.class
   JD: JDownloader.jar/org/appwork/updatesys/client/UpdateClient$25.class
   JD: JDownloader.jar/org/appwork/updatesys/client/UpdateClient$26.class
   JD: JDownloader.jar/org/appwork/updatesys/client/UpdateClient$27.class
   JD: JDownloader.jar/org/appwork/updatesys/client/UpdateClient$28.class
   JD: JDownloader.jar/org/appwork/updatesys/client/UpdateClient$29.class
   JD: JDownloader.jar/org/appwork/updatesys/client/UpdateClient$3.class
   JD: JDownloader.jar/org/appwork/updatesys/client/UpdateClient$30.class
   JD: JDownloader.jar/org/appwork/updatesys/client/UpdateClient$4.class
   JD: JDownloader.jar/org/appwork/updatesys/client/UpdateClient$5.class
   JD: JDownloader.jar/org/appwork/updatesys/client/UpdateClient$6.class
   JD: JDownloader.jar/org/appwork/updatesys/client/UpdateClient$7.class
   JD: JDownloader.jar/org/appwork/updatesys/client/UpdateClient$8.class
   JD: JDownloader.jar/org/appwork/updatesys/client/UpdateClient$9.class
   JD: JDownloader.jar/org/appwork/updatesys/client/UpdateClient$ClientOptionAction.class
   JD: JDownloader.jar/org/appwork/updatesys/client/UpdateClient$ClientOptionActionType.class
   JD: JDownloader.jar/org/appwork/updatesys/client/UpdateClient$ClientServiceExecuter.class
   JD: JDownloader.jar/org/appwork/updatesys/client/UpdateClient$DownloadProgress.class
   JD: JDownloader.jar/org/appwork/updatesys/client/UpdateClient$DownloadResultMap.class
   JD: JDownloader.jar/org/appwork/updatesys/client/UpdateClient$Module.class
   JD: JDownloader.jar/org/appwork/updatesys/client/UpdateClient$UninstallResult.class
   JD: JDownloader.jar/org/appwork/updatesys/client/UpdateClient.class
   JD: JDownloader.jar/org/appwork/updatesys/client/UpdateClientBatchRequest.class
   JD: JDownloader.jar/org/appwork/updatesys/client/defaultimpl/UrlFactoryImpl.class
   JD: JDownloader.jar/org/appwork/updatesys/client/defaultimpl/http/HttpBackend.class
   JD: JDownloader.jar/org/appwork/updatesys/client/defaultimpl/http/HttpClientImpl$1.class
   JD: JDownloader.jar/org/appwork/updatesys/client/defaultimpl/http/HttpClientImpl$2.class
   JD: JDownloader.jar/org/appwork/updatesys/client/defaultimpl/http/HttpClientImpl$3.class
   JD: JDownloader.jar/org/appwork/updatesys/client/defaultimpl/http/HttpClientImpl$4.class
   JD: JDownloader.jar/org/appwork/updatesys/client/defaultimpl/http/HttpClientImpl.class
   JD: JDownloader.jar/org/appwork/updatesys/client/defaultimpl/http/ProxySelectorImpl$1.class
   JD: JDownloader.jar/org/appwork/updatesys/client/defaultimpl/http/ProxySelectorImpl$2.class
   JD: JDownloader.jar/org/appwork/updatesys/client/defaultimpl/http/ProxySelectorImpl.class
   JD: JDownloader.jar/org/appwork/updatesys/client/defaultimpl/http/SortedHashSet.class
   JD: JDownloader.jar/org/appwork/updatesys/client/events/UpdateClientEvent$Type.class
   JD: JDownloader.jar/org/appwork/updatesys/client/events/UpdateClientEventSender$1.class
   JD: JDownloader.jar/org/appwork/updatesys/client/events/UpdateClientEventSender.class
   JD: JDownloader.jar/org/appwork/updatesys/client/extensions/AbstractExtensionManager.class
   JD: JDownloader.jar/org/appwork/updatesys/client/extensions/CompiledServerOptions.class
   JD: JDownloader.jar/org/appwork/updatesys/client/extensions/ExtensionManager.class
   JD: JDownloader.jar/org/appwork/updatesys/client/extensions/ServerOptionNode.class
   JD: JDownloader.jar/org/appwork/updatesys/client/http/DownloadHooksInterface.class
   JD: JDownloader.jar/org/appwork/updatesys/client/iid/AbstractChangeableIDProvider$1.class
   JD: JDownloader.jar/org/appwork/updatesys/client/iid/AbstractChangeableIDProvider$HistoryEntry.class
   JD: JDownloader.jar/org/appwork/updatesys/client/iid/AbstractChangeableIDProvider.class
   JD: JDownloader.jar/org/appwork/updatesys/client/iid/ChangeableIDProviderInterface.class
   JD: JDownloader.jar/org/appwork/updatesys/client/iid/HIDProviderInterface.class
   JD: JDownloader.jar/org/appwork/updatesys/client/iid/IDsStorable$1.class
   JD: JDownloader.jar/org/appwork/updatesys/client/iid/IDsStorable.class
   JD: JDownloader.jar/org/appwork/updatesys/client/iid/UIDProvider.class
   JD: JDownloader.jar/org/appwork/updatesys/client/install/BackupFileReader$1.class
   JD: JDownloader.jar/org/appwork/updatesys/client/install/BackupFileReader.class
   JD: JDownloader.jar/org/appwork/updatesys/client/install/BackupFileWriterImpl.class
   JD: JDownloader.jar/org/appwork/updatesys/client/install/DeleteCallback.class
   JD: JDownloader.jar/org/appwork/updatesys/client/install/DeleteFileOrFolderV1.class
   JD: JDownloader.jar/org/appwork/updatesys/client/install/DeleteFileOrFolderV2$1.class
   JD: JDownloader.jar/org/appwork/updatesys/client/install/DeleteFileOrFolderV2.class
   JD: JDownloader.jar/org/appwork/updatesys/client/install/InstallerAction.class
   JD: JDownloader.jar/org/appwork/updatesys/client/install/MergeJarFilesAction.class
   JD: JDownloader.jar/org/appwork/updatesys/client/install/NewFileInstallAction.class
   JD: JDownloader.jar/org/appwork/updatesys/client/install/ReplaceExistingFileInstallAction$1.class
   JD: JDownloader.jar/org/appwork/updatesys/client/install/ReplaceExistingFileInstallAction.class
   JD: JDownloader.jar/org/appwork/updatesys/client/jardelta/JarDeltaMerge$1.class
   JD: JDownloader.jar/org/appwork/updatesys/client/jardelta/JarDeltaMerge.class
   JD: JDownloader.jar/org/appwork/updatesys/client/lastchance/LastChance$1.class
   JD: JDownloader.jar/org/appwork/updatesys/client/lastchance/LastChance$2.class
   JD: JDownloader.jar/org/appwork/updatesys/client/lastchance/LastChance$RemovableClassLoader.class
   JD: JDownloader.jar/org/appwork/updatesys/client/lastchance/LastChance.class
   JD: JDownloader.jar/org/appwork/updatesys/client/lastchance/LastChanceUtils$1.class
   JD: JDownloader.jar/org/appwork/updatesys/client/lastchance/LastChanceUtils.class
   JD: JDownloader.jar/org/appwork/updatesys/client/lastchance/RemovableClassLoader.class
   JD: JDownloader.jar/org/appwork/updatesys/client/serveroptions/ServerOptionsManager$1.class
   JD: JDownloader.jar/org/appwork/updatesys/client/serveroptions/ServerOptionsManager.class
   JD: JDownloader.jar/org/appwork/updatesys/client/tests/
   JD: JDownloader.jar/org/appwork/updatesys/client/tests/TestFileSystem.class
   JD: JDownloader.jar/org/appwork/updatesys/client/tracker/BatchRequestWithCustomHttpClient.class
   JD: JDownloader.jar/org/appwork/updatesys/client/tracker/TrackConfig.class
   JD: JDownloader.jar/org/appwork/updatesys/client/tracker/Tracker$1.class
   JD: JDownloader.jar/org/appwork/updatesys/client/tracker/Tracker$2.class
   JD: JDownloader.jar/org/appwork/updatesys/client/tracker/Tracker$3.class
   JD: JDownloader.jar/org/appwork/updatesys/client/tracker/Tracker$4.class
   JD: JDownloader.jar/org/appwork/updatesys/client/tracker/Tracker.class
   JD: JDownloader.jar/org/appwork/updatesys/client/tracker/TrafficTracker$1.class
   JD: JDownloader.jar/org/appwork/updatesys/client/tracker/TrafficTracker$2.class
   JD: JDownloader.jar/org/appwork/updatesys/client/tracker/TrafficTracker$3.class
   JD: JDownloader.jar/org/appwork/updatesys/client/tracker/TrafficTracker$4$1.class
   JD: JDownloader.jar/org/appwork/updatesys/client/tracker/TrafficTracker$4.class
   JD: JDownloader.jar/org/appwork/updatesys/client/tracker/TrafficTracker.class
   JD: JDownloader.jar/org/appwork/updatesys/service/ConnectService$1.class
   JD: JDownloader.jar/org/appwork/updatesys/service/ConnectService.class
   JD: JDownloader.jar/org/appwork/updatesys/service/ConnectServiceWindowsImpl.class
   JD: JDownloader.jar/org/appwork/updatesys/service/RuntimeInfo$1.class
   JD: JDownloader.jar/org/appwork/updatesys/service/RuntimeInfo.class
   JD: JDownloader.jar/org/appwork/updatesys/service/ServiceExecuter.class
   JD: JDownloader.jar/org/appwork/updatesys/service/ServiceInstallation.class
   JD: JDownloader.jar/org/appwork/updatesys/service/ServiceUtils$1.class
   JD: JDownloader.jar/org/appwork/updatesys/service/ServiceUtils.class
   JD: JDownloader.jar/org/appwork/updatesys/transport/DataExchange.class
   JD: JDownloader.jar/org/appwork/updatesys/transport/Ids$1.class
   JD: JDownloader.jar/org/appwork/updatesys/transport/Ids.class
   JD: JDownloader.jar/org/appwork/updatesys/transport/Pkg$1.class
   JD: JDownloader.jar/org/appwork/updatesys/transport/Pkg$2.class
   JD: JDownloader.jar/org/appwork/updatesys/transport/Pkg.class
   JD: JDownloader.jar/org/appwork/updatesys/transport/UID.class.removed
   JD: JDownloader.jar/org/appwork/updatesys/transport/exchange/AbstractTrackDataItem.class
   JD: JDownloader.jar/org/appwork/updatesys/transport/exchange/BlockAsLongAsThreadIsAlive.class
   JD: JDownloader.jar/org/appwork/updatesys/transport/exchange/BooleanTristate$1.class
   JD: JDownloader.jar/org/appwork/updatesys/transport/exchange/BooleanTristate.class
   JD: JDownloader.jar/org/appwork/updatesys/transport/exchange/CONDITION$1.class
   JD: JDownloader.jar/org/appwork/updatesys/transport/exchange/CONDITION.class
   JD: JDownloader.jar/org/appwork/updatesys/transport/exchange/Constants.class
   JD: JDownloader.jar/org/appwork/updatesys/transport/exchange/DataStorageMode.class
   JD: JDownloader.jar/org/appwork/updatesys/transport/exchange/DeduplicationMode.class
   JD: JDownloader.jar/org/appwork/updatesys/transport/exchange/DialogData$1.class
   JD: JDownloader.jar/org/appwork/updatesys/transport/exchange/DialogData.class
   JD: JDownloader.jar/org/appwork/updatesys/transport/exchange/DownloadUrlList.class
   JD: JDownloader.jar/org/appwork/updatesys/transport/exchange/ErrorCode.class
   JD: JDownloader.jar/org/appwork/updatesys/transport/exchange/FailedAction.class
   JD: JDownloader.jar/org/appwork/updatesys/transport/exchange/IDsResponse.class
   JD: JDownloader.jar/org/appwork/updatesys/transport/exchange/JarSignature$1.class
   JD: JDownloader.jar/org/appwork/updatesys/transport/exchange/JarSignature$2.class
   JD: JDownloader.jar/org/appwork/updatesys/transport/exchange/JarSignature$JARDIFFSUPPORT.class
   JD: JDownloader.jar/org/appwork/updatesys/transport/exchange/JarSignature.class
   JD: JDownloader.jar/org/appwork/updatesys/transport/exchange/LastChanceResponse.class
   JD: JDownloader.jar/org/appwork/updatesys/transport/exchange/LicenseCode.class
   JD: JDownloader.jar/org/appwork/updatesys/transport/exchange/LicenseResponse$1.class
   JD: JDownloader.jar/org/appwork/updatesys/transport/exchange/LicenseResponse.class
   JD: JDownloader.jar/org/appwork/updatesys/transport/exchange/PackageInstallationHistory$1.class
   JD: JDownloader.jar/org/appwork/updatesys/transport/exchange/PackageInstallationHistory.class
   JD: JDownloader.jar/org/appwork/updatesys/transport/exchange/PackageResponse.class
   JD: JDownloader.jar/org/appwork/updatesys/transport/exchange/REV.class
   JD: JDownloader.jar/org/appwork/updatesys/transport/exchange/RemovedFile.class
   JD: JDownloader.jar/org/appwork/updatesys/transport/exchange/RemovedJarFile$1.class
   JD: JDownloader.jar/org/appwork/updatesys/transport/exchange/RemovedJarFile$MODE.class
   JD: JDownloader.jar/org/appwork/updatesys/transport/exchange/RemovedJarFile.class
   JD: JDownloader.jar/org/appwork/updatesys/transport/exchange/RepositoryFeature.class
   JD: JDownloader.jar/org/appwork/updatesys/transport/exchange/RepositoryFeatureSet.class
   JD: JDownloader.jar/org/appwork/updatesys/transport/exchange/ResponseStatus.class
   JD: JDownloader.jar/org/appwork/updatesys/transport/exchange/Revision$1.class
   JD: JDownloader.jar/org/appwork/updatesys/transport/exchange/Revision.class
   JD: JDownloader.jar/org/appwork/updatesys/transport/exchange/STAGE.class
   JD: JDownloader.jar/org/appwork/updatesys/transport/exchange/SendBlocker.class
   JD: JDownloader.jar/org/appwork/updatesys/transport/exchange/ServerOptions.class
   JD: JDownloader.jar/org/appwork/updatesys/transport/exchange/ServerResponse.class
   JD: JDownloader.jar/org/appwork/updatesys/transport/exchange/TrackDataItemLogEntry$1.class
   JD: JDownloader.jar/org/appwork/updatesys/transport/exchange/TrackDataItemLogEntry.class
   JD: JDownloader.jar/org/appwork/updatesys/transport/exchange/TrackDataType.class
   JD: JDownloader.jar/org/appwork/updatesys/transport/exchange/UninstallInfo$1.class
   JD: JDownloader.jar/org/appwork/updatesys/transport/exchange/UninstallInfo.class
   JD: JDownloader.jar/org/appwork/updatesys/transport/exchange/Up2DateResponse.class
   JD: JDownloader.jar/org/appwork/updatesys/transport/exchange/UpdateFlag.class
   JD: JDownloader.jar/org/appwork/updatesys/transport/exchange/UpdateOptions$1.class
   JD: JDownloader.jar/org/appwork/updatesys/transport/exchange/UpdateOptions.class
   JD: JDownloader.jar/org/appwork/updatesys/transport/exchange/UpdatePackageBillingDetails$1.class
   JD: JDownloader.jar/org/appwork/updatesys/transport/exchange/UpdatePackageBillingDetails.class
   JD: JDownloader.jar/org/appwork/updatesys/transport/exchange/UpdateSignature.class
   JD: JDownloader.jar/org/appwork/updatesys/transport/exchange/WaitResponse.class
   JD: JDownloader.jar/org/appwork/updatesys/transport/exchange/batch/BatchJobType.class
   JD: JDownloader.jar/org/appwork/updatesys/transport/exchange/batch/BatchRequest$1.class
   JD: JDownloader.jar/org/appwork/updatesys/transport/exchange/batch/BatchRequest.class
   JD: JDownloader.jar/org/appwork/updatesys/transport/exchange/batch/BatchResponse$1.class
   JD: JDownloader.jar/org/appwork/updatesys/transport/exchange/batch/BatchResponse.class
   JD: JDownloader.jar/org/appwork/updatesys/transport/exchange/dialog/
   JD: JDownloader.jar/org/appwork/updatesys/transport/exchange/dialog/DialogResponse$1.class
   JD: JDownloader.jar/org/appwork/updatesys/transport/exchange/dialog/DialogResponse.class
   JD: JDownloader.jar/org/appwork/updatesys/transport/exchange/interfaces/LastChanceResponseInterface.class
   JD: JDownloader.jar/org/appwork/updatesys/transport/exchange/interfaces/PackageResponseInterface.class
   JD: JDownloader.jar/org/appwork/updatesys/transport/exchange/interfaces/RevisionResponseInterface$1.class
   JD: JDownloader.jar/org/appwork/updatesys/transport/exchange/interfaces/RevisionResponseInterface.class
   JD: JDownloader.jar/org/appwork/updatesys/transport/exchange/json/DeserializeableServerJsonResponse$1.class
   JD: JDownloader.jar/org/appwork/updatesys/transport/exchange/json/DeserializeableServerJsonResponse.class
   JD: JDownloader.jar/org/appwork/updatesys/transport/exchange/json/ErrorJsonResponse$1.class
   JD: JDownloader.jar/org/appwork/updatesys/transport/exchange/json/ErrorJsonResponse.class
   JD: JDownloader.jar/org/appwork/updatesys/transport/exchange/json/IDsJsonResponse$1.class
   JD: JDownloader.jar/org/appwork/updatesys/transport/exchange/json/IDsJsonResponse.class
   JD: JDownloader.jar/org/appwork/updatesys/transport/exchange/json/LastChanceJsonResponse$1.class
   JD: JDownloader.jar/org/appwork/updatesys/transport/exchange/json/LastChanceJsonResponse.class
   JD: JDownloader.jar/org/appwork/updatesys/transport/exchange/json/NoChangesJsonResponse$1.class
   JD: JDownloader.jar/org/appwork/updatesys/transport/exchange/json/NoChangesJsonResponse.class
   JD: JDownloader.jar/org/appwork/updatesys/transport/exchange/json/PackageJsonResponse$1.class
   JD: JDownloader.jar/org/appwork/updatesys/transport/exchange/json/PackageJsonResponse.class
   JD: JDownloader.jar/org/appwork/updatesys/transport/exchange/json/Up2DateJsonResponse$1.class
   JD: JDownloader.jar/org/appwork/updatesys/transport/exchange/json/Up2DateJsonResponse.class
   JD: JDownloader.jar/org/appwork/updatesys/transport/exchange/json/WaitJsonResponse$1.class
   JD: JDownloader.jar/org/appwork/updatesys/transport/exchange/json/WaitJsonResponse.class
   JD: JDownloader.jar/org/appwork/updatesys/transport/exchange/tests/CreateDialog.class
   JD: JDownloader.jar/org/appwork/updatesys/transport/exchange/tests/PackageInstallationHistoryTest.class
   JD: JDownloader.jar/org/appwork/updatesys/transport/exchange/track/BasicDownloadTrackData$1.class
   JD: JDownloader.jar/org/appwork/updatesys/transport/exchange/track/BasicDownloadTrackData.class
   JD: JDownloader.jar/org/appwork/updatesys/transport/exchange/track/BasicEventTrackData$1.class
   JD: JDownloader.jar/org/appwork/updatesys/transport/exchange/track/BasicEventTrackData.class
   JD: JDownloader.jar/org/appwork/updatesys/transport/exchange/track/Category.class
   JD: JDownloader.jar/org/appwork/updatesys/transport/exchange/track/ConfirmDownloadTrackData$1.class
   JD: JDownloader.jar/org/appwork/updatesys/transport/exchange/track/ConfirmDownloadTrackData.class
   JD: JDownloader.jar/org/appwork/updatesys/transport/exchange/track/ConfirmInstallationTrackData$1.class
   JD: JDownloader.jar/org/appwork/updatesys/transport/exchange/track/ConfirmInstallationTrackData.class
   JD: JDownloader.jar/org/appwork/updatesys/transport/exchange/track/DiscardReason.class
   JD: JDownloader.jar/org/appwork/updatesys/transport/exchange/track/DiscardedPackageDataTrackItem$1.class
   JD: JDownloader.jar/org/appwork/updatesys/transport/exchange/track/DiscardedPackageDataTrackItem.class
   JD: JDownloader.jar/org/appwork/updatesys/transport/exchange/track/Entity$1.class
   JD: JDownloader.jar/org/appwork/updatesys/transport/exchange/track/Entity.class
   JD: JDownloader.jar/org/appwork/updatesys/transport/exchange/track/ExceptionTrackData$1.class
   JD: JDownloader.jar/org/appwork/updatesys/transport/exchange/track/ExceptionTrackData$ExceptionStorable$1.class
   JD: JDownloader.jar/org/appwork/updatesys/transport/exchange/track/ExceptionTrackData$ExceptionStorable.class
   JD: JDownloader.jar/org/appwork/updatesys/transport/exchange/track/ExceptionTrackData$StackTraceElementStorable.class
   JD: JDownloader.jar/org/appwork/updatesys/transport/exchange/track/ExceptionTrackData.class
   JD: JDownloader.jar/org/appwork/updatesys/transport/exchange/track/HIDChangesTrackData$1.class
   JD: JDownloader.jar/org/appwork/updatesys/transport/exchange/track/HIDChangesTrackData.class
   JD: JDownloader.jar/org/appwork/updatesys/transport/exchange/track/HIDDetailsTrackData$1.class
   JD: JDownloader.jar/org/appwork/updatesys/transport/exchange/track/HIDDetailsTrackData.class
   JD: JDownloader.jar/org/appwork/updatesys/transport/exchange/track/HIDFeature.class
   JD: JDownloader.jar/org/appwork/updatesys/transport/exchange/track/HardwareInfoStorable$1.class
   JD: JDownloader.jar/org/appwork/updatesys/transport/exchange/track/HardwareInfoStorable.class
   JD: JDownloader.jar/org/appwork/updatesys/transport/exchange/track/MayChangeOn.class
   JD: JDownloader.jar/org/appwork/updatesys/transport/exchange/track/Property.class
   JD: JDownloader.jar/org/appwork/updatesys/transport/exchange/track/RunInstallationTrackData$1.class
   JD: JDownloader.jar/org/appwork/updatesys/transport/exchange/track/RunInstallationTrackData.class
   JD: JDownloader.jar/org/appwork/updatesys/transport/exchange/track/SelfTestTrackData$1.class
   JD: JDownloader.jar/org/appwork/updatesys/transport/exchange/track/SelfTestTrackData.class
   JD: JDownloader.jar/org/appwork/updatesys/transport/exchange/track/SelfUpdateInstallationTrackData$1.class
   JD: JDownloader.jar/org/appwork/updatesys/transport/exchange/track/SelfUpdateInstallationTrackData.class
   JD: JDownloader.jar/org/appwork/updatesys/transport/exchange/track/TrackDataProviderInterface.class
   JD: JDownloader.jar/org/appwork/updatesys/transport/exchange/track/TrafficLog$1.class
   JD: JDownloader.jar/org/appwork/updatesys/transport/exchange/track/TrafficLog$CDNSIGNATURE.class
   JD: JDownloader.jar/org/appwork/updatesys/transport/exchange/track/TrafficLog$STATUS.class
   JD: JDownloader.jar/org/appwork/updatesys/transport/exchange/track/TrafficLog.class
   JD: JDownloader.jar/org/appwork/updatesys/transport/exchange/track/UpdateCycleResultTrackData$1.class
   JD: JDownloader.jar/org/appwork/updatesys/transport/exchange/track/UpdateCycleResultTrackData.class
   JD: JDownloader.jar/org/appwork/updatesys/transport/exchange/track/WMIProperty.class
   JD: JDownloader.jar/org/appwork/utils/Application$PauseableOutputStream.class
   JD: JDownloader.jar/org/appwork/utils/Application.class
   JD: JDownloader.jar/org/appwork/utils/BinaryLogic.class
   JD: JDownloader.jar/org/appwork/utils/BinaryUtils.class
   JD: JDownloader.jar/org/appwork/utils/ClipboardUtils.class
   JD: JDownloader.jar/org/appwork/utils/CompareUtils.class
   JD: JDownloader.jar/org/appwork/utils/CounterMap.class
   JD: JDownloader.jar/org/appwork/utils/Exceptions$1.class
   JD: JDownloader.jar/org/appwork/utils/Exceptions.class
   JD: JDownloader.jar/org/appwork/utils/ExtIOException$IOExceptionType.class
   JD: JDownloader.jar/org/appwork/utils/Files$1.class
   JD: JDownloader.jar/org/appwork/utils/Files$2.class
   JD: JDownloader.jar/org/appwork/utils/Files$3.class
   JD: JDownloader.jar/org/appwork/utils/Files.class
   JD: JDownloader.jar/org/appwork/utils/Files17$1.class
   JD: JDownloader.jar/org/appwork/utils/Files17$UnixFileStoreHacks.class
   JD: JDownloader.jar/org/appwork/utils/Files17$WindowsFileStoreHacks.class
   JD: JDownloader.jar/org/appwork/utils/Files17.class
   JD: JDownloader.jar/org/appwork/utils/Hash.class
   JD: JDownloader.jar/org/appwork/utils/IO$1.class
   JD: JDownloader.jar/org/appwork/utils/IO$2.class
   JD: JDownloader.jar/org/appwork/utils/IO$3.class
   JD: JDownloader.jar/org/appwork/utils/IO$4.class
   JD: JDownloader.jar/org/appwork/utils/IO$5.class
   JD: JDownloader.jar/org/appwork/utils/IO$6.class
   JD: JDownloader.jar/org/appwork/utils/IO$BOM.class
   JD: JDownloader.jar/org/appwork/utils/IO$SYNC.class
   JD: JDownloader.jar/org/appwork/utils/IO.class
   JD: JDownloader.jar/org/appwork/utils/ImageProvider/ImageProvider$1.class
   JD: JDownloader.jar/org/appwork/utils/ImageProvider/ImageProvider$2.class
   JD: JDownloader.jar/org/appwork/utils/ImageProvider/ImageProvider.class
   JD: JDownloader.jar/org/appwork/utils/InMemoryJarClassLoader$1.class
   JD: JDownloader.jar/org/appwork/utils/InMemoryJarClassLoader$2$1.class
   JD: JDownloader.jar/org/appwork/utils/InMemoryJarClassLoader$2.class
   JD: JDownloader.jar/org/appwork/utils/InMemoryJarClassLoader.class
   JD: JDownloader.jar/org/appwork/utils/InterruptibleThread.class
   JD: JDownloader.jar/org/appwork/utils/JVMVersion.class
   JD: JDownloader.jar/org/appwork/utils/JarHandlerWorkaroundOracle$1.class
   JD: JDownloader.jar/org/appwork/utils/JarHandlerWorkaroundOracle$2.class
   JD: JDownloader.jar/org/appwork/utils/JarHandlerWorkaroundOracle.class
   JD: JDownloader.jar/org/appwork/utils/KeyUtils.class
   JD: JDownloader.jar/org/appwork/utils/KeyValueEntry.class
   JD: JDownloader.jar/org/appwork/utils/Licenser$1.class
   JD: JDownloader.jar/org/appwork/utils/Licenser.class
   JD: JDownloader.jar/org/appwork/utils/Lists.class
   JD: JDownloader.jar/org/appwork/utils/ModifyLock.class
   JD: JDownloader.jar/org/appwork/utils/NameInterface.class
   JD: JDownloader.jar/org/appwork/utils/NonInterruptibleRunnable.class
   JD: JDownloader.jar/org/appwork/utils/NonInterruptibleRunnableException.class
   JD: JDownloader.jar/org/appwork/utils/NonInterruptibleRunnableReturn.class
   JD: JDownloader.jar/org/appwork/utils/NonInterruptibleRunnableSimple.class
   JD: JDownloader.jar/org/appwork/utils/NonInterruptibleThread$1.class
   JD: JDownloader.jar/org/appwork/utils/NonInterruptibleThread$2.class
   JD: JDownloader.jar/org/appwork/utils/NonInterruptibleThread$3.class
   JD: JDownloader.jar/org/appwork/utils/NonInterruptibleThread$NonInterruptibleRunnable.class.removed
   JD: JDownloader.jar/org/appwork/utils/NonInterruptibleThread.class
   JD: JDownloader.jar/org/appwork/utils/OracleWorkaroundJarHandler$1.class
   JD: JDownloader.jar/org/appwork/utils/OracleWorkaroundJarHandler.class
   JD: JDownloader.jar/org/appwork/utils/ProcMounts.class
   JD: JDownloader.jar/org/appwork/utils/ReflectionUtils$1.class
   JD: JDownloader.jar/org/appwork/utils/ReflectionUtils.class
   JD: JDownloader.jar/org/appwork/utils/Regex.class
   JD: JDownloader.jar/org/appwork/utils/RemoveMEDataFlavor.class
   JD: JDownloader.jar/org/appwork/utils/StringUtils.class
   JD: JDownloader.jar/org/appwork/utils/Time.class
   JD: JDownloader.jar/org/appwork/utils/UniqueAlltimeID.class
   JD: JDownloader.jar/org/appwork/utils/ValueEntry.class
   JD: JDownloader.jar/org/appwork/utils/awfc/AWFCInputStream$1.class
   JD: JDownloader.jar/org/appwork/utils/awfc/AWFCInputStream$2.class
   JD: JDownloader.jar/org/appwork/utils/awfc/AWFCInputStream.class
   JD: JDownloader.jar/org/appwork/utils/awfc/AWFCOutputStream$1.class
   JD: JDownloader.jar/org/appwork/utils/awfc/AWFCOutputStream$2.class
   JD: JDownloader.jar/org/appwork/utils/awfc/AWFCOutputStream.class
   JD: JDownloader.jar/org/appwork/utils/crypto/AWSign$1.class
   JD: JDownloader.jar/org/appwork/utils/crypto/AWSign.class
   JD: JDownloader.jar/org/appwork/utils/crypto/Crypto.class
   JD: JDownloader.jar/org/appwork/utils/encoding/HTMLTranscoder.class
   JD: JDownloader.jar/org/appwork/utils/encoding/URLDecoderFixer.class
   JD: JDownloader.jar/org/appwork/utils/encoding/URLEncode.class
   JD: JDownloader.jar/org/appwork/utils/event/BasicEventSender.class
   JD: JDownloader.jar/org/appwork/utils/event/DefaultEventSender.class
   JD: JDownloader.jar/org/appwork/utils/event/Eventsender.class
   JD: JDownloader.jar/org/appwork/utils/event/predefined/changeevent/ChangeEventSender.class
   JD: JDownloader.jar/org/appwork/utils/event/queue/Queue$QueuePriority.class
   JD: JDownloader.jar/org/appwork/utils/event/queue/Queue.class
   JD: JDownloader.jar/org/appwork/utils/event/queue/QueueAction.class
   JD: JDownloader.jar/org/appwork/utils/formatter/HTML2PlainConverter.class
   JD: JDownloader.jar/org/appwork/utils/formatter/HexFormatter.class
   JD: JDownloader.jar/org/appwork/utils/formatter/ListFormatter.class
   JD: JDownloader.jar/org/appwork/utils/formatter/SizeFormatter$Unit.class
   JD: JDownloader.jar/org/appwork/utils/formatter/SizeFormatter.class
   JD: JDownloader.jar/org/appwork/utils/formatter/StringFormatter.class
   JD: JDownloader.jar/org/appwork/utils/formatter/TimeFormatter.class
   JD: JDownloader.jar/org/appwork/utils/images/IconIO$1.class
   JD: JDownloader.jar/org/appwork/utils/images/IconIO$2.class
   JD: JDownloader.jar/org/appwork/utils/images/IconIO$3.class
   JD: JDownloader.jar/org/appwork/utils/images/IconIO$DataURLFormat.class
   JD: JDownloader.jar/org/appwork/utils/images/IconIO$ScaledIcon.class
   JD: JDownloader.jar/org/appwork/utils/images/IconIO.class
   JD: JDownloader.jar/org/appwork/utils/images/Interpolation.class
   JD: JDownloader.jar/org/appwork/utils/images/SVGIO.class
   JD: JDownloader.jar/org/appwork/utils/io/J7FileList$1.class
   JD: JDownloader.jar/org/appwork/utils/io/J7FileList$2.class
   JD: JDownloader.jar/org/appwork/utils/io/J7FileList$3.class
   JD: JDownloader.jar/org/appwork/utils/io/J7FileList.class
   JD: JDownloader.jar/org/appwork/utils/io/J7FileObserver$1.class
   JD: JDownloader.jar/org/appwork/utils/io/J7FileObserver.class
   JD: JDownloader.jar/org/appwork/utils/io/streamingio/Streaming$1.class
   JD: JDownloader.jar/org/appwork/utils/io/streamingio/Streaming$2.class
   JD: JDownloader.jar/org/appwork/utils/io/streamingio/Streaming.class
   JD: JDownloader.jar/org/appwork/utils/io/streamingio/StreamingChunk$1.class
   JD: JDownloader.jar/org/appwork/utils/io/streamingio/StreamingChunk.class
   JD: JDownloader.jar/org/appwork/utils/io/streamingio/StreamingInputStream.class
   JD: JDownloader.jar/org/appwork/utils/locale/Loc$1.class
   JD: JDownloader.jar/org/appwork/utils/locale/Loc$2.class
   JD: JDownloader.jar/org/appwork/utils/locale/Loc.class
   JD: JDownloader.jar/org/appwork/utils/locale/TranslateUtils$1.class
   JD: JDownloader.jar/org/appwork/utils/locale/TranslateUtils.class
   JD: JDownloader.jar/org/appwork/utils/locale/_AWU.class
   JD: JDownloader.jar/org/appwork/utils/logging/ErrRedirect.class
   JD: JDownloader.jar/org/appwork/utils/logging/ExceptionLogHandler.class
   JD: JDownloader.jar/org/appwork/utils/logging/LogEventSender.class
   JD: JDownloader.jar/org/appwork/utils/logging/LogFormatter.class
   JD: JDownloader.jar/org/appwork/utils/logging/LogToFileHandler.class
   JD: JDownloader.jar/org/appwork/utils/logging/StdOutErr2Logging.class
   JD: JDownloader.jar/org/appwork/utils/logging2/InputStreamLogger.class
   JD: JDownloader.jar/org/appwork/utils/logging2/LogConsoleHandler$1.class
   JD: JDownloader.jar/org/appwork/utils/logging2/LogConsoleHandler.class
   JD: JDownloader.jar/org/appwork/utils/logging2/LogSink$1.class
   JD: JDownloader.jar/org/appwork/utils/logging2/LogSink$FLUSH.class
   JD: JDownloader.jar/org/appwork/utils/logging2/LogSink.class
   JD: JDownloader.jar/org/appwork/utils/logging2/LogSinkFileHandler$1.class
   JD: JDownloader.jar/org/appwork/utils/logging2/LogSinkFileHandler.class
   JD: JDownloader.jar/org/appwork/utils/logging2/LogSorter$LogLine.class
   JD: JDownloader.jar/org/appwork/utils/logging2/LogSorter.class
   JD: JDownloader.jar/org/appwork/utils/logging2/LogSource.class
   JD: JDownloader.jar/org/appwork/utils/logging2/LogSourceFormatter.class
   JD: JDownloader.jar/org/appwork/utils/logging2/LogSourceProvider$1.class
   JD: JDownloader.jar/org/appwork/utils/logging2/LogSourceProvider$2$1.class
   JD: JDownloader.jar/org/appwork/utils/logging2/LogSourceProvider$2.class
   JD: JDownloader.jar/org/appwork/utils/logging2/LogSourceProvider$3.class
   JD: JDownloader.jar/org/appwork/utils/logging2/LogSourceProvider.class
   JD: JDownloader.jar/org/appwork/utils/logging2/LoggerInitUtils$1.class
   JD: JDownloader.jar/org/appwork/utils/logging2/LoggerInitUtils$2.class
   JD: JDownloader.jar/org/appwork/utils/logging2/LoggerInitUtils.class
   JD: JDownloader.jar/org/appwork/utils/logging2/extmanager/ExtLogManager$1.class
   JD: JDownloader.jar/org/appwork/utils/logging2/extmanager/ExtLogManager.class
   JD: JDownloader.jar/org/appwork/utils/logging2/extmanager/Log$1.class
   JD: JDownloader.jar/org/appwork/utils/logging2/extmanager/Log.class
   JD: JDownloader.jar/org/appwork/utils/logging2/extmanager/LoggerFactory$1.class
   JD: JDownloader.jar/org/appwork/utils/logging2/extmanager/LoggerFactory.class
   JD: JDownloader.jar/org/appwork/utils/logging2/sendlogs/AbstractLogAction$1.class
   JD: JDownloader.jar/org/appwork/utils/logging2/sendlogs/AbstractLogAction$2.class
   JD: JDownloader.jar/org/appwork/utils/logging2/sendlogs/AbstractLogAction$3.class
   JD: JDownloader.jar/org/appwork/utils/logging2/sendlogs/AbstractLogAction$4.class
   JD: JDownloader.jar/org/appwork/utils/logging2/sendlogs/AbstractLogAction.class
   JD: JDownloader.jar/org/appwork/utils/logging2/sendlogs/LogModel$1.class
   JD: JDownloader.jar/org/appwork/utils/logging2/sendlogs/LogModel$2.class
   JD: JDownloader.jar/org/appwork/utils/logging2/sendlogs/LogModel$3$1.class
   JD: JDownloader.jar/org/appwork/utils/logging2/sendlogs/LogModel$3.class
   JD: JDownloader.jar/org/appwork/utils/logging2/sendlogs/LogModel.class
   JD: JDownloader.jar/org/appwork/utils/logging2/sendlogs/LogTable$1.class
   JD: JDownloader.jar/org/appwork/utils/logging2/sendlogs/LogTable$2.class
   JD: JDownloader.jar/org/appwork/utils/logging2/sendlogs/LogTable$3.class
   JD: JDownloader.jar/org/appwork/utils/logging2/sendlogs/LogTable.class
   JD: JDownloader.jar/org/appwork/utils/logging2/sendlogs/SendLogDialog.class
   JD: JDownloader.jar/org/appwork/utils/logging2/sendlogs/T.class
   JD: JDownloader.jar/org/appwork/utils/net/Base64InputStream.class
   JD: JDownloader.jar/org/appwork/utils/net/Base64OutputStream.class
   JD: JDownloader.jar/org/appwork/utils/net/BasicHTTP/BasicHTTP$1.class
   JD: JDownloader.jar/org/appwork/utils/net/BasicHTTP/BasicHTTP.class
   JD: JDownloader.jar/org/appwork/utils/net/BasicHTTP/InvalidResponseCode.class
   JD: JDownloader.jar/org/appwork/utils/net/CharSequenceInputStream.class
   JD: JDownloader.jar/org/appwork/utils/net/ConnectionLimiter.class
   JD: JDownloader.jar/org/appwork/utils/net/HTTPHeader.class
   JD: JDownloader.jar/org/appwork/utils/net/HeaderCollection.class
   JD: JDownloader.jar/org/appwork/utils/net/Input2OutputStreamForwarder$1.class
   JD: JDownloader.jar/org/appwork/utils/net/Input2OutputStreamForwarder.class
   JD: JDownloader.jar/org/appwork/utils/net/LineParsingInputStream$1.class
   JD: JDownloader.jar/org/appwork/utils/net/LineParsingInputStream.class
   JD: JDownloader.jar/org/appwork/utils/net/LineParsingOutputStream$NEWLINE.class
   JD: JDownloader.jar/org/appwork/utils/net/PublicSuffixList$1.class
   JD: JDownloader.jar/org/appwork/utils/net/PublicSuffixList.class
   JD: JDownloader.jar/org/appwork/utils/net/SimpleHTTP.class
   JD: JDownloader.jar/org/appwork/utils/net/SkippingLimitedOutputStream.class
   JD: JDownloader.jar/org/appwork/utils/net/URLHelper.class
   JD: JDownloader.jar/org/appwork/utils/net/ftpserver/FtpConnection$1.class
   JD: JDownloader.jar/org/appwork/utils/net/ftpserver/FtpConnection$2.class
   JD: JDownloader.jar/org/appwork/utils/net/ftpserver/FtpConnection$COMMAND.class
   JD: JDownloader.jar/org/appwork/utils/net/ftpserver/FtpConnection$TYPE.class
   JD: JDownloader.jar/org/appwork/utils/net/ftpserver/FtpConnection.class
   JD: JDownloader.jar/org/appwork/utils/net/ftpserver/FtpConnectionHandler.class
   JD: JDownloader.jar/org/appwork/utils/net/ftpserver/FtpServer.class
   JD: JDownloader.jar/org/appwork/utils/net/httpconnection/HTTPConnection$RequestMethod.class
   JD: JDownloader.jar/org/appwork/utils/net/httpconnection/HTTPConnectionFactory.class
   JD: JDownloader.jar/org/appwork/utils/net/httpconnection/HTTPConnectionImpl$1.class
   JD: JDownloader.jar/org/appwork/utils/net/httpconnection/HTTPConnectionImpl$2.class
   JD: JDownloader.jar/org/appwork/utils/net/httpconnection/HTTPConnectionImpl$3.class
   JD: JDownloader.jar/org/appwork/utils/net/httpconnection/HTTPConnectionImpl$KEEPALIVE.class
   JD: JDownloader.jar/org/appwork/utils/net/httpconnection/HTTPConnectionImpl.class
   JD: JDownloader.jar/org/appwork/utils/net/httpconnection/HTTPConnectionUtils$1.class
   JD: JDownloader.jar/org/appwork/utils/net/httpconnection/HTTPConnectionUtils$2.class
   JD: JDownloader.jar/org/appwork/utils/net/httpconnection/HTTPConnectionUtils$3.class
   JD: JDownloader.jar/org/appwork/utils/net/httpconnection/HTTPConnectionUtils$DispositionHeader.class
   JD: JDownloader.jar/org/appwork/utils/net/httpconnection/HTTPConnectionUtils$IPVERSION.class
   JD: JDownloader.jar/org/appwork/utils/net/httpconnection/HTTPConnectionUtils.class
   JD: JDownloader.jar/org/appwork/utils/net/httpconnection/HTTPHeaderMap$1.class
   JD: JDownloader.jar/org/appwork/utils/net/httpconnection/HTTPHeaderMap$2.class
   JD: JDownloader.jar/org/appwork/utils/net/httpconnection/HTTPHeaderMap$3$1.class
   JD: JDownloader.jar/org/appwork/utils/net/httpconnection/HTTPHeaderMap$3.class
   JD: JDownloader.jar/org/appwork/utils/net/httpconnection/HTTPHeaderMap$HTTPHeaderKeySet$1.class
   JD: JDownloader.jar/org/appwork/utils/net/httpconnection/HTTPHeaderMap$HTTPHeaderKeySet.class
   JD: JDownloader.jar/org/appwork/utils/net/httpconnection/HTTPHeaderMap.class
   JD: JDownloader.jar/org/appwork/utils/net/httpconnection/HTTPProxy$1.class
   JD: JDownloader.jar/org/appwork/utils/net/httpconnection/HTTPProxy$2.class
   JD: JDownloader.jar/org/appwork/utils/net/httpconnection/HTTPProxy$TYPE$1.class
   JD: JDownloader.jar/org/appwork/utils/net/httpconnection/HTTPProxy$TYPE$2.class
   JD: JDownloader.jar/org/appwork/utils/net/httpconnection/HTTPProxy$TYPE$3.class
   JD: JDownloader.jar/org/appwork/utils/net/httpconnection/HTTPProxy$TYPE$4.class
   JD: JDownloader.jar/org/appwork/utils/net/httpconnection/HTTPProxy$TYPE$5.class
   JD: JDownloader.jar/org/appwork/utils/net/httpconnection/HTTPProxy$TYPE$6.class
   JD: JDownloader.jar/org/appwork/utils/net/httpconnection/HTTPProxy$TYPE$7.class
   JD: JDownloader.jar/org/appwork/utils/net/httpconnection/HTTPProxy$TYPE.class
   JD: JDownloader.jar/org/appwork/utils/net/httpconnection/HTTPProxy.class
   JD: JDownloader.jar/org/appwork/utils/net/httpconnection/HTTPProxyException.class
   JD: JDownloader.jar/org/appwork/utils/net/httpconnection/HTTPProxyHTTPConnectionImpl.class
   JD: JDownloader.jar/org/appwork/utils/net/httpconnection/HTTPProxyStorable$1.class
   JD: JDownloader.jar/org/appwork/utils/net/httpconnection/HTTPProxyStorable$TYPE$1.class
   JD: JDownloader.jar/org/appwork/utils/net/httpconnection/HTTPProxyStorable$TYPE$2.class
   JD: JDownloader.jar/org/appwork/utils/net/httpconnection/HTTPProxyStorable$TYPE$3.class
   JD: JDownloader.jar/org/appwork/utils/net/httpconnection/HTTPProxyStorable$TYPE$4.class
   JD: JDownloader.jar/org/appwork/utils/net/httpconnection/HTTPProxyStorable$TYPE$5.class
   JD: JDownloader.jar/org/appwork/utils/net/httpconnection/HTTPProxyStorable$TYPE$6.class
   JD: JDownloader.jar/org/appwork/utils/net/httpconnection/HTTPProxyStorable$TYPE$7.class
   JD: JDownloader.jar/org/appwork/utils/net/httpconnection/HTTPProxyStorable$TYPE.class
   JD: JDownloader.jar/org/appwork/utils/net/httpconnection/HTTPProxyStorable.class
   JD: JDownloader.jar/org/appwork/utils/net/httpconnection/JavaSSLSocketStreamFactory$1.class
   JD: JDownloader.jar/org/appwork/utils/net/httpconnection/JavaSSLSocketStreamFactory$2.class
   JD: JDownloader.jar/org/appwork/utils/net/httpconnection/JavaSSLSocketStreamFactory.class
   JD: JDownloader.jar/org/appwork/utils/net/httpconnection/KeepAliveSocketStream$1.class
   JD: JDownloader.jar/org/appwork/utils/net/httpconnection/KeepAliveSocketStream$2.class
   JD: JDownloader.jar/org/appwork/utils/net/httpconnection/KeepAliveSocketStream.class
   JD: JDownloader.jar/org/appwork/utils/net/httpconnection/NativeHTTPConnectionImpl$1.class
   JD: JDownloader.jar/org/appwork/utils/net/httpconnection/NativeHTTPConnectionImpl$2.class
   JD: JDownloader.jar/org/appwork/utils/net/httpconnection/NativeHTTPConnectionImpl$3.class
   JD: JDownloader.jar/org/appwork/utils/net/httpconnection/NativeHTTPConnectionImpl$4.class
   JD: JDownloader.jar/org/appwork/utils/net/httpconnection/NativeHTTPConnectionImpl$5.class
   JD: JDownloader.jar/org/appwork/utils/net/httpconnection/NativeHTTPConnectionImpl.class
   JD: JDownloader.jar/org/appwork/utils/net/httpconnection/NetworkInterfaceException$1.class
   JD: JDownloader.jar/org/appwork/utils/net/httpconnection/NetworkInterfaceException$ERROR.class
   JD: JDownloader.jar/org/appwork/utils/net/httpconnection/NetworkInterfaceException.class
   JD: JDownloader.jar/org/appwork/utils/net/httpconnection/ProxyAuthException.class
   JD: JDownloader.jar/org/appwork/utils/net/httpconnection/ProxyConnectException.class
   JD: JDownloader.jar/org/appwork/utils/net/httpconnection/SSLSocketStreamFactory.class
   JD: JDownloader.jar/org/appwork/utils/net/httpconnection/SSLSocketStreamOptions.class
   JD: JDownloader.jar/org/appwork/utils/net/httpconnection/SocketStreamInterface.class
   JD: JDownloader.jar/org/appwork/utils/net/httpconnection/SocksHTTPconnection$AUTH.class
   JD: JDownloader.jar/org/appwork/utils/net/httpconnection/SocksHTTPconnection$DESTTYPE.class
   JD: JDownloader.jar/org/appwork/utils/net/httpconnection/SocksHTTPconnection.class
   JD: JDownloader.jar/org/appwork/utils/net/httpconnection/TrustALLSSLFactory$1.class
   JD: JDownloader.jar/org/appwork/utils/net/httpconnection/TrustALLSSLFactory.class
   JD: JDownloader.jar/org/appwork/utils/net/httpserver/HttpConnection$1.class
   JD: JDownloader.jar/org/appwork/utils/net/httpserver/HttpConnection$HttpConnectionType.class
   JD: JDownloader.jar/org/appwork/utils/net/httpserver/HttpConnection.class
   JD: JDownloader.jar/org/appwork/utils/net/httpserver/HttpConnectionThread.class
   JD: JDownloader.jar/org/appwork/utils/net/httpserver/HttpServer$1.class
   JD: JDownloader.jar/org/appwork/utils/net/httpserver/HttpServer$2.class
   JD: JDownloader.jar/org/appwork/utils/net/httpserver/HttpServer.class
   JD: JDownloader.jar/org/appwork/utils/net/httpserver/HttpServerController$1.class
   JD: JDownloader.jar/org/appwork/utils/net/httpserver/HttpServerController.class
   JD: JDownloader.jar/org/appwork/utils/net/httpserver/requests/ConnectRequest.class
   JD: JDownloader.jar/org/appwork/utils/net/httpserver/requests/GetRequest.class
   JD: JDownloader.jar/org/appwork/utils/net/httpserver/requests/HeadRequest.class
   JD: JDownloader.jar/org/appwork/utils/net/httpserver/requests/JSonRequest$1.class
   JD: JDownloader.jar/org/appwork/utils/net/httpserver/requests/JSonRequest.class
   JD: JDownloader.jar/org/appwork/utils/net/httpserver/requests/OptionsRequest.class
   JD: JDownloader.jar/org/appwork/utils/net/httpserver/requests/PostRequest$1.class
   JD: JDownloader.jar/org/appwork/utils/net/httpserver/requests/PostRequest$2.class
   JD: JDownloader.jar/org/appwork/utils/net/httpserver/requests/PostRequest$3.class
   JD: JDownloader.jar/org/appwork/utils/net/httpserver/requests/PostRequest$CONTENT_TYPE.class
   JD: JDownloader.jar/org/appwork/utils/net/httpserver/requests/PostRequest.class
   JD: JDownloader.jar/org/appwork/utils/net/httpserver/responses/FileResponse.class
   JD: JDownloader.jar/org/appwork/utils/net/httpserver/responses/HttpResponse.class
   JD: JDownloader.jar/org/appwork/utils/net/httpserver/session/AbstractSessionRemoteAPI.class
   JD: JDownloader.jar/org/appwork/utils/net/httpserver/session/HttpSessionController.class
   JD: JDownloader.jar/org/appwork/utils/net/meteredconnection/MeteredInputStream.class
   JD: JDownloader.jar/org/appwork/utils/net/meteredconnection/MeteredOutputStream.class
   JD: JDownloader.jar/org/appwork/utils/net/socketconnection/DirectSocketConnection.class
   JD: JDownloader.jar/org/appwork/utils/net/socketconnection/HTTPProxySocketConnection.class
   JD: JDownloader.jar/org/appwork/utils/net/socketconnection/SocketConnection$1.class
   JD: JDownloader.jar/org/appwork/utils/net/socketconnection/SocketConnection.class
   JD: JDownloader.jar/org/appwork/utils/net/socketconnection/Socks4SocketConnection$1.class
   JD: JDownloader.jar/org/appwork/utils/net/socketconnection/Socks4SocketConnection$CONNECT_ERROR.class
   JD: JDownloader.jar/org/appwork/utils/net/socketconnection/Socks4SocketConnection$Socks4EndpointConnectException.class
   JD: JDownloader.jar/org/appwork/utils/net/socketconnection/Socks4SocketConnection.class
   JD: JDownloader.jar/org/appwork/utils/net/socketconnection/Socks5SocketConnection$1.class
   JD: JDownloader.jar/org/appwork/utils/net/socketconnection/Socks5SocketConnection$AUTH_ERROR.class
   JD: JDownloader.jar/org/appwork/utils/net/socketconnection/Socks5SocketConnection$CONNECT_ERROR.class
   JD: JDownloader.jar/org/appwork/utils/net/socketconnection/Socks5SocketConnection$Socks5AuthException.class
   JD: JDownloader.jar/org/appwork/utils/net/socketconnection/Socks5SocketConnection$Socks5EndpointConnectException.class
   JD: JDownloader.jar/org/appwork/utils/net/socketconnection/Socks5SocketConnection.class
   JD: JDownloader.jar/org/appwork/utils/net/ssl/CryptServiceProvider$1.class
   JD: JDownloader.jar/org/appwork/utils/net/ssl/CryptServiceProvider.class
   JD: JDownloader.jar/org/appwork/utils/net/ssl/TrustProvider$1.class
   JD: JDownloader.jar/org/appwork/utils/net/ssl/TrustProvider.class
   JD: JDownloader.jar/org/appwork/utils/net/throttledconnection/SimpleThrottledConnectionHandler$1.class
   JD: JDownloader.jar/org/appwork/utils/net/throttledconnection/SimpleThrottledConnectionHandler$SpeedAssignHelp.class
   JD: JDownloader.jar/org/appwork/utils/net/throttledconnection/SimpleThrottledConnectionHandler.class
   JD: JDownloader.jar/org/appwork/utils/net/usenet/SimpleUseNet$1.class
   JD: JDownloader.jar/org/appwork/utils/net/usenet/SimpleUseNet$2.class
   JD: JDownloader.jar/org/appwork/utils/net/usenet/SimpleUseNet$COMMAND$1.class
   JD: JDownloader.jar/org/appwork/utils/net/usenet/SimpleUseNet$COMMAND$2.class
   JD: JDownloader.jar/org/appwork/utils/net/usenet/SimpleUseNet$COMMAND$3.class
   JD: JDownloader.jar/org/appwork/utils/net/usenet/SimpleUseNet$COMMAND$4.class
   JD: JDownloader.jar/org/appwork/utils/net/usenet/SimpleUseNet$COMMAND.class
   JD: JDownloader.jar/org/appwork/utils/net/usenet/SimpleUseNet$CommandResponse.class
   JD: JDownloader.jar/org/appwork/utils/net/usenet/SimpleUseNet.class
   JD: JDownloader.jar/org/appwork/utils/net/usenet/YEncInputStream$YEncDecodedSizeException.class
   JD: JDownloader.jar/org/appwork/utils/net/usenet/YEncInputStream$YEncIndexException.class
   JD: JDownloader.jar/org/appwork/utils/net/usenet/YEncInputStream$YEncSizeException.class
   JD: JDownloader.jar/org/appwork/utils/net/websocket/WebSocketEndPoint$1.class
   JD: JDownloader.jar/org/appwork/utils/net/websocket/WebSocketEndPoint$2.class
   JD: JDownloader.jar/org/appwork/utils/net/websocket/WebSocketEndPoint.class
   JD: JDownloader.jar/org/appwork/utils/net/websocket/WebSocketFrameHeader$OP_CODE.class
   JD: JDownloader.jar/org/appwork/utils/os/CrossSystem$1.class
   JD: JDownloader.jar/org/appwork/utils/os/CrossSystem$2.class
   JD: JDownloader.jar/org/appwork/utils/os/CrossSystem$3.class
   JD: JDownloader.jar/org/appwork/utils/os/CrossSystem$ARCHFamily.class
   JD: JDownloader.jar/org/appwork/utils/os/CrossSystem$OSFamily.class
   JD: JDownloader.jar/org/appwork/utils/os/CrossSystem$OperatingSystem.class
   JD: JDownloader.jar/org/appwork/utils/os/CrossSystem.class
   JD: JDownloader.jar/org/appwork/utils/os/DesktopSupportJavaDesktop.class
   JD: JDownloader.jar/org/appwork/utils/os/DesktopSupportLinux$1.class
   JD: JDownloader.jar/org/appwork/utils/os/DesktopSupportLinux$WINDOW_MANAGER.class
   JD: JDownloader.jar/org/appwork/utils/os/DesktopSupportLinux.class
   JD: JDownloader.jar/org/appwork/utils/os/DesktopSupportMac.class
   JD: JDownloader.jar/org/appwork/utils/os/DesktopSupportWindows$1.class
   JD: JDownloader.jar/org/appwork/utils/os/DesktopSupportWindows.class
   JD: JDownloader.jar/org/appwork/utils/os/HardwareInfoStorable$1.class.removed
   JD: JDownloader.jar/org/appwork/utils/os/HardwareInfoStorable$2.class.removed
   JD: JDownloader.jar/org/appwork/utils/os/HardwareInfoStorable$Entry.class.removed
   JD: JDownloader.jar/org/appwork/utils/os/HardwareInfoStorable.class.removed
   JD: JDownloader.jar/org/appwork/utils/os/StandbyDetector$1.class
   JD: JDownloader.jar/org/appwork/utils/os/StandbyDetector$2.class
   JD: JDownloader.jar/org/appwork/utils/os/StandbyDetector.class
   JD: JDownloader.jar/org/appwork/utils/os/WindowsHardwareIDGenerator$CSVContent$1.class.removed
   JD: JDownloader.jar/org/appwork/utils/os/WindowsHardwareIDGenerator$CSVContent.class.removed
   JD: JDownloader.jar/org/appwork/utils/os/WindowsHardwareIDGenerator.class.removed
   JD: JDownloader.jar/org/appwork/utils/os/WindowsUtils.class
   JD: JDownloader.jar/org/appwork/utils/os/mime/MimeLinux.class
   JD: JDownloader.jar/org/appwork/utils/os/mime/MimeWindows.class
   JD: JDownloader.jar/org/appwork/utils/os/tests.removed
   JD: JDownloader.jar/org/appwork/utils/os/tests/TestHardwareIDGeneratorStorable.class.removed
   JD: JDownloader.jar/org/appwork/utils/parser/HTMLParser.class
   JD: JDownloader.jar/org/appwork/utils/parser/Mapimizer.class
   JD: JDownloader.jar/org/appwork/utils/parser/ShellParser.class
   JD: JDownloader.jar/org/appwork/utils/parser/SourceParser$1.class
   JD: JDownloader.jar/org/appwork/utils/parser/SourceParser.class
   JD: JDownloader.jar/org/appwork/utils/parser/UrlQuery.class
   JD: JDownloader.jar/org/appwork/utils/processes/ContinuesFileLineReader$1$1.class
   JD: JDownloader.jar/org/appwork/utils/processes/ContinuesFileLineReader$1.class
   JD: JDownloader.jar/org/appwork/utils/processes/ContinuesFileLineReader.class
   JD: JDownloader.jar/org/appwork/utils/processes/ProcessBuilderFactory$1.class
   JD: JDownloader.jar/org/appwork/utils/processes/ProcessBuilderFactory$2.class
   JD: JDownloader.jar/org/appwork/utils/processes/ProcessBuilderFactory$ProcessStreamReader.class.removed
   JD: JDownloader.jar/org/appwork/utils/processes/ProcessBuilderFactory.class
   JD: JDownloader.jar/org/appwork/utils/processes/ProcessOutput.class
   JD: JDownloader.jar/org/appwork/utils/processes/command/AbstractLineHandler$1.class
   JD: JDownloader.jar/org/appwork/utils/processes/command/AbstractLineHandler$2.class
   JD: JDownloader.jar/org/appwork/utils/processes/command/AbstractLineHandler$3.class
   JD: JDownloader.jar/org/appwork/utils/processes/command/AbstractLineHandler$LineReaderThread$1.class.removed
   JD: JDownloader.jar/org/appwork/utils/processes/command/AbstractLineHandler$LineReaderThread.class.removed
   JD: JDownloader.jar/org/appwork/utils/processes/command/AbstractLineHandler.class
   JD: JDownloader.jar/org/appwork/utils/processes/command/AsyncInputStreamHandler.class
   JD: JDownloader.jar/org/appwork/utils/processes/command/Command.class
   JD: JDownloader.jar/org/appwork/utils/processes/command/CommandErrInputStream.class.removed
   JD: JDownloader.jar/org/appwork/utils/processes/command/CommandStdInputStream.class.removed
   JD: JDownloader.jar/org/appwork/utils/processes/command/OutputHandler.class
   JD: JDownloader.jar/org/appwork/utils/processes/command/ProcessErrorStream.class
   JD: JDownloader.jar/org/appwork/utils/processes/command/ProcessInputStream.class
   JD: JDownloader.jar/org/appwork/utils/processes/command/ProcessOutputHandler$1.class
   JD: JDownloader.jar/org/appwork/utils/processes/command/ProcessOutputHandler$2.class
   JD: JDownloader.jar/org/appwork/utils/processes/command/ProcessOutputHandler$ReaderThread.class.removed
   JD: JDownloader.jar/org/appwork/utils/processes/command/ProcessOutputHandler.class
   JD: JDownloader.jar/org/appwork/utils/processes/command/ProcessStream$1.class
   JD: JDownloader.jar/org/appwork/utils/processes/command/ProcessStream$2.class
   JD: JDownloader.jar/org/appwork/utils/processes/command/ProcessStream.class
   JD: JDownloader.jar/org/appwork/utils/processes/command/ProcessStreamReader$1.class
   JD: JDownloader.jar/org/appwork/utils/processes/command/ProcessStreamReader.class
   JD: JDownloader.jar/org/appwork/utils/reflection/Clazz.class
   JD: JDownloader.jar/org/appwork/utils/singleapp/SingleAppInstance$1$1.class
   JD: JDownloader.jar/org/appwork/utils/singleapp/SingleAppInstance$1.class
   JD: JDownloader.jar/org/appwork/utils/singleapp/SingleAppInstance$ShutdownHook.class
   JD: JDownloader.jar/org/appwork/utils/singleapp/SingleAppInstance.class
   JD: JDownloader.jar/org/appwork/utils/speedmeter/AverageSpeedMeter.class
   JD: JDownloader.jar/org/appwork/utils/speedmeter/SpeedMeterInterface$1.class
   JD: JDownloader.jar/org/appwork/utils/speedmeter/SpeedMeterInterface$Resolution$1.class
   JD: JDownloader.jar/org/appwork/utils/speedmeter/SpeedMeterInterface$Resolution$2.class
   JD: JDownloader.jar/org/appwork/utils/speedmeter/SpeedMeterInterface$Resolution$3.class
   JD: JDownloader.jar/org/appwork/utils/speedmeter/SpeedMeterInterface$Resolution$4.class
   JD: JDownloader.jar/org/appwork/utils/speedmeter/SpeedMeterInterface$Resolution.class
   JD: JDownloader.jar/org/appwork/utils/speedmeter/SpeedMeterInterface.class
   JD: JDownloader.jar/org/appwork/utils/svn/LocaleRunnable.class
   JD: JDownloader.jar/org/appwork/utils/svn/StatusEventHandler.class
   JD: JDownloader.jar/org/appwork/utils/svn/Subversion$1.class
   JD: JDownloader.jar/org/appwork/utils/svn/Subversion$10.class
   JD: JDownloader.jar/org/appwork/utils/svn/Subversion$11.class
   JD: JDownloader.jar/org/appwork/utils/svn/Subversion$12.class
   JD: JDownloader.jar/org/appwork/utils/svn/Subversion$13.class
   JD: JDownloader.jar/org/appwork/utils/svn/Subversion$14$1.class
   JD: JDownloader.jar/org/appwork/utils/svn/Subversion$14.class
   JD: JDownloader.jar/org/appwork/utils/svn/Subversion$15.class
   JD: JDownloader.jar/org/appwork/utils/svn/Subversion$16.class
   JD: JDownloader.jar/org/appwork/utils/svn/Subversion$17$1.class
   JD: JDownloader.jar/org/appwork/utils/svn/Subversion$17.class
   JD: JDownloader.jar/org/appwork/utils/svn/Subversion$18.class
   JD: JDownloader.jar/org/appwork/utils/svn/Subversion$19.class
   JD: JDownloader.jar/org/appwork/utils/svn/Subversion$2.class
   JD: JDownloader.jar/org/appwork/utils/svn/Subversion$20.class
   JD: JDownloader.jar/org/appwork/utils/svn/Subversion$21$1.class
   JD: JDownloader.jar/org/appwork/utils/svn/Subversion$21.class
   JD: JDownloader.jar/org/appwork/utils/svn/Subversion$22$1.class
   JD: JDownloader.jar/org/appwork/utils/svn/Subversion$22.class
   JD: JDownloader.jar/org/appwork/utils/svn/Subversion$23.class
   JD: JDownloader.jar/org/appwork/utils/svn/Subversion$24.class
   JD: JDownloader.jar/org/appwork/utils/svn/Subversion$25.class
   JD: JDownloader.jar/org/appwork/utils/svn/Subversion$26.class
   JD: JDownloader.jar/org/appwork/utils/svn/Subversion$27.class
   JD: JDownloader.jar/org/appwork/utils/svn/Subversion$28.class
   JD: JDownloader.jar/org/appwork/utils/svn/Subversion$29.class
   JD: JDownloader.jar/org/appwork/utils/svn/Subversion$3.class
   JD: JDownloader.jar/org/appwork/utils/svn/Subversion$30$1.class
   JD: JDownloader.jar/org/appwork/utils/svn/Subversion$30.class
   JD: JDownloader.jar/org/appwork/utils/svn/Subversion$4.class
   JD: JDownloader.jar/org/appwork/utils/svn/Subversion$5.class
   JD: JDownloader.jar/org/appwork/utils/svn/Subversion$6.class
   JD: JDownloader.jar/org/appwork/utils/svn/Subversion$7.class
   JD: JDownloader.jar/org/appwork/utils/svn/Subversion$8.class
   JD: JDownloader.jar/org/appwork/utils/svn/Subversion$9.class
   JD: JDownloader.jar/org/appwork/utils/svn/Subversion.class
   JD: JDownloader.jar/org/appwork/utils/swing/EDTHelper.class
   JD: JDownloader.jar/org/appwork/utils/swing/FocusPolicy.class
   JD: JDownloader.jar/org/appwork/utils/swing/Graph$1$1.class
   JD: JDownloader.jar/org/appwork/utils/swing/Graph$1$2.class
   JD: JDownloader.jar/org/appwork/utils/swing/Graph$1.class
   JD: JDownloader.jar/org/appwork/utils/swing/Graph.class
   JD: JDownloader.jar/org/appwork/utils/swing/HelpNotifier$1.class
   JD: JDownloader.jar/org/appwork/utils/swing/HelpNotifier.class
   JD: JDownloader.jar/org/appwork/utils/swing/IconDialog.class
   JD: JDownloader.jar/org/appwork/utils/swing/JSimpleNumberSpinner$1.class
   JD: JDownloader.jar/org/appwork/utils/swing/JSimpleNumberSpinner$2.class
   JD: JDownloader.jar/org/appwork/utils/swing/JSimpleNumberSpinner.class
   JD: JDownloader.jar/org/appwork/utils/swing/JSwitchPanel.class
   JD: JDownloader.jar/org/appwork/utils/swing/JTextAreaLimited$JTextFieldLimiter.class
   JD: JDownloader.jar/org/appwork/utils/swing/JTextFieldLimited$JTextFieldLimiter.class
   JD: JDownloader.jar/org/appwork/utils/swing/ListFocusTraversalPolicy.class
   JD: JDownloader.jar/org/appwork/utils/swing/PerfectHeightScrollPane.class
   JD: JDownloader.jar/org/appwork/utils/swing/SlowEDTDetector$1.class
   JD: JDownloader.jar/org/appwork/utils/swing/SlowEDTDetector$2.class
   JD: JDownloader.jar/org/appwork/utils/swing/SlowEDTDetector.class
   JD: JDownloader.jar/org/appwork/utils/swing/SwingUtils$1.class
   JD: JDownloader.jar/org/appwork/utils/swing/SwingUtils.class
   JD: JDownloader.jar/org/appwork/utils/swing/TitledSeparator.class
   JD: JDownloader.jar/org/appwork/utils/swing/TreeModelStateSaver$1.class
   JD: JDownloader.jar/org/appwork/utils/swing/TreeModelStateSaver$2.class
   JD: JDownloader.jar/org/appwork/utils/swing/TreeModelStateSaver.class
   JD: JDownloader.jar/org/appwork/utils/swing/dialog/AbstractDialog$1.class
   JD: JDownloader.jar/org/appwork/utils/swing/dialog/AbstractDialog$10.class
   JD: JDownloader.jar/org/appwork/utils/swing/dialog/AbstractDialog$11$1.class
   JD: JDownloader.jar/org/appwork/utils/swing/dialog/AbstractDialog$11.class
   JD: JDownloader.jar/org/appwork/utils/swing/dialog/AbstractDialog$12$1.class
   JD: JDownloader.jar/org/appwork/utils/swing/dialog/AbstractDialog$12.class
   JD: JDownloader.jar/org/appwork/utils/swing/dialog/AbstractDialog$13.class
   JD: JDownloader.jar/org/appwork/utils/swing/dialog/AbstractDialog$14.class
   JD: JDownloader.jar/org/appwork/utils/swing/dialog/AbstractDialog$15.class
   JD: JDownloader.jar/org/appwork/utils/swing/dialog/AbstractDialog$16.class
   JD: JDownloader.jar/org/appwork/utils/swing/dialog/AbstractDialog$17.class
   JD: JDownloader.jar/org/appwork/utils/swing/dialog/AbstractDialog$18.class
   JD: JDownloader.jar/org/appwork/utils/swing/dialog/AbstractDialog$2.class
   JD: JDownloader.jar/org/appwork/utils/swing/dialog/AbstractDialog$3.class
   JD: JDownloader.jar/org/appwork/utils/swing/dialog/AbstractDialog$4.class
   JD: JDownloader.jar/org/appwork/utils/swing/dialog/AbstractDialog$5.class
   JD: JDownloader.jar/org/appwork/utils/swing/dialog/AbstractDialog$6$1.class
   JD: JDownloader.jar/org/appwork/utils/swing/dialog/AbstractDialog$6.class
   JD: JDownloader.jar/org/appwork/utils/swing/dialog/AbstractDialog$7.class
   JD: JDownloader.jar/org/appwork/utils/swing/dialog/AbstractDialog$8.class
   JD: JDownloader.jar/org/appwork/utils/swing/dialog/AbstractDialog$9.class
   JD: JDownloader.jar/org/appwork/utils/swing/dialog/AbstractDialog.class
   JD: JDownloader.jar/org/appwork/utils/swing/dialog/AbstractTimerThread$1.class
   JD: JDownloader.jar/org/appwork/utils/swing/dialog/AbstractTimerThread$2.class
   JD: JDownloader.jar/org/appwork/utils/swing/dialog/AbstractTimerThread$3.class
   JD: JDownloader.jar/org/appwork/utils/swing/dialog/AbstractTimerThread.class
   JD: JDownloader.jar/org/appwork/utils/swing/dialog/BasicZHandler.class
   JD: JDownloader.jar/org/appwork/utils/swing/dialog/ComboBoxDialog.class
   JD: JDownloader.jar/org/appwork/utils/swing/dialog/ConfirmDialog$1.class
   JD: JDownloader.jar/org/appwork/utils/swing/dialog/ConfirmDialog$2.class
   JD: JDownloader.jar/org/appwork/utils/swing/dialog/ConfirmDialog.class
   JD: JDownloader.jar/org/appwork/utils/swing/dialog/Dialog$1.class
   JD: JDownloader.jar/org/appwork/utils/swing/dialog/Dialog$2.class
   JD: JDownloader.jar/org/appwork/utils/swing/dialog/Dialog$3$1.class.removed
   JD: JDownloader.jar/org/appwork/utils/swing/dialog/Dialog$3.class
   JD: JDownloader.jar/org/appwork/utils/swing/dialog/Dialog$4$1.class
   JD: JDownloader.jar/org/appwork/utils/swing/dialog/Dialog$4.class
   JD: JDownloader.jar/org/appwork/utils/swing/dialog/Dialog$5.class
   JD: JDownloader.jar/org/appwork/utils/swing/dialog/Dialog$6.class
   JD: JDownloader.jar/org/appwork/utils/swing/dialog/Dialog$7.class
   JD: JDownloader.jar/org/appwork/utils/swing/dialog/Dialog.class
   JD: JDownloader.jar/org/appwork/utils/swing/dialog/DialogIcon.class
   JD: JDownloader.jar/org/appwork/utils/swing/dialog/DialogNoAnswerException.class
   JD: JDownloader.jar/org/appwork/utils/swing/dialog/ExceptionDialog$1.class
   JD: JDownloader.jar/org/appwork/utils/swing/dialog/ExceptionDialog$2.class
   JD: JDownloader.jar/org/appwork/utils/swing/dialog/ExceptionDialog$3.class
   JD: JDownloader.jar/org/appwork/utils/swing/dialog/ExceptionDialog.class
   JD: JDownloader.jar/org/appwork/utils/swing/dialog/ExtFileChooserDialog$1$1.class
   JD: JDownloader.jar/org/appwork/utils/swing/dialog/ExtFileChooserDialog$1$2.class
   JD: JDownloader.jar/org/appwork/utils/swing/dialog/ExtFileChooserDialog$1.class
   JD: JDownloader.jar/org/appwork/utils/swing/dialog/ExtFileChooserDialog$2.class
   JD: JDownloader.jar/org/appwork/utils/swing/dialog/ExtFileChooserDialog$3.class
   JD: JDownloader.jar/org/appwork/utils/swing/dialog/ExtFileChooserDialog$4.class
   JD: JDownloader.jar/org/appwork/utils/swing/dialog/ExtFileChooserDialog$5$1.class
   JD: JDownloader.jar/org/appwork/utils/swing/dialog/ExtFileChooserDialog$5$2$1.class
   JD: JDownloader.jar/org/appwork/utils/swing/dialog/ExtFileChooserDialog$5$2$2.class
   JD: JDownloader.jar/org/appwork/utils/swing/dialog/ExtFileChooserDialog$5$2.class
   JD: JDownloader.jar/org/appwork/utils/swing/dialog/ExtFileChooserDialog$5.class
   JD: JDownloader.jar/org/appwork/utils/swing/dialog/ExtFileChooserDialog$6.class
   JD: JDownloader.jar/org/appwork/utils/swing/dialog/ExtFileChooserDialog$7.class
   JD: JDownloader.jar/org/appwork/utils/swing/dialog/ExtFileChooserDialog$8.class
   JD: JDownloader.jar/org/appwork/utils/swing/dialog/ExtFileChooserDialog$9.class
   JD: JDownloader.jar/org/appwork/utils/swing/dialog/ExtFileChooserDialog.class
   JD: JDownloader.jar/org/appwork/utils/swing/dialog/ExtFileChooserDialogIcon.class
   JD: JDownloader.jar/org/appwork/utils/swing/dialog/ExtFileSystemView$1.class
   JD: JDownloader.jar/org/appwork/utils/swing/dialog/ExtFileSystemView$2.class
   JD: JDownloader.jar/org/appwork/utils/swing/dialog/ExtFileSystemView.class
   JD: JDownloader.jar/org/appwork/utils/swing/dialog/FileChooserSelectionMode.class
   JD: JDownloader.jar/org/appwork/utils/swing/dialog/FileChooserType.class
   JD: JDownloader.jar/org/appwork/utils/swing/dialog/FilePreview$1.class
   JD: JDownloader.jar/org/appwork/utils/swing/dialog/FilePreview$2.class
   JD: JDownloader.jar/org/appwork/utils/swing/dialog/FilePreview$3.class
   JD: JDownloader.jar/org/appwork/utils/swing/dialog/FilePreview.class
   JD: JDownloader.jar/org/appwork/utils/swing/dialog/InputDialog$1.class
   JD: JDownloader.jar/org/appwork/utils/swing/dialog/InputDialog$2.class
   JD: JDownloader.jar/org/appwork/utils/swing/dialog/InputDialog$3.class
   JD: JDownloader.jar/org/appwork/utils/swing/dialog/InputDialog$4.class
   JD: JDownloader.jar/org/appwork/utils/swing/dialog/InputDialog.class
   JD: JDownloader.jar/org/appwork/utils/swing/dialog/InputDialogLimited.class
   JD: JDownloader.jar/org/appwork/utils/swing/dialog/InternDialog$1.class
   JD: JDownloader.jar/org/appwork/utils/swing/dialog/InternDialog.class
   JD: JDownloader.jar/org/appwork/utils/swing/dialog/LoginDialog$1.class
   JD: JDownloader.jar/org/appwork/utils/swing/dialog/LoginDialog$2.class
   JD: JDownloader.jar/org/appwork/utils/swing/dialog/LoginDialog$3.class
   JD: JDownloader.jar/org/appwork/utils/swing/dialog/LoginDialog.class
   JD: JDownloader.jar/org/appwork/utils/swing/dialog/LoginRegisterDialog.class
   JD: JDownloader.jar/org/appwork/utils/swing/dialog/MessageDialogImpl.class
   JD: JDownloader.jar/org/appwork/utils/swing/dialog/NetWorkFolder.class
   JD: JDownloader.jar/org/appwork/utils/swing/dialog/PasswordDialog.class
   JD: JDownloader.jar/org/appwork/utils/swing/dialog/ProgressDialog$1.class
   JD: JDownloader.jar/org/appwork/utils/swing/dialog/ProgressDialog$2.class
   JD: JDownloader.jar/org/appwork/utils/swing/dialog/ProgressDialog$3.class
   JD: JDownloader.jar/org/appwork/utils/swing/dialog/ProgressDialog$4$1.class
   JD: JDownloader.jar/org/appwork/utils/swing/dialog/ProgressDialog$4.class
   JD: JDownloader.jar/org/appwork/utils/swing/dialog/ProgressDialog.class
   JD: JDownloader.jar/org/appwork/utils/swing/dialog/ProxyDialog$1.class
   JD: JDownloader.jar/org/appwork/utils/swing/dialog/ProxyDialog$2.class
   JD: JDownloader.jar/org/appwork/utils/swing/dialog/ProxyDialog$3.class
   JD: JDownloader.jar/org/appwork/utils/swing/dialog/ProxyDialog$4.class
   JD: JDownloader.jar/org/appwork/utils/swing/dialog/ProxyDialog$5$1.class
   JD: JDownloader.jar/org/appwork/utils/swing/dialog/ProxyDialog$5.class
   JD: JDownloader.jar/org/appwork/utils/swing/dialog/ProxyDialog$6.class
   JD: JDownloader.jar/org/appwork/utils/swing/dialog/ProxyDialog$7.class
   JD: JDownloader.jar/org/appwork/utils/swing/dialog/ProxyDialog$8.class
   JD: JDownloader.jar/org/appwork/utils/swing/dialog/ProxyDialog$9.class
   JD: JDownloader.jar/org/appwork/utils/swing/dialog/ProxyDialog.class
   JD: JDownloader.jar/org/appwork/utils/swing/dialog/ScreenShotPanel.class
   JD: JDownloader.jar/org/appwork/utils/swing/dialog/SearchComboBoxDialog$1.class
   JD: JDownloader.jar/org/appwork/utils/swing/dialog/SearchComboBoxDialog$2.class
   JD: JDownloader.jar/org/appwork/utils/swing/dialog/SearchComboBoxDialog.class
   JD: JDownloader.jar/org/appwork/utils/swing/dialog/SearchDialog.class
   JD: JDownloader.jar/org/appwork/utils/swing/dialog/TextAreaDialog.class
   JD: JDownloader.jar/org/appwork/utils/swing/dialog/ValueDialog$1.class
   JD: JDownloader.jar/org/appwork/utils/swing/dialog/ValueDialog$2.class
   JD: JDownloader.jar/org/appwork/utils/swing/dialog/ValueDialog$3.class
   JD: JDownloader.jar/org/appwork/utils/swing/dialog/ValueDialog$4.class
   JD: JDownloader.jar/org/appwork/utils/swing/dialog/ValueDialog$5.class
   JD: JDownloader.jar/org/appwork/utils/swing/dialog/ValueDialog.class
   JD: JDownloader.jar/org/appwork/utils/swing/dialog/View.class
   JD: JDownloader.jar/org/appwork/utils/swing/dialog/locator/RememberAbsoluteDialogLocator.class
   JD: JDownloader.jar/org/appwork/utils/swing/dialog/locator/RememberRelativeDialogLocator$1.class
   JD: JDownloader.jar/org/appwork/utils/swing/dialog/locator/RememberRelativeDialogLocator$2.class
   JD: JDownloader.jar/org/appwork/utils/swing/dialog/locator/RememberRelativeDialogLocator.class
   JD: JDownloader.jar/org/appwork/utils/swing/dimensor/RememberLastDimensor.class
   JD: JDownloader.jar/org/appwork/utils/swing/input/JInputTextField.class
   JD: JDownloader.jar/org/appwork/utils/swing/locator/AbstractLocator$1.class
   JD: JDownloader.jar/org/appwork/utils/swing/locator/AbstractLocator.class
   JD: JDownloader.jar/org/appwork/utils/swing/locator/CenterOfScreenLocator.class
   JD: JDownloader.jar/org/appwork/utils/swing/locator/RememberAbsoluteLocator.class
   JD: JDownloader.jar/org/appwork/utils/swing/locator/RememberRelativeLocator.class
   JD: JDownloader.jar/org/appwork/utils/swing/renderer/MultipleRenderLabel.class
   JD: JDownloader.jar/org/appwork/utils/swing/renderer/RendererCheckBox.class
   JD: JDownloader.jar/org/appwork/utils/swing/renderer/RendererMigPanel.class
   JD: JDownloader.jar/org/appwork/utils/swing/windowflasher/WindowFlasher$1.class
   JD: JDownloader.jar/org/appwork/utils/swing/windowflasher/WindowFlasher$2.class
   JD: JDownloader.jar/org/appwork/utils/swing/windowflasher/WindowFlasher$3$1.class
   JD: JDownloader.jar/org/appwork/utils/swing/windowflasher/WindowFlasher$3.class
   JD: JDownloader.jar/org/appwork/utils/swing/windowflasher/WindowFlasher.class
   JD: JDownloader.jar/org/appwork/utils/swing/windowmanager/LinuxWindowManager$1$1$1.class
   JD: JDownloader.jar/org/appwork/utils/swing/windowmanager/LinuxWindowManager$1$1.class
   JD: JDownloader.jar/org/appwork/utils/swing/windowmanager/LinuxWindowManager$1.class
   JD: JDownloader.jar/org/appwork/utils/swing/windowmanager/LinuxWindowManager$2$1.class
   JD: JDownloader.jar/org/appwork/utils/swing/windowmanager/LinuxWindowManager$2$2.class
   JD: JDownloader.jar/org/appwork/utils/swing/windowmanager/LinuxWindowManager$2.class
   JD: JDownloader.jar/org/appwork/utils/swing/windowmanager/LinuxWindowManager$3$1$1.class
   JD: JDownloader.jar/org/appwork/utils/swing/windowmanager/LinuxWindowManager$3$1.class
   JD: JDownloader.jar/org/appwork/utils/swing/windowmanager/LinuxWindowManager$3.class
   JD: JDownloader.jar/org/appwork/utils/swing/windowmanager/LinuxWindowManager$4.class
   JD: JDownloader.jar/org/appwork/utils/swing/windowmanager/LinuxWindowManager$5.class
   JD: JDownloader.jar/org/appwork/utils/swing/windowmanager/LinuxWindowManager$LinuxWindowListener.class
   JD: JDownloader.jar/org/appwork/utils/swing/windowmanager/LinuxWindowManager$LinuxWindowListenerMap.class
   JD: JDownloader.jar/org/appwork/utils/swing/windowmanager/LinuxWindowManager.class
   JD: JDownloader.jar/org/appwork/utils/swing/windowmanager/MacWindowManager$1.class
   JD: JDownloader.jar/org/appwork/utils/swing/windowmanager/MacWindowManager.class
   JD: JDownloader.jar/org/appwork/utils/swing/windowmanager/ResetRunnable$1.class
   JD: JDownloader.jar/org/appwork/utils/swing/windowmanager/ResetRunnable.class
   JD: JDownloader.jar/org/appwork/utils/swing/windowmanager/WindowManager$1.class
   JD: JDownloader.jar/org/appwork/utils/swing/windowmanager/WindowManager$2.class
   JD: JDownloader.jar/org/appwork/utils/swing/windowmanager/WindowManager$FrameState.class
   JD: JDownloader.jar/org/appwork/utils/swing/windowmanager/WindowManager$WindowExtendedState.class
   JD: JDownloader.jar/org/appwork/utils/swing/windowmanager/WindowManager.class
   JD: JDownloader.jar/org/appwork/utils/swing/windowmanager/WindowResetListener$1.class
   JD: JDownloader.jar/org/appwork/utils/swing/windowmanager/WindowResetListener.class
   JD: JDownloader.jar/org/appwork/utils/swing/windowmanager/WindowsWindowManager$1.class
   JD: JDownloader.jar/org/appwork/utils/swing/windowmanager/WindowsWindowManager$2.class
   JD: JDownloader.jar/org/appwork/utils/swing/windowmanager/WindowsWindowManager$3.class
   JD: JDownloader.jar/org/appwork/utils/swing/windowmanager/WindowsWindowManager$4.class
   JD: JDownloader.jar/org/appwork/utils/swing/windowmanager/WindowsWindowManager$5.class
   JD: JDownloader.jar/org/appwork/utils/swing/windowmanager/WindowsWindowManager$6.class
   JD: JDownloader.jar/org/appwork/utils/swing/windowmanager/WindowsWindowManager$7.class
   JD: JDownloader.jar/org/appwork/utils/swing/windowmanager/WindowsWindowManager.class
   JD: JDownloader.jar/org/appwork/utils/zip/ZipIOReader$1.class
   JD: JDownloader.jar/org/appwork/utils/zip/ZipIOReader.class
   JD: JDownloader.jar/org/appwork/utils/zip/ZipIOWriter.class
   JD: JDownloader.jar/org/jdownloader/installer/E1.class
   JD: JDownloader.jar/org/jdownloader/installer/Installer.class
   JD: JDownloader.jar/org/jdownloader/logging/LogController$1.class
   JD: JDownloader.jar/org/jdownloader/logging/LogController$2.class
   JD: JDownloader.jar/org/jdownloader/logging/LogController.class
   JD: JDownloader.jar/org/jdownloader/update/DefaultCallbackHandler$1.class
   JD: JDownloader.jar/org/jdownloader/update/DefaultCallbackHandler.class
   JD: JDownloader.jar/org/jdownloader/update/DialogHook$1.class
   JD: JDownloader.jar/org/jdownloader/update/DialogHook$2.class
   JD: JDownloader.jar/org/jdownloader/update/DialogHook.class
   JD: JDownloader.jar/org/jdownloader/update/HeadlessUpdateGuiWrapper$1.class
   JD: JDownloader.jar/org/jdownloader/update/HeadlessUpdateGuiWrapper.class
   JD: JDownloader.jar/org/jdownloader/update/JDUpdateClient$1.class
   JD: JDownloader.jar/org/jdownloader/update/JDUpdateClient$2.class
   JD: JDownloader.jar/org/jdownloader/update/JDUpdateClient$3.class
   JD: JDownloader.jar/org/jdownloader/update/JDUpdateClient$4.class
   JD: JDownloader.jar/org/jdownloader/update/JDUpdateClient$5.class
   JD: JDownloader.jar/org/jdownloader/update/JDUpdateClient$6.class
   JD: JDownloader.jar/org/jdownloader/update/JDUpdateClient$7.class
   JD: JDownloader.jar/org/jdownloader/update/JDUpdateClient$JDExtensionManager.class
   JD: JDownloader.jar/org/jdownloader/update/JDUpdateClient.class
   JD: JDownloader.jar/org/jdownloader/update/LaunchState.class
   JD: JDownloader.jar/org/jdownloader/update/PathBuilderImpl$1.class
   JD: JDownloader.jar/org/jdownloader/update/PathBuilderImpl.class
   JD: JDownloader.jar/org/jdownloader/update/ProxySelector$1.class
   JD: JDownloader.jar/org/jdownloader/update/ProxySelector$2.class
   JD: JDownloader.jar/org/jdownloader/update/ProxySelector$3.class
   JD: JDownloader.jar/org/jdownloader/update/ProxySelector.class
   JD: JDownloader.jar/org/jdownloader/update/RandomAnonymousUIDProvider.class
   JD: JDownloader.jar/org/jdownloader/update/RevFile.class
   JD: JDownloader.jar/org/jdownloader/update/SelfUpdateClient$1.class
   JD: JDownloader.jar/org/jdownloader/update/SelfUpdateClient$2.class
   JD: JDownloader.jar/org/jdownloader/update/SelfUpdateClient$3.class
   JD: JDownloader.jar/org/jdownloader/update/SelfUpdateClient$4.class
   JD: JDownloader.jar/org/jdownloader/update/SelfUpdateClient$5.class
   JD: JDownloader.jar/org/jdownloader/update/SelfUpdateClient$6.class
   JD: JDownloader.jar/org/jdownloader/update/SelfUpdateClient$7.class
   JD: JDownloader.jar/org/jdownloader/update/SelfUpdateClient$8.class
   JD: JDownloader.jar/org/jdownloader/update/SelfUpdateClient.class
   JD: JDownloader.jar/org/jdownloader/update/UpdateManager$1.class
   JD: JDownloader.jar/org/jdownloader/update/UpdateManager$10.class
   JD: JDownloader.jar/org/jdownloader/update/UpdateManager$11.class
   JD: JDownloader.jar/org/jdownloader/update/UpdateManager$12.class
   JD: JDownloader.jar/org/jdownloader/update/UpdateManager$13.class
   JD: JDownloader.jar/org/jdownloader/update/UpdateManager$14.class
   JD: JDownloader.jar/org/jdownloader/update/UpdateManager$15.class
   JD: JDownloader.jar/org/jdownloader/update/UpdateManager$16.class
   JD: JDownloader.jar/org/jdownloader/update/UpdateManager$17.class
   JD: JDownloader.jar/org/jdownloader/update/UpdateManager$18.class
   JD: JDownloader.jar/org/jdownloader/update/UpdateManager$19.class
   JD: JDownloader.jar/org/jdownloader/update/UpdateManager$2$1$1.class.removed
   JD: JDownloader.jar/org/jdownloader/update/UpdateManager$2$1.class.removed
   JD: JDownloader.jar/org/jdownloader/update/UpdateManager$2$2.class.removed
   JD: JDownloader.jar/org/jdownloader/update/UpdateManager$2.class
   JD: JDownloader.jar/org/jdownloader/update/UpdateManager$20.class
   JD: JDownloader.jar/org/jdownloader/update/UpdateManager$21.class
   JD: JDownloader.jar/org/jdownloader/update/UpdateManager$22.class
   JD: JDownloader.jar/org/jdownloader/update/UpdateManager$23.class
   JD: JDownloader.jar/org/jdownloader/update/UpdateManager$3.class
   JD: JDownloader.jar/org/jdownloader/update/UpdateManager$4$1$1.class
   JD: JDownloader.jar/org/jdownloader/update/UpdateManager$4$1.class
   JD: JDownloader.jar/org/jdownloader/update/UpdateManager$4$2.class
   JD: JDownloader.jar/org/jdownloader/update/UpdateManager$4.class
   JD: JDownloader.jar/org/jdownloader/update/UpdateManager$5.class
   JD: JDownloader.jar/org/jdownloader/update/UpdateManager$6.class
   JD: JDownloader.jar/org/jdownloader/update/UpdateManager$7.class
   JD: JDownloader.jar/org/jdownloader/update/UpdateManager$8.class
   JD: JDownloader.jar/org/jdownloader/update/UpdateManager$9.class
   JD: JDownloader.jar/org/jdownloader/update/UpdateManager.class
   JD: JDownloader.jar/org/jdownloader/update/UpdaterIcon.class
   JD: JDownloader.jar/org/jdownloader/update/awf/AWFArchive.class
   JD: JDownloader.jar/org/jdownloader/update/debug/DebugDialog.class
   JD: JDownloader.jar/org/jdownloader/update/gui/GuiCorePanelImpl.class
   JD: JDownloader.jar/org/jdownloader/update/gui/LAFManager$1.class
   JD: JDownloader.jar/org/jdownloader/update/gui/LAFManager$2.class
   JD: JDownloader.jar/org/jdownloader/update/gui/LAFManager.class
   JD: JDownloader.jar/org/jdownloader/update/gui/ProgressLogo$1.class
   JD: JDownloader.jar/org/jdownloader/update/gui/ProgressLogo.class
   JD: JDownloader.jar/org/jdownloader/update/gui/UpdateGui$1.class
   JD: JDownloader.jar/org/jdownloader/update/gui/UpdateGui$2.class
   JD: JDownloader.jar/org/jdownloader/update/gui/UpdateGui$3.class
   JD: JDownloader.jar/org/jdownloader/update/gui/UpdateGui.class
   JD: JDownloader.jar/org/jdownloader/update/gui/UpdateGuiWrapper$1.class
   JD: JDownloader.jar/org/jdownloader/update/gui/UpdateGuiWrapper$2.class
   JD: JDownloader.jar/org/jdownloader/update/gui/UpdateGuiWrapper$3.class
   JD: JDownloader.jar/org/jdownloader/update/gui/UpdateGuiWrapper$4$1.class
   JD: JDownloader.jar/org/jdownloader/update/gui/UpdateGuiWrapper$4.class
   JD: JDownloader.jar/org/jdownloader/update/gui/UpdateGuiWrapper$5.class
   JD: JDownloader.jar/org/jdownloader/update/gui/UpdateGuiWrapper$6.class
   JD: JDownloader.jar/org/jdownloader/update/gui/UpdateGuiWrapper$7.class
   JD: JDownloader.jar/org/jdownloader/update/gui/UpdateGuiWrapper.class
   JD: JDownloader.jar/org/jdownloader/update/gui/UpdateOnExitGuiWrapper$1.class
   JD: JDownloader.jar/org/jdownloader/update/gui/UpdateOnExitGuiWrapper$10.class
   JD: JDownloader.jar/org/jdownloader/update/gui/UpdateOnExitGuiWrapper$11.class
   JD: JDownloader.jar/org/jdownloader/update/gui/UpdateOnExitGuiWrapper$12.class
   JD: JDownloader.jar/org/jdownloader/update/gui/UpdateOnExitGuiWrapper$13.class
   JD: JDownloader.jar/org/jdownloader/update/gui/UpdateOnExitGuiWrapper$14.class
   JD: JDownloader.jar/org/jdownloader/update/gui/UpdateOnExitGuiWrapper$2.class
   JD: JDownloader.jar/org/jdownloader/update/gui/UpdateOnExitGuiWrapper$3.class
   JD: JDownloader.jar/org/jdownloader/update/gui/UpdateOnExitGuiWrapper$4.class
   JD: JDownloader.jar/org/jdownloader/update/gui/UpdateOnExitGuiWrapper$5.class
   JD: JDownloader.jar/org/jdownloader/update/gui/UpdateOnExitGuiWrapper$6.class
   JD: JDownloader.jar/org/jdownloader/update/gui/UpdateOnExitGuiWrapper$7.class
   JD: JDownloader.jar/org/jdownloader/update/gui/UpdateOnExitGuiWrapper$8.class
   JD: JDownloader.jar/org/jdownloader/update/gui/UpdateOnExitGuiWrapper$9$1.class
   JD: JDownloader.jar/org/jdownloader/update/gui/UpdateOnExitGuiWrapper$9.class
   JD: JDownloader.jar/org/jdownloader/update/gui/UpdateOnExitGuiWrapper.class
   JD: JDownloader.jar/org/jdownloader/update/gui/bubble/AbstractBubbleContentPanel$Pair.class
   JD: JDownloader.jar/org/jdownloader/update/gui/bubble/AbstractBubbleContentPanel.class
   JD: JDownloader.jar/org/jdownloader/update/gui/bubble/AbstractNotifyWindow$1.class
   JD: JDownloader.jar/org/jdownloader/update/gui/bubble/AbstractNotifyWindow$2.class
   JD: JDownloader.jar/org/jdownloader/update/gui/bubble/AbstractNotifyWindow$3$1.class
   JD: JDownloader.jar/org/jdownloader/update/gui/bubble/AbstractNotifyWindow$3.class
   JD: JDownloader.jar/org/jdownloader/update/gui/bubble/AbstractNotifyWindow$4$1.class
   JD: JDownloader.jar/org/jdownloader/update/gui/bubble/AbstractNotifyWindow$4.class
   JD: JDownloader.jar/org/jdownloader/update/gui/bubble/AbstractNotifyWindow$5.class
   JD: JDownloader.jar/org/jdownloader/update/gui/bubble/AbstractNotifyWindow.class
   JD: JDownloader.jar/org/jdownloader/update/gui/bubble/BorderIcon.class
   JD: JDownloader.jar/org/jdownloader/update/gui/bubble/Fader.class
   JD: JDownloader.jar/org/jdownloader/update/gui/bubble/IconedProcessIndicator.class
   JD: JDownloader.jar/org/jdownloader/update/gui/bubble/UpdateNotifyWindow$1.class
   JD: JDownloader.jar/org/jdownloader/update/gui/bubble/UpdateNotifyWindow$2.class
   JD: JDownloader.jar/org/jdownloader/update/gui/bubble/UpdateNotifyWindow.class
   JD: JDownloader.jar/org/jdownloader/update/lastchance/FileAccessHotFix.class.removed
   JD: JDownloader.jar/org/jdownloader/update/lastchance/HotFixFileAccessHandler.class.removed
   JD: JDownloader.jar/org/jdownloader/update/lastchance/HttpConnectionImplNullpointer$FixHttpClientImpl$1.class
   JD: JDownloader.jar/org/jdownloader/update/lastchance/HttpConnectionImplNullpointer$FixHttpClientImpl.class
   JD: JDownloader.jar/org/jdownloader/update/lastchance/HttpConnectionImplNullpointer.class
   JD: JDownloader.jar/org/jdownloader/update/lastchance/LastChanceManager$1.class
   JD: JDownloader.jar/org/jdownloader/update/lastchance/LastChanceManager.class
   JD: JDownloader.jar/org/jdownloader/update/lastchance/SetListToDefaultPathBuilderLastChance.class
   JD: JDownloader.jar/org/jdownloader/update/lastchance/UpdaterBug12February2015.class
   JD: JDownloader.jar/org/jdownloader/update/lastchance/UpdaterBug18January2014$1.class
   JD: JDownloader.jar/org/jdownloader/update/lastchance/UpdaterBug18January2014.class
   JD: JDownloader.jar/org/jdownloader/update/lastchance/UpdaterBug4July2017$1$1.class
   JD: JDownloader.jar/org/jdownloader/update/lastchance/UpdaterBug4July2017$1.class
   JD: JDownloader.jar/org/jdownloader/update/lastchance/UpdaterBug4July2017.class
   JD: JDownloader.jar/org/jdownloader/update/launcher/ByPassEntropyBlock.class
   JD: JDownloader.jar/org/jdownloader/update/launcher/CL2.class
   JD: JDownloader.jar/org/jdownloader/update/launcher/ClassLoaderExtensionImpl.class
   JD: JDownloader.jar/org/jdownloader/update/launcher/JDLauncher.class
   JD: JDownloader.jar/org/jdownloader/update/launcher/SecondLevelLauncher$1.class
   JD: JDownloader.jar/org/jdownloader/update/launcher/SecondLevelLauncher$2.class
   JD: JDownloader.jar/org/jdownloader/update/launcher/SecondLevelLauncher$3.class
   JD: JDownloader.jar/org/jdownloader/update/launcher/SecondLevelLauncher$4.class
   JD: JDownloader.jar/org/jdownloader/update/launcher/SecondLevelLauncher$5.class
   JD: JDownloader.jar/org/jdownloader/update/launcher/SecondLevelLauncher$6.class
   JD: JDownloader.jar/org/jdownloader/update/launcher/SecondLevelLauncher$7.class
   JD: JDownloader.jar/org/jdownloader/update/launcher/SecondLevelLauncher.class
   JD: JDownloader.jar/org/jdownloader/update/launcher/SelfTest$1.class
   JD: JDownloader.jar/org/jdownloader/update/launcher/SelfTest.class
   JD: JDownloader.jar/org/jdownloader/update/launcher/SelfTestImplBuilder$1.class
   JD: JDownloader.jar/org/jdownloader/update/launcher/SelfTestImplBuilder.class
   JD: JDownloader.jar/org/jdownloader/update/launcher/singleinstance/SingleInstanceController.class
   JD: JDownloader.jar/org/jdownloader/update/locale/T.class
   JD: JDownloader.jar/org/jdownloader/updatev2/ConfirmUpdateDialog$1$1.class
   JD: JDownloader.jar/org/jdownloader/updatev2/ConfirmUpdateDialog$1$2.class
   JD: JDownloader.jar/org/jdownloader/updatev2/ConfirmUpdateDialog$1.class
   JD: JDownloader.jar/org/jdownloader/updatev2/ConfirmUpdateDialog$2.class
   JD: JDownloader.jar/org/jdownloader/updatev2/ConfirmUpdateDialog.class
   JD: JDownloader.jar/org/jdownloader/updatev2/FilterList$1.class
   JD: JDownloader.jar/org/jdownloader/updatev2/FilterList$Type.class
   JD: JDownloader.jar/org/jdownloader/updatev2/FilterList.class
   JD: JDownloader.jar/org/jdownloader/updatev2/InstallLog.class
   JD: JDownloader.jar/org/jdownloader/updatev2/InstallUpdatesOnExitRestartRequest.class
   JD: JDownloader.jar/org/jdownloader/updatev2/RestartController$1.class
   JD: JDownloader.jar/org/jdownloader/updatev2/RestartController$2.class
   JD: JDownloader.jar/org/jdownloader/updatev2/RestartController$3.class
   JD: JDownloader.jar/org/jdownloader/updatev2/RestartController$4.class
   JD: JDownloader.jar/org/jdownloader/updatev2/RestartController$5.class
   JD: JDownloader.jar/org/jdownloader/updatev2/RestartController.class
   JD: JDownloader.jar/org/jdownloader/updatev2/UpdateController$1.class
   JD: JDownloader.jar/org/jdownloader/updatev2/UpdateController$2$1.class
   JD: JDownloader.jar/org/jdownloader/updatev2/UpdateController$2.class
   JD: JDownloader.jar/org/jdownloader/updatev2/UpdateController$3.class
   JD: JDownloader.jar/org/jdownloader/updatev2/UpdateController$4.class
   JD: JDownloader.jar/org/jdownloader/updatev2/UpdateController$5.class
   JD: JDownloader.jar/org/jdownloader/updatev2/UpdateController.class
   JD: JDownloader.jar/org/jdownloader/updatev2/UpdateFoundDialog$1.class
   JD: JDownloader.jar/org/jdownloader/updatev2/UpdateFoundDialog$2.class
   JD: JDownloader.jar/org/jdownloader/updatev2/UpdateFoundDialog$3.class
   JD: JDownloader.jar/org/jdownloader/updatev2/UpdateFoundDialog.class
   JD: JDownloader.jar/org/jdownloader/updatev2/UpdateProgress.class
   JD: JDownloader.jar/org/jdownloader/updatev2/UpdaterEvent$Type.class
   JD: JDownloader.jar/org/jdownloader/updatev2/UpdaterEventSender$1.class
   JD: JDownloader.jar/org/jdownloader/updatev2/UpdaterEventSender.class
   JD: JDownloader.jar/org/jdownloader/updatev2/_UPDATE.class
   JD: JDownloader.jar/org/jdownloader/updatev2/gui/DefaultLookAndFeelExtension.class
   JD: JDownloader.jar/org/jdownloader/updatev2/gui/HorizontalPostion.class
   JD: JDownloader.jar/org/jdownloader/updatev2/gui/LAFOptions.class
   JD: JDownloader.jar/org/jdownloader/updatev2/gui/LAFSettingsStorageHandlerFactory$1$1.class
   JD: JDownloader.jar/org/jdownloader/updatev2/gui/LAFSettingsStorageHandlerFactory$1$2.class
   JD: JDownloader.jar/org/jdownloader/updatev2/gui/LAFSettingsStorageHandlerFactory$1.class
   JD: JDownloader.jar/org/jdownloader/updatev2/gui/LAFSettingsStorageHandlerFactory.class
   JD: JDownloader.jar/org/jdownloader/updatev2/restart/LinuxRestarter.class
   JD: JDownloader.jar/org/jdownloader/updatev2/restart/WindowsRestarter.class
